makam,form,usul,title,composer,filename,note_count,unique_note_count,minimum_koma53,maximum_koma53,mean_koma53,median_koma53,std_koma53,koma53_range,total_unit_duration,minimum_unit_duration,maximum_unit_duration,mean_unit_duration,median_unit_duration,std_unit_duration,most_common_note,most_common_note_count
acem,ilahi,duyek,aldanma_dunya,zekai_dede,acem--ilahi--duyek--aldanma_dunya--zekai_dede.txt,271,9,-1,358,317.52767527675275,327.0,60.452844874865356,359,32.125,0.03125,0.375,0.11854243542435425,0.125,0.07287766924131658,F5,59
acem,ilahi,nimevsat,calabim_bir,haci_bayram_veli,acem--ilahi--nimevsat--calabim_bir--haci_bayram_veli.txt,249,11,-1,367,323.68674698795184,336.0,48.7143404014281,368,32.625,0.03125,0.375,0.13102409638554216,0.125,0.09038716244448028,E5,66
acem,kupe,duyek,zulfunu,ahmet_avni_konuk,acem--kupe--duyek--zulfunu--ahmet_avni_konuk.txt,101,12,-1,362,308.3762376237624,336.0,86.0642610477948,363,16.0,0.0625,0.375,0.15841584158415842,0.125,0.07265304774429394,F5,20
acem,selam,devrikebir,asik-i_ger,huseyin_fahreddin_dede,acem--selam--devrikebir--asik-i_ger--huseyin_fahreddin_dede.txt,1161,21,-1,358,314.6726959517657,327.0,61.72934265991805,359,169.125,0.03125,0.75,0.145671834625323,0.125,0.10537629245737527,C5,188
acem,seyir,sofyan,,sefik_gurmeric,acem--seyir--sofyan----sefik_gurmeric.txt,101,10,-1,358,325.51485148514854,336.0,48.46805419271257,359,16.0,0.0625,0.75,0.15841584158415842,0.125,0.11844182262416708,D5,21
acem,seyir,sofyan,1,erol_bingol,acem--seyir--sofyan--1--erol_bingol.txt,100,13,-1,371,328.24,327.0,37.18262872347622,372,16.0,0.0625,0.75,0.16,0.125,0.10891452491460325,D5,18
acem,turku,duyek,ordunun_dereleri,ordu,acem--turku--duyek--ordunun_dereleri--ordu.txt,489,7,-1,349,310.8936605316973,327.0,73.30690692677881,350,40.125,0.03125,0.5,0.08205521472392638,0.0625,0.06192931271179947,E5,136
acemasiran,agirsemai,senginsemai,ey_lebleri,dede_efendi,acemasiran--agirsemai--senginsemai--ey_lebleri--dede_efendi.txt,775,18,-1,362,314.3974193548387,318.0,45.65106952055369,363,141.5,0.0625,1.0,0.18258064516129033,0.125,0.13317499663324717,C5,104
acemasiran,aranagme,agiraksak,1,,acemasiran--aranagme--agiraksak--1--.txt,146,14,-1,380,324.6164383561644,340.0,70.7641308197556,381,18.25,0.0625,0.5,0.125,0.125,0.07229310550424761,F5,25
acemasiran,aranagme,aksak,1,,acemasiran--aranagme--aksak--1--.txt,67,11,-1,358,309.8358208955224,318.0,58.14391680183186,359,9.125,0.125,0.5,0.13619402985074627,0.125,0.05645519510838988,C5,10
acemasiran,aranagme,curcuna,1,,acemasiran--aranagme--curcuna--1--.txt,121,12,-1,358,309.801652892562,327.0,66.94856481343355,359,20.125,0.125,0.375,0.16632231404958678,0.125,0.06729217573091653,D5,22
acemasiran,aranagme,semai,1,,acemasiran--aranagme--semai--1--.txt,102,14,0,380,322.02941176470586,318.0,37.559577988316825,380,24.25,0.0625,0.75,0.23774509803921567,0.25,0.15411015324166188,C5,31
acemasiran,aranagme,senginsemai,1,,acemasiran--aranagme--senginsemai--1--.txt,153,15,-1,380,315.2549019607843,327.0,62.57926861733936,381,18.25,0.041666666666666664,0.5,0.119281045751634,0.08333333333333333,0.09830652413048946,F5,22
acemasiran,aranagme,sofyan,1,,acemasiran--aranagme--sofyan--1--.txt,85,9,-1,362,292.21176470588233,336.0,114.41144362069971,363,16.25,0.0625,0.75,0.19117647058823528,0.125,0.13853538111518043,F5,18
acemasiran,aranagme,yuruksemai,1,,acemasiran--aranagme--yuruksemai--1--.txt,89,12,-1,358,301.03370786516854,327.0,91.10538970163299,359,12.125,0.0625,0.625,0.13623595505617977,0.125,0.11406806405825408,A4,12
acemasiran,beste,devrikebir,ber_kusa-yi,basmaci_abdi_efendi,acemasiran--beste--devrikebir--ber_kusa-yi--basmaci_abdi_efendi.txt,585,21,-1,371,310.65811965811963,336.0,80.74237764537358,372,85.0,0.0625,0.5,0.1452991452991453,0.125,0.08244845992369283,F5,99
acemasiran,beste,zencir,hayatin_cumleye,dellalzade_haci_ismail_efendi,acemasiran--beste--zencir--hayatin_cumleye--dellalzade_haci_ismail_efendi.txt,654,20,-1,380,305.3058103975535,327.0,91.1439367686033,381,76.5,0.03125,0.5,0.11697247706422019,0.125,0.07810196862561312,F5,93
acemasiran,fantezi,yuruksemai_ii,ey_benim,resat_erer,acemasiran--fantezi--yuruksemai_ii--ey_benim--resat_erer.txt,494,28,-1,384,325.6255060728745,327.0,37.74768691443794,385,84.125,0.041666666666666664,0.75,0.17029352226720648,0.125,0.13316071648582944,C5,70
acemasiran,ilahi,muhammes,ta_dil,calakzade_mustafa_efendi,acemasiran--ilahi--muhammes--ta_dil--calakzade_mustafa_efendi.txt,372,20,-1,380,323.98118279569894,327.0,28.151250530197323,381,49.125,0.03125,0.5,0.13205645161290322,0.125,0.0665593829164707,F5,54
acemasiran,kupe,aksaksemai,bir,ahmet_avni_konuk,acemasiran--kupe--aksaksemai--bir--ahmet_avni_konuk.txt,93,13,-1,362,308.3225806451613,327.0,76.78260690874376,363,10.0,0.0625,0.25,0.10752688172043011,0.125,0.057817524310061506,F5,17
acemasiran,mars,nimsofyan,korkma_sonmez,ali_rifat_cagatay,acemasiran--mars--nimsofyan--korkma_sonmez--ali_rifat_cagatay.txt,232,13,-1,371,310.6810344827586,336.0,86.90429618280737,372,42.25,0.0625,0.5,0.18211206896551724,0.1875,0.08738872750520717,F5,45
acemasiran,nakis,yuruksemai,ne_hevayi,dede_efendi,acemasiran--nakis--yuruksemai--ne_hevayi--dede_efendi.txt,767,24,-1,371,306.6101694915254,324.0,73.68091923892445,372,155.25,0.0625,1.0,0.20241199478487615,0.125,0.12424990509448901,F5,117
acemasiran,pesrev,devrikebir,,dede_salih_efendi,acemasiran--pesrev--devrikebir----dede_salih_efendi.txt,349,22,-1,380,301.647564469914,327.0,92.30253309729686,381,56.0,0.0625,0.5,0.16045845272206305,0.125,0.07897651054040868,F5,38
acemasiran,pesrev,duyek,son_pesrev,huseyin_fahreddin_dede,acemasiran--pesrev--duyek--son_pesrev--huseyin_fahreddin_dede.txt,241,21,-1,380,322.8838174273859,336.0,56.607300283325024,381,32.0,0.0625,0.375,0.13278008298755187,0.125,0.06656880351681072,F5,34
acemasiran,pesrev,frenkcin,,nuri_halil_poyraz,acemasiran--pesrev--frenkcin----nuri_halil_poyraz.txt,626,21,-1,380,328.1006389776358,336.0,41.59162722942028,381,132.25,0.0625,0.75,0.21126198083067094,0.125,0.13627899638693425,F5,118
acemasiran,pesrev,muhammes,,gazi_giray_han,acemasiran--pesrev--muhammes----gazi_giray_han.txt,548,25,-1,380,330.7810218978102,336.0,29.083744765024782,381,64.25,0.0625,0.5,0.11724452554744526,0.125,0.06821254332501991,F5,90
acemasiran,sarki,agiraksak,bir_haber,bimen_sen,acemasiran--sarki--agiraksak--bir_haber--bimen_sen.txt,548,20,-1,380,323.06021897810217,336.0,50.887498469667456,381,71.875,0.03125,0.6875,0.1311587591240876,0.125,0.08385590592124327,F5,86
acemasiran,sarki,agiraksak,bir_teselli,serif_icli,acemasiran--sarki--agiraksak--bir_teselli--serif_icli.txt,485,17,-1,362,312.96701030927835,318.0,49.67717004300163,363,62.875,0.03125,0.625,0.12963917525773197,0.125,0.09228923224162257,A4,62
acemasiran,sarki,agiraksak,goncasindan_gulsenin,emin_ongan,acemasiran--sarki--agiraksak--goncasindan_gulsenin--emin_ongan.txt,378,19,-1,371,312.6666666666667,327.0,72.02003847294559,372,53.875,0.03125,0.625,0.14252645502645503,0.125,0.10907678330591412,F5,49
acemasiran,sarki,agiraksak,mahveder_her,neyzen_riza_bey,acemasiran--sarki--agiraksak--mahveder_her--neyzen_riza_bey.txt,357,21,-1,371,312.2633053221289,324.0,64.32666041079666,372,44.875,0.03125,0.5,0.12570028011204482,0.125,0.07610005773568441,C5,47
acemasiran,sarki,agiraksak,ne_kadar,artaki_candan,acemasiran--sarki--agiraksak--ne_kadar--artaki_candan.txt,322,20,-1,366,308.51552795031057,327.0,81.74377609011697,367,44.875,0.041666666666666664,0.5,0.13936335403726707,0.125,0.10342377944383717,F5,55
acemasiran,sarki,agirduyek,kime_halim,faize_ergin,acemasiran--sarki--agirduyek--kime_halim--faize_ergin.txt,449,16,-1,380,308.47216035634744,327.0,75.0458773673236,381,73.625,0.0625,0.75,0.16397550111358575,0.125,0.11163910415726325,D5,57
acemasiran,sarki,aksak,acildi_nevbahar,sadullah_aga,acemasiran--sarki--aksak--acildi_nevbahar--sadullah_aga.txt,380,19,-1,371,319.35526315789474,331.0,56.639512753410564,372,54.125,0.0625,0.625,0.1424342105263158,0.125,0.08073599203369787,F5,63
acemasiran,sarki,aksak,dinle_sozum,iii_selim,acemasiran--sarki--aksak--dinle_sozum--iii_selim.txt,404,19,-1,371,326.01237623762376,331.0,41.16392630786011,372,45.3125,0.0625,0.375,0.11215965346534654,0.0625,0.07600316619288723,D5,68
acemasiran,sarki,aksak,dustum_bir,ali_riza_avni_tinaz,acemasiran--sarki--aksak--dustum_bir--ali_riza_avni_tinaz.txt,327,19,-1,371,307.0183486238532,327.0,77.18927199666429,372,50.0,0.0625,0.375,0.1529051987767584,0.125,0.07016064085395068,C5,46
acemasiran,sarki,aksak,gonlum_dusuyor,ismail_baha_surelsan,acemasiran--sarki--aksak--gonlum_dusuyor--ismail_baha_surelsan.txt,282,13,-1,371,306.71276595744683,318.0,78.17863780729428,372,54.125,0.0625,1.0,0.19193262411347517,0.125,0.1850214878341143,C5,42
acemasiran,sarki,aksak,gordum_seni,irfan_dogrusoz,acemasiran--sarki--aksak--gordum_seni--irfan_dogrusoz.txt,459,15,-1,358,300.7494553376906,318.0,81.59849765511429,359,81.75,0.0625,1.125,0.1781045751633987,0.125,0.17914013128947634,C5,73
acemasiran,sarki,aksak,lutfeyle_meded,dede_efendi,acemasiran--sarki--aksak--lutfeyle_meded--dede_efendi.txt,238,19,-1,380,314.1890756302521,327.0,70.07146718219896,381,36.125,0.0625,0.5,0.15178571428571427,0.125,0.06422792258654332,F5,31
acemasiran,sarki,aksak,o_tebessum,ismail_baha_surelsan,acemasiran--sarki--aksak--o_tebessum--ismail_baha_surelsan.txt,297,13,-1,371,295.04713804713805,318.0,96.44406269935558,372,53.75,0.0625,0.75,0.18097643097643099,0.125,0.11959185002027979,C5,40
acemasiran,sarki,aksak,oldu_gonul,dede_efendi,acemasiran--sarki--aksak--oldu_gonul--dede_efendi.txt,205,17,-1,371,313.93658536585366,322.0,58.81385456066553,372,29.375,0.0625,0.5,0.14329268292682926,0.125,0.07380053732150661,D5,25
acemasiran,sarki,aksak,yanar_sinem,ismet_aga,acemasiran--sarki--aksak--yanar_sinem--ismet_aga.txt,279,16,-1,371,312.3727598566308,327.0,67.12554631089156,372,45.125,0.0625,0.5,0.1617383512544803,0.125,0.08577423309746879,D5,38
acemasiran,sarki,curcuna,ates-i_askinla,emin_ongan,acemasiran--sarki--curcuna--ates-i_askinla--emin_ongan.txt,372,17,-1,362,328.4274193548387,336.0,31.667623586540493,363,69.375,0.0625,0.625,0.18649193548387097,0.125,0.11974742596996599,F5,61
acemasiran,sarki,curcuna,dilde_derd-i,nuri_halil_poyraz,acemasiran--sarki--curcuna--dilde_derd-i--nuri_halil_poyraz.txt,518,17,-1,371,313.4111969111969,327.0,72.23456599364305,372,99.125,0.0625,0.875,0.19136100386100385,0.125,0.10404251343292484,F5,71
acemasiran,sarki,curcuna,gam_cekme_guzel,arif_sami_toker,acemasiran--sarki--curcuna--gam_cekme_guzel--arif_sami_toker.txt,617,18,-1,362,315.4602917341977,327.0,53.25510275452741,363,147.625,0.0625,1.625,0.23926256077795785,0.125,0.2602869045317196,E5,89
acemasiran,sarki,curcuna,neden_kalbim,nasibin_mehmet_yuru,acemasiran--sarki--curcuna--neden_kalbim--nasibin_mehmet_yuru.txt,355,15,-1,362,284.55774647887324,327.0,111.87823241168348,363,54.9375,0.0625,0.25,0.15475352112676055,0.125,0.05947355399311775,F5,54
acemasiran,sarki,devrihindi,ey_gul-i_rana,neveser_kokdes,acemasiran--sarki--devrihindi--ey_gul-i_rana--neveser_kokdes.txt,309,21,-1,393,309.21035598705504,318.0,63.76344591741002,394,47.875,0.03125,0.875,0.15493527508090615,0.125,0.13570782997036315,F5,36
acemasiran,sarki,devrihindi,neseyab_ol,ahmet_mukerrem_akinci,acemasiran--sarki--devrihindi--neseyab_ol--ahmet_mukerrem_akinci.txt,478,20,-1,371,318.61087866108784,327.0,62.84474936632387,372,70.0,0.0625,0.5,0.14644351464435146,0.125,0.08908352743362997,F5,74
acemasiran,sarki,devrihindi,ruy-i_alemdir,dellalzade_haci_ismail_efendi,acemasiran--sarki--devrihindi--ruy-i_alemdir--dellalzade_haci_ismail_efendi.txt,296,14,283,371,318.4932432432432,318.0,18.996162546146397,88,28.0,0.041666666666666664,0.5,0.0945945945945946,0.0625,0.05993455992586752,A4,42
acemasiran,sarki,duyek,bu_hal,sadettin_kaynak,acemasiran--sarki--duyek--bu_hal--sadettin_kaynak.txt,432,18,-1,362,302.1550925925926,318.0,78.95630981952128,363,59.5,0.0625,0.75,0.13773148148148148,0.125,0.0813438728015066,C5,70
acemasiran,sarki,duyek,bulutlar_kokunu,sadettin_kaynak,acemasiran--sarki--duyek--bulutlar_kokunu--sadettin_kaynak.txt,323,13,-1,358,263.9504643962848,318.0,125.118592282989,359,80.0,0.0625,0.75,0.2476780185758514,0.25,0.16155790948697282,C5,49
acemasiran,sarki,duyek,gonul_seni,sadettin_kaynak,acemasiran--sarki--duyek--gonul_seni--sadettin_kaynak.txt,325,20,-1,371,297.4246153846154,336.0,100.68992561625907,372,53.0,0.041666666666666664,0.75,0.16307692307692306,0.125,0.10954694969753465,F5,56
acemasiran,sarki,duyek,pence-i_gamdan,misirli_udi_ibrahim_efendi,acemasiran--sarki--duyek--pence-i_gamdan--misirli_udi_ibrahim_efendi.txt,369,16,-1,380,317.8130081300813,327.0,56.70288931276514,381,40.0,0.020833333333333332,0.25,0.10840108401084012,0.0625,0.06746189210138581,D5,59
acemasiran,sarki,duyek,ruhumda_derin,kemal_gurses,acemasiran--sarki--duyek--ruhumda_derin--kemal_gurses.txt,482,14,-1,362,312.0539419087137,336.0,76.99416233926505,363,62.5,0.03125,1.0,0.12966804979253113,0.125,0.10886328556404097,F5,100
acemasiran,sarki,duyek,sim-ten_gonca,sakir_aga,acemasiran--sarki--duyek--sim-ten_gonca--sakir_aga.txt,401,20,-1,380,320.00249376558605,336.0,68.46661590706515,381,58.0,0.0625,0.5,0.14463840399002495,0.125,0.09272402019674506,F5,57
acemasiran,sarki,raksaksagi,bana_tavr-i,sakir_aga,acemasiran--sarki--raksaksagi--bana_tavr-i--sakir_aga.txt,274,15,-1,362,322.74817518248176,327.0,34.749001834958875,363,40.5,0.0625,0.375,0.1478102189781022,0.125,0.05151988951918559,F5,38
acemasiran,sarki,semai,bitmesin_icimdeki,omer_dilek,acemasiran--sarki--semai--bitmesin_icimdeki--omer_dilek.txt,385,17,-1,362,312.31168831168833,318.0,59.11704045706785,363,91.75,0.0625,1.5,0.2383116883116883,0.125,0.19615793751864663,C5,67
acemasiran,sarki,semai,ey_cesm-i,nikogos_aga,acemasiran--sarki--semai--ey_cesm-i--nikogos_aga.txt,249,18,0,380,322.4618473895582,321.0,27.54174892177627,380,71.5,0.0625,1.5,0.28714859437751006,0.25,0.18958983743784846,C5,57
acemasiran,sarki,semai,sorma_dostum,nuri_halil_poyraz,acemasiran--sarki--semai--sorma_dostum--nuri_halil_poyraz.txt,492,20,-1,393,326.770325203252,336.0,45.59891213257251,394,63.125,0.0625,0.75,0.12830284552845528,0.0625,0.12153503409828545,F5,68
acemasiran,sarki,semai,yagmur_ol,amir_ates,acemasiran--sarki--semai--yagmur_ol--amir_ates.txt,401,15,-1,371,303.1147132169576,327.0,84.62589324775278,372,120.25,0.125,1.5,0.29987531172069826,0.25,0.2401301405779064,F5,54
acemasiran,sarki,senginsemai,canan_okuyor,ali_riza_avni_tinaz,acemasiran--sarki--senginsemai--canan_okuyor--ali_riza_avni_tinaz.txt,482,21,-1,380,317.53941908713693,327.0,55.4684407853201,381,65.25,0.041666666666666664,0.5,0.13537344398340248,0.08333333333333333,0.11205209856564634,F5,70
acemasiran,sarki,senginsemai,zehrolsa_bile,bimen_sen,acemasiran--sarki--senginsemai--zehrolsa_bile--bimen_sen.txt,351,18,-1,367,301.5327635327635,323.0,86.27393867740416,368,54.25,0.0625,1.0,0.15455840455840456,0.125,0.11127772916326523,F5,53
acemasiran,sarki,sofyan,bakma_sakin,sakir_aga,acemasiran--sarki--sofyan--bakma_sakin--sakir_aga.txt,481,18,-1,371,320.6819126819127,331.0,55.760057624916655,372,44.25,0.03125,0.375,0.091995841995842,0.0625,0.06242646076391257,F5,72
acemasiran,sarki,sofyan,gonul_sana,sadettin_kaynak,acemasiran--sarki--sofyan--gonul_sana--sadettin_kaynak.txt,1095,17,-1,371,310.2118721461187,318.0,66.45874616023251,372,176.25,0.0625,0.75,0.16095890410958905,0.125,0.10370825438136357,C5,148
acemasiran,sarki,sofyan,nideyim_bilmem,sadettin_kaynak,acemasiran--sarki--sofyan--nideyim_bilmem--sadettin_kaynak.txt,388,21,-1,380,305.10051546391753,336.0,90.61337181778632,381,74.5,0.0,1.75,0.19201030927835053,0.125,0.17662377807203117,E5,54
acemasiran,sarki,yuruksemai,gel_ey_denizin,aleko_bacanos,acemasiran--sarki--yuruksemai--gel_ey_denizin--aleko_bacanos.txt,386,20,-1,380,303.5958549222798,327.0,86.61122199219622,381,52.625,0.03125,0.625,0.13633419689119172,0.125,0.10256480072137653,E5,44
acemasiran,sazsemaisi,aksaksemai,,gazi_giray_han,acemasiran--sazsemaisi--aksaksemai----gazi_giray_han.txt,620,15,-1,380,307.84193548387094,327.0,81.37383079796437,381,67.875,0.0625,1.25,0.10947580645161291,0.0625,0.07855037214816454,A4,72
acemasiran,sazsemaisi,aksaksemai,,misirli_udi_ibrahim_efendi,acemasiran--sazsemaisi--aksaksemai----misirli_udi_ibrahim_efendi.txt,605,21,-1,393,308.11404958677684,318.0,61.47541815540293,394,81.375,0.03125,1.25,0.13450413223140495,0.125,0.11153438140863853,C5,96
acemasiran,sazsemaisi,aksaksemai,,serafettin_seref_cakar,acemasiran--sazsemaisi--aksaksemai----serafettin_seref_cakar.txt,736,21,-1,380,311.1807065217391,327.0,73.7275086519079,381,105.5,0.03125,1.5,0.14334239130434784,0.0625,0.1658666283223017,E5,105
acemasiran,selam,agirduyek,her_ruz,huseyin_fahreddin_dede,acemasiran--selam--agirduyek--her_ruz--huseyin_fahreddin_dede.txt,712,19,-1,362,304.7626404494382,318.0,71.90068637192418,363,168.0,0.0625,1.0,0.23595505617977527,0.25,0.1534523618991576,C5,106
acemasiran,selam,mevlevievferi,bi_dil,huseyin_fahreddin_dede,acemasiran--selam--mevlevievferi--bi_dil--huseyin_fahreddin_dede.txt,399,17,-1,366,303.16040100250626,327.0,85.8910103803675,367,63.25,0.0625,0.75,0.15852130325814537,0.125,0.08823403622211778,F5,62
acemasiran,selam,mevlevievferi,sultan-i_meni,huseyin_fahreddin_dede,acemasiran--selam--mevlevievferi--sultan-i_meni--huseyin_fahreddin_dede.txt,217,15,-1,362,308.93087557603684,333.0,80.39410918895348,363,36.25,0.0625,0.75,0.16705069124423963,0.125,0.10397287400862093,F5,42
acemasiran,seyir,semai,1,rauf_yekta,acemasiran--seyir--semai--1--rauf_yekta.txt,71,14,-1,380,316.056338028169,336.0,71.06915893770432,381,24.0,0.25,0.75,0.3380281690140845,0.25,0.1274656224613395,F5,9
acemasiran,seyir,sofyan,1,erol_bingol,acemasiran--seyir--sofyan--1--erol_bingol.txt,103,15,-1,358,319.0194174757282,327.0,36.95545293482578,359,16.0,0.0625,0.75,0.1553398058252427,0.125,0.10423921897496616,F5,14
acemasiran,seyir,sofyan,1,sefik_gurmeric,acemasiran--seyir--sofyan--1--sefik_gurmeric.txt,101,21,-1,380,324.7920792079208,327.0,41.81131828385304,381,16.0,0.0625,0.75,0.15841584158415842,0.125,0.09335933454419355,D5,11
acemasiran,yuruksemai,yuruksemai,bileydi_dil,itri,acemasiran--yuruksemai--yuruksemai--bileydi_dil--itri.txt,885,17,-1,367,311.89830508474574,318.0,62.06609423578302,368,148.875,0.0625,0.5,0.16822033898305086,0.125,0.09843556839028944,C5,164
acemasiran,yuruksemai,yuruksemai_ii,,huseyin_fahreddin_dede,acemasiran--yuruksemai--yuruksemai_ii----huseyin_fahreddin_dede.txt,163,12,0,358,324.18404907975463,327.0,33.2729525835506,358,24.125,0.0625,0.375,0.14800613496932516,0.125,0.05849722974684993,F5,34
acemasiran,zeybek,agiraksak,su_izmirin,tahsin_karakus,acemasiran--zeybek--agiraksak--su_izmirin--tahsin_karakus.txt,605,17,0,371,328.0330578512397,327.0,26.427814305108985,371,90.25,0.0625,0.5,0.14917355371900826,0.125,0.09346768849024777,F5,84
acembuselik,kupe,agiraksak,istedik,ahmet_avni_konuk,acembuselik--kupe--agiraksak--istedik--ahmet_avni_konuk.txt,101,12,-1,362,308.9306930693069,332.0,86.09381597138584,363,18.0,0.0625,0.5,0.1782178217821782,0.125,0.10620813094677789,D5,17
acembuselik,sarki,aksak,coktan_idim,kemenceci_usta_yani,acembuselik--sarki--aksak--coktan_idim--kemenceci_usta_yani.txt,214,17,-1,380,319.6121495327103,336.0,76.35550680711223,381,21.375,0.03125,0.375,0.09988317757009346,0.0625,0.06312373413494246,G5,35
acemkurdi,agirsemai,agir_aksaksemai,dur_etme,osep_aga,acemkurdi--agirsemai--agir_aksaksemai--dur_etme--osep_aga.txt,625,16,-1,362,297.44,318.0,88.64554163228996,363,136.5,0.0625,2.5,0.2184,0.125,0.22009417601132147,A4,97
acemkurdi,aranagme,aksak,1,,acemkurdi--aranagme--aksak--1--.txt,85,10,-1,358,280.84705882352944,318.0,110.1353610749229,359,13.625,0.0625,1.0,0.16029411764705884,0.125,0.17046828524540805,D5,14
acemkurdi,aranagme,curcuna,1,,acemkurdi--aranagme--curcuna--1--.txt,110,8,-1,340,298.3090909090909,327.0,90.46705979207488,341,20.125,0.125,0.625,0.18295454545454545,0.125,0.09378213933392845,E5,24
acemkurdi,aranagme,duyek,1,,acemkurdi--aranagme--duyek--1--.txt,65,8,-1,340,283.04615384615386,309.0,100.30039736480839,341,8.125,0.0625,0.25,0.125,0.125,0.038273277230987154,A4,12
acemkurdi,aranagme,senginsemai,1,,acemkurdi--aranagme--senginsemai--1--.txt,131,10,-1,362,320.90076335877865,327.0,52.197532355736755,363,24.25,0.0625,0.5,0.1851145038167939,0.125,0.13398880404173313,F5,20
acemkurdi,aranagme,sofyan,,,acemkurdi--aranagme--sofyan----.txt,32,8,-1,340,287.46875,309.0,95.24873528074085,341,4.0,0.0625,0.25,0.125,0.125,0.03888568855239095,A4,6
acemkurdi,fantezi,nimsofyan,askin_kanununu,sadettin_oktenay,acemkurdi--fantezi--nimsofyan--askin_kanununu--sadettin_oktenay.txt,277,11,-1,371,299.5956678700361,327.0,91.98359011655215,372,44.25,0.0625,0.5,0.15974729241877256,0.125,0.11475094818952943,D5,54
acemkurdi,fantezi,semai,son_verelim,sekip_ayhan_ozisik,acemkurdi--fantezi--semai--son_verelim--sekip_ayhan_ozisik.txt,257,10,0,358,319.14396887159535,318.0,24.62656032110508,358,96.25,0.125,0.75,0.3745136186770428,0.25,0.23241315752420225,A4,64
acemkurdi,fantezi,sofyan,sana_oyle,alaaddin_pakyuz,acemkurdi--fantezi--sofyan--sana_oyle--alaaddin_pakyuz.txt,533,12,-1,371,304.71482176360223,327.0,87.33842926954208,372,107.25,0.125,0.5,0.20121951219512196,0.125,0.11709362070384549,D5,90
acemkurdi,kupe,musemmen,bezmimizde,ahmet_avni_konuk,acemkurdi--kupe--musemmen--bezmimizde--ahmet_avni_konuk.txt,65,12,-1,362,306.24615384615385,336.0,90.6583612334707,363,8.0,0.0625,0.25,0.12307692307692308,0.125,0.0643943678855893,F5,12
acemkurdi,nakis,yuruksemai,gonlum_yine,muallim_ismail_hakki_bey,acemkurdi--nakis--yuruksemai--gonlum_yine--muallim_ismail_hakki_bey.txt,408,13,-1,371,294.94607843137254,336.0,106.89608738441753,372,95.5,0.0625,1.0,0.2340686274509804,0.25,0.14476328707104977,F5,75
acemkurdi,nefes,bektasiraksani,sah_merdanin,,acemkurdi--nefes--bektasiraksani--sah_merdanin--.txt,262,11,-1,380,341.0687022900763,349.0,34.572305448966276,381,30.125,0.0625,0.25,0.11498091603053436,0.125,0.05933902867474229,G5,59
acemkurdi,pesrev,fahte,,muallim_ismail_hakki_bey,acemkurdi--pesrev--fahte----muallim_ismail_hakki_bey.txt,576,25,-1,380,328.22743055555554,340.0,61.55488475791654,381,75.25,0.03125,0.5,0.1306423611111111,0.125,0.07311050839105188,A5,90
acemkurdi,sarki,agiraksak,sevdi_gonlum,nikogos_aga,acemkurdi--sarki--agiraksak--sevdi_gonlum--nikogos_aga.txt,544,17,-1,371,314.3492647058824,327.0,71.16918394553278,372,72.25,0.0625,0.5,0.1328125,0.125,0.08771431921630647,F5,77
acemkurdi,sarki,aksak,altin_tasta,nimet_hanim,acemkurdi--sarki--aksak--altin_tasta--nimet_hanim.txt,495,10,-1,358,319.82626262626263,327.0,40.524473002336784,359,63.125,0.03125,0.375,0.1275252525252525,0.0625,0.09794478050940383,D5,112
acemkurdi,sarki,aksak,beyhude_yere,ercument_berker,acemkurdi--sarki--aksak--beyhude_yere--ercument_berker.txt,219,12,-1,362,311.310502283105,324.0,66.24381175338655,363,45.125,0.0625,1.125,0.2060502283105023,0.125,0.19925444117491906,C5,46
acemkurdi,sarki,aksak,hatay,cevdet_cagla,acemkurdi--sarki--aksak--hatay--cevdet_cagla.txt,399,18,-1,380,317.96491228070175,336.0,65.88957392249753,381,51.875,0.0625,0.75,0.1300125313283208,0.125,0.09205618010124338,F5,60
acemkurdi,sarki,aksak,kir_atima,nasibin_mehmet_yuru,acemkurdi--sarki--aksak--kir_atima--nasibin_mehmet_yuru.txt,481,13,-1,362,324.94802494802497,327.0,30.48331854691529,363,81.125,0.0625,0.625,0.16865904365904366,0.125,0.10001989472058466,C5,86
acemkurdi,sarki,aksak,ruhum_su,alaeddin_yavasca,acemkurdi--sarki--aksak--ruhum_su--alaeddin_yavasca.txt,479,17,-1,371,318.72025052192066,327.0,57.89169865497872,372,63.5,0.03125,0.625,0.1325678496868476,0.125,0.09298313603888554,C5,79
acemkurdi,sarki,curcuna,bana_askin,huseyin_coskuner,acemkurdi--sarki--curcuna--bana_askin--huseyin_coskuner.txt,413,15,-1,362,305.54721549636804,327.0,85.99133972676795,363,83.875,0.0625,1.25,0.20308716707021793,0.125,0.1775610202920371,F5,60
acemkurdi,sarki,devrihindi,bir_vefasiz,selanikli_ahmed_bey,acemkurdi--sarki--devrihindi--bir_vefasiz--selanikli_ahmed_bey.txt,370,15,-1,371,329.35135135135135,336.0,34.976969748722475,372,56.25,0.0625,0.5,0.15202702702702703,0.125,0.0889937433180805,F5,54
acemkurdi,sarki,duyek,artik_gelecek,arif_sami_toker,acemkurdi--sarki--duyek--artik_gelecek--arif_sami_toker.txt,502,13,-1,362,310.77290836653384,336.0,81.14485349429346,363,62.625,0.03125,0.75,0.12475099601593626,0.125,0.09565357956937688,E5,105
acemkurdi,sarki,duyek,baharla_hazan,avni_anil,acemkurdi--sarki--duyek--baharla_hazan--avni_anil.txt,347,14,-1,371,305.28242074927954,340.0,104.33835470396842,372,55.125,0.03125,1.0,0.15886167146974065,0.125,0.13758225059889476,A5,66
acemkurdi,sarki,duyek,bir_baska,avni_anil,acemkurdi--sarki--duyek--bir_baska--avni_anil.txt,536,13,-1,380,317.39925373134326,340.0,84.68689511990341,381,84.25,0.03125,1.25,0.1571828358208955,0.125,0.19142848317878403,A5,94
acemkurdi,sarki,duyek,bir_sevda,arif_sami_toker,acemkurdi--sarki--duyek--bir_sevda--arif_sami_toker.txt,547,11,-1,371,313.44972577696524,336.0,89.86087504291163,372,92.125,0.0625,2.0,0.16841864716636198,0.125,0.13437845066562829,A5,78
acemkurdi,sarki,duyek,ne_kadar,arif_sami_toker,acemkurdi--sarki--duyek--ne_kadar--arif_sami_toker.txt,659,10,-1,362,301.79362670713203,327.0,97.96340993331732,363,106.125,0.0625,0.625,0.16103945371775416,0.125,0.08596681495708246,D5,118
acemkurdi,sarki,duyek,unutmak_istesem,arif_sami_toker,acemkurdi--sarki--duyek--unutmak_istesem--arif_sami_toker.txt,365,9,-1,362,289.82191780821915,327.0,114.55860615232997,363,54.125,0.0625,0.875,0.1482876712328767,0.125,0.10745682063026468,G5,49
acemkurdi,sarki,kapali_curcuna,canan_bilirim,ekrem_guyer,acemkurdi--sarki--kapali_curcuna--canan_bilirim--ekrem_guyer.txt,373,14,-1,371,304.0428954423592,336.0,94.90177878944276,372,63.875,0.0625,0.625,0.1712466487935657,0.125,0.09072024095600481,E5,58
acemkurdi,sarki,kapali_curcuna,sana_eller,faruk_kayacikli,acemkurdi--sarki--kapali_curcuna--sana_eller--faruk_kayacikli.txt,442,14,-1,371,307.07239819004525,327.0,86.38202450190337,372,95.125,0.0625,1.25,0.21521493212669685,0.125,0.1653617595532829,F5,60
acemkurdi,sarki,kapali_curcuna,yukselen_nagmenle,muzaffer_ilkar,acemkurdi--sarki--kapali_curcuna--yukselen_nagmenle--muzaffer_ilkar.txt,345,13,-1,362,297.4405797101449,327.0,98.25839558016679,363,65.125,0.0625,0.625,0.188768115942029,0.125,0.10412863731154179,D5,58
acemkurdi,sarki,kapali_curcuna,zehretme_hayati,zeki_muren,acemkurdi--sarki--kapali_curcuna--zehretme_hayati--zeki_muren.txt,361,13,-1,371,307.66759002770084,327.0,82.13065659199039,372,69.125,0.0625,1.25,0.1914819944598338,0.125,0.23416737623240055,E5,57
acemkurdi,sarki,semai,asikim_ben,necdet_tokatlioglu,acemkurdi--sarki--semai--asikim_ben--necdet_tokatlioglu.txt,341,8,-1,349,320.99706744868035,327.0,41.66593322337625,350,120.25,0.125,0.75,0.3526392961876833,0.25,0.20405899257633292,E5,68
acemkurdi,sarki,semai,bak_yine,izzet_altinbas,acemkurdi--sarki--semai--bak_yine--izzet_altinbas.txt,473,8,-1,349,321.9788583509514,327.0,32.03116162107723,350,144.25,0.08333333333333333,0.75,0.3049682875264271,0.25,0.18895382430901445,D5,105
acemkurdi,sarki,semai,sen_kalbimin,teoman_alpay,acemkurdi--sarki--semai--sen_kalbimin--teoman_alpay.txt,203,7,0,349,325.4926108374384,327.0,26.030326840572148,349,94.75,0.25,1.5,0.4667487684729064,0.25,0.3567805312252157,E5,43
acemkurdi,sarki,semai,yillar_sonra,yildirim_gurses,acemkurdi--sarki--semai--yillar_sonra--yildirim_gurses.txt,416,12,-1,371,328.35096153846155,336.0,54.323944877236436,372,123.25,0.08333333333333333,1.5,0.29627403846153844,0.25,0.2423262832075996,D5,83
acemkurdi,sarki,senginsemai,askin_ile,sadi_hosses,acemkurdi--sarki--senginsemai--askin_ile--sadi_hosses.txt,321,11,-1,371,327.2274143302181,336.0,55.357824615007395,372,60.25,0.0625,0.5,0.18769470404984423,0.125,0.11515583754105534,F5,57
acemkurdi,sarki,senginsemai,ruzgar_uyumus,refik_fersan,acemkurdi--sarki--senginsemai--ruzgar_uyumus--refik_fersan.txt,282,12,-1,362,304.3085106382979,327.0,81.57576570334523,363,53.25,0.0625,0.5,0.18882978723404256,0.125,0.1422618673293725,C5,40
acemkurdi,sarki,sofyan,yar_pesinde,zeki_duygulu,acemkurdi--sarki--sofyan--yar_pesinde--zeki_duygulu.txt,485,12,-1,362,302.0783505154639,318.0,83.48599405819607,363,76.25,0.0625,0.5,0.15721649484536082,0.125,0.07597156204629875,D5,68
acemkurdi,sarki,yuruksemai,bari_felek,nikogos_aga,acemkurdi--sarki--yuruksemai--bari_felek--nikogos_aga.txt,332,18,-1,380,325.37951807228916,336.0,60.5506499605345,381,93.25,0.125,1.5,0.2808734939759036,0.25,0.1964741835300443,A5,52
acemkurdi,sarki,yuruksemai,yollarda_kalan,muzaffer_ilkar,acemkurdi--sarki--yuruksemai--yollarda_kalan--muzaffer_ilkar.txt,335,15,-1,371,325.7223880597015,336.0,47.576512033503555,372,55.25,0.0625,0.5,0.16492537313432837,0.125,0.10918345730140852,F5,50
acemkurdi,sarki,yuruksemai_ii,fikrimin_ince,muallim_ismail_hakki_bey,acemkurdi--sarki--yuruksemai_ii--fikrimin_ince--muallim_ismail_hakki_bey.txt,297,10,-1,362,314.93602693602696,336.0,80.53301707726365,363,36.125,0.0625,0.375,0.12163299663299663,0.125,0.07257645075946609,A5,52
acemkurdi,sazsemaisi,aksaksemai,,muallim_ismail_hakki_bey,acemkurdi--sazsemaisi--aksaksemai----muallim_ismail_hakki_bey.txt,738,16,-1,380,320.6260162601626,327.0,45.6242808978524,381,67.125,0.03125,0.25,0.09095528455284553,0.0625,0.059688771232145554,D5,154
acemkurdi,seyir,senginsemai,1,erol_bingol,acemkurdi--seyir--senginsemai--1--erol_bingol.txt,52,9,-1,358,326.7307692307692,338.0,49.15566126796383,359,12.0,0.0625,1.0,0.23076923076923078,0.15625,0.16767699052743598,F5,14
acemkurdi,seyir,sofyan,1,sefik_gurmeric,acemkurdi--seyir--sofyan--1--sefik_gurmeric.txt,97,14,-1,371,317.08247422680415,327.0,68.37818702247888,372,16.0,0.0625,1.0,0.16494845360824742,0.125,0.1109212014913835,F5,14
acemkurdi,turku,duyek,ankaranin_yollari,,acemkurdi--turku--duyek--ankaranin_yollari--.txt,241,8,-1,358,315.57676348547716,336.0,76.9383635850672,359,21.125,0.0625,0.25,0.08765560165975103,0.0625,0.04455335822255524,E5,57
acemkurdi,turku,duyek,ham_meyveyi,,acemkurdi--turku--duyek--ham_meyveyi--.txt,509,8,-1,358,309.6267190569745,336.0,90.60176203963509,359,84.125,0.0625,0.75,0.16527504911591356,0.125,0.08210279581690447,E5,108
acemtarab,pesrev,havi,,kantemiroglu,acemtarab--pesrev--havi----kantemiroglu.txt,808,21,-1,380,305.21287128712873,318.0,67.55655197806922,381,128.25,0.0625,0.5,0.15872524752475248,0.125,0.07910384846090934,A4,97
anberefsan,sazsemaisi,aksaksemai,,huseyin_sadettin_arel,anberefsan--sazsemaisi--aksaksemai----huseyin_sadettin_arel.txt,592,26,-1,380,302.8057432432432,327.0,82.52959947373046,381,75.375,0.03125,0.375,0.12732263513513514,0.125,0.06022083937678032,D5,62
araban,kupe,musemmen,etse,ahmet_avni_konuk,araban--kupe--musemmen--etse--ahmet_avni_konuk.txt,82,13,-1,371,322.3048780487805,332.0,65.79535970436608,372,8.0,0.0625,0.25,0.0975609756097561,0.0625,0.05981707662387521,D5,18
arazbar,agirsemai,agir_aksaksemai,gonul_tab-aver,sadullah_aga,arazbar--agirsemai--agir_aksaksemai--gonul_tab-aver--sadullah_aga.txt,813,16,-1,380,318.6961869618696,340.0,88.20027282178283,381,104.0,0.03125,0.75,0.12792127921279212,0.125,0.08432330551197983,G5,170
arazbar,kupe,duyek,ol_kadar,ahmet_avni_konuk,arazbar--kupe--duyek--ol_kadar--ahmet_avni_konuk.txt,108,13,-1,371,308.06481481481484,335.5,94.93138428567916,372,16.0,0.0625,0.5,0.14814814814814814,0.125,0.08821991582369859,G5,19
arazbar,seyir,duyek,1,sefik_gurmeric,arazbar--seyir--duyek--1--sefik_gurmeric.txt,117,18,-1,371,323.13675213675214,340.0,70.61709595476569,372,16.0,0.0625,0.5,0.13675213675213677,0.125,0.08721151023200237,G5,21
arazbar,seyir,semai,1,rauf_yekta,arazbar--seyir--semai--1--rauf_yekta.txt,75,10,-1,371,325.62666666666667,340.0,68.66719058664818,372,24.0,0.25,0.5,0.32,0.25,0.1130056205251326,G5,18
arazbar,seyir,sofyan,1,erol_bingol,arazbar--seyir--sofyan--1--erol_bingol.txt,104,11,296,362,330.0673076923077,327.0,16.21773236819939,66,16.0,0.0625,0.5,0.15384615384615385,0.125,0.09295703352705947,D5,18
arazbarbuselik,kupe,agiraksak,buse,ahmet_avni_konuk,arazbarbuselik--kupe--agiraksak--buse--ahmet_avni_konuk.txt,107,14,-1,362,311.5514018691589,334.0,84.30797469440733,363,18.0,0.0625,0.5,0.16822429906542055,0.125,0.10100147658281891,G5,16
arazbarbuselik,murabba,cenber,anlayan_yok,ali_rifat_cagatay,arazbarbuselik--murabba--cenber--anlayan_yok--ali_rifat_cagatay.txt,564,18,-1,371,306.8599290780142,331.0,90.91590335059841,372,98.0,0.0625,0.5,0.17375886524822695,0.125,0.11344021911918076,C5,84
arazbarbuselik,sazsemaisi,aksaksemai,,refik_fersan,arazbarbuselik--sazsemaisi--aksaksemai----refik_fersan.txt,1476,30,-1,393,327.20257452574526,336.0,62.99801681149084,394,150.375,0.03125,0.5,0.10188008130081301,0.0625,0.07369733331294773,G5,186
asiranmaye,kupe,aksaksemai,bir,ahmet_avni_konuk,asiranmaye--kupe--aksaksemai--bir--ahmet_avni_konuk.txt,91,11,-1,340,293.25274725274727,312.0,79.79788265174757,341,10.0,0.03125,0.25,0.10989010989010989,0.125,0.05046714014517006,B4b1,20
asiranzemzeme,pesrev,sofyan,,,asiranzemzeme--pesrev--sofyan----.txt,194,16,-1,367,312.45360824742266,318.0,55.77917612786842,368,32.0,0.0625,0.75,0.16494845360824742,0.125,0.09843561280381509,C5,23
askefza,pesrev,ayindevrirevani,,huseyin_sadettin_arel,askefza--pesrev--ayindevrirevani----huseyin_sadettin_arel.txt,524,20,0,389,317.21946564885496,314.0,25.64963823502639,389,117.375,0.125,0.5,0.22399809160305342,0.25,0.1215251156133601,B4,87
askefza,sarki,sofyan,kimbilir_belki,murat_demirhan,askefza--sarki--sofyan--kimbilir_belki--murat_demirhan.txt,499,21,-1,371,279.7374749498998,314.0,107.98397740378262,372,109.0,0.0625,1.0,0.218436873747495,0.125,0.14990211505994125,B4,60
askefza,sarki,sofyan,omrumuzun_bahari,erol_sayan,askefza--sarki--sofyan--omrumuzun_bahari--erol_sayan.txt,274,13,-1,367,289.3905109489051,316.0,96.72254066657909,368,55.25,0.0625,1.0,0.20164233576642335,0.125,0.19093955997580747,E5,43
askefza,sarki,yuruksemai_ii,anlatamamaktan,ayhan_zeren,askefza--sarki--yuruksemai_ii--anlatamamaktan--ayhan_zeren.txt,177,18,-1,367,290.49152542372883,318.0,100.68792463056263,368,33.75,0.0625,0.75,0.1906779661016949,0.125,0.13329560971227455,E5,25
askefza,seyir,devrihindi,1,erol_bingol,askefza--seyir--devrihindi--1--erol_bingol.txt,52,13,283,371,324.8269230769231,327.0,22.7697091130301,88,7.0,0.0625,0.5,0.1346153846153846,0.125,0.10235030270866351,E5,9
bahrinazik,kupe,duyek,mahi-yi,ahmet_avni_konuk,bahrinazik--kupe--duyek--mahi-yi--ahmet_avni_konuk.txt,99,13,-1,349,302.1111111111111,327.0,84.64847948643306,350,16.0,0.0625,0.5,0.16161616161616163,0.125,0.08470861906736613,D5,32
bendihisar,kupe,yuruksemai,her,ahmet_avni_konuk,bendihisar--kupe--yuruksemai--her--ahmet_avni_konuk.txt,82,16,-1,367,311.9756097560976,330.0,66.05384552683414,368,12.0,0.0625,0.625,0.14634146341463414,0.125,0.10357215168779388,E5,15
besteisfahan,kupe,evfer,isfahanli,ahmet_avni_konuk,besteisfahan--kupe--evfer--isfahanli--ahmet_avni_konuk.txt,103,13,-1,358,282.9514563106796,318.0,104.48973855620771,359,18.0,0.0625,0.5,0.17475728155339806,0.125,0.0923544924456333,D5,18
besteisfahan,seyir,sofyan,1,sefik_gurmeric,besteisfahan--seyir--sofyan--1--sefik_gurmeric.txt,99,16,-1,367,316.4343434343434,327.0,49.25426773514907,368,16.0,0.0625,1.0,0.16161616161616163,0.125,0.12209967549729622,D5,22
besteisfahan,yuruksemai,yuruksemai,bir_elif,ebubekir_aga,besteisfahan--yuruksemai--yuruksemai--bir_elif--ebubekir_aga.txt,459,17,-1,365,300.437908496732,318.0,76.82565443844614,366,90.25,0.0625,1.0,0.19662309368191722,0.125,0.11678885227510265,D5,104
bestenigar,kupe,evfer,kim,ahmet_avni_konuk,bestenigar--kupe--evfer--kim--ahmet_avni_konuk.txt,113,11,-1,354,283.43362831858406,312.0,99.61236262437819,355,18.0,0.0625,0.5,0.1592920353982301,0.125,0.08877858507625357,C5,21
bestenigar,pesrev,fahte,,tatyos_efendi,bestenigar--pesrev--fahte----tatyos_efendi.txt,631,23,-1,371,312.0935023771791,318.0,56.21045323560359,372,80.25,0.0625,0.75,0.12717908082408874,0.125,0.08720778505003822,C5,107
bestenigar,sarki,agiraksak,gayridan_bulmaz,kazasker_mustafa_izzet_efendi,bestenigar--sarki--agiraksak--gayridan_bulmaz--kazasker_mustafa_izzet_efendi.txt,483,18,-1,371,313.70186335403724,318.0,57.58870243348942,372,60.75,0.0625,0.5,0.12577639751552794,0.125,0.07722775567596289,C5,75
bestenigar,sarki,agiraksak,kacma_mecburundan,hasim_bey,bestenigar--sarki--agiraksak--kacma_mecburundan--hasim_bey.txt,446,15,-1,358,306.62780269058294,318.0,61.34515017499299,359,54.25,0.03125,0.5,0.12163677130044843,0.125,0.08430714188562473,C5,78
bestenigar,sarki,aksak,perisan_halin,emin_ongan,bestenigar--sarki--aksak--perisan_halin--emin_ongan.txt,235,19,0,380,330.8978723404255,336.0,29.37857444600333,380,36.125,0.0625,0.375,0.15372340425531916,0.125,0.10735240357096848,C5,34
bestenigar,sarki,aksak,sana_gul,omer_sami_gupgup,bestenigar--sarki--aksak--sana_gul--omer_sami_gupgup.txt,213,18,-1,380,311.8262910798122,324.0,79.39210587539525,381,36.125,0.0625,0.625,0.16960093896713616,0.125,0.12773615901485727,G5,34
bestenigar,sarki,aksak,çok_gordu,haci_arif_bey,bestenigar--sarki--aksak--çok_gordu--haci_arif_bey.txt,697,14,-1,358,305.883787661406,324.0,77.33292694726295,359,75.5,0.03125,0.75,0.10832137733142037,0.0625,0.08144976704651555,C5,124
bestenigar,sarki,duyek,yakti_cihani,ismet_aga,bestenigar--sarki--duyek--yakti_cihani--ismet_aga.txt,293,13,-1,358,297.9658703071672,318.0,84.65181827949247,359,32.125,0.03125,0.375,0.10964163822525597,0.09375,0.06780172810024895,C5,56
bestenigar,sarki,kapali_curcuna,ben_seni,dede_efendi,bestenigar--sarki--kapali_curcuna--ben_seni--dede_efendi.txt,346,15,-1,358,315.1387283236994,318.0,44.69443245943398,359,66.625,0.0625,0.625,0.19255780346820808,0.125,0.10953903868895505,C5,74
bestenigar,sarki,kapali_curcuna,cok_surmedi,enderunlu_hafiz_husnu_efendi,bestenigar--sarki--kapali_curcuna--cok_surmedi--enderunlu_hafiz_husnu_efendi.txt,601,17,-1,371,321.51247920133113,318.0,29.405616141761936,372,60.1875,0.03125,0.625,0.10014559068219633,0.0625,0.07026997504642729,C5,95
bestenigar,sazsemaisi,aksaksemai,,tanburi_cemil_bey,bestenigar--sazsemaisi--aksaksemai----tanburi_cemil_bey.txt,540,22,0,371,319.97037037037035,318.0,23.69227291293384,371,64.125,0.03125,0.5,0.11875,0.0625,0.09190950013580401,C5,82
bestenigar,seyir,duyek,1,sefik_gurmeric,bestenigar--seyir--duyek--1--sefik_gurmeric.txt,97,10,-1,354,293.82474226804123,312.0,84.06148671127562,355,14.0,0.0625,0.5,0.14432989690721648,0.125,0.08431750777684072,B4b1,18
bestenigar,seyir,semai,1,rauf_yekta,bestenigar--seyir--semai--1--rauf_yekta.txt,68,10,-1,358,298.3235294117647,318.0,86.07900591316748,359,18.0,0.125,0.5,0.2647058823529412,0.25,0.11535436108616741,C5,18
bestenigar,seyir,sofyan,1,erol_bingol,bestenigar--seyir--sofyan--1--erol_bingol.txt,52,11,287,358,317.09615384615387,318.0,16.36263032619003,71,8.0,0.0625,0.5,0.15384615384615385,0.125,0.07159503066756515,C5,12
beyati,agirsemai,agir_aksaksemai,didi_ci_kerdi,yahya_nazim_celebi,beyati--agirsemai--agir_aksaksemai--didi_ci_kerdi--yahya_nazim_celebi.txt,512,9,-1,349,302.5234375,318.0,76.62708281951343,350,96.0,0.0625,1.5,0.1875,0.125,0.18356520354640546,C5,126
beyati,agirsemai,agir_aksaksemai,dil-i_asiklari,haci_salih_aga,beyati--agirsemai--agir_aksaksemai--dil-i_asiklari--haci_salih_aga.txt,711,12,-1,362,315.6244725738397,327.0,68.03487852582856,363,90.0,0.0625,0.5,0.12658227848101267,0.125,0.09179428114922313,D5,163
beyati,agirsemai,agir_aksaksemai,ruhsarin_uzre,hamparsum,beyati--agirsemai--agir_aksaksemai--ruhsarin_uzre--hamparsum.txt,316,13,-1,371,301.2879746835443,327.0,95.40208633544087,372,62.0,0.0625,2.5,0.1962025316455696,0.125,0.31297992415614667,E5,48
beyati,agirsemai,agir_aksaksemai,soylen_ol,bolahenk_nuri_bey,beyati--agirsemai--agir_aksaksemai--soylen_ol--bolahenk_nuri_bey.txt,399,14,-1,371,306.04010025062655,327.0,85.73825656721685,372,60.25,0.0625,0.5,0.15100250626566417,0.125,0.1091981854807845,D5,78
beyati,agirsemai,aksaksemai,cikmaz_derun_u,tabi_mustafa_efendi,beyati--agirsemai--aksaksemai--cikmaz_derun_u--tabi_mustafa_efendi.txt,441,14,-1,371,303.2358276643991,318.0,75.87698587970146,372,81.75,0.0625,1.0,0.18537414965986396,0.125,0.10434836503168912,D5,89
beyati,aranagme,agiraksak,1,,beyati--aranagme--agiraksak--1--.txt,188,13,-1,362,326.5159574468085,335.5,37.24158392006421,363,18.25,0.041666666666666664,0.5,0.09707446808510638,0.0625,0.06318719003535478,F5,31
beyati,aranagme,curcuna,1,,beyati--aranagme--curcuna--1--.txt,111,12,-1,371,317.2432432432432,336.0,71.5436568837157,372,15.125,0.125,0.25,0.13626126126126126,0.125,0.03595115669190168,E5,16
beyati,beste,devrikebir,ol_gulun,zekai_dede,beyati--beste--devrikebir--ol_gulun--zekai_dede.txt,940,16,-1,371,310.1478723404255,327.0,70.33198656462356,372,126.25,0.0625,0.75,0.13430851063829788,0.125,0.08392566714583302,D5,209
beyati,beste,devrikebir,uri_uri,mose_cordova,beyati--beste--devrikebir--uri_uri--mose_cordova.txt,296,13,-1,380,327.89864864864865,327.0,42.1992432842211,381,42.0,0.0625,0.75,0.14189189189189189,0.125,0.10523747222902294,D5,63
beyati,beste,hafif,arz-i_didar,hamparsum,beyati--beste--hafif--arz-i_didar--hamparsum.txt,890,16,-1,371,298.6112359550562,318.0,90.63050914260096,372,128.0,0.0625,0.5,0.14382022471910114,0.125,0.08792228158720349,C5,170
beyati,beste,hafif,bir_gonca_femin,dede_efendi,beyati--beste--hafif--bir_gonca_femin--dede_efendi.txt,894,16,-1,380,318.5559284116331,327.0,58.41542065405092,381,127.25,0.0625,0.75,0.142337807606264,0.125,0.09105047627375985,D5,198
beyati,beste,nimdevir,degil_cam-i_mey,yahya_nazim_celebi,beyati--beste--nimdevir--degil_cam-i_mey--yahya_nazim_celebi.txt,882,14,-1,380,305.0238095238095,327.0,86.01660545015046,381,108.25,0.0625,0.75,0.12273242630385488,0.125,0.07942732636329268,D5,238
beyati,beste,remel,bir_kerre,bolahenk_nuri_bey,beyati--beste--remel--bir_kerre--bolahenk_nuri_bey.txt,641,14,-1,371,305.5585023400936,327.0,91.07007995359129,372,84.0,0.0625,0.5,0.1310452418096724,0.125,0.08706655758659866,D5,140
beyati,ilahi,durakevferi,bulbul-i_surideyim,nalizade_ibrahim_efendi,beyati--ilahi--durakevferi--bulbul-i_surideyim--nalizade_ibrahim_efendi.txt,348,16,-1,371,311.47701149425285,327.0,78.45387815387555,372,103.5,0.0625,1.0,0.2974137931034483,0.25,0.17606599916736998,D5,80
beyati,ilahi,duyek,kapisi_yok,,beyati--ilahi--duyek--kapisi_yok--.txt,261,10,-1,349,314.4061302681992,327.0,60.987418317588286,350,32.125,0.0625,0.5,0.12308429118773946,0.125,0.07979040200603149,D5,72
beyati,kanto,sofyan,karga_da_seni,,beyati--kanto--sofyan--karga_da_seni--.txt,331,17,-1,380,320.5256797583082,327.0,34.201210846988516,381,32.25,0.03125,0.5,0.09743202416918428,0.0625,0.05880167863878384,D5,93
beyati,karsilama,ciftesofyan,tekirdag_karsilamasi,anonim,beyati--karsilama--ciftesofyan--tekirdag_karsilamasi--anonim.txt,206,13,-1,371,313.00970873786406,327.0,69.03947194010402,372,27.125,0.0625,0.375,0.1316747572815534,0.125,0.034274516504950406,D5,35
beyati,kupe,duyek,mutriba,ahmet_avni_konuk,beyati--kupe--duyek--mutriba--ahmet_avni_konuk.txt,88,9,-1,358,306.3636363636364,327.0,84.65211864579983,359,16.0,0.0625,0.5,0.18181818181818182,0.125,0.09646982083682129,E5,18
beyati,mehter,yuruksemai_ii,,zurnazen_dagi_ahmet_celebi,beyati--mehter--yuruksemai_ii----zurnazen_dagi_ahmet_celebi.txt,860,13,305,380,329.8360465116279,327.0,15.931382350778028,75,129.375,0.0625,0.375,0.1504360465116279,0.125,0.07580206734595701,D5,208
beyati,pesrev,darbifetih,,tanburi_isak,beyati--pesrev--darbifetih----tanburi_isak.txt,1192,25,-1,389,310.41442953020135,327.0,76.8521609083452,390,220.0,0.0625,0.75,0.18456375838926176,0.125,0.10496705194291803,D5,200
beyati,pesrev,devrikebir,,neyzen_emin_dede,beyati--pesrev--devrikebir----neyzen_emin_dede.txt,767,17,-1,380,311.754889178618,327.0,70.98755010881239,381,112.25,0.0625,0.5,0.14634941329856585,0.125,0.06962134960018669,D5,142
beyati,pesrev,hafif,,seyfettin_osmanoglu,beyati--pesrev--hafif----seyfettin_osmanoglu.txt,920,16,-1,371,312.9054347826087,327.0,69.34583792142915,372,128.25,0.03125,0.625,0.13940217391304346,0.125,0.07347665826465717,D5,176
beyati,pesrev,hafif,,tanburi_cemil_bey,beyati--pesrev--hafif----tanburi_cemil_bey.txt,911,14,-1,371,313.2854006586169,327.0,68.8681316419705,372,128.25,0.03125,0.5,0.1407793633369923,0.125,0.0763574858364078,D5,175
beyati,sarki,agiraksak,aman_ey_yar-i,neyzen_riza_bey,beyati--sarki--agiraksak--aman_ey_yar-i--neyzen_riza_bey.txt,495,15,-1,380,323.9070707070707,327.0,49.42379987858391,381,81.25,0.0625,0.75,0.16414141414141414,0.125,0.1266296410559059,D5,98
beyati,sarki,agiraksak,bir_katre,sevki_bey,beyati--sarki--agiraksak--bir_katre--sevki_bey.txt,539,19,-1,371,308.55102040816325,327.0,80.51485520578257,372,80.875,0.0625,1.25,0.15004638218923932,0.125,0.10586044454044087,D5,107
beyati,sarki,agiraksak,bulbul-u_seydaya,serif_icli,beyati--sarki--agiraksak--bulbul-u_seydaya--serif_icli.txt,661,13,-1,362,324.87745839636915,327.0,31.915254121684125,363,71.875,0.041666666666666664,0.5,0.10873676248108925,0.0625,0.07887869663499723,D5,145
beyati,sarki,agiraksak,gecti_sevdalarla,nuri_halil_poyraz,beyati--sarki--agiraksak--gecti_sevdalarla--nuri_halil_poyraz.txt,421,14,-1,380,317.14014251781475,327.0,71.20247339857569,381,54.25,0.0625,0.5,0.12885985748218529,0.125,0.10714756992990743,D5,71
beyati,sarki,agiraksak,gul_hazin,rahmi_bey,beyati--sarki--agiraksak--gul_hazin--rahmi_bey.txt,575,16,-1,371,327.80695652173915,333.0,46.7381610747729,372,71.5,0.03125,0.5,0.12434782608695652,0.125,0.07942354578496738,D5,106
beyati,sarki,agiraksak,muptelayim,dede_efendi,beyati--sarki--agiraksak--muptelayim--dede_efendi.txt,328,16,-1,371,317.4237804878049,333.0,73.69650331565755,372,45.0,0.0625,1.0,0.13719512195121952,0.125,0.0996644908714125,D5,53
beyati,sarki,agiraksak,ne_bahar,rakim_elkutlu,beyati--sarki--agiraksak--ne_bahar--rakim_elkutlu.txt,524,17,-1,371,319.8893129770992,327.0,59.07747740731651,372,70.5,0.041666666666666664,1.125,0.13454198473282442,0.125,0.10946938109677248,D5,87
beyati,sarki,agirduyek,her_dem,dede_efendi,beyati--sarki--agirduyek--her_dem--dede_efendi.txt,439,17,-1,371,316.87927107061506,327.0,65.75029908376415,372,63.0,0.0625,0.5,0.14350797266514806,0.125,0.08294914024749346,D5,84
beyati,sarki,aksak,benzemez_kimse,fehmi_tokay,beyati--sarki--aksak--benzemez_kimse--fehmi_tokay.txt,431,11,-1,365,319.0510440835267,327.0,49.298164431844874,366,35.75,0.015625,0.25,0.08294663573085846,0.0625,0.05479705027896598,D5,90
beyati,sarki,aksak,delisin_deli,selahaddin_pinar,beyati--sarki--aksak--delisin_deli--selahaddin_pinar.txt,426,19,-1,380,325.13615023474176,336.0,55.806980446501484,381,47.0,0.03125,0.625,0.11032863849765258,0.0625,0.07635775624447702,D5,64
beyati,sarki,aksak,gonlum_geri,kasim_inaltekin,beyati--sarki--aksak--gonlum_geri--kasim_inaltekin.txt,305,14,0,371,329.01967213114756,327.0,24.577072780766542,371,35.375,0.03125,0.625,0.11598360655737705,0.0625,0.09739042498314361,D5,66
beyati,sarki,aksak,karsidan_yar,dede_efendi,beyati--sarki--aksak--karsidan_yar--dede_efendi.txt,389,15,0,371,332.8611825192802,336.0,23.646587331208643,371,70.0625,0.0625,1.125,0.18010925449871465,0.125,0.1743267728393046,G5,60
beyati,sarki,aksak,meclise_gel,tanburi_mustafa_cavus,beyati--sarki--aksak--meclise_gel--tanburi_mustafa_cavus.txt,263,15,-1,380,296.1634980988593,327.0,103.96263218836562,381,34.875,0.0625,0.5,0.1326045627376426,0.125,0.06203386093712117,D5,38
beyati,sarki,aksak,ne_semtden,kemani_riza_efendi,beyati--sarki--aksak--ne_semtden--kemani_riza_efendi.txt,557,12,-1,362,322.53859964093357,327.0,39.18670537174033,363,49.625,0.03125,0.25,0.08909335727109516,0.0625,0.0512708046107634,D5,134
beyati,sarki,aksak,sebep_ne,markar_aga,beyati--sarki--aksak--sebep_ne--markar_aga.txt,443,12,-1,371,328.4018058690745,327.0,26.724439242761598,372,36.125,0.03125,0.375,0.08154627539503385,0.0625,0.05048198519131466,D5,94
beyati,sarki,aksaksemai,aglatma_beni,dede_efendi,beyati--sarki--aksaksemai--aglatma_beni--dede_efendi.txt,363,12,-1,362,320.7823691460055,327.0,47.27589784471127,363,30.125,0.03125,0.25,0.08298898071625345,0.0625,0.05067621342919897,D5,76
beyati,sarki,ciftesofyan,cikalim_sayd_u,tanburi_mustafa_cavus,beyati--sarki--ciftesofyan--cikalim_sayd_u--tanburi_mustafa_cavus.txt,649,9,-1,358,316.81972265023114,327.0,50.4295117941816,359,80.375,0.0625,0.375,0.12384437596302003,0.125,0.0694348135763102,D5,168
beyati,sarki,curcuna,akip_gitti,yener_topaloglu,beyati--sarki--curcuna--akip_gitti--yener_topaloglu.txt,278,13,-1,371,309.9928057553957,327.0,88.3585161989443,372,48.875,0.0625,0.625,0.1758093525179856,0.125,0.1085961101829696,D5,52
beyati,sarki,curcuna,gel_nazli_gulum,alaeddin_yavasca,beyati--sarki--curcuna--gel_nazli_gulum--alaeddin_yavasca.txt,527,14,-1,367,315.61290322580646,327.0,59.74624783003684,368,82.625,0.041666666666666664,1.125,0.15678368121442124,0.125,0.11993805176190182,D5,104
beyati,sarki,curcuna,kalbim_yine,selahaddin_pinar,beyati--sarki--curcuna--kalbim_yine--selahaddin_pinar.txt,569,15,-1,371,316.2724077328647,327.0,71.62292172833975,372,84.5,0.0625,1.25,0.14850615114235502,0.125,0.13605178584056402,D5,104
beyati,sarki,devrihindi,nar-i_firkat,mahmud_celaleddin_pasa,beyati--sarki--devrihindi--nar-i_firkat--mahmud_celaleddin_pasa.txt,501,18,0,371,332.29740518962075,336.0,21.73875279894164,371,69.625,0.0625,0.5,0.13897205588822356,0.125,0.09667501168467237,D5,90
beyati,sarki,duyek,aklimdan_gecenleri,arif_sami_toker,beyati--sarki--duyek--aklimdan_gecenleri--arif_sami_toker.txt,409,15,-1,380,313.4083129584352,327.0,80.576185051118,381,46.0,0.03125,0.75,0.11246943765281174,0.0625,0.08986858417431931,D5,72
beyati,sarki,duyek,askn_fecri,sadettin_kaynak,beyati--sarki--duyek--askn_fecri--sadettin_kaynak.txt,348,21,-1,371,312.2816091954023,327.0,78.95715108153988,372,51.125,0.03125,0.625,0.1469109195402299,0.125,0.09526749067523227,D5,73
beyati,sarki,duyek,bende_oldum,rifat_bey,beyati--sarki--duyek--bende_oldum--rifat_bey.txt,196,12,-1,362,320.85714285714283,327.0,59.04444219269205,363,16.125,0.03125,0.375,0.08227040816326531,0.0625,0.04751878180368319,D5,39
beyati,sarki,duyek,dilbera_sazin,tanburi_isak,beyati--sarki--duyek--dilbera_sazin--tanburi_isak.txt,245,10,-1,358,321.2040816326531,327.0,31.975387301924318,359,38.625,0.0625,0.375,0.1576530612244898,0.125,0.08384553543458238,D5,58
beyati,sarki,duyek,emel-i_meyl-i,sevki_bey,beyati--sarki--duyek--emel-i_meyl-i--sevki_bey.txt,444,13,-1,358,317.13513513513516,318.0,36.885335469098386,359,47.875,0.03125,0.375,0.10782657657657657,0.125,0.060015331870993976,D5,97
beyati,sarki,duyek,gonul_telim,erdinc_celikkol,beyati--sarki--duyek--gonul_telim--erdinc_celikkol.txt,319,11,-1,371,302.1347962382445,327.0,96.97408075807394,372,48.125,0.0625,0.375,0.15086206896551724,0.125,0.07528275694884672,C5,55
beyati,sarki,duyek,hayli_demdir,suphi_ziya_ozbekkan,beyati--sarki--duyek--hayli_demdir--suphi_ziya_ozbekkan.txt,413,19,-1,393,311.636803874092,327.0,85.15328156115754,394,45.125,0.03125,0.5,0.10926150121065376,0.0625,0.10534477519789456,D5,54
beyati,sarki,duyek,ruhuma_sundugun,sadettin_kaynak,beyati--sarki--duyek--ruhuma_sundugun--sadettin_kaynak.txt,268,14,-1,371,298.6679104477612,333.0,103.46121320000032,372,47.0,0.0625,1.0,0.17537313432835822,0.125,0.1182586701189557,D5,49
beyati,sarki,duyek,seni_ne_cok,erol_sayan,beyati--sarki--duyek--seni_ne_cok--erol_sayan.txt,574,14,-1,371,310.698606271777,327.0,78.40365035493622,372,66.125,0.03125,0.5,0.11520034843205575,0.0625,0.08780365619815157,D5,119
beyati,sarki,duyek,zaman_icinde,semahat_ozdenses,beyati--sarki--duyek--zaman_icinde--semahat_ozdenses.txt,356,11,-1,371,294.6123595505618,327.0,106.00016616540228,372,52.25,0.03125,0.75,0.14676966292134833,0.125,0.0827834033233809,D5,83
beyati,sarki,evfer,bulunmaz_derdime,ama_hasadur,beyati--sarki--evfer--bulunmaz_derdime--ama_hasadur.txt,127,12,-1,362,318.9527559055118,327.0,60.17380359566864,363,11.25,0.03125,0.5,0.08858267716535433,0.0625,0.060453060098853435,E5,21
beyati,sarki,kapali_curcuna,bilmezsin_dusundugum,rakim_elkutlu,beyati--sarki--kapali_curcuna--bilmezsin_dusundugum--rakim_elkutlu.txt,301,13,-1,365,309.86046511627904,327.0,72.79098248947425,366,48.875,0.0625,0.625,0.16237541528239202,0.125,0.10584228169109434,D5,57
beyati,sarki,sarkidevrirevani,meyleyledi_gonlum,tanburi_isak,beyati--sarki--sarkidevrirevani--meyleyledi_gonlum--tanburi_isak.txt,287,14,-1,380,319.4425087108014,327.0,49.82714180862907,381,45.25,0.0625,0.75,0.15766550522648085,0.125,0.13043279072709915,C5,45
beyati,sarki,senginsemai,bir_boyle,fehmi_tokay,beyati--sarki--senginsemai--bir_boyle--fehmi_tokay.txt,229,12,-1,362,314.82096069868993,327.0,65.39648507738409,363,33.25,0.03125,1.25,0.14519650655021835,0.125,0.12362783988552023,D5,46
beyati,sarki,sofyan,acilan_bir,ertugrul_yalcinkaya,beyati--sarki--sofyan--acilan_bir--ertugrul_yalcinkaya.txt,414,13,-1,371,307.3502415458937,318.0,74.541832430011,372,66.25,0.0625,0.5,0.16002415458937197,0.125,0.10286164483664774,D5,86
beyati,sarki,turkaksagi,askinla_harab,serif_icli,beyati--sarki--turkaksagi--askinla_harab--serif_icli.txt,400,12,0,362,324.8875,327.0,22.77810239290257,362,39.75,0.0625,0.375,0.099375,0.0625,0.06478891404753322,D5,82
beyati,sarki,yuruksemai,bir_gun,sadi_hosses,beyati--sarki--yuruksemai--bir_gun--sadi_hosses.txt,436,15,-1,380,334.26605504587155,336.0,28.80992555714883,381,78.25,0.03125,1.5,0.17947247706422018,0.125,0.14290912669812297,D5,81
beyati,sarki,yuruksemai_ii,uzulme_bir,omer_sami_gupgup,beyati--sarki--yuruksemai_ii--uzulme_bir--omer_sami_gupgup.txt,238,12,305,371,334.28991596638656,334.5,17.594710055406903,66,36.0,0.0625,0.75,0.15126050420168066,0.125,0.12420522605887171,D5,47
beyati,sazsemaisi,aksaksemai,,gevheri_osmanoglu,beyati--sazsemaisi--aksaksemai----gevheri_osmanoglu.txt,883,14,-1,371,317.99320498301245,327.0,62.65732995316107,372,97.25,0.03125,1.5,0.11013590033975085,0.0625,0.09207105416919474,D5,158
beyati,sazsemaisi,aksaksemai,,kanuni_omer_efendi,beyati--sazsemaisi--aksaksemai----kanuni_omer_efendi.txt,668,16,-1,371,316.90419161676647,336.0,66.92583409088623,372,74.0,0.0625,1.5,0.11077844311377245,0.0625,0.10034765437468883,E5,132
beyati,sazsemaisi,aksaksemai,,nayi_osman_dede,beyati--sazsemaisi--aksaksemai----nayi_osman_dede.txt,651,14,-1,371,310.1413210445468,318.0,72.08316776168934,372,82.125,0.0625,1.5,0.1261520737327189,0.125,0.09184862919039433,C5,164
beyati,sazsemaisi,aksaksemai,,tanburi_isak,beyati--sazsemaisi--aksaksemai----tanburi_isak.txt,778,19,-1,380,316.76221079691516,333.0,73.63139096989427,381,105.25,0.0625,1.25,0.1352827763496144,0.125,0.07453135683809547,D5,153
beyati,sazsemaisi,aksaksemai,arap,misirli_udi_ibrahim_efendi,beyati--sazsemaisi--aksaksemai--arap--misirli_udi_ibrahim_efendi.txt,783,14,0,365,324.9489144316731,327.0,18.271396614436163,365,70.125,0.041666666666666664,0.375,0.08955938697318008,0.0625,0.06210834305358314,D5,151
beyati,sazsemaisi,aksaksemai,beyatiye_bir_damla,necmi_kiran,beyati--sazsemaisi--aksaksemai--beyatiye_bir_damla--necmi_kiran.txt,1343,30,-1,380,328.9046909903202,327.0,33.90252750785456,381,88.125,0.015625,0.375,0.0656180193596426,0.0625,0.052100926453672314,D5,192
beyati,seyir,semai,1,rauf_yekta,beyati--seyir--semai--1--rauf_yekta.txt,83,8,-1,358,319.8433734939759,327.0,52.10554062756194,359,24.0,0.125,0.5,0.2891566265060241,0.25,0.12022544695611584,D5,20
beyati,seyir,sofyan,1,erol_bingol,beyati--seyir--sofyan--1--erol_bingol.txt,111,11,305,362,328.3693693693694,327.0,13.2135797420188,57,16.0,0.0625,0.5,0.14414414414414414,0.125,0.10210594736901711,D5,24
beyati,seyir,sofyan,1,sefik_gurmeric,beyati--seyir--sofyan--1--sefik_gurmeric.txt,88,12,-1,362,319.90909090909093,333.0,62.18708081148133,363,12.0,0.0625,0.5,0.13636363636363635,0.125,0.07494337813879726,D5,18
beyati,turku,3334,kirmizi_gul,erzurum,beyati--turku--3334--kirmizi_gul--erzurum.txt,373,9,-1,336,301.08310991957103,318.0,72.62353997185993,337,32.5,0.03125,0.25,0.0871313672922252,0.0625,0.052257808312032174,D5,114
beyati,turku,devrihindi,bir_cift,yozgat,beyati--turku--devrihindi--bir_cift--yozgat.txt,307,8,0,358,322.0586319218241,318.0,23.683296051177837,358,52.75,0.041666666666666664,0.75,0.17182410423452768,0.125,0.11962614468977868,A4,76
beyati,turku,kapali_curcuna,aksam_olur,urfa,beyati--turku--kapali_curcuna--aksam_olur--urfa.txt,649,10,0,358,316.4838212634823,312.0,17.422229313847875,358,105.125,0.0625,0.625,0.16197996918335902,0.125,0.07409737961661284,B4b1,186
beyati,turku,nimsofyan,gesi_baglarinda,kayseri,beyati--turku--nimsofyan--gesi_baglarinda--kayseri.txt,473,9,-1,349,307.0866807610994,318.0,64.09410200014565,350,44.25,0.020833333333333332,0.375,0.09355179704016914,0.0625,0.058716138173452094,D5,110
beyati,turku,sofyan,tren_gelir,malatya,beyati--turku--sofyan--tren_gelir--malatya.txt,38,5,-1,336,283.89473684210526,318.0,99.38643919506735,337,4.0,0.0625,0.125,0.10526315789473684,0.125,0.029441820054754726,C5,11
beyati,yuruksemai,senginsemai,gelse_nesim-i,iv_murad,beyati--yuruksemai--senginsemai--gelse_nesim-i--iv_murad.txt,214,6,0,336,311.92056074766356,318.0,24.756053893521106,336,84.25,0.25,1.5,0.39369158878504673,0.25,0.29386515738862506,G4,55
beyati,yuruksemai,yuruksemai,gul_yuzlulerin,tabi_mustafa_efendi,beyati--yuruksemai--yuruksemai--gul_yuzlulerin--tabi_mustafa_efendi.txt,377,13,-1,371,325.790450928382,327.0,41.12818718243176,372,95.5,0.0625,0.75,0.253315649867374,0.25,0.14089951751636756,D5,75
beyati-arabanbuselik,kupe,agiraksak,gel,ahmet_avni_konuk,beyati-arabanbuselik--kupe--agiraksak--gel--ahmet_avni_konuk.txt,110,14,-1,371,316.24545454545455,333.5,84.98863241457501,372,18.0,0.0625,0.5,0.16363636363636364,0.125,0.09614927492822999,G5,17
beyatiaraban,ilahi,duyek,gonul_mazhardir,enderunlu_hafiz_husnu_efendi,beyatiaraban--ilahi--duyek--gonul_mazhardir--enderunlu_hafiz_husnu_efendi.txt,513,13,-1,371,334.14424951267057,340.0,37.19399432620301,372,64.125,0.0625,0.625,0.125,0.125,0.08193819126329309,G5,80
beyatiaraban,kupe,duyek,ehl-i,ahmet_avni_konuk,beyatiaraban--kupe--duyek--ehl-i--ahmet_avni_konuk.txt,94,13,-1,371,315.3829787234043,332.0,84.69707011258097,372,16.0,0.0625,0.5,0.1702127659574468,0.125,0.10181660429687675,D5,15
beyatiaraban,sarki,aksak,baga_girdim,sadi_hosses,beyatiaraban--sarki--aksak--baga_girdim--sadi_hosses.txt,320,14,-1,371,337.565625,344.0,37.73354119705163,372,58.625,0.0625,1.125,0.183203125,0.125,0.13491657467437126,A5,56
beyatiaraban,sarki,aksak,bana_noldu,rahmi_bey,beyatiaraban--sarki--aksak--bana_noldu--rahmi_bey.txt,379,14,-1,371,330.4221635883905,333.0,42.33740930964639,372,45.125,0.0625,0.375,0.11906332453825857,0.125,0.0807669772949917,D5,66
beyatiaraban,sarki,aksak,bana_seyran-i,rahmi_bey,beyatiaraban--sarki--aksak--bana_seyran-i--rahmi_bey.txt,368,16,-1,371,327.5516304347826,327.0,43.10386097696939,372,40.625,0.0625,0.375,0.11039402173913043,0.125,0.061605385515899905,D5,51
beyatiaraban,sarki,aksak,lutfunu_kestin,haci_arif_bey,beyatiaraban--sarki--aksak--lutfunu_kestin--haci_arif_bey.txt,239,14,-1,380,309.98326359832635,332.0,93.04390246514185,381,27.125,0.03125,0.5,0.11349372384937238,0.125,0.06980657521779524,D5,30
beyatiaraban,sarki,curcuna,gonlumun_hayli,haci_arif_bey,beyatiaraban--sarki--curcuna--gonlumun_hayli--haci_arif_bey.txt,434,17,-1,380,325.7557603686636,336.0,57.89670084772525,381,73.875,0.0625,0.625,0.17021889400921658,0.125,0.08306455939733423,D5,65
beyatiaraban,sarki,devrihindi,gonlum_aldin,haci_arif_bey,beyatiaraban--sarki--devrihindi--gonlum_aldin--haci_arif_bey.txt,357,13,-1,371,325.96078431372547,344.0,70.17489089227482,372,28.0625,0.03125,0.25,0.07860644257703081,0.0625,0.04228563326324897,G5,68
beyatiaraban,sarki,duyek,gozumde_isve-numadir,ahmet_rasim_bey,beyatiaraban--sarki--duyek--gozumde_isve-numadir--ahmet_rasim_bey.txt,240,16,-1,380,344.0708333333333,349.0,36.46043283454773,381,32.125,0.0625,0.75,0.13385416666666666,0.125,0.09611158516354795,A5,49
beyatiaraban,sazsemaisi,aksaksemai,,rauf_yekta,beyatiaraban--sazsemaisi--aksaksemai----rauf_yekta.txt,391,14,-1,371,321.17135549872125,336.0,68.84664338654288,372,47.125,0.0625,0.75,0.12052429667519182,0.125,0.07076695265196241,G5,57
beyatiaraban,seyir,duyek,1,sefik_gurmeric,beyatiaraban--seyir--duyek--1--sefik_gurmeric.txt,98,15,-1,371,303.8775510204082,333.0,98.72958646436844,372,16.0,0.0625,1.0,0.16326530612244897,0.125,0.1392151269346514,D5,14
beyatiaraban,seyir,turkaksagi,1,erol_bingol,beyatiaraban--seyir--turkaksagi--1--erol_bingol.txt,42,13,-1,380,332.42857142857144,340.0,55.88583434857386,381,5.0,0.0625,0.375,0.11904761904761904,0.09375,0.08144269341853796,A5,7
beyatibuselik,kupe,agiraksak,bir,ahmet_avni_konuk,beyatibuselik--kupe--agiraksak--bir--ahmet_avni_konuk.txt,103,12,-1,358,305.50485436893206,327.0,84.28777430785976,359,18.0,0.0625,0.5,0.17475728155339806,0.125,0.10515191773953678,C5,17
buselik,agirsemai,agir_aksaksemai,soyle_ey_nalem,ahmed_irsoy,buselik--agirsemai--agir_aksaksemai--soyle_ey_nalem--ahmed_irsoy.txt,474,15,-1,380,323.3523206751055,336.0,56.90996863016885,381,70.0,0.03125,0.5,0.14767932489451477,0.125,0.11516257779758024,D5,80
buselik,agirsemai,aksaksemai,niyaz-i_nagme-i,comlekcizade_recep_celebi,buselik--agirsemai--aksaksemai--niyaz-i_nagme-i--comlekcizade_recep_celebi.txt,265,11,-1,358,314.6679245283019,327.0,60.70740735837843,359,40.125,0.0625,0.625,0.15141509433962264,0.125,0.09285113206549148,E5,52
buselik,aranagme,agiraksak,1,,buselik--aranagme--agiraksak--1--.txt,192,15,0,371,332.6041666666667,336.0,29.59481317462887,371,18.25,0.03125,0.75,0.09505208333333333,0.0625,0.06572970642169887,E5,33
buselik,aranagme,duyek,1,,buselik--aranagme--duyek--1--.txt,107,8,-1,358,301.7196261682243,314.0,68.52899047635232,359,16.125,0.0625,0.5,0.15070093457943926,0.125,0.08539986025277671,C5,26
buselik,aranagme,musemmen,1,,buselik--aranagme--musemmen--1--.txt,117,16,-1,389,313.9316239316239,336.0,82.50984544134054,390,12.125,0.03125,0.25,0.10363247863247864,0.09375,0.05453713513248189,E5,24
buselik,aranagme,semai,1,,buselik--aranagme--semai--1--.txt,80,9,-1,358,308.6125,331.5,81.71678379111943,359,24.25,0.08333333333333333,1.5,0.303125,0.25,0.18668952824892432,E5,19
buselik,aranagme,yuruksemai_ii,1,,buselik--aranagme--yuruksemai_ii--1--.txt,83,11,-1,358,295.9277108433735,318.0,91.84913175001951,359,12.125,0.0625,0.75,0.1460843373493976,0.125,0.10479960026213993,C5,16
buselik,beste,hafif,her_gordugu,itri,buselik--beste--hafif--her_gordugu--itri.txt,97,14,-1,371,308.9381443298969,318.0,74.5881489739084,372,16.0,0.0625,0.5,0.16494845360824742,0.125,0.10292972634420097,C5,17
buselik,fantezi,devrituran,bir_ak_duvak,fethi_karamahmutoglu,buselik--fantezi--devrituran--bir_ak_duvak--fethi_karamahmutoglu.txt,199,11,-1,358,314.09045226130655,318.0,52.20977364379049,359,33.25,0.0625,0.375,0.1670854271356784,0.125,0.0658461647540818,C5,53
buselik,ilahi,sofyan_8,bizi_insan,cinucen_tanrikorur,buselik--ilahi--sofyan_8--bizi_insan--cinucen_tanrikorur.txt,406,18,-1,380,303.73152709359607,318.0,78.09142689313236,381,45.125,0.0625,0.1875,0.11114532019704433,0.125,0.04303866840464943,C5,96
buselik,karce,muhammes,sunbuli_sunbuli,sestari_murat_aga,buselik--karce--muhammes--sunbuli_sunbuli--sestari_murat_aga.txt,610,14,-1,367,312.6114754098361,327.0,66.37526939291585,368,112.0,0.0625,1.0,0.18360655737704917,0.125,0.11813107838781517,E5,127
buselik,kupe,agiraksak,buselikle_ol,ahmet_avni_konuk,buselik--kupe--agiraksak--buselikle_ol--ahmet_avni_konuk.txt,103,13,-1,349,306.1747572815534,318.0,70.99315448695836,350,18.0,0.0625,0.5,0.17475728155339806,0.125,0.11389360928372959,C5,20
buselik,mehter,yuruksemai_ii,,zurnazen_ibrahim_aga,buselik--mehter--yuruksemai_ii----zurnazen_ibrahim_aga.txt,253,12,296,371,321.098814229249,318.0,14.397217770831595,75,39.0,0.125,0.375,0.1541501976284585,0.125,0.05636623062016714,C5,51
buselik,murabba,zencir,gonul_o_turra,yahya_nazim_celebi,buselik--murabba--zencir--gonul_o_turra--yahya_nazim_celebi.txt,377,15,-1,367,302.9363395225464,327.0,87.52693312159208,368,61.875,0.0625,0.75,0.16412466843501325,0.125,0.09208772616403689,E5,64
buselik,nakis,yuruksemai,cefasi_asika,dellalzade_haci_ismail_efendi,buselik--nakis--yuruksemai--cefasi_asika--dellalzade_haci_ismail_efendi.txt,450,18,-1,371,312.1022222222222,327.0,69.50280470182797,372,87.0,0.0625,1.0,0.19333333333333333,0.125,0.1411504196945778,D5,69
buselik,ornek_oz,duyek,1,ruhi_ayangil,buselik--ornek_oz--duyek--1--ruhi_ayangil.txt,22,10,296,358,324.77272727272725,322.5,16.747229531170134,62,4.0,0.0625,0.5,0.18181818181818182,0.125,0.09817738385849718,C5,4
buselik,ornek_oz,semai,1,ruhi_ayangil,buselik--ornek_oz--semai--1--ruhi_ayangil.txt,19,7,296,336,314.0,314.0,9.848857801796104,40,6.0,0.125,0.75,0.3157894736842105,0.25,0.17364765697218557,C5,5
buselik,ornek_oz,sofyan,1,huseyin_sadettin_arel,buselik--ornek_oz--sofyan--1--huseyin_sadettin_arel.txt,18,9,-1,358,307.0,318.0,79.09859818792062,359,4.0,0.125,0.5,0.2222222222222222,0.1875,0.11785113019775792,A4,4
buselik,pesrev,devrikebir,,bolahenk_nuri_bey,buselik--pesrev--devrikebir----bolahenk_nuri_bey.txt,1404,32,-1,389,312.8831908831909,327.0,73.57755806994332,390,217.0,0.0625,0.5,0.15455840455840456,0.125,0.08929672444734518,C5,178
buselik,pesrev,muhammes,,nikolaki,buselik--pesrev--muhammes----nikolaki.txt,491,21,-1,367,314.0753564154786,318.0,56.67840195874614,368,72.25,0.03125,0.75,0.14714867617107943,0.125,0.08637386133381608,B4,76
buselik,sarki,agiraksak,bir_peri-ruyin,hamparsum,buselik--sarki--agiraksak--bir_peri-ruyin--hamparsum.txt,444,13,-1,358,307.5,318.0,71.68492951547644,359,43.0,0.03125,0.75,0.09684684684684684,0.0625,0.07808110560974785,D5,84
buselik,sarki,agiraksak,dun_gece,serif_icli,buselik--sarki--agiraksak--dun_gece--serif_icli.txt,619,17,-1,358,320.2407108239095,327.0,43.867761236120955,359,72.25,0.03125,0.5,0.1167205169628433,0.125,0.07908374706465454,C5,112
buselik,sarki,agiraksak,kalbimin_derdiyle,feridun_darbaz,buselik--sarki--agiraksak--kalbimin_derdiyle--feridun_darbaz.txt,656,14,-1,371,311.7591463414634,327.0,66.31656609865655,372,83.0,0.0625,0.5,0.12652439024390244,0.125,0.08444114088782073,D5,124
buselik,sarki,aksak,beni_ihmal,ismail_baha_surelsan,buselik--sarki--aksak--beni_ihmal--ismail_baha_surelsan.txt,347,14,-1,358,301.87608069164264,318.0,85.90772828339881,359,54.125,0.0625,0.5,0.15597982708933716,0.125,0.08083231874521009,C5,73
buselik,sarki,aksak,bir_misli,sakir_aga,buselik--sarki--aksak--bir_misli--sakir_aga.txt,266,15,-1,358,312.96992481203006,318.0,56.874763425541445,359,23.625,0.0625,0.25,0.08881578947368421,0.0625,0.05163056260621955,C5,55
buselik,sarki,aksak,bir_pur_cefa,iii_selim,buselik--sarki--aksak--bir_pur_cefa--iii_selim.txt,533,13,-1,358,316.4015009380863,318.0,43.47854191167761,359,56.375,0.03125,0.375,0.10576923076923077,0.0625,0.07870034674504699,C5,118
buselik,sarki,aksak,bos_kalbimi,suphi_ziya_ozbekkan,buselik--sarki--aksak--bos_kalbimi--suphi_ziya_ozbekkan.txt,366,18,0,354,318.9754098360656,318.0,21.14676559280529,354,35.375,0.03125,0.375,0.09665300546448087,0.0625,0.07171335425258707,C5,80
buselik,sarki,aksak,cehrendeki_tilsimda,yilmaz_karakoyunlu,buselik--sarki--aksak--cehrendeki_tilsimda--yilmaz_karakoyunlu.txt,380,13,-1,371,327.2921052631579,336.0,42.488880318282,372,44.5,0.0625,0.5,0.11710526315789474,0.0625,0.08977310580745099,C5,52
buselik,sarki,aksak,dil_sana,tanburi_isak,buselik--sarki--aksak--dil_sana--tanburi_isak.txt,409,19,-1,371,312.8753056234719,318.0,63.35665154942988,372,31.625,0.03125,0.25,0.07732273838630807,0.0625,0.04168524899949055,C5,72
buselik,sarki,aksak,eda_ile,dede_efendi,buselik--sarki--aksak--eda_ile--dede_efendi.txt,290,16,-1,371,311.0137931034483,327.0,79.80174276412978,372,26.0,0.041666666666666664,0.5,0.0896551724137931,0.0625,0.05757582685646351,D5,42
buselik,sarki,aksak,inanmaz_vad_i,latif_aga,buselik--sarki--aksak--inanmaz_vad_i--latif_aga.txt,356,15,-1,371,320.41011235955057,327.0,44.709268144485534,372,37.125,0.03125,0.375,0.10428370786516854,0.0625,0.06649946723297372,C5,71
buselik,sarki,aksak,omrumun_guzel,emin_ongan,buselik--sarki--aksak--omrumun_guzel--emin_ongan.txt,379,19,-1,371,323.01846965699207,327.0,44.225638100277564,372,44.75,0.03125,0.625,0.11807387862796834,0.125,0.08149503774180991,E5,74
buselik,sarki,aksak,sen_de_gozden,cinucen_tanrikorur,buselik--sarki--aksak--sen_de_gozden--cinucen_tanrikorur.txt,333,18,-1,389,328.78678678678676,336.0,45.39338966066674,390,36.125,0.03125,0.5,0.10848348348348348,0.125,0.06163858664775833,E5,53
buselik,sarki,aksaksemai,hala_bilmem,mutlu_torun,buselik--sarki--aksaksemai--hala_bilmem--mutlu_torun.txt,373,17,-1,367,290.79356568364614,318.0,101.00065347065353,368,80.375,0.125,1.25,0.21548257372654156,0.125,0.15262015482194433,C5,65
buselik,sarki,curcuna,aman_cana,fehmi_tokay,buselik--sarki--curcuna--aman_cana--fehmi_tokay.txt,174,9,-1,349,286.2413793103448,318.0,101.37847196734289,350,30.125,0.0625,0.625,0.17313218390804597,0.125,0.10844121392387629,D5,34
buselik,sarki,curcuna,benim_gonlum,osman_nuri_ozpekel,buselik--sarki--curcuna--benim_gonlum--osman_nuri_ozpekel.txt,410,18,-1,389,311.4707317073171,327.0,78.42268627877826,390,68.875,0.0625,0.625,0.1679878048780488,0.125,0.09684623381913005,D5,69
buselik,sarki,devrihindi,bahara_indi,selahattin_icli,buselik--sarki--devrihindi--bahara_indi--selahattin_icli.txt,521,14,-1,371,314.6852207293666,318.0,57.75226229667438,372,87.625,0.125,0.5,0.16818618042226488,0.125,0.07226834263433429,C5,98
buselik,sarki,duyek,askin_once,amir_ates,buselik--sarki--duyek--askin_once--amir_ates.txt,439,13,-1,371,289.28018223234625,318.0,100.75752504371448,372,93.0,0.125,1.0,0.21184510250569477,0.125,0.12343453949777704,B4,80
buselik,sarki,duyek,bir_sitemin,durri_turan,buselik--sarki--duyek--bir_sitemin--durri_turan.txt,438,15,-1,358,304.986301369863,318.0,69.87536989268067,359,44.125,0.03125,0.5,0.1007420091324201,0.0625,0.0735906142247779,C5,98
buselik,sarki,duyek,bunu_inkar,ismet_aga,buselik--sarki--duyek--bunu_inkar--ismet_aga.txt,288,15,-1,367,311.9861111111111,327.0,72.23065899678309,368,24.125,0.03125,0.375,0.0837673611111111,0.0625,0.04783999129627878,D5,56
buselik,sarki,duyek,denizlerin_otesinden,ismail_baha_surelsan,buselik--sarki--duyek--denizlerin_otesinden--ismail_baha_surelsan.txt,352,15,-1,389,317.08522727272725,327.0,65.28105887040779,390,40.625,0.03125,0.5,0.11541193181818182,0.0625,0.09781465801000161,E5,53
buselik,sarki,duyek,gecti_bahar,fehmi_tokay,buselik--sarki--duyek--gecti_bahar--fehmi_tokay.txt,247,12,-1,367,314.2550607287449,327.0,63.41311613109425,368,31.8125,0.0625,0.625,0.12879554655870445,0.125,0.09597537211835634,E5,41
buselik,sarki,duyek,gonul_harareti,sukru_senozan,buselik--sarki--duyek--gonul_harareti--sukru_senozan.txt,358,12,-1,358,304.33798882681566,327.0,84.85598449506863,359,41.125,0.0625,0.5,0.11487430167597765,0.125,0.06800054258259844,D5,67
buselik,sarki,duyek,gozumde_ozleyis,selahattin_inal,buselik--sarki--duyek--gozumde_ozleyis--selahattin_inal.txt,516,14,-1,371,321.0406976744186,336.0,71.46704237834683,372,84.125,0.03125,1.0,0.16303294573643412,0.125,0.13087206182448766,E5,97
buselik,sarki,duyek,keremkani_efendim,tanburi_mustafa_cavus,buselik--sarki--duyek--keremkani_efendim--tanburi_mustafa_cavus.txt,450,22,-1,380,311.50666666666666,327.0,72.90125853961126,381,40.625,0.03125,0.375,0.09027777777777778,0.0625,0.056436919627626606,E5,67
buselik,sarki,duyek,ruzgar_kirdi,selahaddin_erkose,buselik--sarki--duyek--ruzgar_kirdi--selahaddin_erkose.txt,442,14,-1,371,304.21493212669685,314.0,66.21970203439251,372,60.125,0.041666666666666664,0.625,0.13602941176470587,0.125,0.08464643397859058,C5,88
buselik,sarki,duyek,saclarima_ak,sadettin_kaynak,buselik--sarki--duyek--saclarima_ak--sadettin_kaynak.txt,492,17,-1,371,306.520325203252,327.0,85.6514605954525,372,79.875,0.0625,1.125,0.16234756097560976,0.125,0.11162953411215185,C5,72
buselik,sarki,duyek,sevgim_bitti_mi,arif_sami_toker,buselik--sarki--duyek--sevgim_bitti_mi--arif_sami_toker.txt,946,13,-1,380,309.3689217758985,336.0,92.75206893854808,381,177.75,0.0625,0.5,0.18789640591966172,0.125,0.10462126883110728,E5,193
buselik,sarki,duyek,sunbulistan_etmis,sakir_aga,buselik--sarki--duyek--sunbulistan_etmis--sakir_aga.txt,533,19,-1,371,326.2082551594747,336.0,45.490060958521035,372,58.125,0.03125,0.5,0.10905253283302063,0.0625,0.0790150573244507,E5,88
buselik,sarki,duyek,yalandir_dogustan,munir_nurettin_selcuk,buselik--sarki--duyek--yalandir_dogustan--munir_nurettin_selcuk.txt,317,14,-1,371,299.50157728706625,336.0,104.10336345341787,372,58.125,0.0625,0.5,0.1833596214511041,0.125,0.09921290190543565,E5,61
buselik,sarki,duyek,zaman_olur,selahattin_icli,buselik--sarki--duyek--zaman_olur--selahattin_icli.txt,388,13,-1,371,301.62886597938143,318.0,91.34146057741852,372,72.125,0.0625,0.5,0.18588917525773196,0.125,0.11654817609135903,C5,55
buselik,sarki,musemmen,bana_bir_ask,erol_sayan,buselik--sarki--musemmen--bana_bir_ask--erol_sayan.txt,198,12,-1,367,307.57070707070704,318.0,72.84823631020635,368,36.125,0.125,0.5,0.18244949494949494,0.125,0.09219921586344972,D5,41
buselik,sarki,semai,bir_aksam,mustafa_seyran,buselik--sarki--semai--bir_aksam--mustafa_seyran.txt,199,11,-1,371,322.8894472361809,327.0,42.89919873043215,372,84.25,0.25,1.5,0.42336683417085424,0.25,0.31797055499521854,C5,47
buselik,sarki,semai,dil_bestenim,vecdi_seyhun,buselik--sarki--semai--dil_bestenim--vecdi_seyhun.txt,404,14,-1,358,304.74257425742576,327.0,86.18522997194503,359,144.25,0.08333333333333333,1.5,0.35705445544554454,0.25,0.2198243234331019,E5,75
buselik,sarki,senginsemai,bir_tek,ali_ulvi_baradan,buselik--sarki--senginsemai--bir_tek--ali_ulvi_baradan.txt,531,15,-1,367,329.30320150659134,336.0,21.153713468433892,368,74.5,0.03125,0.5,0.14030131826741996,0.08333333333333333,0.1213704559344266,E5,121
buselik,sarki,sofyan,aldin_aklim,rifat_bey,buselik--sarki--sofyan--aldin_aklim--rifat_bey.txt,651,14,-1,367,315.97849462365593,318.0,57.58249866228362,368,60.25,0.03125,0.25,0.09254992319508448,0.0625,0.050805411242628024,E5,102
buselik,sarki,sofyan,iki_kizimiz,erol_sayan,buselik--sarki--sofyan--iki_kizimiz--erol_sayan.txt,477,18,-1,371,302.0880503144654,327.0,92.03212699335941,372,80.25,0.125,0.625,0.16823899371069181,0.125,0.08611686844583949,D5,77
buselik,sarki,sofyan,ol_meh,medeni_aziz_efendi,buselik--sarki--sofyan--ol_meh--medeni_aziz_efendi.txt,599,16,-1,371,314.57262103505843,331.0,72.30688258530887,372,47.625,0.03125,0.375,0.07950751252086811,0.0625,0.04102416830283369,E5,95
buselik,sarki,turkaksagi,dun_gece_sende,sakir_aga,buselik--sarki--turkaksagi--dun_gece_sende--sakir_aga.txt,303,16,-1,371,316.5907590759076,327.0,64.09020066755389,372,31.375,0.03125,0.375,0.10354785478547855,0.0625,0.06506567762133285,E5,47
buselik,sarki,yuruksemai,her_an,durri_turan,buselik--sarki--yuruksemai--her_an--durri_turan.txt,388,15,-1,371,300.2757731958763,318.0,80.61590260383244,372,54.25,0.0625,0.375,0.13981958762886598,0.125,0.07975515456654116,B4,74
buselik,sarki,yuruksemai,suzis-i_sinem,haci_arif_bey,buselik--sarki--yuruksemai--suzis-i_sinem--haci_arif_bey.txt,461,12,-1,358,310.37744034707157,327.0,69.41122458688741,359,96.25,0.125,1.0,0.20878524945770066,0.125,0.12027522549928986,D5,87
buselik,sarki,yuruksemai_ii,gule_sor,ismail_baha_surelsan,buselik--sarki--yuruksemai_ii--gule_sor--ismail_baha_surelsan.txt,422,16,-1,358,313.70616113744074,327.0,62.55163309463093,359,59.75,0.03125,0.75,0.1415876777251185,0.125,0.09370173349344912,E5,79
buselik,sazsemaisi,aksaksemai,,ferit_sidal,buselik--sazsemaisi--aksaksemai----ferit_sidal.txt,564,23,-1,367,305.48758865248226,327.0,83.13846988176802,368,79.25,0.03125,1.25,0.14051418439716312,0.125,0.15107623362278078,E5,100
buselik,sazsemaisi,aksaksemai,,mutlu_torun,buselik--sazsemaisi--aksaksemai----mutlu_torun.txt,587,21,-1,380,323.9761499148211,327.0,35.08307221153833,381,45.125,0.03125,0.375,0.07687393526405452,0.0625,0.05691516906450207,E5,91
buselik,sazsemaisi,aksaksemai,,nefiri_behram_aga,buselik--sazsemaisi--aksaksemai----nefiri_behram_aga.txt,702,14,-1,367,307.97720797720797,318.0,63.25711899207706,368,70.5,0.03125,0.375,0.10042735042735043,0.0625,0.055902721808251836,C5,145
buselik,seyir,semai,1,rauf_yekta,buselik--seyir--semai--1--rauf_yekta.txt,71,11,-1,358,293.5211267605634,318.0,99.0992084666284,359,24.0,0.25,0.5,0.3380281690140845,0.25,0.12025710217589004,C5,12
buselik,seyir,sofyan,1,erol_bingol,buselik--seyir--sofyan--1--erol_bingol.txt,43,11,296,358,322.72093023255815,318.0,13.610789804932859,62,8.0,0.0625,0.5,0.18604651162790697,0.125,0.11450622846198868,C5,9
buselik,seyir,sofyan,1,sefik_gurmeric,buselik--seyir--sofyan--1--sefik_gurmeric.txt,78,12,-1,358,300.5,318.0,80.55340246911145,359,13.0,0.0625,1.0,0.16666666666666666,0.125,0.1120149475956155,B4,15
buselik,seyir,turkaksagi,1,erol_bingol,buselik--seyir--turkaksagi--1--erol_bingol.txt,49,12,-1,371,321.3673469387755,327.0,50.73078202529465,372,10.0,0.125,0.625,0.20408163265306123,0.125,0.13903938841426283,C5,8
buselik,turku,azeriyuruksemai,daglara_cen,,buselik--turku--azeriyuruksemai--daglara_cen--.txt,506,8,-1,349,297.35573122529644,327.0,91.53829440909219,350,75.125,0.0625,0.75,0.14846837944664032,0.125,0.07710816620300595,D5,131
buselik,turku,semai,fikrimden_geceler,,buselik--turku--semai--fikrimden_geceler--.txt,641,14,-1,353,304.8424336973479,314.0,55.01492817015999,354,172.0,0.0625,1.5,0.26833073322932915,0.125,0.2396735427853572,C5,155
buselik,turku,yuruksemai_ii,igdirin_al,igdir,buselik--turku--yuruksemai_ii--igdirin_al--igdir.txt,381,7,-1,340,307.9160104986877,314.0,54.32924269130221,341,84.25,0.125,0.5,0.2211286089238845,0.25,0.08877699290271826,B4,88
buselik,yuruksemai,yuruksemai,dehr_olmada,dede_efendi,buselik--yuruksemai--yuruksemai--dehr_olmada--dede_efendi.txt,417,14,-1,367,326.1726618705036,332.0,45.50173201335,368,102.25,0.0625,1.125,0.24520383693045564,0.125,0.21514771688632073,G5,68
buselikasiran,kupe,aksaksemai,buselikten,ahmet_avni_konuk,buselikasiran--kupe--aksaksemai--buselikten--ahmet_avni_konuk.txt,91,13,-1,349,299.4065934065934,314.0,66.85223806142719,350,10.0,0.03125,0.25,0.10989010989010989,0.125,0.05655063130592709,A4,20
buselikasiran,seyir,sofyan,1,sefik_gurmeric,buselikasiran--seyir--sofyan--1--sefik_gurmeric.txt,149,19,-1,371,303.7315436241611,318.0,70.78857279827967,372,20.0,0.0625,1.0,0.1342281879194631,0.125,0.10834477131058436,C5,23
buzurk,kupe,devrirevan,sur_sal_itdi,ahmet_avni_konuk,buzurk--kupe--devrirevan--sur_sal_itdi--ahmet_avni_konuk.txt,124,15,-1,358,304.9032258064516,318.0,65.75075125291407,359,14.0,0.0625,0.375,0.11290322580645161,0.125,0.0660464445298763,E5,19
buzurk,seyir,sofyan,1,sefik_gurmeric,buzurk--seyir--sofyan--1--sefik_gurmeric.txt,101,14,-1,367,307.5247524752475,327.0,72.87778729618593,368,16.0,0.0625,1.0,0.15841584158415842,0.125,0.11094915658325058,D5,16
canfeza,kupe,aksaksemai,saki-yi,ahmet_avni_konuk,canfeza--kupe--aksaksemai--saki-yi--ahmet_avni_konuk.txt,113,11,-1,336,291.39823008849555,305.0,64.90838871371614,337,10.0,0.03125,0.25,0.08849557522123894,0.0625,0.05095739622710842,C5,19
canfeza,seyir,sofyan,1,sefik_gurmeric,canfeza--seyir--sofyan--1--sefik_gurmeric.txt,96,14,-1,354,290.625,318.0,90.28798952591413,355,16.0,0.0625,0.5,0.16666666666666666,0.125,0.11350670433866256,C5,17
cargah,destan,turkaksagi,bir_gemi_yaptirdim,,cargah--destan--turkaksagi--bir_gemi_yaptirdim--.txt,274,11,-1,362,293.2810218978102,327.0,106.25198746365896,363,41.375,0.0625,0.625,0.15100364963503649,0.125,0.08530486152940399,F5,48
cargah,ilahi,devrikebir,kudumun_rahmeti,aziz_mahmud_hudai,cargah--ilahi--devrikebir--kudumun_rahmeti--aziz_mahmud_hudai.txt,437,10,-1,357,307.9359267734554,318.0,63.239210305537654,358,56.25,0.03125,0.5,0.12871853546910755,0.125,0.08547443995140415,C5,106
cargah,kupe,musemmen,bezl,ahmet_avni_konuk,cargah--kupe--musemmen--bezl--ahmet_avni_konuk.txt,69,13,-1,354,314.15942028985506,318.0,56.14467215527846,355,8.0,0.03125,0.5,0.11594202898550725,0.125,0.0758116030925988,C5,19
cargah,turku,agiraksak,tarlalarda_orene,ankara,cargah--turku--agiraksak--tarlalarda_orene--ankara.txt,202,6,-1,349,314.86633663366337,327.0,68.71606411971672,350,23.0,0.03125,2.25,0.11386138613861387,0.0625,0.2780474855093444,E5,62
cargah,turku,aksak,bir_tepeden,mugla-milas,cargah--turku--aksak--bir_tepeden--mugla-milas.txt,184,9,-1,362,326.94565217391306,340.0,66.12198763461873,363,15.875,0.03125,0.25,0.08627717391304347,0.0625,0.04719993598509336,G5,48
cargah,turku,raksaksagi,kayanin_bedenleri,beypazari,cargah--turku--raksaksagi--kayanin_bedenleri--beypazari.txt,251,6,-1,349,281.1792828685259,327.0,114.13418300002705,350,38.375,0.125,0.25,0.15288844621513945,0.125,0.05214521556169938,D5,60
cargah,turku,senginsemai,sak_sak,yurdagul_ulgar,cargah--turku--senginsemai--sak_sak--yurdagul_ulgar.txt,68,3,0,336,300.52941176470586,327.0,94.36994060187308,336,9.249999999999998,0.03125,1.5,0.13602941176470584,0.05208333333333333,0.23974809358109234,D5,28
cargah,turku,sofyan,dere_kenarinda,rakim_elkutlu,cargah--turku--sofyan--dere_kenarinda--rakim_elkutlu.txt,174,3,-1,336,315.64367816091954,327.0,60.37407034653172,337,16.25,0.03125,0.5,0.09339080459770115,0.0625,0.06567001498943822,D5,67
cargah,turku,sofyan,harman_da_yeri,afyon,cargah--turku--sofyan--harman_da_yeri--afyon.txt,345,11,0,358,330.19710144927535,331.0,21.76784199369227,358,32.25,0.03125,0.25,0.09347826086956522,0.0625,0.04198628780025334,C5,96
dilkeshaveran,agirsemai,agir_aksaksemai,hal-i_ruhsarina,kucuk_mehmet_aga,dilkeshaveran--agirsemai--agir_aksaksemai--hal-i_ruhsarina--kucuk_mehmet_aga.txt,674,19,-1,366,304.9080118694362,322.0,76.72484459554711,367,107.25,0.0625,1.125,0.1591246290801187,0.125,0.11001027259312549,D5,104
dilkeshaveran,beste,havi,kil_saba,ali_rifat_cagatay,dilkeshaveran--beste--havi--kil_saba--ali_rifat_cagatay.txt,644,16,-1,371,318.60403726708074,336.0,68.47801101818295,372,95.25,0.0625,0.5,0.14790372670807453,0.125,0.09949557873728532,E5,92
dilkeshaveran,beste,zencir,sukufe_zari,kucuk_mehmet_aga,dilkeshaveran--beste--zencir--sukufe_zari--kucuk_mehmet_aga.txt,452,17,-1,371,292.7367256637168,327.0,104.92224626511307,372,116.25,0.03125,8.0,0.2571902654867257,0.125,0.8759424253399025,D5,73
dilkeshaveran,kupe,evfer,alemin,ahmet_avni_konuk,dilkeshaveran--kupe--evfer--alemin--ahmet_avni_konuk.txt,102,14,-1,366,290.22549019607845,327.0,103.14460740574876,367,18.0,0.0625,0.5,0.17647058823529413,0.125,0.09489269144017079,D5,16
dilkeshaveran,sarki,aksak,acildi_bahcede,zeki_arif_ataergin,dilkeshaveran--sarki--aksak--acildi_bahcede--zeki_arif_ataergin.txt,354,15,-1,366,306.23446327683615,327.0,73.18948862492847,367,32.9375,0.03125,0.375,0.09304378531073447,0.0625,0.06399776439071517,D5,65
dilkeshaveran,sarki,duyek,gel_benim,radife_erten,dilkeshaveran--sarki--duyek--gel_benim--radife_erten.txt,477,14,-1,371,327.41299790356396,336.0,48.13469457985803,372,47.5,0.0625,0.375,0.09958071278825996,0.0625,0.060977956868532524,E5,109
dilkeshaveran,sazsemaisi,aksaksemai,,ismail_fenni_ertugrul,dilkeshaveran--sazsemaisi--aksaksemai----ismail_fenni_ertugrul.txt,454,13,-1,371,312.7511013215859,327.0,71.48328930595277,372,45.5,0.0625,1.25,0.10022026431718062,0.0625,0.07831728697939075,D5,77
dilkeshaveran,seyir,duyek,1,erol_bingol,dilkeshaveran--seyir--duyek--1--erol_bingol.txt,54,12,287,358,325.1666666666667,327.0,17.386559545527938,71,8.0,0.0625,0.5,0.14814814814814814,0.125,0.08171248661131329,E5,12
dilkeshaveran,seyir,duyek,1,sefik_gurmeric,dilkeshaveran--seyir--duyek--1--sefik_gurmeric.txt,77,14,-1,367,306.68831168831167,327.0,83.8360335385717,368,12.0,0.0625,1.0,0.15584415584415584,0.125,0.13512580054147835,D5,14
dilkeside,kupe,yuruksemai_ii,dilkeside_faslinin,ahmet_avni_konuk,dilkeside--kupe--yuruksemai_ii--dilkeside_faslinin--ahmet_avni_konuk.txt,99,17,-1,371,308.62626262626264,318.0,67.55324217035214,372,12.0,0.0625,0.625,0.12121212121212122,0.125,0.07460470969529907,D5,15
dilkusa,sazsemaisi,aksaksemai,,arif_mehmet_aga,dilkusa--sazsemaisi--aksaksemai----arif_mehmet_aga.txt,448,16,-1,380,312.578125,327.0,79.89231098713925,381,66.375,0.0625,0.25,0.14815848214285715,0.125,0.06357376500409662,D5,70
dilnisin,kupe,devrirevanihindi,bir,ahmet_avni_konuk,dilnisin--kupe--devrirevanihindi--bir--ahmet_avni_konuk.txt,116,12,-1,366,307.83620689655174,318.0,67.94293564270038,367,14.0,0.0625,0.5,0.1206896551724138,0.125,0.08313006192949575,C5,18
dugah,ilahi,agircenber,gel_ey_salik,dede_efendi,dugah--ilahi--agircenber--gel_ey_salik--dede_efendi.txt,295,18,-1,358,298.071186440678,313.0,72.76631839061933,359,48.5,0.03125,0.75,0.16440677966101694,0.125,0.13465701815692294,A4,61
dugah,kar,hafif,pek_sevdim,haci_faik_bey,dugah--kar--hafif--pek_sevdim--haci_faik_bey.txt,692,19,-1,358,301.39306358381504,318.0,70.95475706040446,359,136.5,0.03125,1.0,0.1972543352601156,0.125,0.14283779237487218,A4,124
dugah,kupe,duyek,itdiguycun,ahmet_avni_konuk,dugah--kupe--duyek--itdiguycun--ahmet_avni_konuk.txt,113,12,-1,340,296.91150442477874,311.0,71.56048359880661,341,16.0,0.0625,0.5,0.1415929203539823,0.125,0.07746043196922976,A4,25
dugah,seyir,sofyan,1,erol_bingol,dugah--seyir--sofyan--1--erol_bingol.txt,45,10,287,336,311.4222222222222,310.0,9.091676735266486,49,8.0,0.0625,0.5,0.17777777777777778,0.125,0.10821672045418206,A4,13
dugah,seyir,sofyan,1,sefik_gurmeric,dugah--seyir--sofyan--1--sefik_gurmeric.txt,85,13,-1,354,296.8588235294118,310.0,76.06500242448911,355,14.0,0.0625,0.75,0.16470588235294117,0.125,0.1077567613091779,A4,20
dugah,turku,evfer,aksarayda_cevirdiler,,dugah--turku--evfer--aksarayda_cevirdiler--.txt,285,7,-1,323,257.6561403508772,305.0,112.57689550055825,324,49.625,0.0625,0.375,0.17412280701754385,0.125,0.06957569344859936,A4,72
dugah,yuruksemai,yuruksemai,der_yemeni,seyhulislam_esad_efendi,dugah--yuruksemai--yuruksemai--der_yemeni--seyhulislam_esad_efendi.txt,475,13,-1,358,290.20421052631576,313.0,85.52300245243259,359,96.25,0.0625,0.75,0.2026315789473684,0.125,0.117002813142961,A4,100
dugah-maye,kupe,duyek,bir,ahmet_avni_konuk,dugah-maye--kupe--duyek--bir--ahmet_avni_konuk.txt,96,9,-1,340,282.1979166666667,312.0,97.60625732655794,341,16.0,0.0625,0.5,0.16666666666666666,0.125,0.0936585811581694,B4b1,24
dugah-maye,oyunhavasi,sofyan,dugun_havasi,anonim,dugah-maye--oyunhavasi--sofyan--dugun_havasi--anonim.txt,74,6,-1,327,299.1081081081081,305.0,51.50490535690527,328,8.0,0.0625,0.25,0.10810810810810811,0.0625,0.07263486606977708,B4b1,18
eski_sipihr,pesrev,muhammes,,dilhayat_kalfa,eski_sipihr--pesrev--muhammes----dilhayat_kalfa.txt,157,16,-1,371,321.9808917197452,336.0,61.78617712575463,372,24.0,0.0625,0.5,0.15286624203821655,0.125,0.06765403559716203,E5,21
evcara,kupe,evfer,kaddi,ahmet_avni_konuk,evcara--kupe--evfer--kaddi--ahmet_avni_konuk.txt,108,13,-1,358,292.6111111111111,327.0,105.44829386541882,359,18.0,0.0625,0.5,0.16666666666666666,0.125,0.0854482408780829,E5#4,18
evcara,sarki,aksak,gel_ey,dede_efendi,evcara--sarki--aksak--gel_ey--dede_efendi.txt,394,14,-1,366,312.65736040609136,327.0,70.93531339286932,367,63.125,0.0625,0.5,0.16021573604060912,0.125,0.08888812281571222,F5#4,57
evcara,sarki,aksak,sen_hangi,ozgen_gurbuz,evcara--sarki--aksak--sen_hangi--ozgen_gurbuz.txt,528,18,-1,371,333.8333333333333,340.0,31.00123439218739,372,71.375,0.03125,0.625,0.13517992424242425,0.125,0.09801125295728093,F5#4,92
evcara,sarki,aksaksemai,husnune_mail,dede_efendi,evcara--sarki--aksaksemai--husnune_mail--dede_efendi.txt,605,15,-1,371,322.86446280991737,327.0,55.241895602153505,372,55.125,0.03125,0.25,0.09111570247933884,0.0625,0.05347597871363865,F5#4,94
evcara,sarki,devrihindi,olup_askinla,haci_arif_bey,evcara--sarki--devrihindi--olup_askinla--haci_arif_bey.txt,257,13,-1,366,325.0739299610895,327.0,40.33335678146192,367,19.375,0.03125,0.25,0.07538910505836575,0.0625,0.04745250357652719,B4b1,34
evcara,sazsemaisi,aksaksemai,,dilhayat_kalfa,evcara--sazsemaisi--aksaksemai----dilhayat_kalfa.txt,666,13,-1,358,299.9429429429429,313.0,75.30479252471734,359,97.375,0.0625,0.25,0.1462087087087087,0.125,0.05649275673165623,B4b1,104
evcara,seyir,semai,1,rauf_yekta,evcara--seyir--semai--1--rauf_yekta.txt,73,12,-1,366,317.5753424657534,344.0,79.14805356773876,367,24.0,0.125,0.75,0.3287671232876712,0.25,0.12927893191639125,F5#4,17
evcara,seyir,sofyan,1,erol_bingol,evcara--seyir--sofyan--1--erol_bingol.txt,77,12,-1,366,323.3766233766234,327.0,41.7048018695055,367,12.0,0.0625,0.5,0.15584415584415584,0.125,0.08275639026607026,C5#4,12
evcara,seyir,sofyan,1,sefik_gurmeric,evcara--seyir--sofyan--1--sefik_gurmeric.txt,66,13,-1,366,299.24242424242425,333.5,98.4484340784259,367,11.0,0.0625,0.75,0.16666666666666666,0.125,0.14096735392208679,F5#4,12
evcara,yuruksemai,senginsemai,saki_cekemem,kucuk_mehmet_aga,evcara--yuruksemai--senginsemai--saki_cekemem--kucuk_mehmet_aga.txt,448,16,-1,358,308.57589285714283,322.0,72.95114082553394,359,84.25,0.0625,0.5,0.18805803571428573,0.125,0.1026581607404046,F5#4,64
evchuzi,turku,aksak,ben_havada,,evchuzi--turku--aksak--ben_havada--.txt,427,13,-1,371,326.5292740046838,335.0,44.54381142567566,372,54.125,0.0625,0.5,0.12675644028103045,0.125,0.07008433333383397,D5,102
evic,agirsemai,aksaksemai,ben_aglar_idim,tanburi_ali_efendi,evic--agirsemai--aksaksemai--ben_aglar_idim--tanburi_ali_efendi.txt,1096,19,-1,371,314.83029197080293,318.0,43.56722024334381,372,100.125,0.03125,0.375,0.09135492700729927,0.0625,0.05960445961368508,B4b1,180
evic,aranagme,senginsemai,1,,evic--aranagme--senginsemai--1--.txt,111,14,-1,358,316.9189189189189,327.0,56.36732372815996,359,12.25,0.03125,0.5,0.11036036036036036,0.0625,0.1020463984896941,D5,18
evic,aranagme,sofyan,1,,evic--aranagme--sofyan--1--.txt,77,11,-1,358,304.90909090909093,318.0,65.00145379309075,359,8.25,0.03125,0.25,0.10714285714285714,0.0625,0.06977196678913429,D5,16
evic,aranagme,turkaksagi,1,,evic--aranagme--turkaksagi--1--.txt,89,13,-1,358,300.60674157303373,327.0,90.13684268144844,359,10.125,0.03125,0.25,0.11376404494382023,0.125,0.05251301731949857,D5,16
evic,karce,nimhafif,geldi_cevher,ebubekir_aga,evic--karce--nimhafif--geldi_cevher--ebubekir_aga.txt,341,16,-1,371,315.88856304985336,327.0,75.42775595768082,372,64.25,0.0625,0.75,0.18841642228739003,0.125,0.10851429653757462,D5,46
evic,karsilama,yuruksemai_ii,on_kerre,,evic--karsilama--yuruksemai_ii--on_kerre--.txt,163,15,-1,358,329.3128834355828,340.0,32.122166776613945,359,18.0,0.03125,0.375,0.11042944785276074,0.0625,0.08218847613231742,F5#4,37
evic,kupe,evfer,ol,ahmet_avni_konuk,evic--kupe--evfer--ol--ahmet_avni_konuk.txt,116,16,-1,371,301.26724137931035,336.0,99.87795663653245,372,18.0,0.0625,0.5,0.15517241379310345,0.125,0.09269616340844251,F5#4,18
evic,pesrev,devrikebir,,tanburi_kucuk_osman_bey,evic--pesrev--devrikebir----tanburi_kucuk_osman_bey.txt,508,23,-1,389,313.34448818897636,336.0,79.57546025556786,390,84.25,0.03125,0.75,0.1658464566929134,0.125,0.10002325073510382,D5,75
evic,rumeliturkusu,aksak,atladim_bahcene,rumeli,evic--rumeliturkusu--aksak--atladim_bahcene--rumeli.txt,373,14,-1,366,331.37533512064346,340.0,30.761808340439796,367,45.125,0.0625,0.5,0.12097855227882037,0.125,0.07630306770313512,F5#4,87
evic,rumeliturkusu,aksak,elveda_dost,rumeli,evic--rumeliturkusu--aksak--elveda_dost--rumeli.txt,605,17,-1,371,310.8892561983471,318.0,59.073497550563566,372,78.875,0.0625,0.5,0.13037190082644629,0.125,0.08478563075568381,D5,116
evic,rumeliturkusu,aksak,sabah_oldu,rumeli,evic--rumeliturkusu--aksak--sabah_oldu--rumeli.txt,297,15,-1,358,314.2996632996633,327.0,59.33961833328812,359,38.0,0.0625,0.625,0.12794612794612795,0.125,0.07093986885667673,F5#4,50
evic,rumeliturkusu,curcuna,calin_davullari,rumeli,evic--rumeliturkusu--curcuna--calin_davullari--rumeli.txt,887,16,-1,358,314.01803833145436,313.0,26.67346462091876,359,120.125,0.03125,0.625,0.1354284103720406,0.125,0.09597632858117516,B4b1,140
evic,rumeliturkusu,sofyan,sahane_gozler,,evic--rumeliturkusu--sofyan--sahane_gozler--.txt,428,15,-1,371,325.00233644859816,336.0,51.61116098599347,372,53.25,0.0625,1.0,0.1244158878504673,0.125,0.09173840177683601,F5#4,80
evic,sarki,agiraksak,bir_goren,ali_icinger,evic--sarki--agiraksak--bir_goren--ali_icinger.txt,538,21,-1,380,322.2788104089219,336.0,58.678592698192226,381,62.875,0.03125,0.5,0.11686802973977695,0.0625,0.09797319206147893,F5#4,77
evic,sarki,agiraksak,bir_sebeple,kazasker_mustafa_izzet_efendi,evic--sarki--agiraksak--bir_sebeple--kazasker_mustafa_izzet_efendi.txt,624,19,-1,389,326.88461538461536,327.0,40.371741549537894,390,63.25,0.03125,0.5,0.10136217948717949,0.0625,0.06943426154231835,G5,85
evic,sarki,agiraksak,bulbul_asa,dellalzade_haci_ismail_efendi,evic--sarki--agiraksak--bulbul_asa--dellalzade_haci_ismail_efendi.txt,490,20,-1,380,328.8530612244898,339.0,47.45936633350081,381,54.25,0.03125,0.625,0.11071428571428571,0.09375,0.07580726084977621,F5#4,74
evic,sarki,aksak,sen_boyle,omer_sami_gupgup,evic--sarki--aksak--sen_boyle--omer_sami_gupgup.txt,603,16,-1,371,323.96683250414594,340.0,62.63323787039678,372,90.125,0.0625,0.625,0.14946102819237148,0.125,0.12275554064421071,F5#4,91
evic,sarki,aksak,sevdim_bir_gonca-i_rana,dede_efendi,evic--sarki--aksak--sevdim_bir_gonca-i_rana--dede_efendi.txt,427,16,-1,371,318.79391100702577,327.0,43.252557366075784,372,49.0,0.03125,0.5,0.11475409836065574,0.125,0.0703365139068114,D5,60
evic,sarki,aksaksemai,nazirin_yok,tanburi_cemil_bey,evic--sarki--aksaksemai--nazirin_yok--tanburi_cemil_bey.txt,408,18,0,375,330.4877450980392,336.0,26.706795403070174,375,35.25,0.03125,0.3125,0.08639705882352941,0.0625,0.05254632938374447,D5,60
evic,sarki,aydin,kakulleri_lule,tanburi_mustafa_cavus,evic--sarki--aydin--kakulleri_lule--tanburi_mustafa_cavus.txt,491,14,-1,358,308.3116089613035,327.0,70.89905620725447,359,84.875,0.03125,0.5,0.17286150712830958,0.125,0.07592253480215971,D5,117
evic,sarki,ciftesofyan,ey_suh-i,suyolcuzade_salih_efendi,evic--sarki--ciftesofyan--ey_suh-i--suyolcuzade_salih_efendi.txt,446,16,-1,371,325.29596412556054,327.0,34.13360835936,372,54.125,0.0625,0.5,0.12135650224215247,0.125,0.0702676155073339,F5#4,60
evic,sarki,devrihindi_ii,otme_ey,rifat_bey,evic--sarki--devrihindi_ii--otme_ey--rifat_bey.txt,415,15,0,371,329.92048192771085,336.0,25.53099735329862,371,35.125,0.03125,0.25,0.08463855421686747,0.0625,0.054164064221373986,D5,60
evic,sarki,duyek,doguyor_omrume,sadettin_kaynak,evic--sarki--duyek--doguyor_omrume--sadettin_kaynak.txt,385,18,-1,371,318.8181818181818,340.0,69.6246123703915,372,54.125,0.0625,0.75,0.1405844155844156,0.125,0.11267629134602143,F5#4,51
evic,sarki,senginsemai,lerzan_ediyor,lemi_atli,evic--sarki--senginsemai--lerzan_ediyor--lemi_atli.txt,488,19,-1,380,320.25409836065575,336.0,62.36206943253383,381,60.25,0.03125,0.5,0.12346311475409837,0.0625,0.0956537925054126,F5#4,76
evic,sarki,sofyan,distan_viran,fahri_kopuz,evic--sarki--sofyan--distan_viran--fahri_kopuz.txt,347,18,-1,371,324.68587896253604,340.0,62.513091364349464,372,36.25,0.03125,0.25,0.10446685878962536,0.0625,0.06435829197756869,G5,51
evic,sarki,turkaksagi,gozyaslariniz_kalbime,selahaddin_pinar,evic--sarki--turkaksagi--gozyaslariniz_kalbime--selahaddin_pinar.txt,432,19,-1,371,330.30324074074076,339.0,43.617119062589396,372,34.75,0.03125,0.5,0.08043981481481481,0.0625,0.05462584490511328,F5#4,71
evic,sarki,turkaksagi,kalbimde_acilmis,isak_varon,evic--sarki--turkaksagi--kalbimde_acilmis--isak_varon.txt,530,16,-1,366,323.93962264150946,336.0,50.99030761386682,367,49.75,0.03125,0.375,0.0938679245283019,0.0625,0.05806988157627746,F5#4,74
evic,sazsemaisi,aksaksemai,,muallim_ismail_hakki_bey,evic--sazsemaisi--aksaksemai----muallim_ismail_hakki_bey.txt,841,20,-1,380,315.2936979785969,336.0,79.78628042195336,381,88.125,0.03125,0.375,0.10478596908442331,0.09375,0.057014829153258305,F5#4,110
evic,sazsemaisi,aksaksemai,,sedat_oztoprak,evic--sazsemaisi--aksaksemai----sedat_oztoprak.txt,698,24,-1,393,314.6618911174785,322.0,62.74662910348567,394,70.125,0.03125,0.375,0.10046561604584527,0.0625,0.06438924525139011,C5#4,77
evic,seyir,devrihindi,1,erol_bingol,evic--seyir--devrihindi--1--erol_bingol.txt,76,14,287,366,329.85526315789474,331.5,19.134404579094987,79,7.0,0.03125,0.25,0.09210526315789473,0.0625,0.04784271562731876,G5,11
evic,seyir,semai,1,rauf_yekta,evic--seyir--semai--1--rauf_yekta.txt,74,11,-1,366,301.3243243243243,327.0,92.6018296378475,367,24.0,0.25,0.5,0.32432432432432434,0.25,0.11504711460225472,F5#4,11
evic,seyir,sofyan,1,sefik_gurmeric,evic--seyir--sofyan--1--sefik_gurmeric.txt,83,14,-1,371,306.6144578313253,327.0,88.56757532064474,372,12.0,0.0625,0.5,0.14457831325301204,0.125,0.09609749501594567,D5,12
evic,turku,agiraksak,karanfilin_moruna,canakkale,evic--turku--agiraksak--karanfilin_moruna--canakkale.txt,437,12,0,358,321.02974828375284,322.0,24.32117914928721,358,36.25,0.03125,0.25,0.08295194508009153,0.0625,0.03995745991500664,F5#4,72
evic,turku,aksak,ayagina_giymis,,evic--turku--aksak--ayagina_giymis--.txt,715,14,-1,358,307.6055944055944,318.0,63.862978952626456,359,63.125,0.03125,0.5,0.08828671328671328,0.0625,0.05093911444694508,A4,100
evic,turku,aksak,ey_benim,,evic--turku--aksak--ey_benim--.txt,361,13,-1,358,312.5263157894737,327.0,71.7367486795374,359,47.0,0.0625,0.375,0.13019390581717452,0.125,0.06366168014051567,F5#4,65
evic,turku,aksak,havada_turna,istanbul,evic--turku--aksak--havada_turna--istanbul.txt,551,11,-1,349,309.40834845735026,327.0,71.99221070993592,350,96.875,0.0625,1.125,0.17581669691470053,0.125,0.15373535398912214,D5,140
evic,turku,sofyan,guvercin_ucuverdi,,evic--turku--sofyan--guvercin_ucuverdi--.txt,672,19,-1,380,316.6279761904762,322.0,45.06995711500251,381,59.25,0.03125,0.625,0.08816964285714286,0.0625,0.06454564242731743,D5,135
evic_horasani,pesrev,duyek,1,kanuni_mehmed_bey,evic_horasani--pesrev--duyek--1--kanuni_mehmed_bey.txt,407,16,-1,371,322.94348894348894,340.0,69.80090794089749,372,60.125,0.0625,0.5,0.14772727272727273,0.125,0.0851834116126622,F5#4,71
evicbuselik,kupe,agiraksak,o,ahmet_avni_konuk,evicbuselik--kupe--agiraksak--o--ahmet_avni_konuk.txt,104,15,-1,371,311.5576923076923,336.0,85.73314059664791,372,18.0,0.0625,0.5,0.17307692307692307,0.125,0.10815881368084801,F5#4,16
ferahfeza,agirsemai,senginsemai,bir_dilber-i,dede_efendi,ferahfeza--agirsemai--senginsemai--bir_dilber-i--dede_efendi.txt,533,21,-1,371,321.08818011257034,332.0,49.76684087073654,372,62.5,0.03125,0.5,0.11726078799249531,0.08333333333333333,0.07729401693624033,F5,79
ferahfeza,beste,firengifer,ey_kasi,dede_efendi,ferahfeza--beste--firengifer--ey_kasi--dede_efendi.txt,763,21,-1,371,310.35910878112713,318.0,61.4286988701045,372,111.25,0.0625,0.625,0.14580602883355176,0.125,0.08280191548327825,D5,106
ferahfeza,kupe,yuruksemai,bir,ahmet_avni_konuk,ferahfeza--kupe--yuruksemai--bir--ahmet_avni_konuk.txt,85,16,-1,362,299.9647058823529,327.0,86.51251589314963,363,12.0,0.0625,0.625,0.1411764705882353,0.125,0.10213173408124714,F5,15
ferahfeza,pesrev,devrikebir,,dede_efendi,ferahfeza--pesrev--devrikebir----dede_efendi.txt,518,25,-1,376,308.6795366795367,327.0,81.62118001628664,377,140.25,0.0625,0.75,0.27075289575289574,0.25,0.17251289510098805,D5,63
ferahfeza,pesrev,hafif,son_pesrev,zeki_mehmet_aga,ferahfeza--pesrev--hafif--son_pesrev--zeki_mehmet_aga.txt,762,22,-1,371,310.997375328084,322.0,57.47380131888713,372,120.125,0.0625,0.5,0.15764435695538057,0.125,0.07236248565931719,F5#4,93
ferahfeza,pesrev,muhammes,,tanburi_cemil_bey,ferahfeza--pesrev--muhammes----tanburi_cemil_bey.txt,668,25,-1,389,316.1002994011976,327.0,54.43671318181472,390,96.25,0.0625,1.0,0.14408682634730538,0.125,0.09323689123498381,D5,92
ferahfeza,sarki,aydin,mehtapta_guzel,muallim_ismail_hakki_bey,ferahfeza--sarki--aydin--mehtapta_guzel--muallim_ismail_hakki_bey.txt,367,18,-1,362,297.732970027248,309.0,73.22130969984285,363,54.125,0.0625,0.5,0.14747956403269755,0.125,0.06762801252807846,D5,40
ferahfeza,sarki,raksaksagi,erdi_bahar,muallim_ismail_hakki_bey,ferahfeza--sarki--raksaksagi--erdi_bahar--muallim_ismail_hakki_bey.txt,219,17,-1,362,311.7260273972603,318.0,43.46893658588283,363,36.125,0.0625,0.375,0.1649543378995434,0.125,0.07214837360374186,D5,41
ferahfeza,sarki,semai,bulbul-i_hos_neva,dede_efendi,ferahfeza--sarki--semai--bulbul-i_hos_neva--dede_efendi.txt,303,20,0,371,331.58415841584156,336.0,27.65549679864962,371,84.25,0.125,0.75,0.27805280528052806,0.25,0.18986358953952392,D5,54
ferahfeza,sarki,yuruksemai_ii,dinlendi_basim,lemi_atli,ferahfeza--sarki--yuruksemai_ii--dinlendi_basim--lemi_atli.txt,875,17,-1,358,301.6982857142857,305.0,36.669317439126885,359,107.375,0.0625,0.75,0.12271428571428572,0.0625,0.11303643309828995,A4,136
ferahfeza,sazsemaisi,aksaksemai,,serif_muhittin_targan,ferahfeza--sazsemaisi--aksaksemai----serif_muhittin_targan.txt,873,17,-1,358,296.823596792669,305.0,48.401048612328815,359,84.125,0.0625,0.5,0.0963631156930126,0.0625,0.060264044313921676,A4,149
ferahfeza,sazsemaisi,aksaksemai,,tanburi_cemil_bey,ferahfeza--sazsemaisi--aksaksemai----tanburi_cemil_bey.txt,960,27,-1,389,315.73645833333336,318.0,39.64383040019085,390,105.375,0.03125,0.75,0.109765625,0.0625,0.09246408014141108,A4,110
ferahfeza,seyir,semai,1,rauf_yekta,ferahfeza--seyir--semai--1--rauf_yekta.txt,76,16,-1,363,309.57894736842104,327.0,76.91593041026803,364,24.0,0.25,0.75,0.3157894736842105,0.25,0.1180989772227204,F5,11
ferahfeza,seyir,sofyan,1,erol_bingol,ferahfeza--seyir--sofyan--1--erol_bingol.txt,97,16,269,371,322.9896907216495,327.0,22.61198743907791,102,16.0,0.0625,0.5,0.16494845360824742,0.125,0.10253364499986707,C5,14
ferahfeza,seyir,sofyan,1,sefik_gurmeric,ferahfeza--seyir--sofyan--1--sefik_gurmeric.txt,93,18,-1,371,310.4301075268817,318.0,53.0164859202884,372,16.0,0.0625,0.75,0.17204301075268819,0.125,0.12317137795510197,E5,11
ferahfeza,seyir,sofyan,2,sefik_gurmeric,ferahfeza--seyir--sofyan--2--sefik_gurmeric.txt,121,18,-1,371,309.02479338842977,318.0,54.89345176641705,372,20.0,0.0625,1.0,0.1652892561983471,0.125,0.11263287989574276,C5,16
ferahfeza,yuruksemai,yuruksemai,bu_gece_ben,dede_efendi,ferahfeza--yuruksemai--yuruksemai--bu_gece_ben--dede_efendi.txt,669,23,-1,380,319.5695067264574,336.0,70.13344869357645,381,131.5,0.0625,0.875,0.19656203288490284,0.125,0.12920816349760594,F5,126
ferahfeza,yuruksemai,yuruksemai_ii,son_yuruksemai,zeki_mehmet_aga,ferahfeza--yuruksemai--yuruksemai_ii--son_yuruksemai--zeki_mehmet_aga.txt,148,7,-1,362,318.47297297297297,340.0,87.01977615140963,363,15.125,0.0625,0.25,0.10219594594594594,0.125,0.032723466955310365,F5,31
ferahnak,kupe,evfer,ol,ahmet_avni_konuk,ferahnak--kupe--evfer--ol--ahmet_avni_konuk.txt,109,14,-1,367,280.6880733944954,314.0,106.03359855774806,368,18.0,0.0625,0.5,0.1651376146788991,0.125,0.09716873619769664,A4,14
ferahnak,pesrev,zencir,,zeki_mehmet_aga,ferahnak--pesrev--zencir----zeki_mehmet_aga.txt,762,22,-1,371,310.9278215223097,322.0,57.46587892579814,372,120.25,0.0625,0.5,0.15780839895013124,0.125,0.07243003807514742,F5#4,92
ferahnak,sarki,agir_aksaksemai,ey_sah-i,sakir_aga,ferahnak--sarki--agir_aksaksemai--ey_sah-i--sakir_aga.txt,390,18,-1,375,323.5,336.0,56.94934158027409,376,38.25,0.03125,0.375,0.09807692307692308,0.0625,0.06472042043159483,F5#4,60
ferahnak,sarki,aksak,ben_muptela,dede_efendi,ferahnak--sarki--aksak--ben_muptela--dede_efendi.txt,481,18,-1,375,314.2952182952183,336.0,77.53496629212525,376,72.125,0.0625,0.5,0.14994802494802495,0.125,0.07235796000648012,F5#4,64
ferahnak,sarki,aksak,bir_nigahin,tanburi_cemil_bey,ferahnak--sarki--aksak--bir_nigahin--tanburi_cemil_bey.txt,484,19,-1,371,314.3471074380165,327.0,68.53240737914422,372,64.625,0.03125,0.5,0.13352272727272727,0.125,0.09493230216569569,F5#4,61
ferahnak,sarki,aksak,gozlerinden_dokulen,gulen_ertek,ferahnak--sarki--aksak--gozlerinden_dokulen--gulen_ertek.txt,349,17,-1,371,322.0573065902579,336.0,66.59275041374418,372,54.125,0.0625,1.0,0.15508595988538681,0.125,0.09275467046109885,F5#4,56
ferahnak,sarki,duyek,sinede_yarem,hamparsum,ferahnak--sarki--duyek--sinede_yarem--hamparsum.txt,202,12,-1,367,316.1089108910891,327.0,58.62052702644093,368,32.0,0.0625,0.5,0.15841584158415842,0.125,0.10415958549400643,E5,38
ferahnak,sarki,semai,ruhumda_bahar,artaki_candan,ferahnak--sarki--semai--ruhumda_bahar--artaki_candan.txt,343,15,-1,371,322.4227405247813,336.0,59.205453128802766,372,95.5,0.125,1.5,0.2784256559766764,0.25,0.2256268062844378,D5,54
ferahnak,sarki,senginsemai,askinla_harab,artaki_candan,ferahnak--sarki--senginsemai--askinla_harab--artaki_candan.txt,381,20,-1,375,325.1968503937008,327.0,34.93626664221551,376,54.25,0.03125,0.5,0.14238845144356954,0.08333333333333333,0.12759138934043995,D5,52
ferahnak,sazsemaisi,aksaksemai,,leon_hanciyan,ferahnak--sazsemaisi--aksaksemai----leon_hanciyan.txt,429,24,-1,380,305.9020979020979,322.0,73.15384965869937,381,81.625,0.0625,0.75,0.19026806526806528,0.125,0.16269304976060578,D5,51
ferahnak,seyir,duyek,1,sefik_gurmeric,ferahnak--seyir--duyek--1--sefik_gurmeric.txt,117,17,-1,371,302.37606837606836,327.0,86.01801400105062,372,16.0,0.0625,0.5,0.13675213675213677,0.125,0.08721151023200237,F5#4,14
ferahnak,seyir,semai,1,rauf_yekta,ferahnak--seyir--semai--1--rauf_yekta.txt,78,13,-1,366,292.7307692307692,327.0,101.76668925026027,367,24.0,0.125,0.5,0.3076923076923077,0.25,0.1134113656656063,D5,12
ferahnak,seyir,sofyan,1,erol_bingol,ferahnak--seyir--sofyan--1--erol_bingol.txt,49,14,287,371,332.2448979591837,336.0,21.39171433468741,84,8.0,0.0625,0.5,0.16326530612244897,0.125,0.0872917224765623,F5#4,9
ferahnak,turku,duyek,mapusane_icinde,bartin,ferahnak--turku--duyek--mapusane_icinde--bartin.txt,381,9,-1,327,284.2729658792651,305.0,83.00525683334692,328,64.125,0.0625,0.5,0.16830708661417323,0.125,0.0951685909993714,A4,88
ferahnak,yuruksemai,yuruksemai,bir_dilbere,sakir_aga,ferahnak--yuruksemai--yuruksemai--bir_dilbere--sakir_aga.txt,374,18,0,380,329.4572192513369,336.0,28.62921956949288,380,71.25,0.0625,0.5,0.19050802139037434,0.1875,0.12327622132891757,F5#4,61
ferahnak,yuruksemai,yuruksemai_ii,sensiz_cihanda,zekai_dede,ferahnak--yuruksemai--yuruksemai_ii--sensiz_cihanda--zekai_dede.txt,399,18,-1,367,312.5814536340852,318.0,52.88104368104143,368,65.75,0.0625,0.75,0.16478696741854637,0.125,0.12279404655733955,A4,54
ferahnakasiran,ilahi,bektasiraksievferi,buralarda_cok,fethi_karamahmutoglu,ferahnakasiran--ilahi--bektasiraksievferi--buralarda_cok--fethi_karamahmutoglu.txt,107,13,0,358,312.6542056074766,314.0,36.42363497752791,358,16.125,0.0625,0.25,0.15070093457943926,0.125,0.057560257999813666,B4,16
ferahnakasiran,pesrev,devrikebir,,cuneyd_kosal,ferahnakasiran--pesrev--devrikebir----cuneyd_kosal.txt,329,21,-1,375,307.8753799392097,322.0,69.1652292318006,376,56.0,0.125,0.75,0.1702127659574468,0.125,0.0889142692460432,F5#4,35
ferahnuma,sarki,curcuna,guzel_kiz,huseyin_sadettin_arel,ferahnuma--sarki--curcuna--guzel_kiz--huseyin_sadettin_arel.txt,194,19,-1,358,284.6185567010309,309.0,93.04012653738505,359,46.125,0.0625,1.25,0.23775773195876287,0.1875,0.19595691580063468,A4,27
ferahnuma,seyir,sofyan,1,erol_bingol,ferahnuma--seyir--sofyan--1--erol_bingol.txt,41,10,274,340,307.3658536585366,305.0,15.877273219229075,66,8.0,0.0625,0.5,0.1951219512195122,0.125,0.12118806565044911,G4,9
ferahnuma,turku,aksak,kiz_bahcende,kastamonu,ferahnuma--turku--aksak--kiz_bahcende--kastamonu.txt,679,13,-1,358,315.33431516936673,327.0,34.35407148813698,359,49.5,0.03125,0.25,0.07290132547864507,0.0625,0.04567053437005759,D5,192
ferahnuma,turku,sofyan,bulguru_kaynatirlar,ankara,ferahnuma--turku--sofyan--bulguru_kaynatirlar--ankara.txt,1088,18,-1,349,263.421875,296.0,100.41943939333996,350,112.25,0.03125,0.375,0.10317095588235294,0.125,0.05103500590924121,G4,178
gerdaniye,kupe,duyek,perde-i,ahmet_avni_konuk,gerdaniye--kupe--duyek--perde-i--ahmet_avni_konuk.txt,96,12,-1,371,319.5833333333333,343.0,84.75806642769409,372,16.0,0.0625,0.5,0.16666666666666666,0.125,0.07459686978993249,G5,20
gerdaniye,oyunhavasi,devrituran,bulut_gelir,,gerdaniye--oyunhavasi--devrituran--bulut_gelir--.txt,315,11,0,358,329.3206349206349,336.0,25.153706839121313,358,82.375,0.125,2.125,0.2615079365079365,0.125,0.30556233391071635,G5,63
gerdaniye,rumeliturkusu,dolap,kirimdan_gelirim,rumeli,gerdaniye--rumeliturkusu--dolap--kirimdan_gelirim--rumeli.txt,323,14,-1,371,310.5046439628483,327.0,85.69878535116334,372,42.875,0.03125,1.5,0.13273993808049536,0.0625,0.21326151571070193,G5,60
gerdaniye,sarki,duyek,yar_ayrilik,sadettin_kaynak,gerdaniye--sarki--duyek--yar_ayrilik--sadettin_kaynak.txt,529,11,-1,371,285.0926275992439,336.0,120.97638184573121,372,100.125,0.0625,1.5,0.18927221172022685,0.125,0.20362654189341386,G5,84
gerdaniye,sarki,nimsofyan,bahar_olur,yesari_asim_arsoy,gerdaniye--sarki--nimsofyan--bahar_olur--yesari_asim_arsoy.txt,273,12,0,358,322.65934065934067,327.0,27.43785214709826,358,30.25,0.0625,0.5,0.1108058608058608,0.08333333333333333,0.06279641116131046,D5,44
gerdaniye,seyir,senginsemai,1,erol_bingol,gerdaniye--seyir--senginsemai--1--erol_bingol.txt,65,10,305,365,334.9384615384615,336.0,14.277251270680706,60,12.0,0.125,0.5,0.18461538461538463,0.125,0.10849577934009869,E5,12
gerdaniye,seyir,sofyan,1,sefik_gurmeric,gerdaniye--seyir--sofyan--1--sefik_gurmeric.txt,99,13,-1,371,319.3838383838384,343.0,83.36894971722508,372,16.0,0.0625,0.5,0.16161616161616163,0.125,0.08423675419046629,G5,21
gerdaniye,turku,aksak,antalyanin_mor,antalya,gerdaniye--turku--aksak--antalyanin_mor--antalya.txt,122,7,-1,349,319.2950819672131,327.0,52.80976126346312,350,12.5,0.0625,0.5625,0.10245901639344263,0.0625,0.0902195345929307,D5,24
gerdaniye,turku,aksak,asagidan_gelen,bilecik,gerdaniye--turku--aksak--asagidan_gelen--bilecik.txt,327,10,-1,358,303.30886850152905,327.0,85.06990637227818,359,47.375,0.0625,0.5,0.1448776758409786,0.125,0.09586216950939497,D5,54
gerdaniye,turku,aksak,bugun_benim,rumeli_uskup,gerdaniye--turku--aksak--bugun_benim--rumeli_uskup.txt,416,11,0,358,328.56009615384613,327.0,22.366094046173963,358,53.75,0.0625,0.375,0.12920673076923078,0.125,0.07590539008360478,D5,66
gerdaniye,turku,aksak,cemilemin_gezdigi,,gerdaniye--turku--aksak--cemilemin_gezdigi--.txt,561,9,0,349,321.0053475935829,318.0,19.815442388865883,349,58.625,0.0625,0.5,0.10450089126559715,0.125,0.05279906738817808,A4,160
gerdaniye,turku,aksak,salina_salina,denizli,gerdaniye--turku--aksak--salina_salina--denizli.txt,459,9,-1,358,290.63616557734207,318.0,97.22943917370736,359,81.125,0.0625,0.75,0.17674291938997821,0.125,0.12867824591009103,C5,84
gerdaniye,turku,kapali_curcuna,celik_pazari,erzurum,gerdaniye--turku--kapali_curcuna--celik_pazari--erzurum.txt,713,8,-1,358,319.781206171108,327.0,52.58168963145027,359,130.125,0.125,0.625,0.18250350631136045,0.125,0.1027525406424339,D5,154
gerdaniye,turku,kapali_curcuna,daglar_basi,kerkuk,gerdaniye--turku--kapali_curcuna--daglar_basi--kerkuk.txt,580,9,-1,358,314.81206896551726,327.0,73.68624278437221,359,110.125,0.0625,0.625,0.18987068965517243,0.125,0.08642651696931655,D5,119
gerdaniye,turku,kapali_curcuna,kirklar_daginin,diyarbakir,gerdaniye--turku--kapali_curcuna--kirklar_daginin--diyarbakir.txt,425,9,-1,349,318.08941176470586,318.0,46.24378087592247,350,72.25,0.0625,0.375,0.17,0.125,0.08387891373766901,C5,93
gerdaniye,turku,kapali_curcuna,sirali_daglarin,salih_turhan,gerdaniye--turku--kapali_curcuna--sirali_daglarin--salih_turhan.txt,323,9,-1,358,301.5232198142415,327.0,96.14705636026231,359,65.125,0.125,1.25,0.20162538699690402,0.125,0.1141709472326833,G5,60
gerdaniye,turku,musemmen_ii,dost_eline,malatya,gerdaniye--turku--musemmen_ii--dost_eline--malatya.txt,405,10,-1,349,303.116049382716,312.0,68.8849224345171,350,34.125,0.0625,0.25,0.08425925925925926,0.0625,0.043965073271481955,A4,96
gerdaniye,turku,nimsofyan,al_almanin,malatya,gerdaniye--turku--nimsofyan--al_almanin--malatya.txt,261,8,-1,349,313.6475095785441,327.0,60.78301796242187,350,20.25,0.03125,0.25,0.07758620689655173,0.0625,0.04170947182340959,D5,66
gerdaniye,turku,nimsofyan,cezayirin_harmanlari,bursa,gerdaniye--turku--nimsofyan--cezayirin_harmanlari--bursa.txt,482,16,-1,362,320.6597510373444,327.0,55.50940058556066,363,67.25,0.041666666666666664,1.5,0.1395228215767635,0.0625,0.19758704801488106,D5,126
gerdaniye,turku,nimsofyan,derdim_coktur,erzincan,gerdaniye--turku--nimsofyan--derdim_coktur--erzincan.txt,270,11,-1,358,301.85555555555555,318.0,82.41885423904428,359,25.75,0.0625,0.375,0.09537037037037037,0.0625,0.056434090351184546,B4b1,43
gerdaniye,turku,nimsofyan,ey_sevdigim,muhlis_akarsu,gerdaniye--turku--nimsofyan--ey_sevdigim--muhlis_akarsu.txt,319,8,-1,358,310.77742946708463,318.0,68.43932256106035,359,21.25,0.03125,0.25,0.06661442006269593,0.0625,0.0388889706708158,E5,56
gerdaniye,turku,raksaksagi,penceresi_yesil,konya,gerdaniye--turku--raksaksagi--penceresi_yesil--konya.txt,297,12,-1,371,306.04713804713805,318.0,77.48084637045181,372,36.125,0.0625,0.25,0.12163299663299663,0.125,0.06530225971404147,D5,66
gerdaniye,turku,sofyan,benusene_gideyim,,gerdaniye--turku--sofyan--benusene_gideyim--.txt,319,10,-1,358,320.5078369905956,327.0,43.563722228056704,359,46.25,0.03125,0.5,0.14498432601880878,0.125,0.07868722591975008,D5,60
gerdaniye,turku,sofyan,bin_derdim,maras,gerdaniye--turku--sofyan--bin_derdim--maras.txt,667,12,-1,371,325.4182908545727,327.0,32.644051209320175,372,76.25,0.0625,0.375,0.11431784107946028,0.0625,0.07071216045471178,C5,128
gerdaniye,turku,sofyan,cabur_dagdan,urfa,gerdaniye--turku--sofyan--cabur_dagdan--urfa.txt,511,8,-1,349,316.7358121330724,318.0,33.98452169703734,350,58.25,0.0625,0.25,0.11399217221135029,0.125,0.058062356079542105,A4,112
gerdaniye,turku,sofyan,evlerinin_onu,urfa,gerdaniye--turku--sofyan--evlerinin_onu--urfa.txt,537,8,-1,349,307.5046554934823,318.0,72.03168662151177,350,52.25,0.03125,0.25,0.0972998137802607,0.0625,0.04988893410601107,C5,134
gerdaniye,turku,sofyan,kaleden_kaleye,adiyaman,gerdaniye--turku--sofyan--kaleden_kaleye--adiyaman.txt,309,8,-1,349,308.4401294498382,318.0,66.27814624831521,350,36.25,0.0625,0.25,0.11731391585760517,0.0625,0.0811568256998031,B4b1,68
gerdaniye,turku,sofyan,karadir_kaslarin,zonguldak,gerdaniye--turku--sofyan--karadir_kaslarin--zonguldak.txt,183,8,-1,358,305.7049180327869,318.0,78.83150990373097,359,20.25,0.0625,0.5,0.11065573770491803,0.0625,0.07948482167205582,C5,42
gerdaniye,turku,sofyan,odasina_girdim,,gerdaniye--turku--sofyan--odasina_girdim--.txt,303,10,-1,358,319.73597359735976,318.0,45.06797213333678,359,32.25,0.0625,2.0,0.10643564356435643,0.0625,0.17505865143020288,C5,56
gerdaniye,turku,sofyan,su_daglari,fahri_kayahan,gerdaniye--turku--sofyan--su_daglari--fahri_kayahan.txt,589,8,-1,349,311.85059422750425,327.0,64.30262809627979,350,100.25,0.125,0.5,0.1702037351443124,0.125,0.07918672017890144,D5,130
gerdaniye,turku,turkaksagi,benden_selam,kastamonu,gerdaniye--turku--turkaksagi--benden_selam--kastamonu.txt,448,12,-1,358,309.87723214285717,318.0,74.03726989033292,359,62.625,0.0625,1.0,0.13978794642857142,0.125,0.0763419080436009,C5,96
gerdaniye,turku,turkaksagi,uca_daglarin,erzurum,gerdaniye--turku--turkaksagi--uca_daglarin--erzurum.txt,208,9,0,358,318.6923076923077,327.0,57.47355231673842,358,25.875,0.03125,1.625,0.12439903846153846,0.0625,0.19970732516287093,E5,42
gerdaniyebuselik,kupe,aksak,oturup_bir,ahmet_avni_konuk,gerdaniyebuselik--kupe--aksak--oturup_bir--ahmet_avni_konuk.txt,105,15,-1,371,309.4095238095238,333.0,91.09100428840964,372,18.0,0.0625,0.5,0.17142857142857143,0.125,0.1047363087383352,G5,21
gevest,sazsemaisi,aksaksemai,,,gevest--sazsemaisi--aksaksemai----.txt,452,12,-1,336,288.6526548672566,305.0,71.10939803999264,337,57.625,0.0625,0.25,0.12748893805309736,0.125,0.061542216770193635,A4,98
goncairana,kupe,musemmen,bulbul-i,ahmet_avni_konuk,goncairana--kupe--musemmen--bulbul-i--ahmet_avni_konuk.txt,77,9,-1,358,308.2987012987013,327.0,82.75805970211967,359,8.0,0.03125,0.25,0.1038961038961039,0.0625,0.06176407988117374,D5,23
guldeste,sazsemaisi,aksaksemai,,dede_salih_efendi,guldeste--sazsemaisi--aksaksemai----dede_salih_efendi.txt,421,17,-1,380,318.17814726840857,336.0,68.0247440791614,381,60.125,0.03125,0.25,0.1428147268408551,0.125,0.07032792320695798,E5,79
gulizar,kocekce,aksak,nazli_nazli,dede_efendi,gulizar--kocekce--aksak--nazli_nazli--dede_efendi.txt,424,16,-1,371,314.8820754716981,336.0,83.4653153960927,372,63.125,0.0625,1.0,0.1488797169811321,0.125,0.11107848018497282,D5,73
gulizar,kupe,duyek,ah_eder,ahmet_avni_konuk,gulizar--kupe--duyek--ah_eder--ahmet_avni_konuk.txt,94,14,-1,371,303.6808510638298,333.0,94.36524929515484,372,16.0,0.0625,0.5,0.1702127659574468,0.125,0.09274970623846189,E5,22
gulizar,pesrev,hafif,,tanburi_isak,gulizar--pesrev--hafif----tanburi_isak.txt,673,18,-1,371,322.9138187221397,327.0,51.79614634333968,372,128.25,0.0625,0.75,0.19056463595839523,0.125,0.12470626463012882,D5,111
gulizar,sarki,senginsemai,sormadi_hal-i,nikogos_aga,gulizar--sarki--senginsemai--sormadi_hal-i--nikogos_aga.txt,261,14,-1,371,326.60536398467434,336.0,52.50832726963855,372,34.75,0.0625,0.5,0.1331417624521073,0.125,0.09909225023624106,D5,51
gulizar,sazsemaisi,aksaksemai,,tanburi_isak,gulizar--sazsemaisi--aksaksemai----tanburi_isak.txt,593,22,-1,389,317.16694772344016,332.0,72.2643242156896,390,61.875,0.0625,0.375,0.10434232715008432,0.0625,0.06139315190358209,D5,82
gulizar,seyir,duyek,1,erol_bingol,gulizar--seyir--duyek--1--erol_bingol.txt,67,12,305,371,337.2835820895522,336.0,16.39457224496668,66,8.0,0.0625,0.5,0.11940298507462686,0.125,0.08266637213440184,G5,13
gulizar,seyir,sofyan,1,sefik_gurmeric,gulizar--seyir--sofyan--1--sefik_gurmeric.txt,67,12,-1,367,318.5223880597015,327.0,58.98211290463926,368,12.0,0.0625,0.5,0.1791044776119403,0.125,0.11195973090037142,E5,11
gulizar,taksim,serbest,,tanburi_cemil_bey,gulizar--taksim--serbest----tanburi_cemil_bey.txt,725,20,-1,389,327.5048275862069,336.0,59.49584730742111,390,74.109375,0.015625,0.5,0.1022198275862069,0.0625,0.07224498407193738,E5,127
gulizar,turku,sofyan,dertli,erol_sayan,gulizar--turku--sofyan--dertli--erol_sayan.txt,713,14,-1,371,322.72370266479663,336.0,64.84504617345345,372,48.25,0.03125,0.25,0.067671809256662,0.0625,0.044510705273463076,D5,128
gulsen_ivefa,sazsemaisi,aksaksemai,,feraizcizade_ibrahim_efendi,gulsen_ivefa--sazsemaisi--aksaksemai----feraizcizade_ibrahim_efendi.txt,393,14,-1,371,298.96946564885496,322.0,77.84563534859218,372,46.125,0.041666666666666664,0.25,0.11736641221374046,0.0625,0.07404105033215581,D5,60
gulzar,kupe,yuruksemai_ii,bak_araplar,ahmet_avni_konuk,gulzar--kupe--yuruksemai_ii--bak_araplar--ahmet_avni_konuk.txt,95,13,-1,336,296.12631578947367,305.0,56.02967338930311,337,12.0,0.0625,0.625,0.12631578947368421,0.125,0.09860182264487495,G4,17
gulzar,sazsemaisi,aksaksemai,,ismet_burkay,gulzar--sazsemaisi--aksaksemai----ismet_burkay.txt,1007,23,0,371,311.41608738828205,313.0,23.209150595318494,371,109.125,0.03125,0.375,0.10836643495531281,0.0625,0.07748370674943021,D5,134
hicaz,agirsemai,agirsenginsemai,guller_kizarir,ibrahim_aga,hicaz--agirsemai--agirsenginsemai--guller_kizarir--ibrahim_aga.txt,643,20,-1,380,301.7713841368585,322.0,77.77635276236447,381,148.0,0.0625,3.0,0.2301710730948678,0.125,0.19959189742339484,D5,113
hicaz,agirsemai,aksaksemai,cihani_husnune,zaharya,hicaz--agirsemai--aksaksemai--cihani_husnune--zaharya.txt,658,22,-1,371,309.20668693009117,322.0,62.28671236024304,372,65.375,0.03125,0.5,0.09935410334346505,0.0625,0.06694210928342118,D5,137
hicaz,aranagme,agiraksak,1,,hicaz--aranagme--agiraksak--1--.txt,195,11,-1,358,320.3333333333333,322.0,35.5779479173107,359,18.25,0.03125,0.5,0.09358974358974359,0.0625,0.06405110031033692,D5,45
hicaz,aranagme,curcuna,1,,hicaz--aranagme--curcuna--1--.txt,99,8,-1,349,279.1515151515151,322.0,110.1574349845473,350,20.125,0.125,1.125,0.2032828282828283,0.125,0.19198368555283496,D5,18
hicaz,aranagme,evfer,1,,hicaz--aranagme--evfer--1--.txt,59,8,0,349,311.52542372881356,310.0,43.56024600647871,349,13.625,0.125,0.5,0.2309322033898305,0.25,0.0923051282631797,A4,18
hicaz,azeriturku,nimsofyan,yurek_odir,,hicaz--azeriturku--nimsofyan--yurek_odir--.txt,281,10,-1,363,311.7829181494662,327.0,73.00767469459039,364,55.25,0.0625,1.5,0.19661921708185054,0.125,0.22863561352563164,D5,64
hicaz,beste,agirduyek,ey_cesm-i,dede_efendi,hicaz--beste--agirduyek--ey_cesm-i--dede_efendi.txt,809,20,-1,380,302.0148331273177,310.0,78.18727377077442,381,104.25,0.0625,0.5,0.1288627935723115,0.125,0.07979071301705766,A4,164
hicaz,beste,berefsan_4,tabi_ruhu,zaharya,hicaz--beste--berefsan_4--tabi_ruhu--zaharya.txt,978,19,-1,367,303.9509202453988,322.0,78.05330858284314,368,161.25,0.0625,0.5,0.16487730061349692,0.125,0.10636912745438877,D5,177
hicaz,beste,darbeyn,yine_tabi,zaharya,hicaz--beste--darbeyn--yine_tabi--zaharya.txt,658,19,-1,367,309.97872340425533,327.0,73.2230771622829,368,105.25,0.0625,0.75,0.15995440729483282,0.125,0.0994116913230943,E5,131
hicaz,beste,hafif,olmada_diller,abdulhalim_aga,hicaz--beste--hafif--olmada_diller--abdulhalim_aga.txt,842,16,-1,358,305.26603325415675,310.0,57.45955935626598,359,128.25,0.0625,1.0,0.15231591448931117,0.125,0.10270846940235671,A4,167
hicaz,beste,zencir,o_mahitabi,dede_efendi,hicaz--beste--zencir--o_mahitabi--dede_efendi.txt,1012,21,-1,367,308.1284584980237,327.0,75.5842479389312,368,121.0,0.03125,0.5,0.11956521739130435,0.0625,0.08110144455101462,D5,211
hicaz,ezan,serbest,allah_u_ekber,,hicaz--ezan--serbest--allah_u_ekber--.txt,271,7,-1,344,290.4206642066421,310.0,80.91998893009121,345,41.25,0.03125,0.875,0.1522140221402214,0.0625,0.14616133382791452,A4,79
hicaz,fantezi,duyek,sev_beni,olkan_tezcan,hicaz--fantezi--duyek--sev_beni--olkan_tezcan.txt,339,13,-1,375,302.25368731563424,327.0,91.23044789946744,376,49.125,0.0625,1.0,0.14491150442477876,0.125,0.10683428583825628,B4b4,44
hicaz,fantezi,duyek,sevemez_kimse,suat_sayin,hicaz--fantezi--duyek--sevemez_kimse--suat_sayin.txt,451,10,-1,363,292.65631929046566,327.0,104.03526890744548,364,44.125,0.0625,0.5,0.09783813747228381,0.0625,0.08950192032744916,E5,62
hicaz,fantezi,nimsofyan,ayni_cati,turhan_tasan,hicaz--fantezi--nimsofyan--ayni_cati--turhan_tasan.txt,327,10,-1,367,305.8348623853211,336.0,96.99824618250067,368,40.25,0.0625,0.25,0.12308868501529052,0.125,0.06071987445463786,D5,56
hicaz,fantezi,yuruksemai_ii,gamze_gamze,sezen_aksu,hicaz--fantezi--yuruksemai_ii--gamze_gamze--sezen_aksu.txt,500,15,0,389,331.69,327.0,22.323857400065,389,115.75,0.0625,0.75,0.2315,0.125,0.18089554000247093,D5,100
hicaz,ilahi,duyek,icimde_bir,amir_ates,hicaz--ilahi--duyek--icimde_bir--amir_ates.txt,345,17,-1,380,304.81159420289856,327.0,87.65160874933488,381,72.125,0.03125,0.625,0.20905797101449275,0.125,0.12298307503828017,A4,56
hicaz,ilahi,sofyan,ben_bu,ahmet_hatipoglu,hicaz--ilahi--sofyan--ben_bu--ahmet_hatipoglu.txt,227,26,-1,360,296.5947136563877,323.0,86.44387185208953,361,67.25,0.0625,1.0,0.29625550660792954,0.25,0.21000887234330345,A4,55
hicaz,ilahi,sofyan,ey_asikan,seyh_mesud_efendi,hicaz--ilahi--sofyan--ey_asikan--seyh_mesud_efendi.txt,189,13,-1,367,318.0687830687831,327.0,69.01888832668654,368,32.25,0.0625,0.75,0.17063492063492064,0.125,0.11046080486924169,D5,40
hicaz,ilahi,turkmen,hak_hak,,hicaz--ilahi--turkmen--hak_hak--.txt,111,6,-1,336,281.0450450450451,310.0,94.2799879842808,337,21.75,0.0625,2.25,0.19594594594594594,0.125,0.23992282235744206,A4,32
hicaz,kalenderi,aksak,ebrulerinin_zahmi,ii_mahmud,hicaz--kalenderi--aksak--ebrulerinin_zahmi--ii_mahmud.txt,545,15,0,371,323.8275229357798,327.0,30.447996503801704,371,53.25,0.041666666666666664,0.875,0.09770642201834863,0.0625,0.07760547488396796,B4b4,80
hicaz,kanto,sofyan,ada_sahillerinde,,hicaz--kanto--sofyan--ada_sahillerinde--.txt,220,11,-1,367,333.7590909090909,336.0,35.083216910067144,368,26.25,0.03125,1.125,0.11931818181818182,0.125,0.09752043404353698,E5,43
hicaz,kosma,nimsofyan,yuru_dilber,ankara,hicaz--kosma--nimsofyan--yuru_dilber--ankara.txt,324,10,-1,358,319.4598765432099,327.0,45.80523035809433,359,31.75,0.0625,0.875,0.09799382716049383,0.0625,0.06299848035714481,D5,109
hicaz,kupe,duyek,gerci,ahmet_avni_konuk,hicaz--kupe--duyek--gerci--ahmet_avni_konuk.txt,89,10,-1,358,299.82022471910113,327.0,89.63341526332191,359,16.0,0.0625,0.5,0.1797752808988764,0.125,0.09918892703149298,D5,16
hicaz,kupe,duyek,gerci-2,ahmet_avni_konuk,hicaz--kupe--duyek--gerci-2--ahmet_avni_konuk.txt,89,12,-1,363,304.96629213483146,327.0,91.02714997563317,364,16.0,0.0625,0.5,0.1797752808988764,0.125,0.08626370152158028,D5,20
hicaz,mandra,devrituran_ii,,lavtaci_andon,hicaz--mandra--devrituran_ii----lavtaci_andon.txt,379,12,-1,367,315.9551451187335,321.0,47.45474696141584,368,30.6875,0.0625,0.1875,0.08096965699208443,0.0625,0.02891443777400481,A4,78
hicaz,medhal,sofyan,,alaeddin_yavasca,hicaz--medhal--sofyan----alaeddin_yavasca.txt,196,14,-1,367,313.765306122449,327.0,63.27405609550887,368,24.0,0.03125,1.0,0.12244897959183673,0.125,0.09496261382562325,E5,30
hicaz,medhal,sofyan,,ali_rifat_cagatay,hicaz--medhal--sofyan----ali_rifat_cagatay.txt,288,15,-1,380,319.18055555555554,327.0,63.61942078277339,381,47.0,0.0625,1.0,0.16319444444444445,0.08333333333333333,0.1416299399001251,A4,41
hicaz,ninni,sofyan,dagda_tavsanlar,tanburi_cemil_bey,hicaz--ninni--sofyan--dagda_tavsanlar--tanburi_cemil_bey.txt,73,9,-1,358,305.83561643835617,321.0,65.28463612405936,359,8.0,0.0625,0.5,0.1095890410958904,0.0625,0.08253578106501554,C5#4,15
hicaz,ninni,yuruksofyan,dere_dibi,,hicaz--ninni--yuruksofyan--dere_dibi--.txt,67,6,-1,336,294.1044776119403,311.0,75.6112734756988,337,11.0,0.125,0.5,0.16417910447761194,0.125,0.08202271033870498,A4,20
hicaz,ornek_oz,devrihindi,1,ruhi_ayangil,hicaz--ornek_oz--devrihindi--1--ruhi_ayangil.txt,43,13,290,358,324.69767441860466,327.0,15.394084955129962,68,3.5,0.0625,0.25,0.08139534883720931,0.0625,0.055458860572020804,E5,9
hicaz,ornek_oz,senginsemai,1,ruhi_ayangil,hicaz--ornek_oz--senginsemai--1--ruhi_ayangil.txt,33,10,296,358,322.6363636363636,322.0,17.33280520757204,62,6.0,0.125,0.5,0.18181818181818182,0.125,0.11306675421666136,B4b4,6
hicaz,ornek_oz,sofyan,1,ruhi_ayangil,hicaz--ornek_oz--sofyan--1--ruhi_ayangil.txt,27,10,296,358,324.3703703703704,322.0,15.581419280047205,62,4.0,0.125,0.5,0.14814814814814814,0.125,0.07780829682065438,C5#4,5
hicaz,ornek_oz,yuruksemai,1,ruhi_ayangil,hicaz--ornek_oz--yuruksemai--1--ruhi_ayangil.txt,22,5,296,327,312.40909090909093,310.0,9.762216234076451,31,3.0,0.0625,0.375,0.13636363636363635,0.125,0.06290453496752456,A4,6
hicaz,oyunhavasi,nimsofyan,gezinti,urfa,hicaz--oyunhavasi--nimsofyan--gezinti--urfa.txt,255,12,-1,349,307.4901960784314,310.0,57.89889794995816,350,17.25,0.03125,0.25,0.06764705882352941,0.0625,0.03143904146009539,A4,62
hicaz,pesrev,fahte,,neyzen_salim_bey,hicaz--pesrev--fahte----neyzen_salim_bey.txt,547,22,-1,380,317.6745886654479,327.0,48.79703191565426,381,60.25,0.0625,0.5,0.11014625228519195,0.125,0.06939446753313479,D5,86
hicaz,pesrev,hafif,,refik_fersan,hicaz--pesrev--hafif----refik_fersan.txt,800,25,-1,380,311.42875,327.0,79.43728832801783,381,96.25,0.03125,0.5,0.1203125,0.08333333333333333,0.08607649968776683,E5,120
hicaz,rumeliturkusu,sofyan,gemi_kalkar,rumeli,hicaz--rumeliturkusu--sofyan--gemi_kalkar--rumeli.txt,186,7,-1,340,316.59139784946234,322.0,35.04413790177607,341,20.25,0.0625,0.375,0.10887096774193548,0.0625,0.06809623171801468,D5,50
hicaz,sarki,agir_aksaksemai,hasret_odu,tanburi_ali_efendi,hicaz--sarki--agir_aksaksemai--hasret_odu--tanburi_ali_efendi.txt,412,19,-1,366,313.4150485436893,327.0,63.63184918271087,367,40.25,0.03125,0.5,0.09769417475728155,0.0625,0.08518654223137832,D5,60
hicaz,sarki,agiraksak,cevr-i_hicrin,bulbuli_salih_efendi,hicaz--sarki--agiraksak--cevr-i_hicrin--bulbuli_salih_efendi.txt,646,15,-1,375,322.0108359133127,327.0,45.63877251657351,376,79.75,0.03125,0.75,0.12345201238390092,0.125,0.09597974097753428,D5,117
hicaz,sarki,agiraksak,derdimi_ummana,serif_icli,hicaz--sarki--agiraksak--derdimi_ummana--serif_icli.txt,782,16,-1,358,317.9386189258312,322.0,31.5935910960795,359,71.875,0.03125,0.625,0.09191176470588236,0.0625,0.06838455559242965,D5,163
hicaz,sarki,agiraksak,hali_nezimde,sevki_bey,hicaz--sarki--agiraksak--hali_nezimde--sevki_bey.txt,338,15,-1,371,315.6775147928994,327.0,65.08086385487073,372,53.5,0.0625,0.75,0.15828402366863906,0.125,0.11970140562908221,D5,77
hicaz,sarki,agiraksak,omrum_artar,bimen_sen,hicaz--sarki--agiraksak--omrum_artar--bimen_sen.txt,641,15,-1,358,320.5819032761311,327.0,46.80244301312571,359,72.25,0.03125,0.5,0.11271450858034321,0.0625,0.08632367479920476,D5,129
hicaz,sarki,agiraksak,seni_sevda,ibrahim_uygun,hicaz--sarki--agiraksak--seni_sevda--ibrahim_uygun.txt,689,14,-1,363,325.0043541364296,327.0,34.35660685373793,364,81.25,0.041666666666666664,0.75,0.1179245283018868,0.0625,0.09904604022626769,D5,130
hicaz,sarki,agiraksak,severim_can_u,sevki_bey,hicaz--sarki--agiraksak--severim_can_u--sevki_bey.txt,409,14,-1,366,324.3276283618582,327.0,35.62268560764001,367,67.0,0.0625,0.75,0.16381418092909536,0.125,0.13367060478176226,E5,87
hicaz,sarki,agiraksak,soylemez_miydim,ii_mahmud,hicaz--sarki--agiraksak--soylemez_miydim--ii_mahmud.txt,216,14,-1,371,311.6712962962963,327.0,81.0116173706554,372,36.125,0.0625,0.75,0.16724537037037038,0.125,0.10894869702349817,D5,34
hicaz,sarki,agirevfer,bak_ne_hale,haci_arif_bey,hicaz--sarki--agirevfer--bak_ne_hale--haci_arif_bey.txt,541,14,-1,380,330.90203327171906,336.0,47.96877471553763,381,53.875,0.03125,0.75,0.09958410351201478,0.0625,0.07619305916782859,E5,103
hicaz,sarki,aksak,bana_yardan,sadettin_kaynak,hicaz--sarki--aksak--bana_yardan--sadettin_kaynak.txt,316,14,-1,358,298.2753164556962,322.0,85.18061198787959,359,40.625,0.0625,0.875,0.12856012658227847,0.125,0.10802237213306218,B4b4,60
hicaz,sarki,aksak,ben_gamli_hazan,melahat_pars,hicaz--sarki--aksak--ben_gamli_hazan--melahat_pars.txt,357,11,-1,358,316.0,327.0,63.44784640539934,359,47.75,0.0625,0.5,0.13375350140056022,0.125,0.09328049563287466,D5,65
hicaz,sarki,aksak,bilmiyorum,sevki_bey,hicaz--sarki--aksak--bilmiyorum--sevki_bey.txt,339,18,-1,380,309.2802359882006,327.0,83.74588884338739,381,44.375,0.03125,0.75,0.13089970501474926,0.125,0.09512547133008442,E5,55
hicaz,sarki,aksak,bir_an,omer_sami_gupgup,hicaz--sarki--aksak--bir_an--omer_sami_gupgup.txt,329,15,-1,375,314.37993920972644,327.0,71.23915209672073,376,44.375,0.0625,0.375,0.13487841945288753,0.125,0.08660399495056041,D5,55
hicaz,sarki,aksak,bir_bahar,selahaddin_pinar,hicaz--sarki--aksak--bir_bahar--selahaddin_pinar.txt,337,14,-1,366,300.3857566765579,327.0,95.57958930525935,367,51.875,0.0625,0.5,0.15393175074183976,0.125,0.09261379631918763,D5,54
hicaz,sarki,aksak,bir_gul,melahat_pars,hicaz--sarki--aksak--bir_gul--melahat_pars.txt,324,16,-1,380,306.60493827160496,322.0,78.98146963179032,381,38.375,0.0625,0.625,0.11844135802469136,0.0625,0.09652636249095477,D5,48
hicaz,sarki,aksak,can_hasta,ahmet_rasim_bey,hicaz--sarki--aksak--can_hasta--ahmet_rasim_bey.txt,423,17,-1,380,299.30260047281325,322.0,86.05207928151273,381,40.625,0.03125,0.625,0.09604018912529551,0.0625,0.07885071896315722,D5,74
hicaz,sarki,aksak,gormedim_omrumun,kadri_sencalar,hicaz--sarki--aksak--gormedim_omrumun--kadri_sencalar.txt,503,12,-1,365,324.9165009940358,327.0,35.987893411461584,366,35.75,0.015625,0.25,0.07107355864811134,0.0625,0.05365682683093037,D5,108
hicaz,sarki,aksak,hastayim_yasiyorum,udi_hrant,hicaz--sarki--aksak--hastayim_yasiyorum--udi_hrant.txt,410,19,0,371,328.5609756097561,327.0,21.90828714209822,371,35.75,0.03125,0.25,0.0871951219512195,0.0625,0.06298130517004501,D5,81
hicaz,sarki,aksak,kis_geldi,sevki_bey,hicaz--sarki--aksak--kis_geldi--sevki_bey.txt,497,16,-1,366,310.67002012072436,327.0,69.3425037710167,367,48.5,0.03125,0.5,0.09758551307847083,0.0625,0.06886740816462823,E5,87
hicaz,sarki,aksak,kiz_sen,alaeddin_yavasca,hicaz--sarki--aksak--kiz_sen--alaeddin_yavasca.txt,381,13,-1,367,321.3359580052493,327.0,44.57096639881782,368,60.875,0.0625,1.0,0.1597769028871391,0.125,0.11444035491705076,D5,64
hicaz,sarki,aksak,korfezdeki_uc_bes,yildirim_gurses,hicaz--sarki--aksak--korfezdeki_uc_bes--yildirim_gurses.txt,315,11,-1,358,316.5650793650794,327.0,67.65247972051317,359,54.125,0.0625,1.125,0.17182539682539683,0.125,0.1417511657219099,E5,60
hicaz,sarki,aksak,pencerenin_perdesini,muhlis_sabahaddin_ezgi,hicaz--sarki--aksak--pencerenin_perdesini--muhlis_sabahaddin_ezgi.txt,378,9,-1,358,310.79100529100526,327.0,71.35491464930816,359,84.5,0.0625,1.125,0.22354497354497355,0.125,0.23167851213541107,E5,70
hicaz,sarki,aksak,sazlar_calinir,yesari_asim_arsoy,hicaz--sarki--aksak--sazlar_calinir--yesari_asim_arsoy.txt,611,15,-1,380,327.35842880523734,336.0,52.72723662508271,381,64.25,0.041666666666666664,1.0,0.10515548281505728,0.0625,0.08391880895154401,E5,112
hicaz,sarki,aksak,sen_bu_yerden,sevki_bey,hicaz--sarki--aksak--sen_bu_yerden--sevki_bey.txt,471,19,-1,367,314.36942675159236,327.0,59.50172033531616,368,56.375,0.041666666666666664,0.875,0.11969214437367304,0.125,0.09621909500261565,D5,106
hicaz,sarki,aksak,tasdi_edeyim,haci_arif_bey,hicaz--sarki--aksak--tasdi_edeyim--haci_arif_bey.txt,466,16,-1,375,323.66738197424894,327.0,53.460334893214444,376,45.5,0.03125,0.375,0.09763948497854077,0.0625,0.062445895867558214,E5,76
hicaz,sarki,aksak,yuzum_gulse,selahaddin_pinar,hicaz--sarki--aksak--yuzum_gulse--selahaddin_pinar.txt,546,17,-1,380,334.6080586080586,349.0,61.343761779431205,381,65.375,0.03125,0.875,0.11973443223443224,0.125,0.08938117649331109,A5,122
hicaz,sarki,curcuna,acmazsan_eger,yesari_asim_arsoy,hicaz--sarki--curcuna--acmazsan_eger--yesari_asim_arsoy.txt,376,13,-1,375,309.71276595744683,327.0,75.62918270479818,376,77.625,0.0625,1.125,0.2064494680851064,0.125,0.17161719059110303,D5,57
hicaz,sarki,curcuna,aksam_erdi,rahmi_bey,hicaz--sarki--curcuna--aksam_erdi--rahmi_bey.txt,440,13,-1,358,305.2590909090909,322.0,71.80057270404973,359,72.625,0.0625,1.125,0.1650568181818182,0.125,0.10585371110103832,D5,98
hicaz,sarki,curcuna,ates-i_suzan-i,haci_faik_bey,hicaz--sarki--curcuna--ates-i_suzan-i--haci_faik_bey.txt,372,15,-1,358,312.26075268817203,322.0,50.95914824374942,359,72.625,0.0625,1.125,0.1952284946236559,0.125,0.13660391005557518,D5,82
hicaz,sarki,curcuna,ben_hic,erol_sayan,hicaz--sarki--curcuna--ben_hic--erol_sayan.txt,295,18,-1,375,303.44406779661017,327.0,90.38475631362259,376,52.625,0.0625,0.5,0.17838983050847457,0.125,0.10365940712422257,E5,37
hicaz,sarki,curcuna,gonul_yarasindan,selahaddin_pinar,hicaz--sarki--curcuna--gonul_yarasindan--selahaddin_pinar.txt,390,17,-1,393,338.5051282051282,349.0,52.65040860556674,394,62.625,0.03125,1.125,0.1605769230769231,0.125,0.15184605938724147,A5,73
hicaz,sarki,curcuna,ruya_gibi,avni_anil,hicaz--sarki--curcuna--ruya_gibi--avni_anil.txt,539,14,-1,363,298.65491651205934,336.0,101.73408934060116,364,125.125,0.0625,1.875,0.23214285714285715,0.125,0.231168037821056,A4,95
hicaz,sarki,curcuna,severim_her,lemi_atli,hicaz--sarki--curcuna--severim_her--lemi_atli.txt,314,15,-1,367,325.5859872611465,327.0,41.048563864623574,368,59.5,0.0625,1.25,0.18949044585987262,0.125,0.1521260159277771,D5,55
hicaz,sarki,curcuna,sine-i_suzanima,lemi_atli,hicaz--sarki--curcuna--sine-i_suzanima--lemi_atli.txt,431,13,0,371,332.40371229698377,336.0,22.695033472685974,371,40.0625,0.03125,0.625,0.09295243619489559,0.0625,0.07040682074090442,E5,90
hicaz,sarki,curcuna,unutulmus_degilsin,irfan_ozbakir,hicaz--sarki--curcuna--unutulmus_degilsin--irfan_ozbakir.txt,375,12,-1,367,318.6426666666667,336.0,71.35000941231371,368,60.125,0.0625,0.625,0.16033333333333333,0.125,0.11055155635806639,D5,68
hicaz,sarki,curcuna,yesil_gozlerini,sadettin_kaynak,hicaz--sarki--curcuna--yesil_gozlerini--sadettin_kaynak.txt,282,12,-1,374,326.7482269503546,336.0,59.00778415727163,375,50.125,0.0625,1.125,0.1777482269503546,0.125,0.13039592220270624,G5,39
hicaz,sarki,devrihindi,baglanip_zulf,sevki_bey,hicaz--sarki--devrihindi--baglanip_zulf--sevki_bey.txt,442,18,-1,366,316.26018099547514,327.0,49.36170996685102,367,45.625,0.03125,0.5,0.10322398190045248,0.0625,0.07791390934466892,D5,74
hicaz,sarki,devrihindi,benim_yarim,ahmet_uzel,hicaz--sarki--devrihindi--benim_yarim--ahmet_uzel.txt,255,12,291,358,323.9529411764706,327.0,16.369916148265713,67,21.0,0.03125,0.25,0.08235294117647059,0.0625,0.05618579398780295,D5,56
hicaz,sarki,devrihindi,kudretin_kafi,haci_arif_bey,hicaz--sarki--devrihindi--kudretin_kafi--haci_arif_bey.txt,452,14,-1,340,305.9225663716814,310.0,47.705821782881635,341,44.6875,0.03125,0.375,0.09886615044247787,0.0625,0.06878744270353437,A4,96
hicaz,sarki,duyek,acik_birak,sekip_ayhan_ozisik,hicaz--sarki--duyek--acik_birak--sekip_ayhan_ozisik.txt,589,11,-1,358,298.2988115449915,310.0,70.69621473245041,359,70.125,0.03125,0.5,0.11905772495755518,0.0625,0.08202128205399721,A4,141
hicaz,sarki,duyek,aglar_gezerim,alaeddin_yavasca,hicaz--sarki--duyek--aglar_gezerim--alaeddin_yavasca.txt,572,14,-1,367,326.2534965034965,336.0,61.001539457003304,368,64.125,0.03125,0.75,0.11210664335664336,0.0625,0.08791588716580444,E5,97
hicaz,sarki,duyek,aski_seninle,fehmi_tokay,hicaz--sarki--duyek--aski_seninle--fehmi_tokay.txt,266,15,-1,363,323.59022556390977,327.0,43.29287424858329,364,36.5,0.041666666666666664,1.0,0.13721804511278196,0.125,0.1183677595072036,E5,59
hicaz,sarki,duyek,ayrilik_canlari,omer_sami_gupgup,hicaz--sarki--duyek--ayrilik_canlari--omer_sami_gupgup.txt,418,12,-1,375,304.04545454545456,327.0,95.17194002823383,376,68.125,0.0625,0.5,0.16297846889952153,0.125,0.10773223912390809,C5#4,58
hicaz,sarki,duyek,bir_atesim,avni_anil,hicaz--sarki--duyek--bir_atesim--avni_anil.txt,685,17,-1,375,329.6992700729927,340.0,60.758582403836066,376,73.125,0.03125,1.0,0.10675182481751824,0.0625,0.11119232616060473,G5,144
hicaz,sarki,duyek,bogazici,alaeddin_yavasca,hicaz--sarki--duyek--bogazici--alaeddin_yavasca.txt,297,12,-1,358,303.56228956228955,322.0,81.09372908827721,359,46.125,0.03125,0.75,0.1553030303030303,0.125,0.13078776684767754,D5,54
hicaz,sarki,duyek,dilsad_olacak,avni_anil,hicaz--sarki--duyek--dilsad_olacak--avni_anil.txt,511,14,-1,371,321.79843444227004,336.0,67.44697610552691,372,60.125,0.03125,1.0,0.1176614481409002,0.0625,0.13716225016496733,G5,76
hicaz,sarki,duyek,gonlumu_yaktin,karnik_garmiryan,hicaz--sarki--duyek--gonlumu_yaktin--karnik_garmiryan.txt,349,12,-1,371,327.16332378223495,336.0,50.05002355530158,372,32.125,0.03125,0.375,0.0920487106017192,0.0625,0.0560946066939826,E5,53
hicaz,sarki,duyek,hasretim_sana,zeynettin_maras,hicaz--sarki--duyek--hasretim_sana--zeynettin_maras.txt,735,14,-1,380,319.9673469387755,336.0,76.81544122989887,381,128.125,0.0625,1.0,0.17431972789115646,0.125,0.11654642257799967,E5,119
hicaz,sarki,duyek,hicbir_seyde,fethi_karamahmutoglu,hicaz--sarki--duyek--hicbir_seyde--fethi_karamahmutoglu.txt,592,15,-1,367,308.0456081081081,327.0,83.42464474744273,368,96.125,0.0625,0.5,0.1623733108108108,0.125,0.08757390399213903,D5,107
hicaz,sarki,duyek,husn-u_guftarin,ali_rifat_cagatay,hicaz--sarki--duyek--husn-u_guftarin--ali_rifat_cagatay.txt,549,21,-1,380,310.6648451730419,327.0,77.8202628219575,381,72.125,0.0625,0.5,0.1313752276867031,0.125,0.09897570024620822,D5,71
hicaz,sarki,duyek,ic_durma,kadri_sencalar,hicaz--sarki--duyek--ic_durma--kadri_sencalar.txt,408,11,-1,358,298.5171568627451,324.5,91.35453360709542,359,55.25,0.03125,0.5,0.13541666666666666,0.125,0.09270765754016638,D5,87
hicaz,sarki,duyek,inanmaz_kanmaz,sinan_sipahi,hicaz--sarki--duyek--inanmaz_kanmaz--sinan_sipahi.txt,342,15,-1,380,304.10233918128654,327.0,87.43556350692309,381,64.125,0.0625,1.0,0.1875,0.125,0.13247447604545964,E5,64
hicaz,sarki,duyek,istanbulda_bogazicinde,sekip_ayhan_ozisik,hicaz--sarki--duyek--istanbulda_bogazicinde--sekip_ayhan_ozisik.txt,596,14,0,371,323.6476510067114,322.0,24.138953724425,371,62.125,0.03125,1.0,0.10423657718120806,0.0625,0.08578328478425543,A4,116
hicaz,sarki,duyek,kader_kime,avni_anil,hicaz--sarki--duyek--kader_kime--avni_anil.txt,465,12,-1,363,310.98924731182797,327.0,83.31104661195171,364,64.125,0.03125,0.75,0.13790322580645162,0.125,0.11310900792050738,D5,88
hicaz,sarki,duyek,kederden_mi,nasibin_mehmet_yuru,hicaz--sarki--duyek--kederden_mi--nasibin_mehmet_yuru.txt,531,11,-1,367,333.25800376647834,336.0,38.5678440086976,368,37.125,0.03125,0.25,0.06991525423728813,0.0625,0.050122105991344465,E5,91
hicaz,sarki,duyek,seni_ben,amir_ates,hicaz--sarki--duyek--seni_ben--amir_ates.txt,758,13,-1,375,299.8812664907652,322.0,84.79264718802061,376,136.125,0.0625,1.0,0.1795844327176781,0.125,0.12198818941633402,D5,147
hicaz,sarki,duyek,sensizligi_ben,zekai_tunca,hicaz--sarki--duyek--sensizligi_ben--zekai_tunca.txt,579,14,-1,380,307.6839378238342,336.0,94.58729477712978,381,112.125,0.0625,0.75,0.19365284974093264,0.125,0.1064079009703873,D5,78
hicaz,sarki,duyek,sevmiyorum_seni,avni_anil,hicaz--sarki--duyek--sevmiyorum_seni--avni_anil.txt,366,16,-1,380,318.57103825136613,338.0,82.07897388149799,381,52.125,0.041666666666666664,1.0,0.14241803278688525,0.08333333333333333,0.12238592721704977,G5,57
hicaz,sarki,duyek,soyleyemem_derdimi,sukru_tunar,hicaz--sarki--duyek--soyleyemem_derdimi--sukru_tunar.txt,600,11,-1,363,304.59833333333336,327.0,85.18386475881236,364,62.125,0.03125,0.5,0.10354166666666667,0.0625,0.0869104773066228,D5,110
hicaz,sarki,duyek,unuttum_sanma,goksel_baktagir,hicaz--sarki--duyek--unuttum_sanma--goksel_baktagir.txt,624,15,-1,380,288.58814102564105,327.0,113.20072055255353,381,110.125,0.0625,0.875,0.1764823717948718,0.125,0.11552711775831565,D5,103
hicaz,sarki,duyek,yalan_degil,yusuf_nalkesen,hicaz--sarki--duyek--yalan_degil--yusuf_nalkesen.txt,413,13,-1,371,321.30750605326875,336.0,68.74100023585144,372,65.125,0.0625,1.0,0.15768765133171914,0.125,0.16586605876640387,E5,73
hicaz,sarki,duyek,yalancinin_birine,necdet_tokatlioglu,hicaz--sarki--duyek--yalancinin_birine--necdet_tokatlioglu.txt,219,10,0,363,322.2146118721461,322.0,28.519180190265157,363,48.125,0.125,1.0,0.2197488584474886,0.125,0.22593040240379839,A4,48
hicaz,sarki,duyek,yesil_gozlerinden,umit_mutlu,hicaz--sarki--duyek--yesil_gozlerinden--umit_mutlu.txt,516,10,-1,358,308.0813953488372,321.0,69.53262252311808,359,80.125,0.0625,1.0,0.15528100775193798,0.125,0.1283198692427545,D5,100
hicaz,sarki,evfer,bir_seni,selahattin_icli,hicaz--sarki--evfer--bir_seni--selahattin_icli.txt,316,15,-1,367,329.22151898734177,336.0,31.649092550540118,368,60.875,0.0625,0.5,0.19264240506329114,0.25,0.07059314665625997,D5,56
hicaz,sarki,evfer,mah_yuzune,dede_efendi,hicaz--sarki--evfer--mah_yuzune--dede_efendi.txt,345,13,-1,371,315.9710144927536,327.0,64.75422474645437,372,31.625,0.041666666666666664,0.375,0.09166666666666666,0.0625,0.06350929248982498,D5,56
hicaz,sarki,evsat,nicin_a_sevdigim,nikogos_aga,hicaz--sarki--evsat--nicin_a_sevdigim--nikogos_aga.txt,315,9,-1,358,317.8793650793651,322.0,28.120385870510738,359,52.25,0.0625,0.5,0.16587301587301587,0.125,0.10912776536700715,D5,79
hicaz,sarki,kapali_curcuna,anladim_sevmeyeceksin,selahaddin_pinar,hicaz--sarki--kapali_curcuna--anladim_sevmeyeceksin--selahaddin_pinar.txt,504,17,-1,375,335.01785714285717,336.0,31.349211159604188,376,38.8125,0.03125,0.625,0.07700892857142858,0.0625,0.080398180730995,D5,72
hicaz,sarki,kapali_curcuna,anlatilmaz_bin,erdogan_yildizel,hicaz--sarki--kapali_curcuna--anlatilmaz_bin--erdogan_yildizel.txt,404,12,-1,366,317.5272277227723,327.0,68.62377563114384,367,72.625,0.0625,0.625,0.1797648514851485,0.125,0.12911240376579378,D5,86
hicaz,sarki,kapali_curcuna,hancer-i_askinla,ekrem_guyer,hicaz--sarki--kapali_curcuna--hancer-i_askinla--ekrem_guyer.txt,308,12,-1,367,312.4642857142857,322.0,59.81057522930306,368,48.875,0.0625,0.625,0.15868506493506493,0.125,0.09706951992279231,A4,56
hicaz,sarki,nimsofyan,ah_edip,kadri_sencalar,hicaz--sarki--nimsofyan--ah_edip--kadri_sencalar.txt,375,10,-1,349,293.488,310.0,86.45928373121944,350,32.25,0.03125,0.5,0.086,0.0625,0.06409376139340214,B4b4,87
hicaz,sarki,nimsofyan,aksam_olur,dramali_hasan_hasguler,hicaz--sarki--nimsofyan--aksam_olur--dramali_hasan_hasguler.txt,140,13,-1,367,329.0285714285714,340.0,64.92573985551668,368,14.25,0.0625,0.5,0.10178571428571428,0.0625,0.062877840421192,G5,22
hicaz,sarki,nimsofyan,ayrilik_atesten,fahri_kayahan,hicaz--sarki--nimsofyan--ayrilik_atesten--fahri_kayahan.txt,295,11,-1,358,306.44745762711864,322.0,72.78079416038544,359,28.75,0.03125,0.5,0.09745762711864407,0.0625,0.07197323321443148,D5,50
hicaz,sarki,nimsofyan,cok_yasa,muhlis_sabahaddin_ezgi,hicaz--sarki--nimsofyan--cok_yasa--muhlis_sabahaddin_ezgi.txt,221,11,-1,358,316.9321266968326,327.0,59.7933555863424,359,32.25,0.0625,2.0,0.14592760180995476,0.08333333333333333,0.19226374532131668,E5,40
hicaz,sarki,nimsofyan,gonul_penceresinden,muzaffer_ilkar,hicaz--sarki--nimsofyan--gonul_penceresinden--muzaffer_ilkar.txt,631,10,0,363,332.87480190174324,336.0,20.52250446326719,363,72.25,0.0625,0.5,0.11450079239302693,0.0625,0.10333577377766259,E5,124
hicaz,sarki,nimsofyan,mahmur_bakisli,zeki_duygulu,hicaz--sarki--nimsofyan--mahmur_bakisli--zeki_duygulu.txt,269,12,-1,367,322.74349442379184,336.0,61.997270676421934,368,32.25,0.0625,0.5,0.11988847583643122,0.125,0.07580037250024382,E5,50
hicaz,sarki,nimsofyan,sari_kurdelem,fahri_kayahan,hicaz--sarki--nimsofyan--sari_kurdelem--fahri_kayahan.txt,323,12,-1,371,324.4489164086687,340.0,70.77643717637382,372,33.75,0.03125,0.5,0.1044891640866873,0.0625,0.07743003177131295,E5,59
hicaz,sarki,raksaksagi,benim_yarim,sadettin_kaynak,hicaz--sarki--raksaksagi--benim_yarim--sadettin_kaynak.txt,193,11,-1,349,303.5492227979275,322.0,68.44233363384812,350,27.125,0.0625,0.375,0.1405440414507772,0.125,0.07916780291885252,D5,53
hicaz,sarki,semai,bulbulun_cilesi,yusuf_nalkesen,hicaz--sarki--semai--bulbulun_cilesi--yusuf_nalkesen.txt,254,12,-1,362,328.4763779527559,336.0,40.09363340722996,363,63.25,0.0625,1.5,0.24901574803149606,0.25,0.24094062982983572,D5,48
hicaz,sarki,semai,degdi_saclarima,bekirof,hicaz--sarki--semai--degdi_saclarima--bekirof.txt,189,10,-1,358,326.93650793650795,327.0,35.98679117126808,359,42.25,0.0625,1.25,0.22354497354497355,0.125,0.1673663704451505,E5,48
hicaz,sarki,semai,golgesinde_mevsimler,yusuf_nalkesen,hicaz--sarki--semai--golgesinde_mevsimler--yusuf_nalkesen.txt,287,11,-1,367,322.801393728223,327.0,46.08344815500383,368,78.25,0.125,2.75,0.27264808362369336,0.25,0.2163269140994647,B4b4,47
hicaz,sarki,semai,hastayim_yalnizim,lemi_atli,hicaz--sarki--semai--hastayim_yalnizim--lemi_atli.txt,388,20,-1,389,325.60309278350513,336.0,48.56698074120884,390,123.25,0.125,1.5,0.3176546391752577,0.25,0.2910666728883225,E5,52
hicaz,sarki,semai,sana_dun,munir_nurettin_selcuk,hicaz--sarki--semai--sana_dun--munir_nurettin_selcuk.txt,499,16,-1,371,316.53507014028054,327.0,60.06479326615145,372,72.75,0.03125,0.75,0.14579158316633267,0.125,0.10674314480008781,D5,90
hicaz,sarki,semai,sevgimizin_askimizin,sadettin_oktenay,hicaz--sarki--semai--sevgimizin_askimizin--sadettin_oktenay.txt,296,13,-1,380,314.7533783783784,336.0,86.48501382127724,381,114.25,0.125,1.0,0.3859797297297297,0.25,0.21634926155999198,E5,53
hicaz,sarki,semai,sirma_sacli,misirli_udi_ibrahim_efendi,hicaz--sarki--semai--sirma_sacli--misirli_udi_ibrahim_efendi.txt,674,15,-1,375,326.4391691394659,336.0,49.003047573825576,376,130.75,0.0625,1.25,0.19399109792284866,0.125,0.16354290338631347,D5,110
hicaz,sarki,semai,tadi_yok,muzaffer_ilkar,hicaz--sarki--semai--tadi_yok--muzaffer_ilkar.txt,455,13,-1,380,333.1824175824176,336.0,35.75318781698133,381,126.25,0.125,0.75,0.2774725274725275,0.125,0.21475241049143023,D5,85
hicaz,sarki,senginsemai,agyar_ile,bimen_sen,hicaz--sarki--senginsemai--agyar_ile--bimen_sen.txt,384,14,-1,367,325.1744791666667,327.0,40.58499478002435,368,53.25,0.0625,0.5,0.138671875,0.08333333333333333,0.12358966952454149,D5,83
hicaz,sarki,senginsemai,hep_saye-i,tanburi_cemil_bey,hicaz--sarki--senginsemai--hep_saye-i--tanburi_cemil_bey.txt,483,17,0,389,336.0662525879917,336.0,24.763523901310084,389,53.25,0.041666666666666664,0.5,0.11024844720496894,0.0625,0.10160153592177652,E5,69
hicaz,sarki,sofyan,adalardan_bir,yesari_asim_arsoy,hicaz--sarki--sofyan--adalardan_bir--yesari_asim_arsoy.txt,247,10,-1,363,308.90283400809716,336.0,88.06330105064055,364,22.25,0.03125,0.25,0.09008097165991903,0.0625,0.04943449022132507,E5,53
hicaz,sarki,sofyan,al_goncayi,yesari_asim_arsoy,hicaz--sarki--sofyan--al_goncayi--yesari_asim_arsoy.txt,486,10,-1,358,320.02263374485597,327.0,54.8050857567221,359,50.25,0.03125,0.5,0.10339506172839506,0.0625,0.07731913023283317,D5,104
hicaz,sarki,sofyan,enginde_yavas,sadettin_kaynak,hicaz--sarki--sofyan--enginde_yavas--sadettin_kaynak.txt,416,17,-1,367,301.2307692307692,327.0,81.44939808594957,368,63.0,0.0625,1.0,0.15144230769230768,0.125,0.15815966932478956,D5,87
hicaz,sarki,sofyan,ey_dil,haci_arif_bey,hicaz--sarki--sofyan--ey_dil--haci_arif_bey.txt,457,14,-1,371,317.90809628008753,327.0,68.40434062166996,372,48.25,0.03125,0.375,0.10557986870897156,0.0625,0.07156549623762215,D5,86
hicaz,sarki,sofyan,gul_acarken,nihal_erkutun,hicaz--sarki--sofyan--gul_acarken--nihal_erkutun.txt,173,11,0,358,327.35838150289015,327.0,29.06066032905285,358,22.25,0.0625,0.5,0.12861271676300579,0.125,0.09331560763367189,E5,36
hicaz,sarki,sofyan,kanaryam_guzel,mustafa_nafiz_irmak,hicaz--sarki--sofyan--kanaryam_guzel--mustafa_nafiz_irmak.txt,219,8,-1,349,310.50228310502285,322.0,61.80892237106045,350,24.25,0.03125,0.5,0.11073059360730593,0.0625,0.07614573951898898,D5,53
hicaz,sarki,sofyan,seninle_bir,yusuf_nalkesen,hicaz--sarki--sofyan--seninle_bir--yusuf_nalkesen.txt,225,12,-1,367,303.03555555555556,336.0,96.4233530627981,368,38.125,0.0625,1.0,0.16944444444444445,0.125,0.1554792498149379,E5,36
hicaz,sarki,turkaksagi,ey_cerhi_sitemger,medeni_aziz_efendi,hicaz--sarki--turkaksagi--ey_cerhi_sitemger--medeni_aziz_efendi.txt,503,13,-1,367,326.1272365805169,327.0,36.48423380656207,368,49.75,0.03125,0.375,0.0989065606361829,0.0625,0.07618955739083597,D5,99
hicaz,sarki,yuruksemai,bilmem_kac,munir_nurettin_selcuk,hicaz--sarki--yuruksemai--bilmem_kac--munir_nurettin_selcuk.txt,386,12,-1,371,311.4740932642487,327.0,74.86816535912062,372,45.125,0.03125,0.625,0.1169041450777202,0.125,0.08155371034530184,D5,75
hicaz,sarki,yuruksemai,gittin_de_biraktin,munir_nurettin_selcuk,hicaz--sarki--yuruksemai--gittin_de_biraktin--munir_nurettin_selcuk.txt,390,15,-1,371,319.9307692307692,327.0,59.966853114153615,372,47.75,0.03125,0.375,0.12243589743589743,0.125,0.08031356682743411,D5,59
hicaz,sarki,yuruksemai,ulfet_etsem,sevki_bey,hicaz--sarki--yuruksemai--ulfet_etsem--sevki_bey.txt,389,11,-1,367,324.2879177377892,327.0,49.84925092275937,368,42.875,0.041666666666666664,0.75,0.11021850899742931,0.0625,0.09057712430250849,D5,76
hicaz,sarki,yuruksemai_ii,beyaz_ten,,hicaz--sarki--yuruksemai_ii--beyaz_ten--.txt,211,10,-1,358,320.6492890995261,327.0,41.124089070436156,359,30.125,0.0625,0.375,0.14277251184834122,0.125,0.0971064237139733,C5#4,42
hicaz,sazsemaisi,aksaksemai,,refik_talat_alpman,hicaz--sazsemaisi--aksaksemai----refik_talat_alpman.txt,853,27,0,393,321.33645955451345,322.0,30.569639501988235,393,94.5,0.03125,1.25,0.11078546307151231,0.0625,0.11633802529016052,D5,136
hicaz,seyir,duyek,1,erol_bingol,hicaz--seyir--duyek--1--erol_bingol.txt,58,11,296,367,329.6551724137931,327.0,16.29395725268138,71,8.0,0.0625,0.5,0.13793103448275862,0.125,0.09274580655748696,D5,12
hicaz,seyir,duyek,1,ismail_hakki_ozkan,hicaz--seyir--duyek--1--ismail_hakki_ozkan.txt,98,12,-1,367,308.92857142857144,324.5,74.32517715258327,368,12.0,0.0625,0.5,0.12244897959183673,0.125,0.09104489347467003,C5#4,14
hicaz,seyir,duyek,1,sefik_gurmeric,hicaz--seyir--duyek--1--sefik_gurmeric.txt,89,12,-1,367,323.1685393258427,336.0,52.46627400596939,368,12.0,0.0625,0.5,0.1348314606741573,0.125,0.09464481880299247,E5,15
hicaz,seyir,semai,1,rauf_yekta,hicaz--seyir--semai--1--rauf_yekta.txt,121,12,-1,358,292.5206611570248,322.0,98.96237493559136,359,36.0,0.125,0.5,0.2975206611570248,0.25,0.10238840259631896,A4,19
hicaz,taksim,serbest,,tanburi_cemil_bey,hicaz--taksim--serbest----tanburi_cemil_bey.txt,619,22,-1,389,300.32148626817445,327.0,91.6028523763492,390,73.75,0.03125,1.0,0.1191437802907916,0.0625,0.09711352395458223,E5,85
hicaz,turku,aksak,el_zanneder,urfa,hicaz--turku--aksak--el_zanneder--urfa.txt,314,7,-1,349,322.79617834394907,327.0,28.16739983497411,350,45.125,0.0625,1.125,0.14371019108280256,0.125,0.10486810460444422,D5,87
hicaz,turku,aksak,gemilerde_talim,,hicaz--turku--aksak--gemilerde_talim--.txt,146,9,-1,349,315.35616438356163,327.0,47.54435166801008,350,13.5,0.0625,0.375,0.09246575342465753,0.0625,0.05648617949778532,D5,40
hicaz,turku,aksak,karanfil_oylum_oylum,,hicaz--turku--aksak--karanfil_oylum_oylum--.txt,151,7,-1,340,311.9801324503311,310.0,38.101700784203935,341,15.875,0.0625,0.625,0.10513245033112582,0.0625,0.0804838431402385,A4,42
hicaz,turku,aksak,ote_yakaya,kutahya,hicaz--turku--aksak--ote_yakaya--kutahya.txt,56,9,-1,358,307.8392857142857,342.0,98.64053689777099,359,11.25,0.125,1.0,0.20089285714285715,0.125,0.17135584225617947,F5#4,12
hicaz,turku,aksak,pencere_acildi,,hicaz--turku--aksak--pencere_acildi--.txt,274,9,-1,349,291.43430656934305,322.0,91.58177189424917,350,45.125,0.0625,0.75,0.1646897810218978,0.125,0.0863828184522906,B4b4,50
hicaz,turku,curcuna,hishisi_hancer,gaziantep,hicaz--turku--curcuna--hishisi_hancer--gaziantep.txt,142,6,-1,340,296.32394366197184,310.0,78.14194660870831,341,30.125,0.125,0.5,0.21214788732394366,0.25,0.1020506026045846,A4,39
hicaz,turku,curcuna,urfaliyam_ezelden,,hicaz--turku--curcuna--urfaliyam_ezelden--.txt,118,7,-1,340,307.3813559322034,324.5,72.30572786374825,341,20.0,0.0625,0.625,0.1694915254237288,0.125,0.09740958953150315,D5,35
hicaz,turku,devrihindi,cayelinden_oteye,rize,hicaz--turku--devrihindi--cayelinden_oteye--rize.txt,127,8,-1,340,309.34645669291336,322.0,58.00730358404331,341,21.125,0.0625,0.25,0.16633858267716536,0.125,0.06964179556874409,A4,30
hicaz,turku,duyek,garip_bir,bakir_yurtsever,hicaz--turku--duyek--garip_bir--bakir_yurtsever.txt,180,6,-1,340,302.96666666666664,322.0,78.34580985469299,341,30.125,0.0625,1.75,0.1673611111111111,0.125,0.16643227232872101,D5,52
hicaz,turku,duyek,yollarina_gul,sadettin_kaynak,hicaz--turku--duyek--yollarina_gul--sadettin_kaynak.txt,246,11,-1,358,308.8455284552846,327.0,77.53535415014872,359,34.125,0.0625,0.5,0.13871951219512196,0.125,0.09911489202840254,D5,60
hicaz,turku,evfer,horozumun_tuyleri,istanbul,hicaz--turku--evfer--horozumun_tuyleri--istanbul.txt,167,8,0,358,323.37125748502996,327.0,28.21122800869546,358,30.875,0.125,1.0,0.18488023952095808,0.125,0.14894099269833802,E5,44
hicaz,turku,evfer,suruverin_cezveler,istanbul,hicaz--turku--evfer--suruverin_cezveler--istanbul.txt,187,7,-1,340,271.1550802139037,310.0,107.82025321627918,341,27.125,0.0625,0.25,0.14505347593582887,0.125,0.04866080012736852,A4,42
hicaz,turku,musemmen_ii,zuluf_dokulmus_yuze,kirsehir,hicaz--turku--musemmen_ii--zuluf_dokulmus_yuze--kirsehir.txt,341,20,-1,380,322.5307917888563,327.0,44.00564558320621,381,25.125,0.015625,0.4375,0.07368035190615836,0.0625,0.0546595317004192,B4b4,53
hicaz,turku,nimsofyan,acil_ey,,hicaz--turku--nimsofyan--acil_ey--.txt,285,10,-1,358,318.5438596491228,336.0,71.23816189657597,359,24.25,0.03125,0.5,0.08508771929824561,0.0625,0.05274635131956108,E5,64
hicaz,turku,nimsofyan,bahcelerde_mor,istanbul,hicaz--turku--nimsofyan--bahcelerde_mor--istanbul.txt,56,8,-1,340,311.05357142857144,322.0,43.82586187208609,341,5.5,0.0625,0.5,0.09821428571428571,0.0625,0.07710782634153866,C5#4,14
hicaz,turku,nimsofyan,dane_dane,kirsehir,hicaz--turku--nimsofyan--dane_dane--kirsehir.txt,378,8,-1,349,308.0978835978836,327.0,72.02713492337617,350,31.25,0.0625,0.25,0.08267195767195767,0.0625,0.03706986102155435,D5,96
hicaz,turku,nimsofyan,erkilet_guzeli,,hicaz--turku--nimsofyan--erkilet_guzeli--.txt,245,9,-1,358,319.74285714285713,327.0,43.58310320807712,359,22.25,0.03125,0.25,0.09081632653061225,0.0625,0.04432262192514304,D5,65
hicaz,turku,nimsofyan,pencereden_kus,,hicaz--turku--nimsofyan--pencereden_kus--.txt,167,7,-1,349,315.562874251497,327.0,56.82551447460347,350,12.25,0.03125,0.25,0.07335329341317365,0.0625,0.04115132635498929,D5,44
hicaz,turku,nimsofyan,seni_sevdim,istanbul,hicaz--turku--nimsofyan--seni_sevdim--istanbul.txt,461,6,-1,336,302.0824295010846,321.0,67.01597583183721,337,40.25,0.0625,0.375,0.08731019522776573,0.0625,0.05974610487726612,C5#4,112
hicaz,turku,raksaksagi,arabaci,istanbul,hicaz--turku--raksaksagi--arabaci--istanbul.txt,501,7,-1,358,292.80838323353294,310.0,76.19393157975797,359,82.25,0.125,0.375,0.16417165668662675,0.125,0.059634406805550606,A4,160
hicaz,turku,raksaksagi,entarisi_ala,istanbul,hicaz--turku--raksaksagi--entarisi_ala--istanbul.txt,445,6,-1,340,303.60898876404497,322.0,75.21240140047085,341,72.125,0.0625,0.375,0.16207865168539326,0.125,0.0641244259091491,D5,96
hicaz,turku,semai,gurbette_omrum,atinc_emnalar,hicaz--turku--semai--gurbette_omrum--atinc_emnalar.txt,218,7,0,349,323.5091743119266,327.0,24.827931503152566,349,45.25,0.0625,0.5,0.20756880733944955,0.125,0.13745043460041476,C5#4,49
hicaz,turku,sofyan,bahce_duvarini,neset_ertas,hicaz--turku--sofyan--bahce_duvarini--neset_ertas.txt,303,8,-1,353,305.83498349834986,327.0,80.16154527975867,354,42.25,0.0625,0.375,0.13943894389438943,0.125,0.07559678942300643,D5,85
hicaz,turku,sofyan,cadir_alti,gaziantep,hicaz--turku--sofyan--cadir_alti--gaziantep.txt,253,7,0,349,318.7509881422925,322.0,24.13662436888104,349,36.25,0.125,0.25,0.1432806324110672,0.125,0.04425651575644039,A4,76
hicaz,turku,sofyan,esmerim_bicim,diyarbakir,hicaz--turku--sofyan--esmerim_bicim--diyarbakir.txt,257,9,-1,358,332.1011673151751,340.0,49.22553999393559,359,20.25,0.03125,0.25,0.07879377431906615,0.0625,0.046471747551221854,G5,48
hicaz,turku,sofyan,gokteki_yildizin,,hicaz--turku--sofyan--gokteki_yildizin--.txt,96,7,-1,336,307.1458333333333,310.0,46.57737855421295,337,8.0,0.03125,0.5,0.08333333333333333,0.0625,0.07609759719101264,D5,26
hicaz,turku,sofyan,mektebin_bacalari,mus,hicaz--turku--sofyan--mektebin_bacalari--mus.txt,491,6,-1,336,306.4887983706721,321.0,58.94014065464957,337,54.0,0.0625,0.375,0.109979633401222,0.0625,0.07317298202643406,C5#4,153
hicaz,turku,sofyan,sandalim_geliyor,,hicaz--turku--sofyan--sandalim_geliyor--.txt,339,5,-1,336,309.87610619469024,310.0,39.00154739989585,337,48.25,0.0625,0.25,0.14233038348082597,0.125,0.05984902101719303,B4b4,108
hicaz,turku,sofyan,su_gelen,,hicaz--turku--sofyan--su_gelen--.txt,473,8,-1,358,321.80126849894293,327.0,35.440010163957346,359,52.25,0.03125,0.5,0.11046511627906977,0.0625,0.0790683828208458,D5,128
hicaz,turku,sofyan,su_yaltadan,kirim,hicaz--turku--sofyan--su_yaltadan--kirim.txt,525,10,-1,358,320.2895238095238,327.0,53.40990831363147,359,88.25,0.0625,1.0,0.1680952380952381,0.125,0.16338798427679488,E5,100
hicaz,turku,sofyan,suda_balik,kirsehir,hicaz--turku--sofyan--suda_balik--kirsehir.txt,256,13,-1,371,306.875,322.0,76.43687643036817,372,34.25,0.0625,0.5,0.1337890625,0.125,0.06466086822725133,A4,59
hicaz,turku,turkaksagi,ben_seni,trabzon,hicaz--turku--turkaksagi--ben_seni--trabzon.txt,86,7,0,349,324.1511627906977,327.0,37.68055121423361,349,11.375,0.0625,0.375,0.13226744186046513,0.125,0.09014826668505672,E5,25
hicaz,turku,turkaksagi,carsambayi_sel,,hicaz--turku--turkaksagi--carsambayi_sel--.txt,216,8,-1,349,314.3287037037037,322.0,50.07834151151931,350,21.75,0.03125,1.25,0.10069444444444445,0.0625,0.12931037267218806,C5#4,47
hicaz,turku,turkaksagi,divane_asik,macka,hicaz--turku--turkaksagi--divane_asik--macka.txt,213,6,-1,340,307.77464788732397,327.0,65.96372584855668,341,30.125,0.03125,0.25,0.1414319248826291,0.125,0.07043876180536947,D5,76
hicaz,turku,turkaksagi,mayadagdan_kalkan,,hicaz--turku--turkaksagi--mayadagdan_kalkan--.txt,451,9,-1,336,305.44567627494456,305.0,40.140016582755145,337,71.375,0.125,0.625,0.15825942350332595,0.125,0.08499815223416606,A4,170
hicaz,turku,yuruksemai_ii,bitliste_bes,,hicaz--turku--yuruksemai_ii--bitliste_bes--.txt,229,5,0,336,317.6768558951965,322.0,22.894886364649107,336,48.25,0.125,0.75,0.21069868995633187,0.125,0.15023794299650176,D5,72
hicaz,turku,zafer,al_tavandan,ordu,hicaz--turku--zafer--al_tavandan--ordu.txt,81,5,0,336,310.22222222222223,310.0,36.15038035761173,336,10.125,0.0625,0.25,0.125,0.125,0.05412658773652741,B4b4,32
hicaz,yuruksemai,yuruksemai,yine_nese-i,dede_efendi,hicaz--yuruksemai--yuruksemai--yine_nese-i--dede_efendi.txt,704,22,-1,380,324.5255681818182,336.0,54.09229691681112,381,152.25,0.0625,1.0,0.21626420454545456,0.125,0.15694433854872178,D5,99
hicaz,zeybek,aksak,izmir_zeybegi,izmir,hicaz--zeybek--aksak--izmir_zeybegi--izmir.txt,414,10,296,358,327.6038647342995,327.0,17.163156229519632,62,31.5,0.0625,0.125,0.07608695652173914,0.0625,0.0258106285503231,E5,68
hicaz_humayun,agirsemai,aksaksemai,asiklarinin_haline,haci_faik_bey,hicaz_humayun--agirsemai--aksaksemai--asiklarinin_haline--haci_faik_bey.txt,415,10,-1,349,302.57590361445784,322.0,74.43015983674911,350,48.875,0.03125,0.875,0.1177710843373494,0.125,0.08256256964161303,D5,96
hicaz_humayun,agirsemai,aksaksemai,etmezem_ikrar-i,dede_efendi,hicaz_humayun--agirsemai--aksaksemai--etmezem_ikrar-i--dede_efendi.txt,422,11,-1,358,297.8483412322275,322.0,86.35168512865205,359,50.25,0.0625,0.375,0.11907582938388625,0.0625,0.07273707366056467,D5,123
hicaz_humayun,agirsemai,aksaksemai,kul_oldum,ibrahim_aga,hicaz_humayun--agirsemai--aksaksemai--kul_oldum--ibrahim_aga.txt,641,14,-1,366,314.7909516380655,327.0,58.0009965905692,367,59.5,0.03125,0.25,0.09282371294851795,0.0625,0.060445187005500896,D5,155
hicaz_humayun,aranagme,curcuna,1,,hicaz_humayun--aranagme--curcuna--1--.txt,54,12,-1,371,326.31481481481484,336.0,48.67986452674676,372,7.5,0.125,0.375,0.1388888888888889,0.125,0.04649677070006681,E5,8
hicaz_humayun,aranagme,duyek,1,,hicaz_humayun--aranagme--duyek--1--.txt,70,9,-1,349,301.7,327.0,85.82428121677928,350,16.0,0.0625,1.0,0.22857142857142856,0.125,0.21010632721805417,E5,14
hicaz_humayun,beste,agircenber,dusmesin_miskin,zaharya,hicaz_humayun--beste--agircenber--dusmesin_miskin--zaharya.txt,1137,20,-1,367,303.48109058927,322.0,74.57603079563904,368,192.5,0.03125,0.875,0.1693051890941073,0.125,0.10747437347834916,D5,209
hicaz_humayun,durak,durakevferi,allah_emrin,,hicaz_humayun--durak--durakevferi--allah_emrin--.txt,97,12,-1,358,323.4742268041237,327.0,35.36273131876304,359,26.25,0.0625,0.75,0.2706185567010309,0.25,0.1696642022556964,D5,29
hicaz_humayun,durak,durakevferi,dustu_cane,zakir_haci_mehmed_efendi,hicaz_humayun--durak--durakevferi--dustu_cane--zakir_haci_mehmed_efendi.txt,269,12,-1,353,295.9330855018587,322.0,85.3501304010369,354,89.5,0.125,1.0,0.33271375464684017,0.25,0.19107530514296422,A4,50
hicaz_humayun,fantezi,nimsofyan,ufuklara_yaslanmis,kaptanzade_ali_riza_bey,hicaz_humayun--fantezi--nimsofyan--ufuklara_yaslanmis--kaptanzade_ali_riza_bey.txt,426,14,-1,380,300.46478873239437,327.0,98.27749394481377,381,44.25,0.03125,0.5,0.10387323943661972,0.0625,0.0713140800375284,E5,81
hicaz_humayun,ilahi,sofyan,daglar_ile,kutbi_dede,hicaz_humayun--ilahi--sofyan--daglar_ile--kutbi_dede.txt,141,10,-1,349,304.36879432624113,322.0,71.05615599625791,350,20.25,0.0625,0.625,0.14361702127659576,0.125,0.10397906104970421,D5,38
hicaz_humayun,kar,hafif,ey_ki_dostan,makbul_ibrahim_pasa,hicaz_humayun--kar--hafif--ey_ki_dostan--makbul_ibrahim_pasa.txt,1232,18,-1,371,306.961038961039,327.0,76.74211263737286,372,188.5,0.0625,0.5,0.15300324675324675,0.125,0.07402123593142984,D5,302
hicaz_humayun,kupe,duyek,yalniz,ahmet_avni_konuk,hicaz_humayun--kupe--duyek--yalniz--ahmet_avni_konuk.txt,100,9,-1,349,294.65,321.0,88.32931666110738,350,16.0,0.0625,0.5,0.16,0.125,0.07179604248962276,C5#4,22
hicaz_humayun,murabba,agircenber,hasret-i_ruyinle,gevrekzade_mustafa_aga,hicaz_humayun--murabba--agircenber--hasret-i_ruyinle--gevrekzade_mustafa_aga.txt,1380,17,-1,367,297.5594202898551,322.0,88.64877257222146,368,229.5,0.0625,0.75,0.16630434782608697,0.125,0.10872690063799521,D5,336
hicaz_humayun,nakis,agirsenginsemai,seb_cunun,seyyid_nuh,hicaz_humayun--nakis--agirsenginsemai--seb_cunun--seyyid_nuh.txt,447,15,-1,349,307.5257270693512,322.0,64.37031064619522,350,88.875,0.0625,0.75,0.1988255033557047,0.125,0.14384081954041325,D5,112
hicaz_humayun,pesrev,cenber,,veli_dede,hicaz_humayun--pesrev--cenber----veli_dede.txt,620,17,-1,367,310.8016129032258,322.0,58.40348483620717,368,96.25,0.0625,0.5,0.15524193548387097,0.125,0.07899460329696134,C5#4,141
hicaz_humayun,pesrev,devrikebir,,musahib_ahmed_aga,hicaz_humayun--pesrev--devrikebir----musahib_ahmed_aga.txt,1201,31,-1,380,308.5070774354704,322.0,71.64385406207685,381,322.5,0.0625,1.0,0.268526228143214,0.25,0.14819305096116317,C5#4,167
hicaz_humayun,rumeliturkusu,devrituran,gidem_dedim,rumeli,hicaz_humayun--rumeliturkusu--devrituran--gidem_dedim--rumeli.txt,343,10,-1,358,309.3469387755102,322.0,59.03155351824093,359,64.875,0.125,1.25,0.1891399416909621,0.125,0.126397697842483,A4,88
hicaz_humayun,rumeliturkusu,sofyan,kirmizi_gulun,rumeli,hicaz_humayun--rumeliturkusu--sofyan--kirmizi_gulun--rumeli.txt,227,10,0,349,319.4625550660793,322.0,24.092229838175918,349,33.25,0.03125,1.0,0.14647577092511013,0.125,0.13814950165883502,D5,62
hicaz_humayun,sarki,agiraksak,doktor_ne,sevki_bey,hicaz_humayun--sarki--agiraksak--doktor_ne--sevki_bey.txt,491,16,-1,371,318.0366598778004,336.0,73.74608035412001,372,117.0,0.0625,1.25,0.23828920570264767,0.125,0.2039306376317154,E5,96
hicaz_humayun,sarki,agiraksak,nitti_bana,sivelioglu_yorgaki,hicaz_humayun--sarki--agiraksak--nitti_bana--sivelioglu_yorgaki.txt,464,13,-1,358,308.6875,327.0,75.16483955115996,359,61.75,0.03125,0.5,0.13308189655172414,0.125,0.07873299484442885,E5,87
hicaz_humayun,sarki,agiraksak,pek_cefacusun,kemani_riza_efendi,hicaz_humayun--sarki--agiraksak--pek_cefacusun--kemani_riza_efendi.txt,449,21,-1,371,320.4120267260579,327.0,52.11942791080198,372,53.875,0.03125,0.75,0.11998886414253898,0.08333333333333333,0.09719520269951192,E5,69
hicaz_humayun,sarki,agirduyek,var_mi_cana,haci_arif_bey,hicaz_humayun--sarki--agirduyek--var_mi_cana--haci_arif_bey.txt,342,12,-1,358,313.0497076023392,322.0,56.433547846072,359,48.25,0.0625,0.5,0.14108187134502925,0.125,0.10195108665048681,D5,64
hicaz_humayun,sarki,aksak,kimseyi_boyle,alaeddin_yavasca,hicaz_humayun--sarki--aksak--kimseyi_boyle--alaeddin_yavasca.txt,536,17,-1,371,308.15671641791045,327.0,86.91139365657864,372,53.75,0.03125,0.5,0.10027985074626866,0.0625,0.06594751378601867,D5,102
hicaz_humayun,sarki,aksak,ne_hazin,refik_fersan,hicaz_humayun--sarki--aksak--ne_hazin--refik_fersan.txt,356,16,-1,371,314.1769662921348,327.0,63.32820503109837,372,71.5,0.0625,0.5,0.20084269662921347,0.125,0.12428383225743818,D5,65
hicaz_humayun,sarki,aydin,tel_tel,sadettin_kaynak,hicaz_humayun--sarki--aydin--tel_tel--sadettin_kaynak.txt,176,12,-1,358,286.9318181818182,322.0,98.24119536901242,359,36.125,0.0625,1.125,0.20525568181818182,0.125,0.14953763968251665,C5#4,35
hicaz_humayun,sarki,curcuna,demedim_hicranimi,sukru_tunar,hicaz_humayun--sarki--curcuna--demedim_hicranimi--sukru_tunar.txt,333,12,-1,358,315.16816816816817,322.0,41.38456811008641,359,51.375,0.0625,0.625,0.15427927927927929,0.125,0.10134397359991944,B4b4,69
hicaz_humayun,sarki,curcuna,nerde_o,alaeddin_yavasca,hicaz_humayun--sarki--curcuna--nerde_o--alaeddin_yavasca.txt,691,17,-1,371,311.9768451519537,336.0,84.12714350713561,372,120.125,0.0625,1.125,0.1738422575976845,0.125,0.13691691725652871,D5,114
hicaz_humayun,sarki,duyek,agla_gozum,erol_sayan,hicaz_humayun--sarki--duyek--agla_gozum--erol_sayan.txt,451,13,-1,363,303.39467849223945,327.0,86.59694307189142,364,53.5,0.03125,0.5,0.11862527716186252,0.0625,0.09285724015139649,D5,85
hicaz_humayun,sarki,duyek,yarin_bahcesinde,atif_bastug,hicaz_humayun--sarki--duyek--yarin_bahcesinde--atif_bastug.txt,537,13,-1,363,306.0856610800745,336.0,87.28038601437184,364,128.125,0.0625,1.0,0.23859404096834264,0.125,0.20879736704951943,E5,99
hicaz_humayun,sarki,nimsofyan,kapildim_gidiyorum,kaptanzade_ali_riza_bey,hicaz_humayun--sarki--nimsofyan--kapildim_gidiyorum--kaptanzade_ali_riza_bey.txt,434,9,-1,358,308.05299539170505,327.0,85.25768278393386,359,48.25,0.0625,0.5,0.11117511520737328,0.0625,0.11581297828053817,D5,89
hicaz_humayun,sarki,senginsemai,nolsun_bu,enderuni_ali_bey,hicaz_humayun--sarki--senginsemai--nolsun_bu--enderuni_ali_bey.txt,442,15,-1,371,317.67420814479635,327.0,62.076338892355544,372,43.5,0.03125,0.5,0.09841628959276018,0.0625,0.06845472298626905,C5#4,80
hicaz_humayun,sarki,sofyan,bulbullerin_ister,yesari_asim_arsoy,hicaz_humayun--sarki--sofyan--bulbullerin_ister--yesari_asim_arsoy.txt,440,16,-1,371,331.5681818181818,340.0,52.96218521498061,372,44.25,0.03125,1.0,0.10056818181818182,0.0625,0.10982799414597971,G5,78
hicaz_humayun,sarki,turkaksagi,saydeyledi_bu,haci_arif_bey,hicaz_humayun--sarki--turkaksagi--saydeyledi_bu--haci_arif_bey.txt,428,16,0,367,322.6144859813084,322.0,20.386625442305593,367,39.75,0.0625,0.375,0.09287383177570094,0.0625,0.06929644236800013,D5,106
hicaz_humayun,sarki,turkaksagi,yadeller_aldi,sadettin_kaynak,hicaz_humayun--sarki--turkaksagi--yadeller_aldi--sadettin_kaynak.txt,282,8,-1,349,311.1914893617021,322.0,51.12352146404068,350,34.5,0.03125,0.625,0.12234042553191489,0.0625,0.10532353044114577,D5,63
hicaz_humayun,sazsemaisi,aksaksemai,,neyzen_yusuf_pasa,hicaz_humayun--sazsemaisi--aksaksemai----neyzen_yusuf_pasa.txt,830,19,-1,380,316.9710843373494,322.0,50.20533598321087,381,84.25,0.03125,1.25,0.10150602409638554,0.0625,0.07573331164831079,C5#4,156
hicaz_humayun,sazsemaisi,aksaksemai,,tanburi_isak,hicaz_humayun--sazsemaisi--aksaksemai----tanburi_isak.txt,523,20,-1,380,319.0267686424474,327.0,64.07116531323429,381,77.375,0.0625,0.25,0.14794455066921605,0.125,0.06282925368580577,D5,109
hicaz_humayun,sazsemaisi,aksaksemai,,veli_dede,hicaz_humayun--sazsemaisi--aksaksemai----veli_dede.txt,167,11,-1,349,310.3952095808383,322.0,61.25710758700324,350,15.125,0.0625,0.375,0.09056886227544911,0.0625,0.05766651938808462,D5,43
hicaz_humayun,seyir,duyek,1,ismail_hakki_ozkan,hicaz_humayun--seyir--duyek--1--ismail_hakki_ozkan.txt,99,11,-1,363,311.5151515151515,327.0,73.81656299348194,364,12.0,0.03125,0.5,0.12121212121212122,0.125,0.08283298111103003,D5,20
hicaz_humayun,seyir,sofyan,1,erol_bingol,hicaz_humayun--seyir--sofyan--1--erol_bingol.txt,50,10,296,362,321.92,322.0,17.10452858044277,66,8.0,0.0625,0.5,0.16,0.125,0.11375434506166418,A4,10
hicaz_humayun,seyir,sofyan,1,sefik_gurmeric,hicaz_humayun--seyir--sofyan--1--sefik_gurmeric.txt,61,9,-1,363,299.0327868852459,327.0,101.16685346711718,364,10.0,0.0625,0.5,0.16393442622950818,0.125,0.08996811821463183,D5,10
hicaz_humayun,turku,aksak,estergon_kalasi,,hicaz_humayun--turku--aksak--estergon_kalasi--.txt,465,11,-1,358,297.71827956989245,322.0,89.72433950986776,359,57.5,0.03125,1.5,0.12365591397849462,0.0625,0.14179603849486563,A4,72
hicaz_humayun,turku,aksak,necibemin_ikidir,istanbul,hicaz_humayun--turku--aksak--necibemin_ikidir--istanbul.txt,259,8,-1,349,299.72972972972974,322.0,80.75071893699398,350,27.125,0.0625,0.375,0.10472972972972973,0.0625,0.061861657392548314,D5,60
hicaz_humayun,turku,nimsofyan,gul_yuzun,urfa,hicaz_humayun--turku--nimsofyan--gul_yuzun--urfa.txt,240,7,-1,349,322.15416666666664,327.0,37.87345676507655,350,19.25,0.03125,0.375,0.08020833333333334,0.0625,0.05321043360162107,D5,63
hicaz_humayun,turku,sofyan,alaydim_elin,urfa,hicaz_humayun--turku--sofyan--alaydim_elin--urfa.txt,281,7,305,349,328.5409252669039,327.0,10.262932496442616,44,20.0,0.03125,0.25,0.0711743772241993,0.0625,0.03838014532820761,E5,91
hicaz_humayun,turku,sofyan,benim_gulum,kirsehir,hicaz_humayun--turku--sofyan--benim_gulum--kirsehir.txt,495,7,-1,340,302.94747474747476,322.0,78.28413723351376,341,43.25,0.03125,0.25,0.08737373737373737,0.0625,0.04061360979746925,D5,98
hicaz_humayun,turku,sofyan,bulbulun_gogsu,urfa,hicaz_humayun--turku--sofyan--bulbulun_gogsu--urfa.txt,270,10,-1,363,320.1296296296296,327.0,53.39320588620385,364,26.25,0.03125,0.75,0.09722222222222222,0.0625,0.07675179463812871,D5,90
hicaz_humayun,yuruksemai,yuruksemai,nideyim_sahn_i,sadullah_aga,hicaz_humayun--yuruksemai--yuruksemai--nideyim_sahn_i--sadullah_aga.txt,239,11,-1,340,303.3430962343096,322.0,70.84602389194063,341,57.25,0.0625,1.375,0.2395397489539749,0.125,0.20836724581293437,D5,62
hicaz_uzzal,beste,lenkfahte,baktikca_husn_u,suphi_ezgi,hicaz_uzzal--beste--lenkfahte--baktikca_husn_u--suphi_ezgi.txt,424,16,-1,367,306.7122641509434,327.0,81.77705517019007,368,75.25,0.0625,0.75,0.17747641509433962,0.125,0.13395433631596598,C5#4,64
hicaz_uzzal,ilahi,duyek,eya_alemlerin,dede_efendi,hicaz_uzzal--ilahi--duyek--eya_alemlerin--dede_efendi.txt,117,10,-1,358,318.0769230769231,322.0,33.69005630596666,359,16.0,0.0625,0.5,0.13675213675213677,0.125,0.08836229360275658,A4,27
hicaz_uzzal,ilahi,sofyan,gelin_gidelim,dede_efendi,hicaz_uzzal--ilahi--sofyan--gelin_gidelim--dede_efendi.txt,225,8,-1,349,298.68444444444447,322.0,86.76164484305848,350,32.25,0.0625,0.375,0.14333333333333334,0.125,0.06689877748188996,E5,48
hicaz_uzzal,kocekce,aksak,baharin_zamani,dede_efendi,hicaz_uzzal--kocekce--aksak--baharin_zamani--dede_efendi.txt,284,12,-1,371,332.3133802816901,336.0,37.67215415167167,372,31.625,0.0625,0.5,0.1113556338028169,0.0625,0.07726132931174153,E5,61
hicaz_uzzal,kupe,duyek,nagme-i,ahmet_avni_konuk,hicaz_uzzal--kupe--duyek--nagme-i--ahmet_avni_konuk.txt,91,12,-1,358,311.97802197802196,336.0,77.00620148504318,359,16.0,0.0625,0.5,0.17582417582417584,0.125,0.0912452852245094,E5,20
hicaz_uzzal,rumeliturkusu,aksak,yine_de,rumeli,hicaz_uzzal--rumeliturkusu--aksak--yine_de--rumeli.txt,385,15,-1,371,320.9818181818182,336.0,65.49206521450218,372,36.8125,0.0625,0.25,0.09561688311688311,0.0625,0.04395257387999487,A5,63
hicaz_uzzal,sarki,agiraksak,bir_nigah_et,sekerci_cemil_bey,hicaz_uzzal--sarki--agiraksak--bir_nigah_et--sekerci_cemil_bey.txt,455,16,-1,367,324.43736263736264,327.0,35.92147471154135,368,62.5,0.041666666666666664,0.75,0.13736263736263737,0.125,0.09910509259985466,E5,75
hicaz_uzzal,sarki,agiraksak,firkatin_aldi,bimen_sen,hicaz_uzzal--sarki--agiraksak--firkatin_aldi--bimen_sen.txt,576,13,-1,371,328.56944444444446,340.0,59.81035568647786,372,71.875,0.03125,0.625,0.1247829861111111,0.125,0.09657845761473698,G5,86
hicaz_uzzal,sarki,agiraksak,zevk-i_sevda,leyla_saz,hicaz_uzzal--sarki--agiraksak--zevk-i_sevda--leyla_saz.txt,513,20,-1,380,314.6062378167641,327.0,62.788155419741756,381,63.25,0.0625,0.625,0.1232943469785575,0.125,0.09050444625652203,D5,73
hicaz_uzzal,sarki,aksak,beni_sev,misirli_udi_ibrahim_efendi,hicaz_uzzal--sarki--aksak--beni_sev--misirli_udi_ibrahim_efendi.txt,301,15,0,371,333.1860465116279,336.0,25.206981929308714,371,31.625,0.041666666666666664,0.625,0.10506644518272425,0.0625,0.0807985905631269,E5,54
hicaz_uzzal,sarki,aksak,bir_bir_geciyor,sukru_tunar,hicaz_uzzal--sarki--aksak--bir_bir_geciyor--sukru_tunar.txt,504,14,-1,371,326.68055555555554,327.0,27.1900596327389,372,46.625,0.03125,0.375,0.09250992063492064,0.0625,0.07542067728912596,D5,80
hicaz_uzzal,sarki,aksak,dil_yaresini,sevki_bey,hicaz_uzzal--sarki--aksak--dil_yaresini--sevki_bey.txt,497,15,-1,371,330.23943661971833,336.0,29.784254711411208,372,48.125,0.03125,0.625,0.09683098591549295,0.0625,0.08821929117632013,E5,105
hicaz_uzzal,sarki,aksak,gozlerin_komur,avni_anil,hicaz_uzzal--sarki--aksak--gozlerin_komur--avni_anil.txt,464,13,-1,363,302.25431034482756,336.0,100.91103358128602,364,81.125,0.0625,1.125,0.17483836206896552,0.125,0.19247268677878093,A5,71
hicaz_uzzal,sarki,aksak,gulsen-i_husnune,rifat_bey,hicaz_uzzal--sarki--aksak--gulsen-i_husnune--rifat_bey.txt,341,12,-1,371,319.68035190615836,336.0,66.03061140280876,372,35.75,0.0625,0.5,0.10483870967741936,0.0625,0.07583149138312521,E5,59
hicaz_uzzal,sarki,aksak,indim_yarin,dede_efendi,hicaz_uzzal--sarki--aksak--indim_yarin--dede_efendi.txt,226,11,-1,367,327.2345132743363,336.0,46.491412387257554,368,31.625,0.0625,1.0,0.13993362831858408,0.125,0.09602312231783386,E5,48
hicaz_uzzal,sarki,aksak,istanbulun_etrafi,arif_sami_toker,hicaz_uzzal--sarki--aksak--istanbulun_etrafi--arif_sami_toker.txt,385,9,-1,349,305.66753246753245,322.0,63.458636547669194,350,60.875,0.0625,0.625,0.15811688311688313,0.125,0.0841375476690386,A4,80
hicaz_uzzal,sarki,aksak,kurbanin_olam,haci_arif_bey,hicaz_uzzal--sarki--aksak--kurbanin_olam--haci_arif_bey.txt,229,13,-1,371,303.3056768558952,327.0,92.87046729559476,372,36.125,0.0625,0.625,0.15775109170305676,0.125,0.082484496475948,E5,46
hicaz_uzzal,sarki,aksak,kurdu_meclis,haci_arif_bey,hicaz_uzzal--sarki--aksak--kurdu_meclis--haci_arif_bey.txt,418,17,-1,371,317.9617224880383,336.0,71.57641499542054,372,44.375,0.0625,0.375,0.10616028708133972,0.0625,0.07981280197530968,E5,83
hicaz_uzzal,sarki,aksak,matemzedeyim,tanburi_cemil_bey,hicaz_uzzal--sarki--aksak--matemzedeyim--tanburi_cemil_bey.txt,409,15,-1,371,327.97310513447434,336.0,36.47194409770174,372,40.625,0.03125,0.375,0.0993276283618582,0.0625,0.07266408448145627,E5,83
hicaz_uzzal,sarki,aksak,ne_gunah,alaeddin_yavasca,hicaz_uzzal--sarki--aksak--ne_gunah--alaeddin_yavasca.txt,556,15,-1,371,315.4910071942446,327.0,61.9507644527574,372,54.625,0.015625,1.0,0.09824640287769784,0.0625,0.07802815929645883,E5,88
hicaz_uzzal,sarki,aksak,su_karsiki_dagda,dede_efendi,hicaz_uzzal--sarki--aksak--su_karsiki_dagda--dede_efendi.txt,259,13,-1,367,324.7181467181467,336.0,42.86685826646624,368,36.125,0.0625,0.5,0.13947876447876448,0.125,0.06785449929397876,E5,73
hicaz_uzzal,sarki,aksak,terket_beni,fehmi_tokay,hicaz_uzzal--sarki--aksak--terket_beni--fehmi_tokay.txt,344,14,-1,371,323.2325581395349,336.0,55.77943327019495,372,44.375,0.03125,0.5,0.12899709302325582,0.125,0.09542616163236561,E5,55
hicaz_uzzal,sarki,aksaksemai,sezdim_dargin,rifat_ayaydin,hicaz_uzzal--sarki--aksaksemai--sezdim_dargin--rifat_ayaydin.txt,592,18,-1,371,330.25,336.0,25.872360128378723,372,72.625,0.03125,0.875,0.12267736486486487,0.125,0.0888488723185458,E5,98
hicaz_uzzal,sarki,curcuna,acaba_sen_misin,bimen_sen,hicaz_uzzal--sarki--curcuna--acaba_sen_misin--bimen_sen.txt,290,12,-1,367,295.80689655172415,327.0,104.23358759403241,368,59.125,0.0625,1.125,0.2038793103448276,0.125,0.14934268639194048,E5,39
hicaz_uzzal,sarki,curcuna,bahar_olsa,fahri_kopuz,hicaz_uzzal--sarki--curcuna--bahar_olsa--fahri_kopuz.txt,434,21,-1,375,316.8456221198157,336.0,81.85477841789702,376,70.75,0.041666666666666664,0.75,0.1630184331797235,0.125,0.11076888553548872,E5,81
hicaz_uzzal,sarki,curcuna,ne_kustun,sekerci_cemil_bey,hicaz_uzzal--sarki--curcuna--ne_kustun--sekerci_cemil_bey.txt,225,15,-1,371,319.2,336.0,63.74936974478369,372,40.125,0.0625,0.875,0.17833333333333334,0.125,0.12827009786365792,E5,39
hicaz_uzzal,sarki,curcuna,sen_hep,selahattin_inal,hicaz_uzzal--sarki--curcuna--sen_hep--selahattin_inal.txt,402,15,-1,371,325.7860696517413,336.0,54.69497375983146,372,52.0,0.0625,1.25,0.12935323383084577,0.125,0.14572733857779613,E5,75
hicaz_uzzal,sarki,curcuna,sislendi_hava,rifat_bey,hicaz_uzzal--sarki--curcuna--sislendi_hava--rifat_bey.txt,325,13,-1,371,316.64307692307693,336.0,80.73269024660296,372,60.125,0.0625,0.625,0.185,0.125,0.10905652487258133,E5,53
hicaz_uzzal,sarki,devrihindi,asik_oldum,enderuni_ali_bey,hicaz_uzzal--sarki--devrihindi--asik_oldum--enderuni_ali_bey.txt,401,19,-1,380,331.2443890274314,336.0,44.35386256785625,381,63.25,0.0625,0.75,0.15773067331670823,0.125,0.09458094962409457,E5,63
hicaz_uzzal,sarki,devrihindi,kuse-i_nisyana,aleko_bacanos,hicaz_uzzal--sarki--devrihindi--kuse-i_nisyana--aleko_bacanos.txt,469,14,0,375,331.3923240938166,336.0,22.460022050906748,375,58.0,0.0625,0.5,0.12366737739872068,0.08333333333333333,0.10391744145532109,E5,81
hicaz_uzzal,sarki,devrihindi,leblerinde_kivrilan,emin_ongan,hicaz_uzzal--sarki--devrihindi--leblerinde_kivrilan--emin_ongan.txt,358,14,-1,371,333.49441340782124,336.0,38.73632364877975,372,48.625,0.03125,0.5,0.13582402234636873,0.125,0.10103463130480422,E5,67
hicaz_uzzal,sarki,devrisureyya,kuru_dallar,ismet_burkay,hicaz_uzzal--sarki--devrisureyya--kuru_dallar--ismet_burkay.txt,378,17,-1,380,329.8941798941799,340.0,54.523685437879436,381,48.875,0.041666666666666664,0.5,0.1292989417989418,0.125,0.08960373100895498,F5#4,63
hicaz_uzzal,sarki,duyek,aci_nedir,erol_sayan,hicaz_uzzal--sarki--duyek--aci_nedir--erol_sayan.txt,462,12,-1,371,316.35714285714283,336.0,74.37525874730065,372,88.125,0.0625,0.5,0.19074675324675325,0.125,0.11976402476194495,E5,86
hicaz_uzzal,sarki,duyek,anilsin_yar,semseddin_ziya_bey,hicaz_uzzal--sarki--duyek--anilsin_yar--semseddin_ziya_bey.txt,475,14,-1,371,332.21473684210525,336.0,31.593144613772147,372,44.125,0.03125,0.375,0.09289473684210527,0.0625,0.06094188171466543,E5,72
hicaz_uzzal,sarki,duyek,artik_bu,alaeddin_yavasca,hicaz_uzzal--sarki--duyek--artik_bu--alaeddin_yavasca.txt,697,17,-1,380,326.1535150645624,336.0,57.40047075540984,381,85.125,0.0625,0.75,0.12213055954088953,0.0625,0.10130398815408058,G5,99
hicaz_uzzal,sarki,duyek,ciksam_su,arif_sami_toker,hicaz_uzzal--sarki--duyek--ciksam_su--arif_sami_toker.txt,338,13,-1,363,321.7810650887574,336.0,61.005953856848116,364,50.375,0.020833333333333332,1.0,0.14903846153846154,0.08333333333333333,0.1729038925483115,E5,75
hicaz_uzzal,sarki,duyek,deli_gonul,sadettin_kaynak,hicaz_uzzal--sarki--duyek--deli_gonul--sadettin_kaynak.txt,243,11,-1,358,298.22222222222223,336.0,102.51635628418093,359,37.125,0.0625,1.875,0.1527777777777778,0.125,0.18938446946021542,G5,43
hicaz_uzzal,sarki,duyek,gel_sevgilim,arif_sami_toker,hicaz_uzzal--sarki--duyek--gel_sevgilim--arif_sami_toker.txt,679,18,-1,389,324.97938144329896,336.0,58.39583307532119,390,69.125,0.03125,0.5,0.1018041237113402,0.0625,0.07482647853895846,E5,105
hicaz_uzzal,sarki,duyek,gonlumun_sarkisini,muzaffer_ilkar,hicaz_uzzal--sarki--duyek--gonlumun_sarkisini--muzaffer_ilkar.txt,513,17,-1,380,314.9785575048733,336.0,84.48047532534599,381,66.125,0.0625,0.5,0.12889863547758285,0.125,0.08414337685895541,E5,82
hicaz_uzzal,sarki,duyek,muhabbet_bagina,sadettin_kaynak,hicaz_uzzal--sarki--duyek--muhabbet_bagina--sadettin_kaynak.txt,259,12,-1,367,301.4633204633205,336.0,95.60542299059641,368,38.125,0.0625,0.75,0.1472007722007722,0.125,0.11406377516811787,E5,60
hicaz_uzzal,sarki,duyek,ne_gelen,ziya_taskent,hicaz_uzzal--sarki--duyek--ne_gelen--ziya_taskent.txt,355,13,-1,380,306.4788732394366,327.0,89.6797281911823,381,44.125,0.0625,0.5,0.12429577464788732,0.0625,0.10173476153832478,D5,67
hicaz_uzzal,sarki,duyek,sarkilardan_fal,erdogan_berker,hicaz_uzzal--sarki--duyek--sarkilardan_fal--erdogan_berker.txt,460,15,-1,380,305.8782608695652,336.0,103.88137593968104,381,69.125,0.03125,0.5,0.1502717391304348,0.125,0.09087088217853756,A5,68
hicaz_uzzal,sarki,duyek,sorulmasin_bana,lemi_atli,hicaz_uzzal--sarki--duyek--sorulmasin_bana--lemi_atli.txt,321,17,-1,380,331.0934579439252,336.0,37.40075184161085,381,39.625,0.041666666666666664,0.5,0.1234423676012461,0.0625,0.11095220466583924,D5,46
hicaz_uzzal,sarki,gulsen,ac_kalbimi,hanefi_ozbek,hicaz_uzzal--sarki--gulsen--ac_kalbimi--hanefi_ozbek.txt,164,9,0,358,328.5,327.0,28.892120054211908,358,24.125,0.0625,0.375,0.14710365853658536,0.125,0.10378752888558994,E5,39
hicaz_uzzal,sarki,kapali_curcuna,nicin_bulbul,rifat_bey,hicaz_uzzal--sarki--kapali_curcuna--nicin_bulbul--rifat_bey.txt,506,15,-1,371,320.94466403162056,336.0,64.13263562079044,372,90.125,0.125,1.125,0.17811264822134387,0.125,0.128013942457328,E5,83
hicaz_uzzal,sarki,musemmen,kamer_cehre,haci_arif_bey,hicaz_uzzal--sarki--musemmen--kamer_cehre--haci_arif_bey.txt,237,13,-1,371,314.1645569620253,336.0,89.6169953586495,372,34.375,0.0625,0.5,0.145042194092827,0.125,0.10480610786596847,A5,36
hicaz_uzzal,sarki,musemmen,nevbahar-i_vuslatin,lemi_atli,hicaz_uzzal--sarki--musemmen--nevbahar-i_vuslatin--lemi_atli.txt,408,18,-1,374,324.77450980392155,336.0,44.803838213684735,375,55.125,0.03125,0.625,0.13511029411764705,0.125,0.11180011655113309,E5,61
hicaz_uzzal,sarki,nimsofyan,yar_saclari,yesari_asim_arsoy,hicaz_uzzal--sarki--nimsofyan--yar_saclari--yesari_asim_arsoy.txt,306,11,-1,366,330.4542483660131,336.0,45.66814937281904,367,36.25,0.0625,0.5,0.1184640522875817,0.125,0.07461080668386402,E5,57
hicaz_uzzal,sarki,semai,bir_dunya,erol_sayan,hicaz_uzzal--sarki--semai--bir_dunya--erol_sayan.txt,381,14,-1,374,324.6771653543307,336.0,53.2144937552529,375,100.75,0.0625,1.5,0.26443569553805774,0.125,0.26678201072934293,E5,77
hicaz_uzzal,sarki,semai,ey_mehlika,muallim_ismail_hakki_bey,hicaz_uzzal--sarki--semai--ey_mehlika--muallim_ismail_hakki_bey.txt,247,10,-1,367,320.1174089068826,327.0,56.551853863271056,368,72.25,0.125,1.25,0.2925101214574899,0.25,0.24634435978184413,E5,55
hicaz_uzzal,sarki,semai,gun_be_gun,avni_anil,hicaz_uzzal--sarki--semai--gun_be_gun--avni_anil.txt,697,10,-1,363,334.36728837876615,336.0,26.88438353092172,364,193.75,0.125,1.5,0.2779770444763271,0.25,0.22787734788518002,E5,156
hicaz_uzzal,sarki,semai,nasil_gecti,teoman_alpay,hicaz_uzzal--sarki--semai--nasil_gecti--teoman_alpay.txt,294,12,-1,367,300.3673469387755,327.0,97.09153217226724,368,96.25,0.125,1.25,0.3273809523809524,0.25,0.25976382902830186,E5,55
hicaz_uzzal,sarki,senginsemai,derdimi_arz,enderuni_ali_bey,hicaz_uzzal--sarki--senginsemai--derdimi_arz--enderuni_ali_bey.txt,421,15,-1,367,323.91211401425176,327.0,42.96282302671771,368,54.25,0.0625,0.5,0.12885985748218529,0.125,0.09069395464170182,E5,77
hicaz_uzzal,sarki,senginsemai,nesem_emelim,lemi_atli,hicaz_uzzal--sarki--senginsemai--nesem_emelim--lemi_atli.txt,533,14,-1,371,324.41651031894935,336.0,69.33263418468394,372,65.25,0.03125,0.5,0.1224202626641651,0.0625,0.10160873847887898,E5,91
hicaz_uzzal,sarki,senginsemai,yillar_ne_cabuk,bimen_sen,hicaz_uzzal--sarki--senginsemai--yillar_ne_cabuk--bimen_sen.txt,519,16,0,380,332.4450867052023,336.0,23.651107256565805,380,72.25,0.0625,0.5,0.13921001926782273,0.0625,0.1219825064037153,E5,86
hicaz_uzzal,sarki,sofyan,egilmez_basin,kaptanzade_ali_riza_bey,hicaz_uzzal--sarki--sofyan--egilmez_basin--kaptanzade_ali_riza_bey.txt,404,14,-1,363,312.2475247524753,327.0,61.77766200168089,364,48.25,0.0625,0.875,0.11943069306930693,0.0625,0.11801153431667824,D5,75
hicaz_uzzal,sarki,turkaksagi,gel_nazli,udi_hrant,hicaz_uzzal--sarki--turkaksagi--gel_nazli--udi_hrant.txt,478,15,-1,380,324.3723849372385,336.0,60.638111246970254,381,69.5,0.03125,0.75,0.14539748953974896,0.125,0.11126574176573616,E5,89
hicaz_uzzal,sarki,turkaksagi,gonlum_yarali,kadri_sencalar,hicaz_uzzal--sarki--turkaksagi--gonlum_yarali--kadri_sencalar.txt,457,13,-1,371,329.8512035010941,336.0,31.251943161974516,372,39.75,0.03125,0.375,0.08698030634573305,0.0625,0.06382605524144293,D5,84
hicaz_uzzal,sarki,turkaksagi,kendine_nicin,medeni_aziz_efendi,hicaz_uzzal--sarki--turkaksagi--kendine_nicin--medeni_aziz_efendi.txt,311,13,-1,371,321.0032154340836,336.0,60.69939141918879,372,30.125,0.0625,0.25,0.09686495176848875,0.0625,0.061788030680714305,E5,65
hicaz_uzzal,sarki,turkaksagi,solsan_da_sararsan,misirli_udi_ibrahim_efendi,hicaz_uzzal--sarki--turkaksagi--solsan_da_sararsan--misirli_udi_ibrahim_efendi.txt,465,11,-1,367,327.94193548387096,336.0,57.57475336199109,368,44.75,0.03125,0.375,0.09623655913978495,0.0625,0.07108238974466971,E5,80
hicaz_uzzal,sarki,yuruksemai,affeyle_sucum,sevki_bey,hicaz_uzzal--sarki--yuruksemai--affeyle_sucum--sevki_bey.txt,304,13,-1,380,332.98026315789474,336.0,41.37464193573229,381,59.25,0.0625,0.5,0.19490131578947367,0.125,0.10948099190737204,E5,64
hicaz_uzzal,sarki,yuruksemai_ii,ey_but-i,dede_efendi,hicaz_uzzal--sarki--yuruksemai_ii--ey_but-i--dede_efendi.txt,229,11,-1,362,320.2008733624454,336.0,70.24040047496182,363,29.375,0.0625,0.375,0.12827510917030568,0.125,0.06510092259978573,E5,47
hicaz_uzzal,sazsemaisi,aksaksemai,,-munir_mazhar_kamsoy,hicaz_uzzal--sazsemaisi--aksaksemai-----munir_mazhar_kamsoy.txt,788,24,-1,389,323.63324873096445,336.0,52.92171352328331,390,99.0,0.03125,1.25,0.12563451776649745,0.0625,0.11482978346780197,E5,106
hicaz_uzzal,sazsemaisi,aksaksemai,,muhittin_erev,hicaz_uzzal--sazsemaisi--aksaksemai----muhittin_erev.txt,650,20,-1,380,323.00307692307695,336.0,66.7871535058556,381,93.5,0.0625,1.25,0.14384615384615385,0.0625,0.14018208286555323,E5,108
hicaz_uzzal,seyir,duyek,1,ismail_hakki_ozkan,hicaz_uzzal--seyir--duyek--1--ismail_hakki_ozkan.txt,107,12,-1,371,325.5327102803738,336.0,48.20911949997055,372,12.0,0.03125,0.5,0.11214953271028037,0.0625,0.0855227740537867,E5,20
hicaz_uzzal,seyir,duyek,1,sefik_gurmeric,hicaz_uzzal--seyir--duyek--1--sefik_gurmeric.txt,76,11,-1,371,314.38157894736844,336.0,85.80815300894791,372,10.0,0.0625,0.5,0.13157894736842105,0.125,0.08695002597782164,E5,14
hicaz_uzzal,seyir,senginsemai,1,erol_bingol,hicaz_uzzal--seyir--senginsemai--1--erol_bingol.txt,51,10,-1,367,327.4313725490196,336.0,49.071072905311865,368,12.0,0.0625,0.75,0.23529411764705882,0.25,0.14873856851773812,E5,11
hicaz_uzzal,turku,aksak,ihtiyatlar_silah,,hicaz_uzzal--turku--aksak--ihtiyatlar_silah--.txt,357,11,-1,358,325.0560224089636,336.0,39.02530436477775,359,46.25,0.0625,1.0,0.12955182072829133,0.125,0.09486153112810151,E5,88
hicaz_uzzal,turku,curcuna,evlerinde_bir,gaziantep,hicaz_uzzal--turku--curcuna--evlerinde_bir--gaziantep.txt,270,10,0,358,335.3666666666667,336.0,24.88954782791497,358,39.75,0.0625,0.375,0.14722222222222223,0.125,0.07575518189301061,E5,73
hicaz_uzzal,turku,evfer,feracemi_al,burdur,hicaz_uzzal--turku--evfer--feracemi_al--burdur.txt,330,13,-1,371,327.6757575757576,336.0,47.1012072735719,372,24.875,0.03125,0.375,0.07537878787878788,0.0625,0.04945416813825364,E5,83
hicaz_uzzal,turku,nimsofyan,daglar_daglar,,hicaz_uzzal--turku--nimsofyan--daglar_daglar--.txt,340,10,0,358,323.17058823529413,322.0,22.70317027764863,358,35.25,0.03125,0.5,0.1036764705882353,0.0625,0.07751316686637179,D5,62
hicaz_uzzal,turku,sofyan,ela_gozlerine,sadettin_kaynak,hicaz_uzzal--turku--sofyan--ela_gozlerine--sadettin_kaynak.txt,733,12,-1,367,330.10914051841746,340.0,53.429352628940904,368,84.25,0.0625,0.75,0.11493860845839017,0.125,0.07857636323863304,G5,152
hicaz_uzzal,yuruksemai,yuruksemai,terk_eyledi,zaharya,hicaz_uzzal--yuruksemai--yuruksemai--terk_eyledi--zaharya.txt,502,14,-1,367,310.8804780876494,327.0,75.88094505030274,368,138.25,0.0625,1.25,0.27539840637450197,0.25,0.224794407373221,E5,125
hicaz_uzzal,yuruksemai,yuruksemai,yakut_mine,cinucen_tanrikorur,hicaz_uzzal--yuruksemai--yuruksemai--yakut_mine--cinucen_tanrikorur.txt,456,13,-1,366,311.25657894736844,336.0,78.79821189837094,367,111.25,0.0625,1.0,0.24396929824561403,0.25,0.1501798292268728,E5,75
hicaz_uzzal,zeybek,agiraksak,harmandali,ege,hicaz_uzzal--zeybek--agiraksak--harmandali--ege.txt,411,10,-1,358,315.4160583941606,327.0,59.40805262848444,359,40.75,0.03125,0.5,0.09914841849148419,0.0625,0.07150679136213123,D5,70
hicaz_uzzal,zeybek,aksak,,izmir,hicaz_uzzal--zeybek--aksak----izmir.txt,415,10,0,358,326.8144578313253,327.0,23.50478999661672,358,31.625,0.0625,0.125,0.07620481927710844,0.0625,0.025891010431478192,E5,68
hicaz_zemzeme,sarki,aksak,gideyim_de,muallim_ismail_hakki_bey,hicaz_zemzeme--sarki--aksak--gideyim_de--muallim_ismail_hakki_bey.txt,209,15,-1,349,298.8421052631579,309.0,61.75563620625138,350,26.75,0.03125,0.25,0.12799043062200957,0.125,0.05456227611907739,A4,55
hicaz_zirgule,aranagme,aydin,1,,hicaz_zirgule--aranagme--aydin--1--.txt,74,7,-1,340,275.0405405405405,310.0,110.44585100936688,341,13.625,0.0625,0.75,0.18412162162162163,0.125,0.09643245243311935,A4,20
hicaz_zirgule,ilahi,sofyan,hak_serleri,,hicaz_zirgule--ilahi--sofyan--hak_serleri--.txt,255,7,-1,340,280.4235294117647,305.0,93.44901045181454,341,42.25,0.0625,0.5,0.16568627450980392,0.125,0.10165471320298455,A4,98
hicaz_zirgule,ilahi,sofyan,hic_bulunmaz,husnu_sarier,hicaz_zirgule--ilahi--sofyan--hic_bulunmaz--husnu_sarier.txt,272,9,-1,358,313.1764705882353,336.0,77.38821313924196,359,31.25,0.0625,0.375,0.11488970588235294,0.0625,0.07880880200659006,E5,69
hicaz_zirgule,kupe,duyek,basladi,ahmet_avni_konuk,hicaz_zirgule--kupe--duyek--basladi--ahmet_avni_konuk.txt,90,11,-1,358,299.8222222222222,310.0,74.65991475625148,359,16.0,0.0625,0.5,0.17777777777777778,0.125,0.1025958338267288,A4,20
hicaz_zirgule,sarki,agiraksak,var_mi_sen_gibi,sivelioglu_yorgaki,hicaz_zirgule--sarki--agiraksak--var_mi_sen_gibi--sivelioglu_yorgaki.txt,270,18,-1,371,324.1666666666667,336.0,56.31217753106306,372,33.625,0.0625,0.5,0.12453703703703704,0.125,0.08936745142437398,D5,41
hicaz_zirgule,sarki,aksak,alemde_ey,haci_arif_bey,hicaz_zirgule--sarki--aksak--alemde_ey--haci_arif_bey.txt,362,15,-1,371,302.6933701657459,322.0,82.34437120039786,372,54.125,0.0625,0.5,0.14951657458563536,0.125,0.06347050704609447,D5,58
hicaz_zirgule,sarki,aksak,beni_canimdan,muzaffer_ilkar,hicaz_zirgule--sarki--aksak--beni_canimdan--muzaffer_ilkar.txt,473,12,-1,367,314.75475687103597,327.0,69.89443540987304,368,54.125,0.0625,0.375,0.11442917547568711,0.0625,0.07700303176645384,E5,86
hicaz_zirgule,sarki,aksak,ey_sevgilim,erdinc_celikkol,hicaz_zirgule--sarki--aksak--ey_sevgilim--erdinc_celikkol.txt,285,15,0,380,330.3157894736842,336.0,28.714450093652754,380,63.125,0.0625,0.5,0.22149122807017543,0.125,0.13579598704983387,B4b4,46
hicaz_zirgule,sarki,duyek,gonlumde_acmadan,sekip_ayhan_ozisik,hicaz_zirgule--sarki--duyek--gonlumde_acmadan--sekip_ayhan_ozisik.txt,431,12,-1,363,287.7726218097448,322.0,99.98606550516503,364,142.125,0.125,1.0,0.3297563805104408,0.125,0.308876431301978,A4,70
hicaz_zirgule,sarki,duyek,gozlerimden_yuzun,muzaffer_ilkar,hicaz_zirgule--sarki--duyek--gozlerimden_yuzun--muzaffer_ilkar.txt,658,13,-1,363,310.1565349544073,327.0,75.49502666797139,364,136.25,0.0625,1.0,0.20706686930091187,0.125,0.14110571126652025,D5,106
hicaz_zirgule,sarki,duyek,guruba_yaklasan,alaeddin_yavasca,hicaz_zirgule--sarki--duyek--guruba_yaklasan--alaeddin_yavasca.txt,391,15,-1,375,303.44757033248084,327.0,91.25844780273019,376,78.125,0.0625,1.0,0.19980818414322252,0.125,0.11815540737445075,E5,49
hicaz_zirgule,sarki,duyek,icimdeki_askin,muzaffer_ilkar,hicaz_zirgule--sarki--duyek--icimdeki_askin--muzaffer_ilkar.txt,453,12,-1,363,311.5011037527594,327.0,73.9507616840171,364,72.125,0.0625,0.625,0.15921633554083886,0.125,0.11710759618228093,D5,79
hicaz_zirgule,sarki,duyek,ne_bos,sadettin_kaynak,hicaz_zirgule--sarki--duyek--ne_bos--sadettin_kaynak.txt,322,11,-1,349,298.61801242236027,310.0,76.29688723430796,350,38.125,0.03125,0.75,0.11840062111801242,0.0625,0.1109133273480407,C5#4,63
hicaz_zirgule,sarki,duyek,son_umidim,sadettin_kaynak,hicaz_zirgule--sarki--duyek--son_umidim--sadettin_kaynak.txt,299,13,-1,363,284.67224080267556,310.0,102.22852213011916,364,48.125,0.03125,0.5,0.1609531772575251,0.125,0.1099387351429768,A4,54
hicaz_zirgule,sarki,nimsofyan,bakislarin_kivilcim,alaeddin_yavasca,hicaz_zirgule--sarki--nimsofyan--bakislarin_kivilcim--alaeddin_yavasca.txt,264,14,-1,358,291.844696969697,310.0,92.16996683008601,359,36.25,0.0625,0.375,0.13731060606060605,0.125,0.06469041602205522,A4,63
hicaz_zirgule,sarki,semai,evimizin_diregisin,danyal_manti,hicaz_zirgule--sarki--semai--evimizin_diregisin--danyal_manti.txt,123,10,0,349,320.3252032520325,327.0,33.31875264205256,349,42.25,0.125,0.75,0.3434959349593496,0.25,0.2144817762897099,D5,26
hicaz_zirgule,sarki,semai,hayat_atli,necdet_varol,hicaz_zirgule--sarki--semai--hayat_atli--necdet_varol.txt,578,14,-1,363,323.0847750865052,336.0,49.06097161605341,364,160.75,0.0625,1.25,0.2781141868512111,0.25,0.2311316237414483,E5,106
hicaz_zirgule,sazsemaisi,aksaksemai,,nayi_osman_dede,hicaz_zirgule--sazsemaisi--aksaksemai----nayi_osman_dede.txt,370,13,-1,358,291.572972972973,310.0,81.75289175876702,359,50.25,0.0625,1.5,0.1358108108108108,0.125,0.11626535807000159,A4,81
hicaz_zirgule,sazsemaisi,aksaksemai,1,ferit_sidal,hicaz_zirgule--sazsemaisi--aksaksemai--1--ferit_sidal.txt,311,18,-1,380,312.55627009646304,336.0,82.40577738267471,381,43.375,0.03125,1.25,0.13946945337620578,0.125,0.09616061974478035,E5,54
hicaz_zirgule,seyir,duyek,1,ismail_hakki_ozkan,hicaz_zirgule--seyir--duyek--1--ismail_hakki_ozkan.txt,80,17,-1,367,304.1375,324.5,81.45057424170683,368,12.0,0.0625,0.5,0.15,0.125,0.09974254834004938,D5,12
hicaz_zirgule,seyir,sofyan,1,erol_bingol,hicaz_zirgule--seyir--sofyan--1--erol_bingol.txt,51,11,296,371,331.5882352941176,336.0,19.89087878459696,75,8.0,0.0625,0.5,0.1568627450980392,0.125,0.11817131963515397,E5,9
hicaz_zirgule,seyir,sofyan,1,sefik_gurmeric,hicaz_zirgule--seyir--sofyan--1--sefik_gurmeric.txt,82,14,-1,363,310.4756097560976,327.0,73.00384322874254,364,14.0,0.0625,1.0,0.17073170731707318,0.125,0.13431667930774255,E5,15
hicaz_zirgule,tevsihilahi,evsat_4,tende_canim,calakzade_mustafa_efendi,hicaz_zirgule--tevsihilahi--evsat_4--tende_canim--calakzade_mustafa_efendi.txt,301,15,-1,367,332.56810631229234,336.0,41.424544005561,368,52.25,0.0625,1.0,0.17358803986710963,0.125,0.11536210985332983,E5,62
hicaz_zirgule,turku,curcuna,kapiyi_calan,urfa,hicaz_zirgule--turku--curcuna--kapiyi_calan--urfa.txt,395,6,-1,341,313.5367088607595,321.0,51.61061300670352,342,50.0,0.03125,0.625,0.12658227848101267,0.125,0.09253014372721705,D5,132
hicaz_zirgule,turku,evfer,kirda_erik,ankara,hicaz_zirgule--turku--evfer--kirda_erik--ankara.txt,135,9,-1,341,299.9555555555556,309.0,66.05525351864858,342,18.875,0.0625,0.25,0.1398148148148148,0.125,0.05621755252338172,A4,49
hicaz_zirgule,turku,sofyan,ana_gelbim,ali_ekber_tagiyev,hicaz_zirgule--turku--sofyan--ana_gelbim--ali_ekber_tagiyev.txt,301,10,-1,358,280.9435215946844,322.0,108.10587464560085,359,54.25,0.0625,0.5,0.18023255813953487,0.125,0.09192177328087603,D5,56
hicaz_zirgule,zeybek,agiraksak,odemis_baglarinda,neveser_kokdes,hicaz_zirgule--zeybek--agiraksak--odemis_baglarinda--neveser_kokdes.txt,173,14,-1,367,309.9306358381503,322.0,61.974824578776364,368,22.75,0.03125,0.5,0.1315028901734104,0.0625,0.1137893619234556,A4,34
hicazasiran,beste,cenber,gonlumu_viran,zekai_dede,hicazasiran--beste--cenber--gonlumu_viran--zekai_dede.txt,653,18,-1,367,299.39509954058195,318.0,73.68156140640674,368,88.75,0.0625,0.5,0.13591117917304749,0.125,0.09568234806202569,D5,118
hicazasiran,kupe,aksaksemai,mutriba,ahmet_avni_konuk,hicazasiran--kupe--aksaksemai--mutriba--ahmet_avni_konuk.txt,97,15,-1,358,302.9484536082474,321.0,72.88266413872893,359,10.0,0.03125,0.25,0.10309278350515463,0.0625,0.056726308835022846,C5#4,18
hicazasiran,seyir,sofyan,1,sefik_gurmeric,hicazasiran--seyir--sofyan--1--sefik_gurmeric.txt,99,15,-1,358,296.3131313131313,322.0,85.05900070726973,359,16.0,0.0625,1.0,0.16161616161616163,0.125,0.12457733633905549,E5,15
hicazbuselik,kupe,agiraksak,pek,ahmet_avni_konuk,hicazbuselik--kupe--agiraksak--pek--ahmet_avni_konuk.txt,105,12,-1,349,311.9714285714286,327.0,63.6887650312737,350,18.0,0.0625,0.5,0.17142857142857143,0.125,0.09730000268231252,D5,22
hicazeyn,pesrev,duyek,,huseyin_fahreddin_dede,hicazeyn--pesrev--duyek----huseyin_fahreddin_dede.txt,414,16,-1,349,280.65700483091786,302.5,80.40465598359445,350,56.125,0.0625,0.5,0.13556763285024154,0.125,0.06987132078321392,A4,70
hicaziussak,nefes,bektasiraksi,onume_bir,pir_sultan_abdal,hicaziussak--nefes--bektasiraksi--onume_bir--pir_sultan_abdal.txt,207,8,-1,336,281.0096618357488,310.0,95.4123391878774,337,40.125,0.125,0.375,0.19384057971014493,0.125,0.08317929339774258,A4,40
hicazkar,agirsemai,aksaksemai,benim_servi,bolahenk_nuri_bey,hicazkar--agirsemai--aksaksemai--benim_servi--bolahenk_nuri_bey.txt,793,17,0,371,329.83354350567464,327.0,22.017441081933214,371,70.125,0.03125,0.375,0.08843001261034047,0.0625,0.06128492217902981,C5,118
hicazkar,aranagme,aksak,1,,hicazkar--aranagme--aksak--1--.txt,131,11,-1,354,329.2977099236641,335.0,43.88668882763508,355,9.125,0.0625,0.375,0.06965648854961833,0.0625,0.034356394767510484,G5,25
hicazkar,aranagme,aksak,1,muallim_ismail_hakki_bey,hicazkar--aranagme--aksak--1--muallim_ismail_hakki_bey.txt,436,14,-1,362,316.51605504587155,327.0,66.26819225587288,363,40.625,0.0625,0.25,0.09317660550458716,0.0625,0.04593412077573073,G5,69
hicazkar,aranagme,curcuna,1,,hicazkar--aranagme--curcuna--1--.txt,107,12,0,362,327.3738317757009,332.0,37.81671871572499,362,21.375,0.0625,1.25,0.19976635514018692,0.125,0.22834245133956033,G5,20
hicazkar,aranagme,duyek,,,hicazkar--aranagme--duyek----.txt,81,9,0,349,318.5925925925926,327.0,38.90654757806769,349,8.125,0.0625,0.5,0.10030864197530864,0.0625,0.10158846415505413,D5,20
hicazkar,aranagme,sofyan,1,,hicazkar--aranagme--sofyan--1--.txt,81,9,0,349,318.5925925925926,327.0,38.90654757806769,349,8.25,0.0625,0.5,0.10185185185185185,0.0625,0.10290907529357057,D5,20
hicazkar,beste,devrikebir,ey_sehensah-i,sadullah_aga,hicazkar--beste--devrikebir--ey_sehensah-i--sadullah_aga.txt,1313,19,-1,371,308.84310738766186,327.0,80.24544892555348,372,170.0,0.0625,0.5,0.12947448591012947,0.125,0.08581217256202957,D5,196
hicazkar,beste,yuruksemai,bulbul_gibi,zekai_dede,hicazkar--beste--yuruksemai--bulbul_gibi--zekai_dede.txt,431,12,-1,362,317.9953596287703,327.0,62.595824043774705,363,91.75,0.125,1.0,0.212877030162413,0.125,0.13343435353655253,D5,89
hicazkar,fantezi,duyek,aldi_beni,corlulu_asik,hicazkar--fantezi--duyek--aldi_beni--corlulu_asik.txt,423,19,-1,371,325.9574468085106,327.0,34.34123556042322,372,49.125,0.03125,0.875,0.11613475177304965,0.0625,0.09616216302428585,G5,57
hicazkar,kocekce,aksak,bekliyorum_salinarak,muallim_ismail_hakki_bey,hicazkar--kocekce--aksak--bekliyorum_salinarak--muallim_ismail_hakki_bey.txt,446,15,-1,371,311.304932735426,332.0,85.60684275322413,372,54.125,0.0625,0.375,0.12135650224215247,0.125,0.0594394095450488,G5,74
hicazkar,kocekce,aksak,gece_gunduz,muallim_ismail_hakki_bey,hicazkar--kocekce--aksak--gece_gunduz--muallim_ismail_hakki_bey.txt,352,14,-1,371,309.53977272727275,329.5,84.0008384706121,372,37.25,0.0625,0.5,0.10582386363636363,0.0625,0.08067774840080805,G5,52
hicazkar,kocekce,aydin,yabandan_geldim,muallim_ismail_hakki_bey,hicazkar--kocekce--aydin--yabandan_geldim--muallim_ismail_hakki_bey.txt,335,15,-1,371,311.68059701492535,327.0,76.55264760888373,372,49.625,0.0625,0.375,0.14813432835820894,0.125,0.05386683667605396,G5,56
hicazkar,kocekce,ciftesofyan,nicin_sevdim,muallim_ismail_hakki_bey,hicazkar--kocekce--ciftesofyan--nicin_sevdim--muallim_ismail_hakki_bey.txt,539,15,-1,362,306.55102040816325,327.0,86.44809933751208,363,95.75,0.0625,0.75,0.17764378478664192,0.125,0.07024479378079743,D5,89
hicazkar,kocekce,devrihindi,ay_mi,muallim_ismail_hakki_bey,hicazkar--kocekce--devrihindi--ay_mi--muallim_ismail_hakki_bey.txt,317,16,-1,371,318.1577287066246,340.0,84.03416487186017,372,43.0,0.0625,0.625,0.13564668769716087,0.125,0.07415142156216652,G5,77
hicazkar,kocekce,devrituran,dag_basinda,muallim_ismail_hakki_bey,hicazkar--kocekce--devrituran--dag_basinda--muallim_ismail_hakki_bey.txt,376,12,-1,362,314.7074468085106,334.0,85.31584954975929,363,69.125,0.0625,1.0,0.18384308510638298,0.125,0.0800203597762682,G5,85
hicazkar,kocekce,raksaksagi,her_gun,ismail_hakki_bey,hicazkar--kocekce--raksaksagi--her_gun--ismail_hakki_bey.txt,296,14,-1,362,302.68581081081084,327.0,95.67674708923609,363,54.125,0.125,0.625,0.18285472972972974,0.125,0.06733077351627254,C5,52
hicazkar,kosma,sofyan,melin_mahzun,muallim_ismail_hakki_bey,hicazkar--kosma--sofyan--melin_mahzun--muallim_ismail_hakki_bey.txt,470,16,-1,371,310.27659574468083,334.0,90.98131257490897,372,62.25,0.0625,0.375,0.1324468085106383,0.125,0.05393989330732772,G5,80
hicazkar,kupe,devrirevanihindi,dun_gece,ahmet_avni_konuk,hicazkar--kupe--devrirevanihindi--dun_gece--ahmet_avni_konuk.txt,118,15,-1,371,314.8135593220339,332.0,81.74255491883554,372,14.0,0.0625,0.5,0.11864406779661017,0.0625,0.09222941717184713,G5,19
hicazkar,nakis,lenkfahte,hicr-i_lebinde,zekai_dede,hicazkar--nakis--lenkfahte--hicr-i_lebinde--zekai_dede.txt,392,23,-1,362,300.10714285714283,318.0,83.77847265746979,363,70.25,0.0625,0.75,0.17920918367346939,0.125,0.11427372516580758,C5,58
hicazkar,pesrev,agirduyek,,dede_salih_efendi,hicazkar--pesrev--agirduyek----dede_salih_efendi.txt,523,21,-1,380,322.9827915869981,327.0,47.43301074042133,381,79.5,0.0625,1.0,0.15200764818355642,0.125,0.08316885457015748,D5,74
hicazkar,pesrev,berefsan,,gazi_giray_han,hicazkar--pesrev--berefsan----gazi_giray_han.txt,1226,15,-1,362,317.1068515497553,318.0,47.84375081234178,363,212.0,0.0625,0.75,0.1729200652528548,0.125,0.11345422343881509,D5,203
hicazkar,pesrev,devrikebir,,tanburi_buyuk_osman_bey,hicazkar--pesrev--devrikebir----tanburi_buyuk_osman_bey.txt,279,19,-1,371,332.3225806451613,332.0,27.179457418177623,372,28.0,0.0625,0.25,0.1003584229390681,0.0625,0.05838894204298975,G5,41
hicazkar,pesrev,muhammes,,tanburi_cemil_bey,hicazkar--pesrev--muhammes----tanburi_cemil_bey.txt,569,23,-1,397,329.47275922671355,334.0,50.66028509105597,398,72.25,0.0625,0.5,0.12697715289982425,0.125,0.06805378210489964,G5,86
hicazkar,sarki,agiraksak,ah_u,haci_arif_bey,hicazkar--sarki--agiraksak--ah_u--haci_arif_bey.txt,356,14,-1,362,314.59550561797755,327.0,65.9802734670438,363,63.25,0.0625,0.75,0.1776685393258427,0.125,0.11080777740420338,D5,54
hicazkar,sarki,agiraksak,bana_hem-dem,nikogos_aga,hicazkar--sarki--agiraksak--bana_hem-dem--nikogos_aga.txt,312,17,-1,371,318.0416666666667,332.0,66.51809845668828,372,45.25,0.0625,0.75,0.1450320512820513,0.125,0.10572612467533996,G5,48
hicazkar,sarki,agiraksak,gel_seninle,sadullah_efendi,hicazkar--sarki--agiraksak--gel_seninle--sadullah_efendi.txt,517,20,-1,371,318.715667311412,327.0,56.889107469121804,372,71.875,0.0625,0.5,0.13902321083172148,0.125,0.09240692175857491,D5,69
hicazkar,sarki,agiraksak,kirsa_bin_tel,bimen_sen,hicazkar--sarki--agiraksak--kirsa_bin_tel--bimen_sen.txt,548,21,-1,380,324.9215328467153,332.0,48.45034824242698,381,72.25,0.0625,0.75,0.13184306569343066,0.125,0.10271642780243545,G5,82
hicazkar,sarki,agiraksak,seni_candan,nasibin_mehmet_yuru,hicazkar--sarki--agiraksak--seni_candan--nasibin_mehmet_yuru.txt,677,15,-1,380,329.7621861152142,332.0,42.596717516057794,381,80.5,0.03125,0.5,0.1189069423929099,0.0625,0.08883067745134904,G5,98
hicazkar,sarki,agirduyek,can_ile_ben,sakir_aga,hicazkar--sarki--agirduyek--can_ile_ben--sakir_aga.txt,917,16,-1,366,319.3718647764449,327.0,53.7735851993052,367,102.0,0.03125,0.5,0.11123227917121047,0.125,0.06712241777405402,D5,170
hicazkar,sarki,agirduyek,sen_gibi,numan_aga,hicazkar--sarki--agirduyek--sen_gibi--numan_aga.txt,296,18,-1,371,314.7364864864865,327.0,75.05490523487966,372,31.5,0.03125,0.5,0.10641891891891891,0.0625,0.08033116686364489,D5,54
hicazkar,sarki,aksak,acil_ey_gonce,haci_arif_bey,hicazkar--sarki--aksak--acil_ey_gonce--haci_arif_bey.txt,389,12,-1,366,311.1516709511568,332.0,83.36511500952446,367,39.125,0.0625,1.0,0.1005784061696658,0.0625,0.08493849895465337,G5,68
hicazkar,sarki,aksak,bekledim_fecre,rakim_elkutlu,hicazkar--sarki--aksak--bekledim_fecre--rakim_elkutlu.txt,299,17,-1,371,333.5785953177257,335.0,36.7851964958966,372,37.25,0.0625,0.75,0.1245819397993311,0.0625,0.10933673959724038,G5,57
hicazkar,sarki,aksak,bir_yar,k_hafiz_yasar,hicazkar--sarki--aksak--bir_yar--k_hafiz_yasar.txt,382,12,-1,358,321.28795811518324,329.5,52.610147534874734,359,45.125,0.0625,1.0,0.1181282722513089,0.0625,0.09886693003603295,D5,66
hicazkar,sarki,aksak,ey_gul,tahir_aga,hicazkar--sarki--aksak--ey_gul--tahir_aga.txt,434,16,-1,371,311.1405529953917,327.0,76.58665677517422,372,63.0,0.0625,0.5,0.14516129032258066,0.125,0.08688742962308613,G5,55
hicazkar,sarki,aksak,nerdesin,leyla_saz,hicazkar--sarki--aksak--nerdesin--leyla_saz.txt,437,18,-1,366,324.52402745995425,332.0,49.7731781264426,367,44.75,0.03125,0.375,0.10240274599542334,0.0625,0.06872702618714009,D5,84
hicazkar,sarki,aksak,nolur_bir_an,mildan_niyazi_ayomak,hicazkar--sarki--aksak--nolur_bir_an--mildan_niyazi_ayomak.txt,427,19,-1,371,316.2037470725995,332.0,72.59983047492274,372,49.625,0.03125,0.375,0.11621779859484778,0.0625,0.08094636105417212,E5b4,68
hicazkar,sarki,aksak,oturmus_testi,muhlis_sabahaddin,hicazkar--sarki--aksak--oturmus_testi--muhlis_sabahaddin.txt,218,15,-1,371,311.01376146788994,327.0,74.69998237853191,372,31.625,0.0625,1.0,0.14506880733944955,0.125,0.12351675697227842,G5,27
hicazkar,sarki,aksak,severim_her,nefise_ozses,hicazkar--sarki--aksak--severim_her--nefise_ozses.txt,449,14,-1,380,334.6726057906459,344.0,39.72626405689205,381,44.75,0.0625,0.25,0.09966592427616927,0.0625,0.06362184928771637,G5,90
hicazkar,sarki,curcuna,ben_sana,corlulu_asik,hicazkar--sarki--curcuna--ben_sana--corlulu_asik.txt,439,13,-1,362,297.2687927107061,327.0,104.55136032714265,363,90.125,0.125,1.125,0.20529612756264237,0.125,0.1459171240308231,G5,78
hicazkar,sarki,curcuna,guldu_acildi,haci_arif_bey,hicazkar--sarki--curcuna--guldu_acildi--haci_arif_bey.txt,301,17,-1,371,323.3687707641196,327.0,42.128773478672215,372,57.625,0.0625,1.25,0.19144518272425248,0.125,0.13946515509276802,C5,42
hicazkar,sarki,curcuna,mestim_bu_gece,lavtaci_ovrik,hicazkar--sarki--curcuna--mestim_bu_gece--lavtaci_ovrik.txt,278,19,-1,380,326.65107913669067,340.0,62.53660746474413,381,60.125,0.0625,1.25,0.21627697841726617,0.125,0.18553668054889907,G5,57
hicazkar,sarki,curcuna,senelerce,sabri_suha_ansen,hicazkar--sarki--curcuna--senelerce--sabri_suha_ansen.txt,567,12,-1,366,325.657848324515,327.0,28.621621425592878,367,120.125,0.0625,1.25,0.21186067019400354,0.125,0.19674745697210866,E5b4,102
hicazkar,sarki,curcuna,usandirdi_felek,ahmet_mukerrem_akinci,hicazkar--sarki--curcuna--usandirdi_felek--ahmet_mukerrem_akinci.txt,309,17,-1,371,282.11003236245955,332.0,122.44866747032688,372,48.875,0.0625,0.375,0.1581715210355987,0.125,0.07065546724858714,G5,47
hicazkar,sarki,devrihindi,ey_verd-i,tahir_aga,hicazkar--sarki--devrihindi--ey_verd-i--tahir_aga.txt,215,13,-1,371,327.4139534883721,344.0,59.14034306818084,372,15.75,0.03125,0.25,0.07325581395348837,0.0625,0.042859034873006636,G5,36
hicazkar,sarki,devrihindi,gonlumu_ducar,sevki_bey,hicazkar--sarki--devrihindi--gonlumu_ducar--sevki_bey.txt,225,12,0,366,326.37333333333333,327.0,28.004196114154038,366,20.8125,0.03125,0.25,0.0925,0.0625,0.06349102685475663,D5,34
hicazkar,sarki,devrihindi,lezzet_almis,ahmet_mithat_gupgupoglu,hicazkar--sarki--devrihindi--lezzet_almis--ahmet_mithat_gupgupoglu.txt,315,14,-1,371,311.06666666666666,327.0,81.4041110716348,372,34.25,0.03125,0.375,0.10873015873015873,0.0625,0.07246872680421815,G5,59
hicazkar,sarki,devrihindi,seb_ta_seher,hasim_bey,hicazkar--sarki--devrihindi--seb_ta_seher--hasim_bey.txt,479,20,-1,371,318.2275574112735,327.0,54.10141175278801,372,44.25,0.0625,0.25,0.09237995824634655,0.0625,0.05742467045969103,D5,79
hicazkar,sarki,devrihindi_8,gizli_sevdim,tahir_aga,hicazkar--sarki--devrihindi_8--gizli_sevdim--tahir_aga.txt,399,13,-1,362,321.7092731829574,327.0,48.83420509395901,363,35.25,0.03125,0.25,0.08834586466165413,0.0625,0.05264979079456969,C5,71
hicazkar,sarki,duyek,aglatip_kustureceksen,alaattin_sensoy,hicazkar--sarki--duyek--aglatip_kustureceksen--alaattin_sensoy.txt,945,12,-1,371,329.42962962962963,332.0,33.43947812730097,372,103.0,0.0625,0.25,0.10899470899470899,0.125,0.05895773293490062,E5b4,158
hicazkar,sarki,duyek,beyhude_askina,nikogos_aga,hicazkar--sarki--duyek--beyhude_askina--nikogos_aga.txt,279,14,-1,371,312.78136200716847,327.0,66.16911141954328,372,28.0,0.03125,0.375,0.1003584229390681,0.0625,0.06877562721068675,D5,40
hicazkar,sarki,duyek,birer_birer,omer_sami_gupgup,hicazkar--sarki--duyek--birer_birer--omer_sami_gupgup.txt,405,15,-1,371,327.2864197530864,344.0,66.94209806495628,372,56.125,0.0625,0.5,0.13858024691358026,0.125,0.10204055010766806,G5,94
hicazkar,sarki,duyek,ciceklerin_guluyor,sadettin_kaynak,hicazkar--sarki--duyek--ciceklerin_guluyor--sadettin_kaynak.txt,818,17,-1,371,301.380195599022,332.0,96.98755588494083,372,101.625,0.03125,0.5,0.1242359413202934,0.125,0.0919380110418266,G5,121
hicazkar,sarki,duyek,cozmek_elinde,sadettin_kaynak,hicazkar--sarki--duyek--cozmek_elinde--sadettin_kaynak.txt,593,16,-1,380,295.4030354131535,332.0,105.88611515521096,381,72.125,0.03125,0.5,0.12162731871838112,0.125,0.0751081293071033,G5,90
hicazkar,sarki,duyek,gul_dalinda,neveser_kokdes,hicazkar--sarki--duyek--gul_dalinda--neveser_kokdes.txt,623,10,0,354,325.2680577849117,327.0,22.24882071190764,354,64.125,0.0625,0.5,0.10292937399678972,0.0625,0.0941114213800504,D5,108
hicazkar,sarki,duyek,harap_oldu,arif_sami_toker,hicazkar--sarki--duyek--harap_oldu--arif_sami_toker.txt,972,17,-1,371,320.3971193415638,335.0,63.59239336798016,372,148.5,0.0625,1.0,0.1527777777777778,0.125,0.11515001633341608,G5,156
hicazkar,sarki,duyek,kulagimdan_gitmiyor,ozcan_korkut,hicazkar--sarki--duyek--kulagimdan_gitmiyor--ozcan_korkut.txt,793,17,-1,371,310.5674653215637,332.0,79.9851678217364,372,94.125,0.03125,0.875,0.11869482976040353,0.08333333333333333,0.08396998896813637,G5,126
hicazkar,sarki,duyek,leyla_acep,sadettin_kaynak,hicazkar--sarki--duyek--leyla_acep--sadettin_kaynak.txt,524,23,-1,371,311.89694656488547,327.0,76.24939500890923,372,100.75,0.0625,1.0,0.1922709923664122,0.125,0.1801584796589443,D5,83
hicazkar,sarki,duyek,sen_gozlerinle,alaeddin_yavasca,hicazkar--sarki--duyek--sen_gozlerinle--alaeddin_yavasca.txt,488,20,-1,380,309.5389344262295,332.0,85.15562827669687,381,50.25,0.03125,0.5,0.10297131147540983,0.0625,0.06773765320150285,E5b4,79
hicazkar,sarki,duyek,serpil_yagmur,cevdet_cagla,hicazkar--sarki--duyek--serpil_yagmur--cevdet_cagla.txt,422,17,-1,380,330.3056872037915,349.0,64.29400193578365,381,56.125,0.03125,0.5,0.13299763033175355,0.125,0.10216460050385955,G5,86
hicazkar,sarki,duyek,visali_yar,rakim_elkutlu,hicazkar--sarki--duyek--visali_yar--rakim_elkutlu.txt,381,20,0,380,338.56692913385825,344.0,25.640199897975105,380,40.125,0.03125,0.5,0.10531496062992125,0.0625,0.08088044696358415,G5,65
hicazkar,sarki,duyek,yaziktir_etme,erol_sayan,hicazkar--sarki--duyek--yaziktir_etme--erol_sayan.txt,681,12,-1,363,323.0,327.0,34.242818053356736,364,111.25,0.0625,0.5,0.1633627019089574,0.125,0.11483059397516392,C5,114
hicazkar,sarki,duyek,yollari_gurbete,sadi_isilay,hicazkar--sarki--duyek--yollari_gurbete--sadi_isilay.txt,252,13,-1,354,290.95238095238096,318.0,102.59935285109677,355,53.0,0.041666666666666664,1.0,0.21031746031746032,0.125,0.20618796724031443,C5,40
hicazkar,sarki,duyek,yuzun_gullerden,sadettin_kaynak,hicazkar--sarki--duyek--yuzun_gullerden--sadettin_kaynak.txt,557,24,-1,371,284.9245960502693,318.0,108.39150024610288,372,72.125,0.03125,0.5,0.1294883303411131,0.125,0.0790581620332634,C5,75
hicazkar,sarki,evfer,hic_esin,zeki_mehmet_aga,hicazkar--sarki--evfer--hic_esin--zeki_mehmet_aga.txt,239,13,-1,371,323.10041841004187,327.0,46.05958827533205,372,21.375,0.03125,0.375,0.08943514644351465,0.0625,0.06145540911878675,D5,44
hicazkar,sarki,kapali_curcuna,bahar_geldi,muhlis_sabahaddin_ezgi,hicazkar--sarki--kapali_curcuna--bahar_geldi--muhlis_sabahaddin_ezgi.txt,479,16,-1,371,330.51356993736954,332.0,32.5656614397944,372,87.625,0.0625,1.25,0.18293319415448853,0.125,0.1689393064135505,G5,88
hicazkar,sarki,kapali_curcuna,mani_oluyor,tatyos_efendi,hicazkar--sarki--kapali_curcuna--mani_oluyor--tatyos_efendi.txt,375,16,-1,371,320.832,332.0,67.62863393816444,372,70.125,0.0625,1.125,0.187,0.125,0.1299559005826849,G5,81
hicazkar,sarki,katikofti,dus_olma,ahmet_mithat_gupgupoglu,hicazkar--sarki--katikofti--dus_olma--ahmet_mithat_gupgupoglu.txt,408,13,0,371,326.45098039215685,327.0,24.427349014411092,371,34.125,0.0625,0.1875,0.08363970588235294,0.0625,0.030875136373867705,D5,72
hicazkar,sarki,nimsofyan,camlica_yollari,amir_ates,hicazkar--sarki--nimsofyan--camlica_yollari--amir_ates.txt,290,13,-1,371,314.6275862068965,332.0,73.21820682564166,372,24.25,0.03125,0.5,0.08362068965517241,0.0625,0.04763587471723767,E5b4,45
hicazkar,sarki,oynak,cicekler_derleyeyim,muzaffer_ilkar,hicazkar--sarki--oynak--cicekler_derleyeyim--muzaffer_ilkar.txt,415,13,0,362,327.36385542168676,327.0,23.93388931125879,362,45.125,0.03125,0.25,0.10873493975903614,0.0625,0.059712441824393926,D5,74
hicazkar,sarki,semai,sari_mimozamsin,alaeddin_yavasca,hicazkar--sarki--semai--sari_mimozamsin--alaeddin_yavasca.txt,333,17,-1,380,320.036036036036,327.0,54.86400403230272,381,85.75,0.125,1.5,0.2575075075075075,0.25,0.1897206350695106,G5,46
hicazkar,sarki,semai,yoktur_zaman,latif_aga,hicazkar--sarki--semai--yoktur_zaman--latif_aga.txt,421,14,-1,363,322.1377672209026,340.0,68.63124391754454,364,96.25,0.125,0.75,0.22862232779097388,0.25,0.13414278950608283,G5,92
hicazkar,sarki,senginsemai,layik_mi,sekerci_cemil_bey,hicazkar--sarki--senginsemai--layik_mi--sekerci_cemil_bey.txt,531,16,-1,371,321.9472693032015,327.0,47.33953080134497,372,54.75,0.0625,0.5,0.10310734463276836,0.0625,0.08682554490379765,D5,105
hicazkar,sarki,senginsemai,son_askimi,lemi_atli,hicazkar--sarki--senginsemai--son_askimi--lemi_atli.txt,516,17,-1,371,322.52131782945736,332.0,62.782391407792936,372,72.25,0.03125,0.5,0.14001937984496124,0.125,0.09626290538826167,G5,96
hicazkar,sarki,sofyan,ben_sozune,numan_aga,hicazkar--sarki--sofyan--ben_sozune--numan_aga.txt,274,12,-1,366,317.88321167883214,327.0,58.4097018502356,367,24.25,0.0625,0.5,0.0885036496350365,0.0625,0.07142836254347683,D5,55
hicazkar,sarki,sofyan,bir_halet,haci_arif_bey,hicazkar--sarki--sofyan--bir_halet--haci_arif_bey.txt,781,13,-1,358,316.94750320102435,327.0,59.884920061809254,359,80.25,0.0625,0.75,0.10275288092189501,0.0625,0.06980702618756358,D5,162
hicazkar,sarki,sofyan,sarsam_seni,sadettin_kaynak,hicazkar--sarki--sofyan--sarsam_seni--sadettin_kaynak.txt,691,19,-1,371,304.7178002894356,327.0,89.93267990321733,372,82.0,0.0625,0.75,0.11866859623733719,0.0625,0.09737580427781448,D5,99
hicazkar,sarki,turkaksagi,gonlumu_bir,tahir_aga,hicazkar--sarki--turkaksagi--gonlumu_bir--tahir_aga.txt,569,13,-1,371,298.5096660808436,318.0,85.3735391770404,372,80.125,0.0625,0.375,0.14081722319859402,0.125,0.0635668799294565,C5,104
hicazkar,sarki,turkaksagi,vazgecip_naz,medeni_aziz_efendi,hicazkar--sarki--turkaksagi--vazgecip_naz--medeni_aziz_efendi.txt,614,12,-1,371,324.7899022801303,332.0,56.0929358376584,372,65.0,0.0625,0.375,0.10586319218241043,0.0625,0.06850423604319564,D5,105
hicazkar,sazsemaisi,aksaksemai,,gazi_giray_han,hicazkar--sazsemaisi--aksaksemai----gazi_giray_han.txt,538,14,-1,371,305.0650557620818,318.0,69.98942089583213,372,70.875,0.041666666666666664,1.25,0.13173791821561337,0.125,0.08735691551699744,B4b1,87
hicazkar,sazsemaisi,aksaksemai,,tanburi_cemil_bey,hicazkar--sazsemaisi--aksaksemai----tanburi_cemil_bey.txt,807,25,-1,385,324.2205700123916,332.0,54.459636731484935,386,77.0,0.0625,1.5,0.09541511771995044,0.0625,0.09396542314694391,G5,139
hicazkar,seyir,devrihindi,1,erol_bingol,hicazkar--seyir--devrihindi--1--erol_bingol.txt,88,10,296,366,333.52272727272725,332.0,15.732664075523592,70,14.0,0.0625,0.5,0.1590909090909091,0.125,0.09424395298917657,E5b4,15
hicazkar,seyir,devrihindi,2,erol_bingol,hicazkar--seyir--devrihindi--2--erol_bingol.txt,80,12,296,371,338.4625,344.0,17.004797349906656,75,14.0,0.0625,0.5,0.175,0.125,0.0940264910153422,G5,16
hicazkar,seyir,semai,1,rauf_yekta,hicazkar--seyir--semai--1--rauf_yekta.txt,80,15,-1,371,313.5625,335.0,84.18121558258721,372,24.0,0.125,0.5,0.3,0.25,0.11866877635255475,G5,13
hicazkar,seyir,sofyan,1,sefik_gurmeric,hicazkar--seyir--sofyan--1--sefik_gurmeric.txt,75,13,-1,362,321.76,334.0,68.27960005582769,363,12.0,0.0625,0.5,0.16,0.125,0.1121992978250418,G5,14
hicazkar,sirto,nimsofyan,1,kemani_sebuh,hicazkar--sirto--nimsofyan--1--kemani_sebuh.txt,584,18,-1,380,331.2808219178082,344.0,49.10942633618757,381,48.0,0.03125,0.375,0.0821917808219178,0.0625,0.060226706547963776,F5#4,100
hicazkar,turku,aksak,afiyonun_ortasinda,afyon,hicazkar--turku--aksak--afiyonun_ortasinda--afyon.txt,251,13,-1,371,316.0796812749004,332.0,75.83873433475804,372,27.125,0.03125,0.75,0.10806772908366534,0.0625,0.10524606751682289,G5,44
hicazkar,turku,tekvurus,gul_kuruttum,hatay,hicazkar--turku--tekvurus--gul_kuruttum--hatay.txt,219,11,-1,354,321.9771689497717,327.0,35.08213729358581,355,19.375,0.03125,0.25,0.0884703196347032,0.0625,0.04413071867340606,D5,33
hicazkar,zeybek,oynak,,mutlu_torun,hicazkar--zeybek--oynak----mutlu_torun.txt,489,24,-1,380,324.07361963190186,327.0,35.39922633026396,381,63.25,0.020833333333333332,0.5,0.12934560327198363,0.125,0.09440809512409289,D5,98
hicazkarkurdi,seyir,semai,1,rauf_yekta,hicazkarkurdi--seyir--semai--1--rauf_yekta.txt,76,11,-1,371,309.4736842105263,340.0,100.87833909341299,372,24.0,0.125,0.5,0.3157894736842105,0.25,0.12157590943269134,G5,15
hisar,kupe,duyek,mahitab,ahmet_avni_konuk,hisar--kupe--duyek--mahitab--ahmet_avni_konuk.txt,78,12,-1,371,318.85897435897436,331.0,66.4806825490018,372,16.0,0.0625,0.5,0.20512820512820512,0.1875,0.10607435629910304,E5,15
hisar,nakis,yuruksemai,hava_guzel,dede_efendi,hisar--nakis--yuruksemai--hava_guzel--dede_efendi.txt,578,16,-1,380,316.42214532871975,336.0,71.9189197397558,381,123.25,0.0625,1.25,0.21323529411764705,0.125,0.17337385097251504,E5,137
hisar,sazsemaisi,aksaksemai,,kemani_ali_aga,hisar--sazsemaisi--aksaksemai----kemani_ali_aga.txt,292,17,-1,380,312.9760273972603,331.0,77.67884435137773,381,30.125,0.0625,0.25,0.10316780821917808,0.0625,0.0558500316845554,E5,50
hisar,seyir,devrihindi,1,erol_bingol,hisar--seyir--devrihindi--1--erol_bingol.txt,90,14,305,371,336.24444444444447,336.0,16.158840145766327,66,14.0,0.0625,0.5,0.15555555555555556,0.125,0.08650337541132751,E5,19
hisar,seyir,duyek,1,sefik_gurmeric,hisar--seyir--duyek--1--sefik_gurmeric.txt,104,14,-1,371,310.36538461538464,336.0,91.95123841717727,372,16.0,0.0625,0.5,0.15384615384615385,0.125,0.09811755078206573,E5,18
hisarbuselik,aranagme,turkaksagi,1,,hisarbuselik--aranagme--turkaksagi--1--.txt,91,12,-1,358,283.75824175824175,314.0,96.70508899160498,359,10.125,0.041666666666666664,0.375,0.11126373626373626,0.125,0.08218067293264884,C5,14
hisarbuselik,aranagme,yuruksemai_ii,1,,hisarbuselik--aranagme--yuruksemai_ii--1--.txt,149,11,-1,358,300.51006711409394,318.0,77.52938566254528,359,27.125,0.0625,0.75,0.1820469798657718,0.125,0.15530676207283087,C5,42
hisarbuselik,beste,cenber,zahm-i_sinem,zekai_dede,hisarbuselik--beste--cenber--zahm-i_sinem--zekai_dede.txt,372,16,-1,367,307.01344086021504,318.0,77.01441970900703,368,54.25,0.0625,0.5,0.14583333333333334,0.125,0.09530475542232725,C5,71
hisarbuselik,kupe,aksak,sevdigimden_dun,ahmet_avni_konuk,hisarbuselik--kupe--aksak--sevdigimden_dun--ahmet_avni_konuk.txt,97,11,-1,367,312.36082474226805,336.0,82.13279206654336,368,18.0,0.0625,0.5,0.18556701030927836,0.125,0.11175010786874874,E5,28
hisarbuselik,sarki,agiraksak,vuslata_nail,zekai_dede,hisarbuselik--sarki--agiraksak--vuslata_nail--zekai_dede.txt,428,17,-1,371,322.50233644859816,336.0,60.2973311549618,372,44.75,0.03125,0.5,0.10455607476635514,0.0625,0.059208220365041656,E5,63
hisarbuselik,sarki,aksak,aman_ey_suh-i,ii_mahmut,hisarbuselik--sarki--aksak--aman_ey_suh-i--ii_mahmut.txt,609,16,-1,380,320.2495894909688,327.0,47.55602759400742,381,45.125,0.03125,0.375,0.0740968801313629,0.0625,0.042943162291787865,E5,108
hisarbuselik,sarki,aksak,beni_de_alin,selahaddin_pinar,hisarbuselik--sarki--aksak--beni_de_alin--selahaddin_pinar.txt,460,19,-1,380,321.4173913043478,336.0,70.70568445698439,381,58.625,0.03125,0.625,0.12744565217391304,0.125,0.06892960621433654,E5,83
hisarbuselik,sarki,aksak,eyle_kerem,numan_aga,hisarbuselik--sarki--aksak--eyle_kerem--numan_aga.txt,534,17,-1,380,329.26591760299624,336.0,44.15982909845163,381,42.5625,0.03125,0.25,0.07970505617977527,0.0625,0.0454236064939797,E5,87
hisarbuselik,sarki,aksak,guller_ki,zeki_atkosar,hisarbuselik--sarki--aksak--guller_ki--zeki_atkosar.txt,338,21,-1,380,322.81065088757396,336.0,61.690668023914355,381,44.375,0.0625,0.375,0.1312869822485207,0.125,0.07448044896552725,E5,55
hisarbuselik,sarki,aksak,yandim_deminden,denizoglu_ali_bey,hisarbuselik--sarki--aksak--yandim_deminden--denizoglu_ali_bey.txt,733,13,-1,371,326.94679399727147,336.0,59.25852092202415,372,108.125,0.0625,0.5,0.14751023192360163,0.125,0.09482300288452711,E5,132
hisarbuselik,sarki,aksak,yorulmus_ol,latif_aga,hisarbuselik--sarki--aksak--yorulmus_ol--latif_aga.txt,451,15,-1,380,326.1463414634146,336.0,54.50790648996437,381,40.625,0.03125,0.375,0.09007760532150776,0.0625,0.05838486597690929,E5,81
hisarbuselik,sarki,curcuna,visalinle_safayab,muallim_ismail_hakki_bey,hisarbuselik--sarki--curcuna--visalinle_safayab--muallim_ismail_hakki_bey.txt,338,16,-1,367,318.57988165680473,336.0,65.97050737495806,368,53.875,0.0625,0.625,0.15939349112426035,0.125,0.08810232561894879,E5,74
hisarbuselik,sarki,duyek,daha_bilmem,akin_ozkan,hisarbuselik--sarki--duyek--daha_bilmem--akin_ozkan.txt,405,25,-1,380,310.0814814814815,327.0,76.36773188361236,381,47.125,0.03125,0.5,0.11635802469135803,0.0625,0.09340162117261487,E5,78
hisarbuselik,sarki,duyek,du_cesmimden,tanburi_mustafa_cavus,hisarbuselik--sarki--duyek--du_cesmimden--tanburi_mustafa_cavus.txt,478,15,-1,371,314.7384937238494,327.0,60.27070851983731,372,45.125,0.03125,0.25,0.09440376569037658,0.0625,0.05455590814634514,E5,92
hisarbuselik,sarki,duyek,yillardir_ozlemim,fethi_karamahmutoglu,hisarbuselik--sarki--duyek--yillardir_ozlemim--fethi_karamahmutoglu.txt,204,15,-1,371,319.8970588235294,336.0,71.0956075297629,372,32.125,0.03125,0.5,0.15747549019607843,0.125,0.10654403394704587,E5,36
hisarbuselik,sarki,kapali_curcuna,bir_hadise,servet_yesari,hisarbuselik--sarki--kapali_curcuna--bir_hadise--servet_yesari.txt,441,16,0,384,328.93650793650795,327.0,22.032012980197607,384,90.125,0.125,1.25,0.20436507936507936,0.125,0.16709225964216068,E5,98
hisarbuselik,sarki,turkaksagi,bildin_mi_canim,cevdet_cagla,hisarbuselik--sarki--turkaksagi--bildin_mi_canim--cevdet_cagla.txt,450,21,-1,380,306.61555555555555,336.0,91.49567019233515,381,50.125,0.03125,0.375,0.11138888888888888,0.0625,0.07403277998126584,E5,71
hisarbuselik,sarki,turkaksagi,bir_nevcivansin,rahmi_bey,hisarbuselik--sarki--turkaksagi--bir_nevcivansin--rahmi_bey.txt,371,22,-1,380,319.3099730458221,336.0,68.15212223500018,381,35.125,0.03125,0.25,0.09467654986522911,0.0625,0.057285433449890864,E5,71
hisarbuselik,sazsemaisi,aksaksemai,,tanburi_buyuk_osman_bey,hisarbuselik--sazsemaisi--aksaksemai----tanburi_buyuk_osman_bey.txt,592,20,-1,389,314.8006756756757,333.5,76.74120351967122,390,72.875,0.0625,0.375,0.12309966216216216,0.125,0.07484176336132708,E5,85
hisarbuselik,seyir,sofyan,1,sefik_gurmeric,hisarbuselik--seyir--sofyan--1--sefik_gurmeric.txt,105,14,-1,371,310.247619047619,336.0,91.53023680229528,372,16.0,0.0625,0.5,0.1523809523809524,0.125,0.09992628349788474,E5,17
hisarbuselik,tavsanca,raksaksagi,dok_zulfunu,tanburi_mustafa_cavus,hisarbuselik--tavsanca--raksaksagi--dok_zulfunu--tanburi_mustafa_cavus.txt,427,14,-1,362,303.8735362997658,331.0,89.54296016923377,363,69.875,0.125,0.375,0.16364168618266978,0.125,0.06386260519811277,E5,84
hisarbuselik,turku,azeriyuruksemai,diliyrem_ki,sinan_sipahi,hisarbuselik--turku--azeriyuruksemai--diliyrem_ki--sinan_sipahi.txt,530,14,-1,358,309.688679245283,318.0,64.46662992924156,359,125.375,0.0625,1.5,0.2365566037735849,0.1875,0.1974831155084888,C5,122
hisarbuselik,turku,curcuna,araz_uste,,hisarbuselik--turku--curcuna--araz_uste--.txt,531,16,0,367,327.41996233521655,327.0,22.052824591226607,367,80.125,0.03125,0.625,0.150894538606403,0.125,0.11340214877803416,E5,102
hisarbuselik,yuruksemai,yuruksemai,gonlum_hevesi,zekai_dede,hisarbuselik--yuruksemai--yuruksemai--gonlum_hevesi--zekai_dede.txt,458,17,-1,371,296.1768558951965,318.0,92.01368315465898,372,145.75,0.0625,1.5,0.3182314410480349,0.25,0.18897913276285475,E5,72
hisarbuselik,yuruksemai,yuruksemai_ii,yine_bezm-i,dede_efendi,hisarbuselik--yuruksemai--yuruksemai_ii--yine_bezm-i--dede_efendi.txt,493,16,-1,367,321.08316430020284,327.0,46.40778053335339,368,117.25,0.0625,1.25,0.23782961460446247,0.125,0.18471221676876615,C5,84
huseyni,agirsemai,aksaksemai,acildi_gonce-i,komurcuzade,huseyni--agirsemai--aksaksemai--acildi_gonce-i--komurcuzade.txt,544,15,-1,371,325.12867647058823,327.0,47.86362211151206,372,75.25,0.0625,0.375,0.13832720588235295,0.125,0.07714403496969191,D5,98
huseyni,agirsemai,aksaksemai,talatin_devri,zaharya,huseyni--agirsemai--aksaksemai--talatin_devri--zaharya.txt,286,12,-1,367,311.54545454545456,327.0,79.74813222453197,368,37.625,0.03125,0.375,0.13155594405594406,0.125,0.07361226609017137,E5,70
huseyni,aranagme,aksak,1,,huseyni--aranagme--aksak--1--.txt,96,10,-1,358,289.3333333333333,318.0,100.47756142978984,359,18.125,0.125,1.0,0.18880208333333334,0.125,0.11470039873208047,D5,18
huseyni,aranagme,duyek,1,,huseyni--aranagme--duyek--1--.txt,141,10,-1,358,325.177304964539,327.0,42.47155076181555,359,16.125,0.03125,0.375,0.11436170212765957,0.0625,0.07797573126078074,E5,22
huseyni,aranagme,raksaksagi,1,,huseyni--aranagme--raksaksagi--1--.txt,59,8,0,358,322.33898305084745,327.0,45.370357241147694,358,9.125,0.125,0.5,0.15466101694915255,0.125,0.09665466615018208,E5,10
huseyni,beste,agircenber,cemalin_ates-i,zaharya,huseyni--beste--agircenber--cemalin_ates-i--zaharya.txt,782,21,-1,371,310.9923273657289,327.0,73.80298681591628,372,144.625,0.0625,0.75,0.18494245524296676,0.125,0.11574860673982171,D5,174
huseyni,beste,berefsan,sebnem_gibi,zaharya,huseyni--beste--berefsan--sebnem_gibi--zaharya.txt,1090,19,-1,375,321.8146788990826,336.0,59.635782865009084,376,192.0,0.0625,0.5,0.1761467889908257,0.125,0.11492378403760473,E5,254
huseyni,beste,cenber,nigaha_ruhsat,zaharya,huseyni--beste--cenber--nigaha_ruhsat--zaharya.txt,470,17,-1,365,300.61914893617023,318.0,81.92397052126589,366,61.125,0.03125,0.75,0.1300531914893617,0.125,0.09299973685925546,C5,68
huseyni,beste,duyek,muheyya_oldu,rakim_elkutlu,huseyni--beste--duyek--muheyya_oldu--rakim_elkutlu.txt,380,14,-1,371,326.7315789473684,327.0,33.62554238079621,372,41.5,0.03125,0.375,0.10921052631578948,0.0625,0.0678564935342362,E5,68
huseyni,beste,hafif,cektim_el,hafiz_post,huseyni--beste--hafif--cektim_el--hafiz_post.txt,519,12,-1,371,317.7225433526012,336.0,73.17786611586706,372,95.5,0.0625,0.875,0.18400770712909442,0.125,0.12161746922541337,E5,105
huseyni,divan,sofyan,,,huseyni--divan--sofyan----.txt,945,14,-1,380,318.46137566137565,327.0,55.178263116585846,381,99.25,0.0625,0.5,0.10502645502645502,0.0625,0.06763492352253135,D5,205
huseyni,duet,turkaksagi,ey_suh-i,ali_rifat_cagatay,huseyni--duet--turkaksagi--ey_suh-i--ali_rifat_cagatay.txt,242,12,-1,358,308.004132231405,327.0,72.30734872714702,359,36.875,0.0625,0.375,0.15237603305785125,0.125,0.0790538915136452,D5,48
huseyni,etud,sofyan,,hasan_esen,huseyni--etud--sofyan----hasan_esen.txt,125,8,-1,358,293.824,327.0,101.70466922386346,359,24.0,0.125,0.75,0.192,0.125,0.13797936965942736,D5,24
huseyni,ilahi,(belirsiz),ey_gonul,ali_ufki,huseyni--ilahi--(belirsiz)--ey_gonul--ali_ufki.txt,35,9,-1,358,323.3142857142857,336.0,58.195801055610545,359,12.0,0.125,0.75,0.34285714285714286,0.25,0.15560265060065517,E5,8
huseyni,ilahi,agirduyek,allah_allah,ali_ufki,huseyni--ilahi--agirduyek--allah_allah--ali_ufki.txt,169,9,0,358,326.0118343195266,327.0,29.17883858243857,358,48.25,0.25,0.5,0.28550295857988167,0.25,0.08752490286853842,E5,36
huseyni,ilahi,agirduyek,bahr-i_umman,ali_ufki,huseyni--ilahi--agirduyek--bahr-i_umman--ali_ufki.txt,103,8,0,349,323.126213592233,327.0,34.25042710815713,349,32.25,0.125,1.0,0.3131067961165049,0.25,0.2964629035624088,E5,26
huseyni,ilahi,duyek,ars_taki,rifat_bey,huseyni--ilahi--duyek--ars_taki--rifat_bey.txt,260,12,-1,365,296.5,327.0,98.5048653326753,366,32.125,0.0625,0.5,0.12355769230769231,0.125,0.086304360287836,E5,48
huseyni,ilahi,nimevsat,idelim_cevlan,,huseyni--ilahi--nimevsat--idelim_cevlan--.txt,219,9,0,349,328.12785388127855,327.0,24.765729881546136,349,26.125,0.03125,0.875,0.11929223744292237,0.125,0.105416447996855,D5,64
huseyni,ilahi,turkdarbi,ey_dil,ali_ufki,huseyni--ilahi--turkdarbi--ey_dil--ali_ufki.txt,87,10,-1,365,305.5402298850575,336.0,92.50692049507118,366,40.75,0.125,3.5,0.46839080459770116,0.25,0.6817860838272574,E5,18
huseyni,ilahi,yuruksemai,nur-i_fahr-i,dede_efendi,huseyni--ilahi--yuruksemai--nur-i_fahr-i--dede_efendi.txt,247,12,-1,371,306.7651821862348,327.0,90.22434505901643,372,66.25,0.0625,0.75,0.2682186234817814,0.25,0.1608328008036845,E5,54
huseyni,karsilama,evfer,trakya_karsilamasi,,huseyni--karsilama--evfer--trakya_karsilamasi--.txt,645,11,-1,358,307.30852713178297,327.0,73.99456085328683,359,90.125,0.0625,0.25,0.13972868217054263,0.125,0.06498270815598158,E5,164
huseyni,kupe,duyek,pesden_eylerdi,ahmet_avni_konuk,huseyni--kupe--duyek--pesden_eylerdi--ahmet_avni_konuk.txt,117,13,-1,362,316.34188034188037,327.0,61.807426514100264,363,16.0,0.0625,0.375,0.13675213675213677,0.125,0.07382868753508727,E5,24
huseyni,mars,sofyan,ceddin_deden,kaptanzade_ali_riza_bey,huseyni--mars--sofyan--ceddin_deden--kaptanzade_ali_riza_bey.txt,251,8,-1,349,310.23107569721117,327.0,67.86276144129597,350,46.25,0.0625,0.5,0.18426294820717132,0.1875,0.11768115644262385,E5,68
huseyni,nakis,yuruksemai,gonuller_ugrusu,kara_ismail_aga,huseyni--nakis--yuruksemai--gonuller_ugrusu--kara_ismail_aga.txt,416,17,-1,371,316.4206730769231,327.0,50.811946755067865,372,107.5,0.125,1.0,0.25841346153846156,0.25,0.15931368530159115,D5,70
huseyni,nefes,devrihindi,iptidadan_yol,,huseyni--nefes--devrihindi--iptidadan_yol--.txt,225,9,-1,358,314.14222222222224,327.0,66.10102687529336,359,29.875,0.03125,0.625,0.13277777777777777,0.125,0.09965722813744962,E5,46
huseyni,ornek_oz,duyek,1,ruhi_ayangil,huseyni--ornek_oz--duyek--1--ruhi_ayangil.txt,22,8,305,358,333.5,336.0,14.965834105595,53,4.0,0.125,0.5,0.18181818181818182,0.125,0.11396057645963795,G5,4
huseyni,ornek_oz,nimsofyan,1,huseyin_sadettin_arel,huseyni--ornek_oz--nimsofyan--1--huseyin_sadettin_arel.txt,36,8,-1,358,301.25,327.0,93.31341198961088,359,6.5,0.125,0.375,0.18055555555555555,0.125,0.09656809424130118,E5,9
huseyni,ornek_oz,sofyan,1,ruhi_ayangil,huseyni--ornek_oz--sofyan--1--ruhi_ayangil.txt,23,9,305,365,335.5217391304348,336.0,15.529647789770003,60,4.0,0.0625,0.5,0.17391304347826086,0.125,0.11609857216390745,E5,5
huseyni,ornek_oz,sofyan,2,ruhi_ayangil,huseyni--ornek_oz--sofyan--2--ruhi_ayangil.txt,19,8,305,358,335.42105263157896,336.0,14.610938784477288,53,4.0,0.125,0.5,0.21052631578947367,0.125,0.11823816286586465,E5,5
huseyni,ornek_oz,sofyan,3,ruhi_ayangil,huseyni--ornek_oz--sofyan--3--ruhi_ayangil.txt,24,8,305,358,333.1666666666667,336.0,15.4741486151038,53,4.0,0.125,0.5,0.16666666666666666,0.125,0.1085143415353039,E5,5
huseyni,oyunhavasi,nimsofyan,cecen_kizi,tanburi_cemil_bey,huseyni--oyunhavasi--nimsofyan--cecen_kizi--tanburi_cemil_bey.txt,295,10,-1,358,314.8813559322034,327.0,61.398742687431074,359,28.25,0.03125,0.5,0.09576271186440678,0.0625,0.0758003697474179,E5,61
huseyni,pesrev,cifteduyek,,tanburi_isak,huseyni--pesrev--cifteduyek----tanburi_isak.txt,336,12,-1,358,304.6190476190476,318.0,74.03700644051158,359,56.125,0.0625,0.5,0.16703869047619047,0.125,0.088782452498863,C5,66
huseyni,pesrev,devrikebir,,dede_salih_efendi,huseyni--pesrev--devrikebir----dede_salih_efendi.txt,177,12,-1,371,323.40677966101697,336.0,57.76090569323088,372,28.0,0.0625,0.75,0.15819209039548024,0.125,0.08856550292464223,E5,31
huseyni,pesrev,devrikebir,,iii_selim,huseyni--pesrev--devrikebir----iii_selim.txt,795,17,-1,380,324.54591194968555,336.0,67.31439707199375,381,112.25,0.0625,0.5,0.14119496855345912,0.125,0.07418418412064061,E5,139
huseyni,pesrev,devrikebir,,kul_mehmet,huseyni--pesrev--devrikebir----kul_mehmet.txt,576,16,-1,380,328.05034722222223,343.0,72.02532815288939,381,112.0,0.0625,0.75,0.19444444444444445,0.125,0.11453144411392557,G5,103
huseyni,pesrev,havi,,dervis_mustafa,huseyni--pesrev--havi----dervis_mustafa.txt,535,14,0,371,324.94205607476636,327.0,19.867218578396766,371,143.25,0.125,1.0,0.2677570093457944,0.25,0.17302961584964782,D5,121
huseyni,pesrev,muhammes,,lavtaci_andon,huseyni--pesrev--muhammes----lavtaci_andon.txt,627,22,-1,389,323.7543859649123,327.0,50.88944001003056,390,96.25,0.041666666666666664,0.75,0.15350877192982457,0.125,0.1000514833002328,D5,103
huseyni,rumeliturkusu,aksak,akzadeler_giyer,rumeli,huseyni--rumeliturkusu--aksak--akzadeler_giyer--rumeli.txt,553,11,0,358,328.3110307414105,327.0,21.13116828360066,358,85.625,0.0625,1.125,0.1548372513562387,0.125,0.09715901310333425,D5,122
huseyni,sarki,agiraksak,ben_ezelden,misirli_udi_ibrahim_efendi,huseyni--sarki--agiraksak--ben_ezelden--misirli_udi_ibrahim_efendi.txt,563,14,-1,371,319.04795737122555,336.0,73.51555510166303,372,62.875,0.03125,0.5,0.1116785079928952,0.0625,0.09266583729746587,E5,99
huseyni,sarki,agiraksak,bendeni_gordukce,ismet_aga,huseyni--sarki--agiraksak--bendeni_gordukce--ismet_aga.txt,309,11,-1,371,324.0064724919094,336.0,61.256698203983774,372,35.375,0.0625,0.5,0.11448220064724919,0.0625,0.0800492878222893,E5,67
huseyni,sarki,agiraksak,farig_olmam,yesari_asim_arsoy,huseyni--sarki--agiraksak--farig_olmam--yesari_asim_arsoy.txt,463,15,-1,371,326.14902807775377,327.0,41.15940706787287,372,49.375,0.03125,0.5,0.1066414686825054,0.0625,0.0832259777161781,E5,86
huseyni,sarki,agiraksak,firkat-i_canan,civan_aga,huseyni--sarki--agiraksak--firkat-i_canan--civan_aga.txt,412,12,-1,371,324.2985436893204,336.0,51.75053108384853,372,71.875,0.0625,0.625,0.17445388349514562,0.125,0.11107199528113895,E5,76
huseyni,sarki,agiraksak,semi_husnun,sivelioglu_yorgaki,huseyni--sarki--agiraksak--semi_husnun--sivelioglu_yorgaki.txt,352,14,-1,371,298.32954545454544,327.0,100.7014680989591,372,55.25,0.0625,0.5,0.15696022727272727,0.125,0.08988374801493959,E5,60
huseyni,sarki,aksak,arzetmedigim,emin_ongan,huseyni--sarki--aksak--arzetmedigim--emin_ongan.txt,457,18,-1,367,310.05908096280086,336.0,91.97949100176076,368,54.625,0.03125,0.5,0.11952954048140044,0.0625,0.09700573494535455,E5,99
huseyni,sarki,aksak,bir_damlacik,omer_dilek,huseyni--sarki--aksak--bir_damlacik--omer_dilek.txt,523,14,-1,371,277.45889101338435,318.0,116.72742150555217,372,108.125,0.0625,1.0,0.2067399617590822,0.125,0.11802364879913094,D5,91
huseyni,sarki,aksak,bir_dilberdir,tanburi_mustafa_cavus,huseyni--sarki--aksak--bir_dilberdir--tanburi_mustafa_cavus.txt,193,12,-1,358,303.23316062176167,327.0,86.54082935034735,359,36.125,0.0625,1.0,0.1871761658031088,0.125,0.17648843963502456,E5,31
huseyni,sarki,aksak,bir_yana,nikogos_aga,huseyni--sarki--aksak--bir_yana--nikogos_aga.txt,459,12,-1,371,322.66884531590415,336.0,55.588665248612585,372,45.125,0.0625,0.375,0.09831154684095861,0.0625,0.06292872950714735,E5,85
huseyni,sarki,aksak,ezelden_asinanim,serif_icli,huseyni--sarki--aksak--ezelden_asinanim--serif_icli.txt,449,12,-1,366,321.1403118040089,327.0,48.3336192602563,367,44.375,0.041666666666666664,0.375,0.09883073496659243,0.0625,0.06469024411923054,D5,103
huseyni,sarki,aksak,hayal_deryasina,selahaddin_pinar,huseyni--sarki--aksak--hayal_deryasina--selahaddin_pinar.txt,709,14,-1,367,306.1861777150917,336.0,92.25852145154938,368,94.625,0.03125,1.0,0.1334626234132581,0.125,0.11785896559638868,E5,126
huseyni,sarki,aksak,sensizlige_soylendi,ilgun_soysev,huseyni--sarki--aksak--sensizlige_soylendi--ilgun_soysev.txt,557,12,-1,371,295.2351885098743,327.0,100.37026945145442,372,99.125,0.125,1.0,0.17796229802513466,0.125,0.10197123843560438,D5,106
huseyni,sarki,aksak,sevdigim_cemalin,mahmud_celaleddin_pasa,huseyni--sarki--aksak--sevdigim_cemalin--mahmud_celaleddin_pasa.txt,387,10,-1,358,323.9328165374677,336.0,46.484502215164596,359,45.125,0.0625,0.625,0.11660206718346253,0.0625,0.08775712359592053,E5,90
huseyni,sarki,aksak,varalim_kuy-i,munir_nurettin_selcuk,huseyni--sarki--aksak--varalim_kuy-i--munir_nurettin_selcuk.txt,339,15,-1,371,329.78761061946904,336.0,34.53840620025555,372,38.0,0.03125,0.5,0.11209439528023599,0.125,0.06983954781431778,E5,84
huseyni,sarki,aksak,yine_yol,serif_icli,huseyni--sarki--aksak--yine_yol--serif_icli.txt,261,9,-1,358,310.1647509578544,318.0,61.20369256421896,359,45.125,0.0625,0.375,0.1728927203065134,0.125,0.08811112948492905,A4,51
huseyni,sarki,curcuna,aglarim_caglar,sadettin_kaynak,huseyni--sarki--curcuna--aglarim_caglar--sadettin_kaynak.txt,288,10,-1,367,323.3611111111111,327.0,40.78918540677038,368,64.375,0.0625,1.875,0.22352430555555555,0.125,0.3192502531649075,D5,83
huseyni,sarki,curcuna,bak_su,danbeni_riza_bey,huseyni--sarki--curcuna--bak_su--danbeni_riza_bey.txt,232,11,-1,358,318.2198275862069,336.0,66.08500982003306,359,47.625,0.125,0.625,0.2052801724137931,0.125,0.10951302653925846,E5,47
huseyni,sarki,curcuna,cektim_elimi,tatyos_efendi,huseyni--sarki--curcuna--cektim_elimi--tatyos_efendi.txt,401,14,-1,380,318.76807980049875,336.0,73.69537691438735,381,70.125,0.125,0.625,0.17487531172069826,0.125,0.0857320500977615,E5,65
huseyni,sarki,curcuna,edali_bir,ali_rifat_cagatay,huseyni--sarki--curcuna--edali_bir--ali_rifat_cagatay.txt,213,11,-1,367,307.3333333333333,336.0,92.03074069409853,368,40.125,0.0625,1.125,0.18838028169014084,0.125,0.1272612210492228,E5,41
huseyni,sarki,curcuna,nedir_bu_haletin,sevki_bey,huseyni--sarki--curcuna--nedir_bu_haletin--sevki_bey.txt,389,14,-1,371,313.73778920308484,327.0,74.8348913622708,372,81.375,0.125,1.25,0.20919023136246787,0.125,0.15997962114806466,E5,76
huseyni,sarki,curcuna,senin_yazin,sadettin_kaynak,huseyni--sarki--curcuna--senin_yazin--sadettin_kaynak.txt,194,12,-1,371,301.86082474226805,327.0,95.17922124512907,372,36.375,0.08333333333333333,1.875,0.1875,0.125,0.1634100001590667,D5,34
huseyni,sarki,devrihindi,dil-rubasin_sevdigim,hafiz_mehmet_esref_efendi,huseyni--sarki--devrihindi--dil-rubasin_sevdigim--hafiz_mehmet_esref_efendi.txt,462,17,0,371,327.9112554112554,327.0,22.448657326755715,371,65.0,0.03125,0.5,0.1406926406926407,0.125,0.09898714535596585,D5,78
huseyni,sarki,devrihindi,gormek_ister,tanburi_cemil_bey,huseyni--sarki--devrihindi--gormek_ister--tanburi_cemil_bey.txt,522,14,-1,380,335.43486590038316,336.0,30.41385321291031,381,73.75,0.0625,0.5,0.14128352490421456,0.125,0.0987225106581463,E5,103
huseyni,sarki,duyek,bahcede_gordum,medeni_aziz_efendi,huseyni--sarki--duyek--bahcede_gordum--medeni_aziz_efendi.txt,102,12,-1,371,325.29411764705884,336.0,59.904311194677746,372,10.0,0.03125,0.25,0.09803921568627451,0.0625,0.06478484712647352,G5,16
huseyni,sarki,duyek,her_seherde,nihat_adlim,huseyni--sarki--duyek--her_seherde--nihat_adlim.txt,357,12,-1,367,295.12605042016804,327.0,102.01739397476267,368,71.125,0.03125,1.0,0.19922969187675071,0.125,0.19907853060805453,E5,53
huseyni,sarki,duyek,zaman_olur_ki,lemi_atli,huseyni--sarki--duyek--zaman_olur_ki--lemi_atli.txt,392,12,-1,367,327.09183673469386,336.0,40.388164363569416,368,47.5,0.03125,0.75,0.1211734693877551,0.0625,0.08952250600378485,E5,78
huseyni,sarki,musemmen,gecti_sevdalarla,sukru_tunar,huseyni--sarki--musemmen--gecti_sevdalarla--sukru_tunar.txt,518,15,-1,371,327.27799227799227,336.0,54.851442928323124,372,53.75,0.03125,0.5,0.10376447876447877,0.0625,0.0655217752339263,E5,118
huseyni,sarki,musemmen,hem_cemalin,zeki_duygulu,huseyni--sarki--musemmen--hem_cemalin--zeki_duygulu.txt,460,12,-1,366,329.8478260869565,327.0,26.206542940023432,367,41.75,0.03125,0.375,0.0907608695652174,0.0625,0.052004119452746925,D5,109
huseyni,sarki,senginsemai,ah_ile,lavtaci_hristo,huseyni--sarki--senginsemai--ah_ile--lavtaci_hristo.txt,384,12,0,371,333.4270833333333,336.0,24.705363437795437,371,47.0,0.0625,0.5,0.12239583333333333,0.125,0.09040391424630402,G5,63
huseyni,sarki,sofyan,haticem_saclarini,sadettin_kaynak,huseyni--sarki--sofyan--haticem_saclarini--sadettin_kaynak.txt,443,12,-1,358,310.54853273137695,327.0,65.56903216161943,359,76.125,0.125,1.75,0.17183972911963882,0.125,0.14873581624279547,D5,116
huseyni,sarki,sofyan,tez_gecse_de,selahattin_inal,huseyni--sarki--sofyan--tez_gecse_de--selahattin_inal.txt,521,18,-1,371,314.75047984644914,327.0,72.73520947164921,372,60.25,0.03125,0.75,0.11564299424184261,0.0625,0.09340169499912505,D5,90
huseyni,sarki,sofyan,zeynom_zeynom,ali_rifat_cagatay,huseyni--sarki--sofyan--zeynom_zeynom--ali_rifat_cagatay.txt,519,13,-1,389,340.33718689788054,349.0,62.33456858533496,390,76.625,0.0625,0.5,0.14763969171483624,0.125,0.1095652925200371,A5,141
huseyni,sarki,sofyan,zeytin_gozlum,selahattin_icli,huseyni--sarki--sofyan--zeytin_gozlum--selahattin_icli.txt,582,12,-1,371,296.04639175257734,318.0,99.53711930475114,372,60.25,0.0625,0.25,0.10352233676975946,0.0625,0.058169202562146194,E5,106
huseyni,sarki,turkaksagi,hicran_oku,sevki_bey,huseyni--sarki--turkaksagi--hicran_oku--sevki_bey.txt,597,10,-1,367,309.9396984924623,327.0,71.48506002859263,368,70.125,0.0625,0.5,0.11746231155778894,0.125,0.06329799823496612,D5,132
huseyni,sarki,yuruksemai,senden_bilirim,tanburi_ali_efendi,huseyni--sarki--yuruksemai--senden_bilirim--tanburi_ali_efendi.txt,429,10,-1,366,323.2937062937063,327.0,46.814282932294674,367,75.25,0.0625,0.5,0.1754079254079254,0.125,0.10425655936527933,E5,107
huseyni,sazeseri,devrituran,,mutlu_torun,huseyni--sazeseri--devrituran----mutlu_torun.txt,364,15,-1,371,326.6758241758242,336.0,43.996423197116826,372,56.125,0.125,0.375,0.15418956043956045,0.125,0.06978885748461108,E5,50
huseyni,sazsemaisi,aksaksemai,,iii_selim,huseyni--sazsemaisi--aksaksemai----iii_selim.txt,702,14,-1,380,327.14102564102564,336.0,49.455480613503376,381,75.375,0.0625,1.25,0.10737179487179487,0.0625,0.07921726981357523,E5,140
huseyni,sazsemaisi,aksaksemai,,lavtaci_andon,huseyni--sazsemaisi--aksaksemai----lavtaci_andon.txt,653,15,-1,371,322.43185298621745,327.0,50.272451222605746,372,70.25,0.03125,1.5,0.10758039816232771,0.0625,0.09209863722485571,E5,134
huseyni,sazsemaisi,aksaksemai,,neyzen_rasid_efendi,huseyni--sazsemaisi--aksaksemai----neyzen_rasid_efendi.txt,1111,18,-1,380,321.1809180918092,327.0,54.284989011227964,381,105.625,0.03125,0.25,0.09507200720072007,0.0625,0.05582567237550951,E5,218
huseyni,sazsemaisi,aksaksemai,,tatyos_efendi,huseyni--sazsemaisi--aksaksemai----tatyos_efendi.txt,926,15,-1,366,322.1803455723542,327.0,45.552285162833776,367,91.5,0.041666666666666664,1.25,0.0988120950323974,0.0625,0.07228841112710785,E5,164
huseyni,seyir,duyek,1,erol_bingol,huseyni--seyir--duyek--1--erol_bingol.txt,64,12,305,371,331.28125,327.0,16.87344937026196,66,8.0,0.0625,0.5,0.125,0.0625,0.0951450438282487,D5,11
huseyni,seyir,semai,1,rauf_yekta,huseyni--seyir--semai--1--rauf_yekta.txt,73,10,-1,358,299.56164383561645,327.0,99.62387407719679,359,24.0,0.25,0.5,0.3287671232876712,0.25,0.11693950484330981,E5,15
huseyni,seyir,sofyan,1,sefik_gurmeric,huseyni--seyir--sofyan--1--sefik_gurmeric.txt,74,11,-1,367,325.6621621621622,327.0,41.50467114395516,368,12.0,0.0625,0.5,0.16216216216216217,0.125,0.11233764870162166,E5,16
huseyni,turku,14_4,tutam_yar,erzurum,huseyni--turku--14_4--tutam_yar--erzurum.txt,193,7,-1,349,298.559585492228,318.0,81.51366081723533,350,33.75,0.0625,3.5,0.17487046632124353,0.0625,0.29140331201221986,D5,40
huseyni,turku,aksak,a_fadimem,,huseyni--turku--aksak--a_fadimem--.txt,369,9,-1,349,292.08672086720867,318.0,92.8299231550262,350,63.125,0.125,0.5,0.17107046070460705,0.125,0.0859221425885984,D5,76
huseyni,turku,aksak,bursanin_ufak,bursa,huseyni--turku--aksak--bursanin_ufak--bursa.txt,403,9,-1,358,317.55831265508687,327.0,49.50926793112713,359,72.125,0.125,1.0,0.17897022332506204,0.125,0.1364292104331134,D5,112
huseyni,turku,aksak,demirciler_demir,_anonim_,huseyni--turku--aksak--demirciler_demir--_anonim_.txt,292,11,0,362,322.7842465753425,327.0,23.51685858219015,362,36.125,0.0625,0.625,0.12371575342465753,0.125,0.0956723523018173,D5,64
huseyni,turku,aksak,leylak_takivermis,bahri_altintas,huseyni--turku--aksak--leylak_takivermis--bahri_altintas.txt,447,12,-1,367,318.05816554809843,336.0,68.93495484380783,368,72.125,0.0625,1.125,0.16135346756152125,0.125,0.14632938726980385,E5,90
huseyni,turku,aksak,yali_kenarinda,osman_pehlivan,huseyni--turku--aksak--yali_kenarinda--osman_pehlivan.txt,318,12,-1,358,322.65723270440253,327.0,29.721612565886392,359,40.625,0.0625,0.5,0.12775157232704404,0.125,0.07424897102206499,E5,58
huseyni,turku,aksak,yanik_omer,sadettin_kaynak,huseyni--turku--aksak--yanik_omer--sadettin_kaynak.txt,443,15,-1,380,300.98645598194133,336.0,101.80526525351782,381,68.375,0.0625,1.0,0.15434537246049662,0.125,0.14083580229535186,G5,78
huseyni,turku,aksak,yuce_dag,sadettin_kaynak,huseyni--turku--aksak--yuce_dag--sadettin_kaynak.txt,607,11,-1,358,311.69686985172984,327.0,63.60994255748233,359,81.125,0.0625,0.5,0.1336490939044481,0.125,0.08618679591696028,D5,146
huseyni,turku,aksak,yuksek_yuksek,,huseyni--turku--aksak--yuksek_yuksek--.txt,497,9,-1,349,292.1368209255533,327.0,97.92235543483096,350,90.125,0.0625,0.75,0.1813380281690141,0.125,0.14032138522602036,D5,100
huseyni,turku,curcuna,coban_kizi,,huseyni--turku--curcuna--coban_kizi--.txt,456,9,-1,349,322.0986842105263,327.0,39.15055637151225,350,62.625,0.03125,0.625,0.13733552631578946,0.125,0.09150174338666615,E5,134
huseyni,turku,curcuna,dersim_dort,tunceli,huseyni--turku--curcuna--dersim_dort--tunceli.txt,347,11,-1,367,306.39481268011525,327.0,85.48144697232348,368,55.125,0.0625,0.375,0.15886167146974065,0.125,0.0690354763501055,D5,62
huseyni,turku,curcuna,sari_gelin,erzurum,huseyni--turku--curcuna--sari_gelin--erzurum.txt,127,6,-1,343,284.7716535433071,318.0,105.44615634774905,344,25.125,0.0625,0.625,0.19783464566929135,0.125,0.10469028500428401,D5,32
huseyni,turku,curcuna,sinemde_bir,,huseyni--turku--curcuna--sinemde_bir--.txt,813,12,-1,371,324.1230012300123,327.0,41.548945850964174,372,120.125,0.0625,0.5,0.14775522755227552,0.125,0.06725418926174641,D5,160
huseyni,turku,devrihindi,semsiyemin_ucu,trakya,huseyni--turku--devrihindi--semsiyemin_ucu--trakya.txt,453,8,0,349,330.38852097130246,336.0,19.289688445637434,349,49.25,0.0625,0.375,0.108719646799117,0.0625,0.06529049103310527,E5,130
huseyni,turku,devrituran,yagmur_yagar,,huseyni--turku--devrituran--yagmur_yagar--.txt,369,8,0,349,325.20867208672087,327.0,22.26659934362858,349,66.625,0.125,0.875,0.18055555555555555,0.125,0.15572072192458836,E5,78
huseyni,turku,duyek,sabahtan_kalktim,ali_rifat_cagatay,huseyni--turku--duyek--sabahtan_kalktim--ali_rifat_cagatay.txt,261,7,-1,371,343.6475095785441,349.0,49.27706483521463,372,34.625,0.0625,0.5,0.13266283524904215,0.08333333333333333,0.0948976201945924,A5,85
huseyni,turku,evfer,dere_geliyor,,huseyni--turku--evfer--dere_geliyor--.txt,153,5,0,336,318.41830065359477,318.0,28.111061313046417,336,27.125,0.0625,0.625,0.1772875816993464,0.125,0.10740890713350242,D5,42
huseyni,turku,kapali_curcuna,havada_bulut,,huseyni--turku--kapali_curcuna--havada_bulut--.txt,465,7,-1,349,313.16129032258067,318.0,54.4618045377115,350,72.625,0.0625,1.25,0.15618279569892474,0.125,0.13659359919595485,D5,120
huseyni,turku,musemmen,aglama_yar,anonim,huseyni--turku--musemmen--aglama_yar--anonim.txt,115,6,-1,340,291.8,327.0,96.00056651879625,341,24.125,0.125,0.625,0.20978260869565218,0.25,0.11050599591644739,D5,43
huseyni,turku,nimsofyan,bir_of_ceksem,kayseri,huseyni--turku--nimsofyan--bir_of_ceksem--kayseri.txt,266,6,-1,336,300.74436090225566,315.0,69.47073814669467,337,21.25,0.03125,0.25,0.07988721804511278,0.0625,0.033561566436408834,C5,57
huseyni,turku,raksaksagi,menekse_kokulu,,huseyni--turku--raksaksagi--menekse_kokulu--.txt,485,10,0,358,322.50309278350517,318.0,19.7912267357075,358,72.125,0.0625,0.5,0.14871134020618557,0.125,0.08224879847434163,D5,106
huseyni,turku,semai_8,aksam_olur,mehmet_yuzgec,huseyni--turku--semai_8--aksam_olur--mehmet_yuzgec.txt,219,7,-1,336,304.2739726027397,318.0,71.2667672736197,337,33.125,0.0625,0.625,0.1512557077625571,0.125,0.07445227152760772,C5,48
huseyni,turku,sofyan,cikayim_gideyim,,huseyni--turku--sofyan--cikayim_gideyim--.txt,353,10,-1,358,303.36543909348444,318.0,78.05617620060241,359,46.25,0.0625,1.0,0.13101983002832862,0.125,0.10108197142201936,B4b1,66
huseyni,turku,sofyan,ciktim_belen,mugla,huseyni--turku--sofyan--ciktim_belen--mugla.txt,671,8,-1,336,301.2757078986587,318.0,69.7769152481705,337,44.25,0.015625,0.25,0.06594634873323398,0.0625,0.04079576349007217,C5,126
huseyni,turku,sofyan,dost_dost_,asik_veysel,huseyni--turku--sofyan--dost_dost_--asik_veysel.txt,387,9,-1,358,320.94573643410854,327.0,40.24555008597968,359,40.25,0.0625,0.25,0.10400516795865633,0.125,0.04869686528154475,A4,75
huseyni,turku,sofyan,hey_onbesli,tokat,huseyni--turku--sofyan--hey_onbesli--tokat.txt,427,8,-1,349,305.615925058548,312.0,59.79163765603528,350,40.25,0.03125,0.25,0.0942622950819672,0.0625,0.051453466441093554,A4,130
huseyni,turku,sofyan,keklik_daglarda,,huseyni--turku--sofyan--keklik_daglarda--.txt,274,10,-1,358,316.9014598540146,327.0,57.027541043091276,359,34.25,0.0625,0.375,0.125,0.125,0.07489308618940976,D5,50
huseyni,turku,sofyan,kina_mi,nuri_halil_poyraz,huseyni--turku--sofyan--kina_mi--nuri_halil_poyraz.txt,523,13,-1,366,318.1261950286807,327.0,58.324723028381115,367,77.75,0.0625,1.375,0.14866156787762907,0.0625,0.1870812724076348,E5,134
huseyni,turku,sofyan,kopruden_gecti,kirsehir,huseyni--turku--sofyan--kopruden_gecti--kirsehir.txt,758,11,-1,358,315.73746701846966,318.0,50.13433415282117,359,85.25,0.015625,0.375,0.112467018469657,0.125,0.07095871814137077,C5,120
huseyni,turku,sofyan,koskum_var,,huseyni--turku--sofyan--koskum_var--.txt,441,9,0,349,323.50566893424036,327.0,20.05006437462259,349,58.25,0.03125,0.875,0.1320861678004535,0.125,0.12286280435753962,E5,92
huseyni,turku,sofyan,sabahin_seher,,huseyni--turku--sofyan--sabahin_seher--.txt,137,7,-1,349,302.9270072992701,327.0,86.70772703172018,350,11.25,0.0625,0.25,0.08211678832116788,0.0625,0.03193353983008872,E5,22
huseyni,turku,sofyan,tren_gelir,bozuyuk,huseyni--turku--sofyan--tren_gelir--bozuyuk.txt,399,10,-1,358,307.30827067669173,327.0,70.10005560444047,359,45.75,0.0625,1.75,0.11466165413533834,0.0625,0.1684491171947456,D5,92
huseyni,turku,sofyan,yaylanin_cimenine,trabzon,huseyni--turku--sofyan--yaylanin_cimenine--trabzon.txt,807,11,-1,358,314.2651796778191,318.0,42.43405702345885,359,82.25,0.03125,1.0,0.10192069392812887,0.0625,0.09143274165291113,D5,232
huseyni,turku,yuruksemai,bir_hisminan,kars,huseyni--turku--yuruksemai--bir_hisminan--kars.txt,254,7,-1,349,317.503937007874,327.0,62.44160896304042,350,46.625,0.041666666666666664,1.375,0.18356299212598426,0.125,0.1610387128326633,E5,81
huseyni,yuruksemai,senginsemai,ben_gibi,tabi_mustafa_efendi,huseyni--yuruksemai--senginsemai--ben_gibi--tabi_mustafa_efendi.txt,736,12,-1,358,314.1222826086956,318.0,50.67196080332156,359,183.75,0.0625,1.5,0.2496603260869565,0.25,0.16676195608571892,D5,135
huseyni,yuruksemai,yuruksemai,dok_dideden,tabi_mustafa_efendi,huseyni--yuruksemai--yuruksemai--dok_dideden--tabi_mustafa_efendi.txt,318,14,-1,358,314.1383647798742,327.0,69.34388116287457,359,75.0,0.0625,0.5,0.2358490566037736,0.25,0.11964568162536963,E5,74
huseyni,zeybek,agiraksak,sarizeybek,osman_pehlivan,huseyni--zeybek--agiraksak--sarizeybek--osman_pehlivan.txt,303,10,0,358,318.1188118811881,312.0,24.56305056153114,358,40.75,0.0625,0.25,0.13448844884488448,0.125,0.0687120324919541,A4,84
huseyni_gulizar,ilahi,sofyan,cun_sana,hafiz_post,huseyni_gulizar--ilahi--sofyan--cun_sana--hafiz_post.txt,301,10,-1,358,323.37541528239205,327.0,51.76963647007416,359,52.25,0.0625,0.5,0.17358803986710963,0.125,0.06904165208875779,E5,74
huseyniasiran,kupe,aksaksemai,gel,ahmet_avni_konuk,huseyniasiran--kupe--aksaksemai--gel--ahmet_avni_konuk.txt,95,17,-1,365,300.2,318.0,74.97426508830823,366,10.0,0.03125,0.25,0.10526315789473684,0.0625,0.05730624581204521,E5,14
huseyniasiran,sarki,curcuna,cemalin_semine,zekai_dede,huseyniasiran--sarki--curcuna--cemalin_semine--zekai_dede.txt,421,12,-1,367,306.0855106888361,327.0,73.82267882302581,368,80.125,0.0625,0.625,0.1903206650831354,0.125,0.10894441254290425,E5,68
huseyniasiran,seyir,duyek,1,erol_bingol,huseyniasiran--seyir--duyek--1--erol_bingol.txt,57,13,283,358,323.2105263157895,327.0,19.787926371279735,75,8.0,0.0625,0.5,0.14035087719298245,0.125,0.07947994833111552,E5,12
huseyniasiran,seyir,semai,1,rauf_yekta,huseyniasiran--seyir--semai--1--rauf_yekta.txt,81,13,-1,365,301.04938271604937,327.0,81.00955209642996,366,24.0,0.125,0.5,0.2962962962962963,0.25,0.1256925260749863,E5,14
huseyniasiran,seyir,sofyan,1,sefik_gurmeric,huseyniasiran--seyir--sofyan--1--sefik_gurmeric.txt,103,18,-1,371,299.4757281553398,318.0,78.4056626431638,372,16.0,0.0625,1.0,0.1553398058252427,0.125,0.1243438901104717,E5,13
huzi,ilahi,duyek,tasti_rahmet,,huzi--ilahi--duyek--tasti_rahmet--.txt,239,8,-1,349,308.6234309623431,318.0,66.07107545445623,350,32.125,0.0625,0.5,0.1344142259414226,0.125,0.10707764385519036,D5,62
huzi,turku,aksak,ayva_dibi,,huzi--turku--aksak--ayva_dibi--.txt,283,8,-1,349,304.25441696113074,327.0,82.83200297129652,350,45.125,0.0625,0.5,0.15945229681978798,0.125,0.09222361634295512,E5,90
huzzam,agirsemai,aksaksemai,kurban_olayim,haci_faik_bey,huzzam--agirsemai--aksaksemai--kurban_olayim--haci_faik_bey.txt,432,13,-1,371,320.49768518518516,333.0,68.66921953514948,372,40.125,0.03125,0.375,0.09288194444444445,0.0625,0.060391992988243354,D5,90
huzzam,aranagme,agiraksak,1,,huzzam--aranagme--agiraksak--1--.txt,186,15,-1,380,332.4193548387097,333.0,38.33869616151937,381,18.25,0.03125,0.5,0.09811827956989247,0.0625,0.06652438682490448,D5,33
huzzam,aranagme,duyek,1,,huzzam--aranagme--duyek--1--.txt,111,10,-1,366,321.5855855855856,327.0,56.72557038752749,367,16.125,0.0625,0.75,0.14527027027027026,0.125,0.1227531481504054,D5,24
huzzam,beste,agircenber,asika_tan,hekimbasi_abdulaziz_efendi,huzzam--beste--agircenber--asika_tan--hekimbasi_abdulaziz_efendi.txt,266,12,-1,362,308.54135338345867,327.0,76.49673923529774,363,35.875,0.0625,0.75,0.13486842105263158,0.125,0.09289059084176116,D5,81
huzzam,beste,remel,aldim_hayal-i,komurcuzade,huzzam--beste--remel--aldim_hayal-i--komurcuzade.txt,1111,16,-1,362,312.5931593159316,327.0,70.68766542511482,363,144.0,0.0625,0.5,0.12961296129612962,0.125,0.0892589414268747,D5,270
huzzam,fantezi,nimsofyan,yine_yakmis,erol_sayan,huzzam--fantezi--nimsofyan--yine_yakmis--erol_sayan.txt,277,11,-1,358,316.52707581227435,327.0,56.13309258436428,359,24.25,0.03125,0.25,0.08754512635379061,0.0625,0.045330303577381346,D5,58
huzzam,ilahi,muhammes,duseli_askin,tiznam_yusuf_celebi,huzzam--ilahi--muhammes--duseli_askin--tiznam_yusuf_celebi.txt,515,12,-1,358,301.378640776699,327.0,96.67428129300248,359,80.0,0.0625,0.5,0.1553398058252427,0.125,0.07603057231161857,D5,108
huzzam,ilahi,nimsofyan,ey_allahim,hulusi_gokmen,huzzam--ilahi--nimsofyan--ey_allahim--hulusi_gokmen.txt,75,7,-1,358,305.2,327.0,82.98241428809528,359,13.25,0.0625,0.25,0.17666666666666667,0.1875,0.07714646185390861,D5,28
huzzam,ilahi,sofyan,bu_dunya,,huzzam--ilahi--sofyan--bu_dunya--.txt,145,7,-1,358,313.7103448275862,327.0,72.13528159350813,359,19.0,0.0625,0.25,0.1310344827586207,0.125,0.06683090849644174,D5,47
huzzam,kanto,aksak,bana_bir,lavtaci_hristo,huzzam--kanto--aksak--bana_bir--lavtaci_hristo.txt,310,12,-1,371,326.31935483870967,333.0,55.60439855569877,372,44.75,0.0625,0.625,0.1443548387096774,0.125,0.07840431200871328,D5,53
huzzam,kupe,darb,sazin,ahmet_avni_konuk,huzzam--kupe--darb--sazin--ahmet_avni_konuk.txt,110,11,-1,371,313.96363636363634,333.0,83.87025008333327,372,24.0,0.125,0.875,0.21818181818181817,0.125,0.18658904369233922,D5,21
huzzam,ornek_oz,oynak,1,ruhi_ayangil,huzzam--ornek_oz--oynak--1--ruhi_ayangil.txt,38,11,309,371,334.7631578947368,333.0,15.202123270133729,62,6.75,0.125,0.5,0.17763157894736842,0.125,0.11116542848085206,D5,7
huzzam,ornek_oz,sofyan,1,ruhi_ayangil,huzzam--ornek_oz--sofyan--1--ruhi_ayangil.txt,30,9,309,362,332.4,329.5,15.925689504913015,53,4.0,0.0625,0.5,0.13333333333333333,0.125,0.1021500192696096,C5,5
huzzam,pesrev,devrikebir,,tanburi_buyuk_osman_bey,huzzam--pesrev--devrikebir----tanburi_buyuk_osman_bey.txt,772,23,-1,389,329.9520725388601,333.0,39.02935851112343,390,84.25,0.03125,0.5,0.1091321243523316,0.0625,0.07453123776010182,D5,130
huzzam,pesrev,fahte,,gazi_giray_han,huzzam--pesrev--fahte----gazi_giray_han.txt,506,19,-1,380,328.79644268774706,333.0,44.298850835436724,381,60.0,0.0625,0.5,0.11857707509881422,0.08333333333333333,0.08111690004806774,D5,100
huzzam,pesrev,muhammes,,seyfettin_osmanoglu,huzzam--pesrev--muhammes----seyfettin_osmanoglu.txt,1004,19,-1,380,312.6464143426295,333.0,88.3439839411595,381,128.25,0.0625,0.5,0.1277390438247012,0.125,0.07468131114795547,D5,172
huzzam,rumeliturkusu,sofyan,aksam_oldu,rumeli,huzzam--rumeliturkusu--sofyan--aksam_oldu--rumeli.txt,369,13,-1,358,326.99728997289975,327.0,36.91967622604234,359,49.25,0.0625,1.0,0.1334688346883469,0.125,0.12807134233375927,F5#4,70
huzzam,sarki,agiraksak,bekledim_yillarca,rakim_elkutlu,huzzam--sarki--agiraksak--bekledim_yillarca--rakim_elkutlu.txt,486,19,-1,380,337.58641975308643,340.0,32.11159248461015,381,53.875,0.03125,0.625,0.11085390946502058,0.0625,0.09068676266594203,D5,92
huzzam,sarki,agiraksak,ben_esir-i,udi_arsak_comlekciyan,huzzam--sarki--agiraksak--ben_esir-i--udi_arsak_comlekciyan.txt,501,15,-1,380,335.7804391217565,343.0,48.25200199584248,381,62.875,0.0625,0.5,0.125499001996008,0.125,0.08675132371133401,D5,80
huzzam,sarki,agiraksak,endaminin_hayalini,bimen_sen,huzzam--sarki--agiraksak--endaminin_hayalini--bimen_sen.txt,661,14,-1,371,330.32375189107415,333.0,46.9778915941239,372,72.25,0.03125,0.75,0.10930408472012103,0.0625,0.0749899370754684,F5#4,126
huzzam,sarki,agiraksak,ey_sabah-i,leyla_saz,huzzam--sarki--agiraksak--ey_sabah-i--leyla_saz.txt,646,19,-1,371,316.5402476780186,327.0,66.26075403207996,372,71.875,0.0625,0.5,0.11126160990712074,0.0625,0.07186547281435318,D5,155
huzzam,sarki,agiraksak,meyledip_agyari,kemani_riza_efendi,huzzam--sarki--agiraksak--meyledip_agyari--kemani_riza_efendi.txt,526,16,-1,380,317.3384030418251,327.0,71.4850335885712,381,63.25,0.0625,0.5,0.12024714828897339,0.125,0.07910201816367608,D5,109
huzzam,sarki,agiraksak,neseyab-i_lutfun,musullu_hafiz_osman_efendi,huzzam--sarki--agiraksak--neseyab-i_lutfun--musullu_hafiz_osman_efendi.txt,637,15,-1,380,331.0235478806907,333.0,48.55254960922519,381,63.0,0.03125,0.5,0.0989010989010989,0.0625,0.07002739967159541,F5#4,106
huzzam,sarki,agiraksak,sabrimi_gamzelerin,bimen_sen,huzzam--sarki--agiraksak--sabrimi_gamzelerin--bimen_sen.txt,598,17,-1,380,329.25585284280936,333.0,49.59963416604445,381,71.875,0.03125,0.625,0.1201923076923077,0.0625,0.10447906062360927,D5,112
huzzam,sarki,agirduyek,bag-i_husnunde,dede_salih_efendi,huzzam--sarki--agirduyek--bag-i_husnunde--dede_salih_efendi.txt,482,13,-1,358,320.21991701244815,333.0,64.67971126615632,359,79.5,0.0625,0.5,0.16493775933609958,0.125,0.0975815290677729,D5,112
huzzam,sarki,agirsenginsemai,gonlum_nice,mustafa_nafiz_irmak,huzzam--sarki--agirsenginsemai--gonlum_nice--mustafa_nafiz_irmak.txt,578,16,-1,380,333.098615916955,333.0,29.50902041369669,381,82.5,0.0625,1.0,0.14273356401384082,0.08333333333333333,0.15044946219222885,D5,115
huzzam,sarki,aksak,adanin_yesil_camlari,sukru_tunar,huzzam--sarki--aksak--adanin_yesil_camlari--sukru_tunar.txt,427,16,-1,371,330.0281030444965,333.0,31.08853262775687,372,47.375,0.0625,0.75,0.11094847775175644,0.0625,0.0945252017778936,D5,101
huzzam,sarki,aksak,bahsetme_o,umit_gurelman,huzzam--sarki--aksak--bahsetme_o--umit_gurelman.txt,314,13,0,371,338.12738853503186,343.0,24.274844291219157,371,44.375,0.03125,0.625,0.14132165605095542,0.125,0.11531932693742127,G5,58
huzzam,sarki,aksak,dil_uyur,munir_nurettin_selcuk,huzzam--sarki--aksak--dil_uyur--munir_nurettin_selcuk.txt,323,15,-1,371,316.4396284829721,333.0,78.43614273291406,372,48.375,0.0625,0.625,0.14976780185758515,0.125,0.0990832604451058,D5,62
huzzam,sarki,aksak,dinmiyor_hic,ziya_taskent,huzzam--sarki--aksak--dinmiyor_hic--ziya_taskent.txt,461,12,-1,371,326.32104121475055,343.0,71.44232221961228,372,63.125,0.03125,0.625,0.1369305856832972,0.125,0.09913012176297971,D5,81
huzzam,sarki,aksak,ettigin_cevri,cinucen_tanrikorur,huzzam--sarki--aksak--ettigin_cevri--cinucen_tanrikorur.txt,358,18,-1,393,330.54748603351953,333.0,45.698276473559325,394,31.25,0.03125,0.25,0.08729050279329609,0.0625,0.06550680279231631,E5b4,79
huzzam,sarki,aksak,ey_husn,ahmed_irsoy,huzzam--sarki--aksak--ey_husn--ahmed_irsoy.txt,461,14,-1,371,326.28416485900215,333.0,45.50427056889875,372,45.125,0.0625,0.375,0.09788503253796095,0.0625,0.061488562151737376,D5,106
huzzam,sarki,aksak,gonlum_seher,sadettin_kaynak,huzzam--sarki--aksak--gonlum_seher--sadettin_kaynak.txt,739,16,-1,371,326.51150202977,343.0,65.29578990392231,372,124.375,0.0625,0.75,0.1683017591339648,0.125,0.15459441299987717,F5#4,143
huzzam,sarki,aksak,gonul_dustu,kemenceci_usta_yani,huzzam--sarki--aksak--gonul_dustu--kemenceci_usta_yani.txt,260,15,-1,380,316.96923076923076,327.0,62.5370239016805,381,22.625,0.03125,0.25,0.08701923076923077,0.0625,0.053081041419907715,D5,51
huzzam,sarki,aksak,gonul_verdim,iii_selim,huzzam--sarki--aksak--gonul_verdim--iii_selim.txt,501,16,-1,371,325.97205588822357,327.0,46.5799014336105,372,58.625,0.0625,0.375,0.11701596806387225,0.0625,0.07602550719667037,D5,98
huzzam,sarki,aksak,gozum_hasretle,tatyos_efendi,huzzam--sarki--aksak--gozum_hasretle--tatyos_efendi.txt,380,12,-1,362,325.2447368421053,327.0,39.46951127783368,363,40.625,0.0625,0.375,0.1069078947368421,0.0625,0.07350070048516184,D5,106
huzzam,sarki,aksak,gozunun_rengini,selahaddin_pinar,huzzam--sarki--aksak--gozunun_rengini--selahaddin_pinar.txt,382,16,-1,380,327.979057591623,337.5,63.83319454342484,381,35.75,0.03125,0.375,0.09358638743455497,0.0625,0.06269087614294074,E5b4,68
huzzam,sarki,aksak,guzellerde_ne,tanburi_mustafa_cavus,huzzam--sarki--aksak--guzellerde_ne--tanburi_mustafa_cavus.txt,305,14,-1,371,308.9344262295082,327.0,76.63860612703004,372,35.375,0.0625,0.5,0.11598360655737705,0.0625,0.0744749697008999,D5,60
huzzam,sarki,aksak,havalandi_gonul,munir_nurettin_selcuk,huzzam--sarki--aksak--havalandi_gonul--munir_nurettin_selcuk.txt,380,17,-1,371,305.41315789473686,327.0,86.30916592070342,372,60.875,0.0625,0.75,0.16019736842105264,0.125,0.091566154659199,D5,76
huzzam,sarki,aksak,hicran_yine_hicran,serif_icli,huzzam--sarki--aksak--hicran_yine_hicran--serif_icli.txt,473,16,0,371,330.4482029598309,327.0,20.335167259802507,371,47.75,0.03125,0.5,0.10095137420718817,0.0625,0.07035733436153377,D5,121
huzzam,sarki,aksak,indirip_yerlere,cinucen_tanrikorur,huzzam--sarki--aksak--indirip_yerlere--cinucen_tanrikorur.txt,361,14,-1,380,327.5401662049861,333.0,41.102975953019765,381,31.25,0.03125,0.375,0.0865650969529086,0.0625,0.06856925085380917,D5,80
huzzam,sarki,aksak,manada_guzel,sadi_isilay,huzzam--sarki--aksak--manada_guzel--sadi_isilay.txt,427,15,-1,371,326.5550351288056,333.0,58.09829489862737,372,49.625,0.041666666666666664,0.5,0.11621779859484778,0.0625,0.08846970045404712,D5,94
huzzam,sarki,aksak,sen_bende,umit_gurelman,huzzam--sarki--aksak--sen_bende--umit_gurelman.txt,580,16,-1,380,322.40344827586205,343.0,78.72274420019987,381,71.375,0.03125,0.5,0.12306034482758621,0.09375,0.09622493741329101,G5,94
huzzam,sarki,aksak,sevdigin_dunyalar,munir_nurettin_selcuk,huzzam--sarki--aksak--sevdigin_dunyalar--munir_nurettin_selcuk.txt,339,15,-1,371,314.2654867256637,333.0,80.61358824691692,372,54.125,0.0625,0.625,0.1596607669616519,0.125,0.08611947267928409,D5,57
huzzam,sarki,aksak,sevdim_yine,tanburi_mustafa_cavus,huzzam--sarki--aksak--sevdim_yine--tanburi_mustafa_cavus.txt,337,12,-1,358,321.58456973293767,327.0,54.98061995578131,359,36.75,0.03125,1.125,0.10905044510385757,0.0625,0.10997849797647902,D5,73
huzzam,sarki,aksak,sonbaharin_bizi,bekir_sitki_sezgin,huzzam--sarki--aksak--sonbaharin_bizi--bekir_sitki_sezgin.txt,353,16,-1,380,339.4362606232295,343.0,29.513903496719994,381,35.75,0.03125,0.25,0.10127478753541076,0.0625,0.061782680300094074,G5,70
huzzam,sarki,aksak,sormadin_halimi,selahaddin_pinar,huzzam--sarki--aksak--sormadin_halimi--selahaddin_pinar.txt,389,13,-1,371,331.38817480719797,333.0,36.211235426930976,372,31.25,0.03125,0.25,0.08033419023136247,0.0625,0.0560898659217057,D5,82
huzzam,sarki,aksak,vefa_yoktur,tanburi_mustafa_cavus,huzzam--sarki--aksak--vefa_yoktur--tanburi_mustafa_cavus.txt,161,12,-1,371,324.37888198757764,327.0,47.12628567203484,372,22.5,0.0625,0.75,0.13975155279503104,0.125,0.08989890370966021,D5,39
huzzam,sarki,aksak,yine_bir,serif_icli,huzzam--sarki--aksak--yine_bir--serif_icli.txt,501,12,-1,362,323.3612774451098,327.0,52.457785099686305,363,53.375,0.03125,0.5,0.10653692614770459,0.0625,0.07443954348148929,D5,121
huzzam,sarki,aksak,zamani_var_ki,klarnet_ibrahim_efendi,huzzam--sarki--aksak--zamani_var_ki--klarnet_ibrahim_efendi.txt,436,15,-1,371,328.151376146789,333.0,50.25397586316818,372,48.5,0.0625,0.375,0.11123853211009174,0.0625,0.07715198007248236,D5,86
huzzam,sarki,aksaksemaievferi,kerem_eyle,medeni_aziz_efendi,huzzam--sarki--aksaksemaievferi--kerem_eyle--medeni_aziz_efendi.txt,260,13,-1,380,322.9576923076923,333.0,55.832365429050455,381,30.125,0.03125,0.25,0.11586538461538462,0.0625,0.07332078427831638,D5,59
huzzam,sarki,ciftesofyan,ey_gul-i,dede_efendi,huzzam--sarki--ciftesofyan--ey_gul-i--dede_efendi.txt,581,12,-1,362,328.29259896729775,333.0,38.8617411844721,363,63.125,0.03125,0.625,0.10864888123924268,0.0625,0.07008087227074856,D5,132
huzzam,sarki,curcuna,aksam_donusu,udi_marko_colakoglu,huzzam--sarki--curcuna--aksam_donusu--udi_marko_colakoglu.txt,543,20,-1,380,327.0220994475138,333.0,45.798365534384395,381,72.625,0.0625,1.25,0.13374769797421732,0.125,0.11730718209738127,D5,102
huzzam,sarki,curcuna,askinla_surunsem,selahaddin_pinar,huzzam--sarki--curcuna--askinla_surunsem--selahaddin_pinar.txt,535,21,-1,380,327.93457943925233,343.0,66.73555490826878,381,81.375,0.0625,1.25,0.15210280373831775,0.125,0.1692809304649836,G5,97
huzzam,sarki,curcuna,ayrilik_umitlerin,avni_anil,huzzam--sarki--curcuna--ayrilik_umitlerin--avni_anil.txt,356,15,-1,380,309.67134831460675,349.0,107.21667606987592,381,81.375,0.041666666666666664,1.25,0.2285814606741573,0.125,0.22976000627092671,G5,77
huzzam,sarki,curcuna,bir_gun,omer_sami_gupgup,huzzam--sarki--curcuna--bir_gun--omer_sami_gupgup.txt,309,17,-1,371,297.9870550161812,333.0,111.18318726581202,372,52.625,0.0625,0.625,0.17030744336569578,0.125,0.11427276824029223,G5,67
huzzam,sarki,curcuna,bir_zamanlar,sukru_tunar,huzzam--sarki--curcuna--bir_zamanlar--sukru_tunar.txt,365,9,-1,362,314.84383561643835,333.0,82.92185018434455,363,59.125,0.0625,1.25,0.161986301369863,0.125,0.14811136969797434,D5,80
huzzam,sarki,curcuna,gecenin_matemini,selahaddin_pinar,huzzam--sarki--curcuna--gecenin_matemini--selahaddin_pinar.txt,433,17,-1,393,334.8729792147806,343.0,58.829989160873964,394,60.125,0.0625,1.25,0.1388568129330254,0.125,0.11089589353574231,G5,85
huzzam,sarki,curcuna,gokyuzune_ciksan,omer_sami_gupgup,huzzam--sarki--curcuna--gokyuzune_ciksan--omer_sami_gupgup.txt,426,10,-1,363,311.71596244131456,333.0,88.72591811078055,364,82.625,0.0625,0.625,0.19395539906103287,0.125,0.09708316813684767,G5,94
huzzam,sarki,curcuna,gonul_durup,sukru_tunar,huzzam--sarki--curcuna--gonul_durup--sukru_tunar.txt,493,17,-1,380,327.2454361054767,343.0,67.40267452401514,381,90.125,0.0625,1.25,0.18280933062880325,0.125,0.173013898573942,F5#4,96
huzzam,sarki,curcuna,guzel_gun_gormedi,haci_arif_bey,huzzam--sarki--curcuna--guzel_gun_gormedi--haci_arif_bey.txt,290,14,-1,371,320.52758620689656,333.0,65.44815638415064,372,53.875,0.0625,0.5,0.1857758620689655,0.125,0.09371606294230736,D5,61
huzzam,sarki,curcuna,kusade_taliim,sevki_bey,huzzam--sarki--curcuna--kusade_taliim--sevki_bey.txt,396,13,-1,362,317.69444444444446,333.0,68.96291477763455,363,66.375,0.125,0.625,0.16761363636363635,0.125,0.08600147020179345,D5,85
huzzam,sarki,curcuna,leylaklarin_hayali,sadettin_kaynak,huzzam--sarki--curcuna--leylaklarin_hayali--sadettin_kaynak.txt,636,15,-1,371,324.79716981132077,340.0,67.86344365049126,372,91.625,0.03125,1.125,0.14406446540880502,0.125,0.14124269557357513,G5,118
huzzam,sarki,curcuna,mahzun_gonul,kemani_salih_efendi,huzzam--sarki--curcuna--mahzun_gonul--kemani_salih_efendi.txt,481,12,-1,358,322.33887733887735,333.0,59.25678166171086,359,76.625,0.03125,1.25,0.1593035343035343,0.125,0.11069155068808402,E5b4,94
huzzam,sarki,curcuna,omrum_seni,yesari_asim_arsoy,huzzam--sarki--curcuna--omrum_seni--yesari_asim_arsoy.txt,267,12,-1,362,327.88389513108615,333.0,47.1895633592225,363,44.5,0.0625,1.125,0.16666666666666666,0.125,0.15113008927646335,D5,59
huzzam,sarki,curcuna,yine_kalbim,yesari_asim_arsoy,huzzam--sarki--curcuna--yine_kalbim--yesari_asim_arsoy.txt,383,15,-1,380,334.14882506527414,343.0,51.57829703524251,381,72.625,0.03125,1.375,0.189621409921671,0.125,0.22302201825560344,E5b4,73
huzzam,sarki,devrihindi,ey_cefacu,sakir_aga,huzzam--sarki--devrihindi--ey_cefacu--sakir_aga.txt,412,20,-1,371,329.3980582524272,333.0,36.23345224945966,372,44.0,0.0625,0.25,0.10679611650485436,0.0625,0.0638575603517614,D5,80
huzzam,sarki,devrihindi,sen_de_leyladan_mi,serif_icli,huzzam--sarki--devrihindi--sen_de_leyladan_mi--serif_icli.txt,432,14,-1,371,330.58564814814815,333.0,50.20059139007265,372,68.5,0.0625,0.75,0.15856481481481483,0.125,0.114217657494331,F5#4,87
huzzam,sarki,devrihindi,umidim_kalmadi,medeni_aziz_efendi,huzzam--sarki--devrihindi--umidim_kalmadi--medeni_aziz_efendi.txt,340,14,-1,371,327.5705882352941,333.0,46.715207768146556,372,28.25,0.03125,0.375,0.08308823529411764,0.0625,0.05801633893910642,D5,60
huzzam,sarki,duyek,a_canim,tanburi_mustafa_cavus,huzzam--sarki--duyek--a_canim--tanburi_mustafa_cavus.txt,514,18,-1,371,310.14396887159535,327.0,81.47575664373787,372,48.125,0.0625,0.375,0.0936284046692607,0.0625,0.05106818102918192,D5,109
huzzam,sarki,duyek,aksamin_oldugu,avni_anil,huzzam--sarki--duyek--aksamin_oldugu--avni_anil.txt,562,14,-1,380,320.5355871886121,349.0,95.29090265497005,381,80.125,0.041666666666666664,1.0,0.1425711743772242,0.08333333333333333,0.15534116414562904,G5,86
huzzam,sarki,duyek,ay_buluttan,necip_gulses,huzzam--sarki--duyek--ay_buluttan--necip_gulses.txt,426,20,-1,380,318.19953051643193,343.0,86.18322533527525,381,50.125,0.03125,0.875,0.1176643192488263,0.0625,0.09671210001129284,G5,71
huzzam,sarki,duyek,bahar_oldu,haci_arif_bey,huzzam--sarki--duyek--bahar_oldu--haci_arif_bey.txt,277,13,-1,371,307.7292418772563,332.0,91.60031906826893,372,29.0,0.015625,0.25,0.10469314079422383,0.0625,0.07047039665800033,D5,52
huzzam,sarki,duyek,beklerim_her_gun,ismail_hakki_nebiloglu,huzzam--sarki--duyek--beklerim_her_gun--ismail_hakki_nebiloglu.txt,678,17,-1,362,327.3008849557522,343.0,59.18456997141792,363,61.625,0.03125,0.5,0.09089233038348082,0.0625,0.07265680184561715,G5,137
huzzam,sarki,duyek,birak_duygulari,omer_sami_gupgup,huzzam--sarki--duyek--birak_duygulari--omer_sami_gupgup.txt,335,14,-1,380,323.2358208955224,333.0,66.78104293179051,381,46.125,0.041666666666666664,0.5,0.1376865671641791,0.125,0.08993161778208436,D5,68
huzzam,sarki,duyek,bu_gece,teoman_alpay,huzzam--sarki--duyek--bu_gece--teoman_alpay.txt,197,8,-1,362,295.8071065989848,333.0,114.28889884069305,363,48.125,0.125,1.0,0.24428934010152284,0.125,0.2714915388204445,G5,32
huzzam,sarki,duyek,dilimi_baglasalar,selahattin_altinbas,huzzam--sarki--duyek--dilimi_baglasalar--selahattin_altinbas.txt,625,13,-1,380,307.9888,333.0,98.9156345527559,381,96.125,0.0625,1.0,0.1538,0.125,0.14851211855930935,F5#4,110
huzzam,sarki,duyek,dun_gece,semahat_ozdenses,huzzam--sarki--duyek--dun_gece--semahat_ozdenses.txt,338,13,-1,371,322.38461538461536,333.0,63.77710629868549,372,39.625,0.03125,0.5,0.11723372781065089,0.0625,0.09442947787790444,D5,74
huzzam,sarki,duyek,dun_gece,yesari_asim_arsoy,huzzam--sarki--duyek--dun_gece--yesari_asim_arsoy.txt,713,14,-1,371,308.41514726507717,327.0,75.66715550305501,372,94.125,0.03125,1.0,0.13201262272089762,0.125,0.11400521983414574,D5,181
huzzam,sarki,duyek,gozun_aydin,omer_dilek,huzzam--sarki--duyek--gozun_aydin--omer_dilek.txt,538,14,-1,380,323.1208178438662,333.0,59.161099171633104,381,58.125,0.03125,0.5,0.10803903345724906,0.0625,0.08924337244688525,D5,112
huzzam,sarki,duyek,gurbet_elde,sukru_tunar,huzzam--sarki--duyek--gurbet_elde--sukru_tunar.txt,480,15,-1,380,324.2875,333.0,69.27796911122154,381,48.125,0.03125,1.0,0.10026041666666667,0.0625,0.09092569287084452,F5#4,91
huzzam,sarki,duyek,haleli_gozlerin,bimen_sen,huzzam--sarki--duyek--haleli_gozlerin--bimen_sen.txt,321,19,-1,371,327.22429906542055,333.0,60.6556842572094,372,53.625,0.041666666666666664,1.25,0.16705607476635514,0.125,0.14613012883771687,D5,58
huzzam,sarki,duyek,hayat_budur,huseyin_mayadag,huzzam--sarki--duyek--hayat_budur--huseyin_mayadag.txt,467,14,-1,371,310.01713062098503,327.0,80.00005181000243,372,58.125,0.041666666666666664,0.75,0.12446466809421841,0.125,0.09657459850596563,D5,110
huzzam,sarki,duyek,icimde_bin,avni_anil,huzzam--sarki--duyek--icimde_bin--avni_anil.txt,354,13,-1,371,322.774011299435,327.0,59.71532848288259,372,37.625,0.03125,0.5,0.10628531073446328,0.0625,0.08390926881268466,D5,92
huzzam,sarki,duyek,icimde_kim,yusuf_nalkesen,huzzam--sarki--duyek--icimde_kim--yusuf_nalkesen.txt,433,14,-1,371,332.3625866050808,343.0,48.36091344101705,372,46.125,0.03125,1.0,0.10652424942263279,0.0625,0.12161436633105609,G5,82
huzzam,sarki,duyek,kalbimin_sahibi,sekip_ayhan_ozisik,huzzam--sarki--duyek--kalbimin_sahibi--sekip_ayhan_ozisik.txt,350,14,-1,371,313.65714285714284,333.0,83.07963620345681,372,45.125,0.0625,0.625,0.12892857142857142,0.125,0.09395078444412694,D5,64
huzzam,sarki,duyek,menekse_gozlerde,sekip_ayhan_ozisik,huzzam--sarki--duyek--menekse_gozlerde--sekip_ayhan_ozisik.txt,367,12,-1,358,324.59128065395095,333.0,52.98645801059408,359,48.125,0.0625,0.5,0.1311307901907357,0.125,0.08805376248420768,D5,91
huzzam,sarki,duyek,nicin_nalendesin,nikogos_aga,huzzam--sarki--duyek--nicin_nalendesin--nikogos_aga.txt,379,9,-1,358,315.2928759894459,327.0,56.181830903926446,359,40.125,0.03125,0.5,0.1058707124010554,0.0625,0.07248996764938306,D5,88
huzzam,sarki,duyek,omrumuzun_son,selahattin_altinbas,huzzam--sarki--duyek--omrumuzun_son--selahattin_altinbas.txt,351,14,-1,380,321.8176638176638,343.0,80.90774871039115,381,44.125,0.03125,0.5,0.1257122507122507,0.125,0.09312017101300474,F5#4,63
huzzam,sarki,duyek,omrunde_sarmadin,omer_sami_gupgup,huzzam--sarki--duyek--omrunde_sarmadin--omer_sami_gupgup.txt,552,14,-1,371,319.0978260869565,333.0,81.13195003511036,372,68.125,0.041666666666666664,0.5,0.12341485507246377,0.125,0.09738109225716542,G5,87
huzzam,sarki,duyek,pisman_olur_da,irfan_ozbakir,huzzam--sarki--duyek--pisman_olur_da--irfan_ozbakir.txt,570,16,-1,380,329.57894736842104,333.0,51.022944412636654,381,66.125,0.03125,0.75,0.11600877192982456,0.0625,0.10610323315421087,F5#4,112
huzzam,sarki,duyek,sacin_yuzume,teoman_alpay,huzzam--sarki--duyek--sacin_yuzume--teoman_alpay.txt,397,8,-1,362,294.448362720403,333.0,111.77489318290544,363,96.125,0.125,1.0,0.24212846347607053,0.125,0.280313796243696,F5#4,68
huzzam,sarki,duyek,seni_sesini,sadi_hosses,huzzam--sarki--duyek--seni_sesini--sadi_hosses.txt,407,13,-1,380,308.3906633906634,333.0,97.63540407742359,381,61.125,0.0625,1.0,0.15018427518427518,0.125,0.16135194054500357,D5,69
huzzam,sarki,duyek,sesimde_sarkisi,selahattin_inal,huzzam--sarki--duyek--sesimde_sarkisi--selahattin_inal.txt,556,18,-1,380,332.6870503597122,333.0,24.299095254821008,381,67.625,0.03125,1.0,0.12162769784172661,0.0625,0.09950897517991623,D5,130
huzzam,sarki,duyek,soyleme_bilmesinler,selahattin_altinbas,huzzam--sarki--duyek--soyleme_bilmesinler--selahattin_altinbas.txt,629,14,-1,380,307.70588235294116,333.0,94.8857894449492,381,96.125,0.0625,1.0,0.15282193958664547,0.125,0.1390259338476792,D5,128
huzzam,sarki,duyek,su_gogsum,cevdet_cagla,huzzam--sarki--duyek--su_gogsum--cevdet_cagla.txt,601,19,-1,371,328.4126455906822,333.0,49.38342609778964,372,69.125,0.03125,1.0,0.11501663893510815,0.0625,0.09513441550958876,E5b4,110
huzzam,sarki,duyek,talihin_elinde,arif_sami_toker,huzzam--sarki--duyek--talihin_elinde--arif_sami_toker.txt,813,10,-1,362,314.58671586715866,333.0,81.83755639144152,363,122.125,0.0625,1.0,0.15021525215252152,0.125,0.0938868311635659,D5,168
huzzam,sarki,duyek,unuttun_mu,mustafa_seyran,huzzam--sarki--duyek--unuttun_mu--mustafa_seyran.txt,392,12,-1,371,319.1224489795918,343.0,84.51035624802884,372,52.125,0.041666666666666664,1.0,0.1329719387755102,0.125,0.13425940039093345,G5,98
huzzam,sarki,duyek,yalniz_aksamlarimda,omer_sami_gupgup,huzzam--sarki--duyek--yalniz_aksamlarimda--omer_sami_gupgup.txt,510,16,-1,380,322.03333333333336,343.0,80.77498437543235,381,64.125,0.0625,1.0,0.12573529411764706,0.0625,0.10925039369572252,G5,112
huzzam,sarki,duyek,zamanla_belki,yesari_asim_arsoy,huzzam--sarki--duyek--zamanla_belki--yesari_asim_arsoy.txt,425,15,0,371,334.1341176470588,333.0,20.81462177093926,371,66.125,0.03125,1.0,0.15558823529411764,0.125,0.19496023310147698,D5,101
huzzam,sarki,duyek,zannetme_ki,kenan_savkli,huzzam--sarki--duyek--zannetme_ki--kenan_savkli.txt,705,14,-1,380,328.7673758865248,343.0,72.55272230385872,381,66.125,0.03125,0.5,0.09379432624113475,0.0625,0.08135770260207066,G5,119
huzzam,sarki,musemmen,turlu_derde,serif_icli,huzzam--sarki--musemmen--turlu_derde--serif_icli.txt,316,16,-1,371,330.0822784810127,333.0,29.396677317882812,372,32.125,0.03125,0.375,0.10166139240506329,0.0625,0.06992325389981971,D5,87
huzzam,sarki,nimsofyan,gezdigim_dikenli,kadri_sencalar,huzzam--sarki--nimsofyan--gezdigim_dikenli--kadri_sencalar.txt,213,7,-1,358,329.51173708920186,333.0,52.4373489903723,359,19.75,0.03125,0.5,0.09272300469483569,0.0625,0.06299321238306575,G5,51
huzzam,sarki,sarkidevrirevani,isittim_ey,sakir_aga,huzzam--sarki--sarkidevrirevani--isittim_ey--sakir_aga.txt,243,13,-1,371,315.6255144032922,327.0,60.34901663768121,372,26.0,0.03125,0.5,0.10699588477366255,0.0625,0.07415466315085634,D5,50
huzzam,sarki,semai,dil-hun_olurum,bimen_sen,huzzam--sarki--semai--dil-hun_olurum--bimen_sen.txt,347,14,-1,380,332.75792507204613,343.0,50.09215973940963,381,95.5,0.125,1.5,0.27521613832853026,0.25,0.22185085073088065,D5,69
huzzam,sarki,semai,her_gece,kasim_inaltekin,huzzam--sarki--semai--her_gece--kasim_inaltekin.txt,453,14,-1,371,330.3465783664459,327.0,26.631647751107863,372,120.25,0.0625,1.0,0.2654525386313466,0.25,0.18170214266627277,D5,111
huzzam,sarki,semai,omrumuzun_son_saati,avni_anil,huzzam--sarki--semai--omrumuzun_son_saati--avni_anil.txt,445,13,-1,380,327.0494382022472,333.0,67.17666825294744,381,129.25,0.125,1.25,0.29044943820224717,0.25,0.23731932488689952,D5,92
huzzam,sarki,semai,ozledim_gel,omer_sami_gupgup,huzzam--sarki--semai--ozledim_gel--omer_sami_gupgup.txt,565,12,0,371,333.7840707964602,333.0,20.875757795612554,371,168.25,0.125,1.5,0.297787610619469,0.25,0.2201495885428651,D5,122
huzzam,sarki,semai,su_yalan,avni_anil,huzzam--sarki--semai--su_yalan--avni_anil.txt,636,11,-1,371,334.4669811320755,333.0,23.317267657887463,372,202.75,0.125,1.5,0.3187893081761006,0.25,0.3105506102446108,D5,149
huzzam,sarki,semai,uzun_yillar,rustu_sardag,huzzam--sarki--semai--uzun_yillar--rustu_sardag.txt,229,13,0,371,332.90393013100436,333.0,27.006000507918486,371,81.25,0.125,0.75,0.3548034934497817,0.25,0.21824374910367994,D5,44
huzzam,sarki,semai,yitirmisim_ben,yusuf_nalkesen,huzzam--sarki--semai--yitirmisim_ben--yusuf_nalkesen.txt,148,12,-1,371,330.8243243243243,333.0,41.86660322413022,372,42.25,0.125,0.75,0.28547297297297297,0.25,0.1821315008951285,D5,35
huzzam,sarki,senginsemai,acmam_acamam,nasibin_mehmet_yuru,huzzam--sarki--senginsemai--acmam_acamam--nasibin_mehmet_yuru.txt,569,17,0,366,335.3585237258348,333.0,19.2851499627144,366,55.75,0.03125,0.5,0.09797891036906854,0.0625,0.0941944055776163,F5#4,119
huzzam,sarki,senginsemai,gonlum_gozundeki,haydar_tatliyay,huzzam--sarki--senginsemai--gonlum_gozundeki--haydar_tatliyay.txt,775,18,-1,371,327.60903225806453,333.0,41.29766116304551,372,83.75,0.0625,0.5,0.10806451612903226,0.08333333333333333,0.08462828567733233,D5,132
huzzam,sarki,senginsemai,hal-i_dil-i,haci_arif_bey,huzzam--sarki--senginsemai--hal-i_dil-i--haci_arif_bey.txt,189,10,-1,371,325.14814814814815,333.0,60.49071723456752,372,36.25,0.0625,0.5,0.1917989417989418,0.125,0.12828996743142118,D5,46
huzzam,sarki,senginsemai,mahzun_durusun,ekrem_guyer,huzzam--sarki--senginsemai--mahzun_durusun--ekrem_guyer.txt,388,13,-1,371,326.1855670103093,333.0,52.06809889878333,372,47.25,0.03125,0.5,0.12177835051546392,0.0625,0.11082418970824955,D5,90
huzzam,sarki,senginsemai,sen_sanki_baharin,musa_sureyya_bey,huzzam--sarki--senginsemai--sen_sanki_baharin--musa_sureyya_bey.txt,438,15,0,380,336.3333333333333,333.0,22.572909247238336,380,47.0,0.03125,0.5,0.10730593607305935,0.0625,0.08592147251046511,D5,85
huzzam,sarki,sofyan,ask_yolunda,sadettin_kaynak,huzzam--sarki--sofyan--ask_yolunda--sadettin_kaynak.txt,325,17,-1,371,295.04,327.0,107.31433119118967,372,69.0,0.0625,1.0,0.2123076923076923,0.125,0.208886137423535,D5,68
huzzam,sarki,sofyan,bin_huzun,sadettin_kaynak,huzzam--sarki--sofyan--bin_huzun--sadettin_kaynak.txt,509,16,-1,371,317.29469548133596,327.0,67.49554951320981,372,65.25,0.03125,0.375,0.12819253438113948,0.125,0.0863941609515193,D5,108
huzzam,sarki,sofyan,sen_olmasaydin,yesari_asim_arsoy,huzzam--sarki--sofyan--sen_olmasaydin--yesari_asim_arsoy.txt,313,14,0,388,346.5111821086262,349.0,26.45885841570348,388,58.25,0.041666666666666664,1.0,0.18610223642172524,0.08333333333333333,0.23448208336714355,F5#4,62
huzzam,sarki,sofyan,seni_cilgin,akin_ozkan,huzzam--sarki--sofyan--seni_cilgin--akin_ozkan.txt,236,11,-1,358,310.0805084745763,327.0,82.1816739508108,359,32.25,0.03125,0.5,0.13665254237288135,0.125,0.0840304341643506,D5,47
huzzam,sarki,sofyan,solgun_durma,munir_nurettin_selcuk,huzzam--sarki--sofyan--solgun_durma--munir_nurettin_selcuk.txt,647,17,-1,386,331.04945904173104,333.0,45.798292742502575,387,65.25,0.03125,1.875,0.1008500772797527,0.0625,0.1277489031203244,D5,113
huzzam,sarki,sofyan,yar_yolunu,yesari_asim_arsoy,huzzam--sarki--sofyan--yar_yolunu--yesari_asim_arsoy.txt,391,8,-1,362,329.86700767263426,333.0,35.494350738622494,363,48.25,0.0625,0.5,0.12340153452685422,0.0625,0.0979427941234888,D5,103
huzzam,sarki,turkaksagi,askin_bana,rakim_elkutlu,huzzam--sarki--turkaksagi--askin_bana--rakim_elkutlu.txt,661,17,-1,380,332.79878971255675,333.0,42.24488921987666,381,90.25,0.041666666666666664,0.625,0.136535552193646,0.125,0.09619546006520653,D5,132
huzzam,sarki,turkaksagi,baglandi_gonul,selanikli_ahmed_bey,huzzam--sarki--turkaksagi--baglandi_gonul--selanikli_ahmed_bey.txt,472,14,0,371,339.82838983050846,343.0,21.168272315327542,371,44.75,0.0625,0.375,0.0948093220338983,0.0625,0.06026142338664074,G5,101
huzzam,sarki,turkaksagi,bahar_oldu,seyh_ethem_efendi,huzzam--sarki--turkaksagi--bahar_oldu--seyh_ethem_efendi.txt,335,16,-1,380,318.7253731343284,327.0,61.32012628175723,381,50.125,0.0625,0.5,0.1496268656716418,0.125,0.07238357073261073,D5,70
huzzam,sarki,turkaksagi,meftun_olali,haci_arif_bey,huzzam--sarki--turkaksagi--meftun_olali--haci_arif_bey.txt,546,15,-1,371,332.68498168498166,333.0,31.43999138740389,372,49.75,0.03125,0.375,0.09111721611721611,0.0625,0.06264496579741034,D5,118
huzzam,sarki,turkaksagi,ruhumda_bu_seb,bimen_sen,huzzam--sarki--turkaksagi--ruhumda_bu_seb--bimen_sen.txt,486,15,-1,371,326.47736625514403,333.0,55.77076148998503,372,49.75,0.03125,0.375,0.10236625514403293,0.0625,0.0689107018145409,D5,100
huzzam,sarki,turkaksagi,sevdasi_henuz,yorgo_bacanos,huzzam--sarki--turkaksagi--sevdasi_henuz--yorgo_bacanos.txt,476,12,-1,366,334.9117647058824,341.5,36.66302580666672,367,34.75,0.03125,0.375,0.07300420168067227,0.0625,0.053372138403359005,G5,104
huzzam,sarki,turkaksagi,ummidini_kirpiklerine,selahaddin_pinar,huzzam--sarki--turkaksagi--ummidini_kirpiklerine--selahaddin_pinar.txt,461,14,-1,371,334.1127982646421,340.0,46.654188834962554,372,29.75,0.03125,0.25,0.06453362255965293,0.041666666666666664,0.048965630963121974,E5b4,86
huzzam,sazsemaisi,aksaksemai,,gazi_giray_han,huzzam--sazsemaisi--aksaksemai----gazi_giray_han.txt,1059,15,-1,380,311.82908404154864,327.0,72.84749889129951,381,151.0,0.0625,0.25,0.14258734655335223,0.125,0.06256328116201913,D5,226
huzzam,sazsemaisi,aksaksemai,,refik_fersan,huzzam--sazsemaisi--aksaksemai----refik_fersan.txt,429,20,-1,380,311.7972027972028,333.0,90.12633081500692,381,55.375,0.03125,1.25,0.12907925407925408,0.125,0.11071947750708681,D5,83
huzzam,sazsemaisi,aksaksemai,,udi_nevres_bey,huzzam--sazsemaisi--aksaksemai----udi_nevres_bey.txt,718,34,-1,393,322.883008356546,333.0,67.94819353862992,394,83.875,0.03125,0.375,0.1168175487465181,0.0625,0.08426066990930327,D5,106
huzzam,seyir,duyek,1,erol_bingol,huzzam--seyir--duyek--1--erol_bingol.txt,60,11,-1,380,334.55,333.0,46.92129183130665,381,8.0,0.0625,0.5,0.13333333333333333,0.125,0.11124932552325219,D5,12
huzzam,seyir,duyek,1,sefik_gurmeric,huzzam--seyir--duyek--1--sefik_gurmeric.txt,113,13,-1,380,318.4778761061947,333.0,83.94684727181462,381,16.0,0.0625,0.75,0.1415929203539823,0.125,0.11693207255619922,D5,19
huzzam,seyir,semai,1,rauf_yekta,huzzam--seyir--semai--1--rauf_yekta.txt,77,9,-1,371,288.72727272727275,327.0,120.02769815904516,372,24.0,0.25,0.5,0.3116883116883117,0.25,0.10848723666625729,D5,18
huzzam,taksim,serbest,,tanburi_cemil_bey,huzzam--taksim--serbest----tanburi_cemil_bey.txt,615,16,-1,380,325.6552845528455,340.0,63.18179808813744,381,61.984375,0.015625,0.5,0.10078760162601626,0.0625,0.09246506231061823,F5#4,120
huzzam,turku,aksak,arabaya_tas,istanbul,huzzam--turku--aksak--arabaya_tas--istanbul.txt,227,10,-1,358,331.0132158590308,333.0,33.850070283480385,359,39.5,0.0625,1.125,0.17400881057268722,0.125,0.12251561183485664,F5#4,60
huzzam,turku,aksak,bilirim_daha,bimen_sen,huzzam--turku--aksak--bilirim_daha--bimen_sen.txt,314,14,-1,380,332.3630573248408,333.0,36.177173688034436,381,53.875,0.0625,1.25,0.1715764331210191,0.125,0.13422517161555036,D5,65
huzzam,turku,aksak,duriyemin_gugumleri,,huzzam--turku--aksak--duriyemin_gugumleri--.txt,326,10,-1,358,328.12576687116564,333.0,46.70581724790515,359,51.875,0.0625,0.625,0.15912576687116564,0.125,0.08106931210263668,D5,75
huzzam,turku,aksak,yaniyor_mu,,huzzam--turku--aksak--yaniyor_mu--.txt,495,9,-1,358,331.5030303030303,333.0,28.482530531091257,359,63.125,0.0625,0.625,0.1275252525252525,0.125,0.08126614986607607,F5#4,108
huzzam,turku,curcuna,al_yesil,urfa,huzzam--turku--curcuna--al_yesil--urfa.txt,604,12,0,358,331.7433774834437,333.0,19.44832944647423,358,92.625,0.03125,0.625,0.15335264900662252,0.125,0.09161065538059367,D5,136
huzzam,turku,curcuna,hayatlari_degirmi,,huzzam--turku--curcuna--hayatlari_degirmi--.txt,368,7,-1,358,327.4048913043478,343.0,58.61049257402781,359,50.125,0.0625,0.625,0.13620923913043478,0.125,0.09065703085864962,F5#4,92
huzzam,turku,düyek,kadem_basti,raci_alkir,huzzam--turku--düyek--kadem_basti--raci_alkir.txt,214,7,-1,343,320.69158878504675,327.0,32.55602933851427,344,20.125,0.03125,0.25,0.09404205607476636,0.0625,0.0630107253518616,D5,80
huzzam,turku,ikizaksak,cirpinirdi_karadeniz,uzeyir_hacibeyov,huzzam--turku--ikizaksak--cirpinirdi_karadeniz--uzeyir_hacibeyov.txt,321,7,0,358,329.9065420560748,327.0,22.09618153251274,358,36.125,0.0625,0.375,0.11253894080996885,0.0625,0.08232758049478078,D5,80
huzzam,turku,musemmen_ii,su_karsiki,hatay,huzzam--turku--musemmen_ii--su_karsiki--hatay.txt,542,8,-1,336,307.73062730627305,312.0,26.240416667586835,337,75.5,0.03125,1.0,0.1392988929889299,0.125,0.09255038340091867,C5#4,119
huzzam,turku,nimsofyan,asker_oldum,,huzzam--turku--nimsofyan--asker_oldum--.txt,220,9,-1,358,328.1,333.0,35.2010403540738,359,20.75,0.03125,0.25,0.09431818181818181,0.0625,0.057285593002332554,G5,40
huzzam,turku,nimsofyan,ireyhan_eker,sivas,huzzam--turku--nimsofyan--ireyhan_eker--sivas.txt,171,7,-1,349,322.53801169590645,333.0,57.73349027689911,350,13.25,0.0625,0.25,0.07748538011695906,0.0625,0.029224658549838717,G5,38
huzzam,turku,nimsofyan,kopruler_yaptirdim,,huzzam--turku--nimsofyan--kopruler_yaptirdim--.txt,395,10,-1,343,312.43037974683546,327.0,58.455954077530116,344,40.25,0.0625,1.875,0.10189873417721519,0.0625,0.14339697613579963,D5,126
huzzam,turku,sofyan,aliverin_baglamami,,huzzam--turku--sofyan--aliverin_baglamami--.txt,731,10,-1,358,324.57455540355676,333.0,57.40271921785094,359,80.25,0.0625,0.375,0.10978112175102599,0.0625,0.06363089173388614,F5#4,142
huzzam,turku,sofyan,indim_havuz,istanbul,huzzam--turku--sofyan--indim_havuz--istanbul.txt,647,8,-1,358,329.27666151468316,343.0,58.71302245290672,359,72.25,0.0625,0.375,0.1116692426584235,0.0625,0.0718847031994256,F5#4,150
huzzam,turku,sofyan,uc_gun,sinop,huzzam--turku--sofyan--uc_gun--sinop.txt,271,9,-1,349,317.98523985239854,318.0,35.81526371066504,350,24.25,0.0625,0.375,0.08948339483394833,0.0625,0.04634922490369346,D5,64
huzzam,yuruksemai,yuruksemai,reh-i_askinda,dede_efendi,huzzam--yuruksemai--yuruksemai--reh-i_askinda--dede_efendi.txt,875,14,-1,371,322.5211428571429,333.0,59.03982248808552,372,156.25,0.0625,1.25,0.17857142857142858,0.125,0.11829754783372193,D5,218
huzzam_icedid,ilahi,duyek,goster_bize,huseyin_sadettin_arel,huzzam_icedid--ilahi--duyek--goster_bize--huseyin_sadettin_arel.txt,118,17,-1,358,298.45762711864404,318.0,83.25890461530292,359,21.0,0.0625,0.75,0.17796610169491525,0.125,0.14238766345555168,D5,15
irak,ilahi,yuruksemai,uyan_ey,ali_ufki,irak--ilahi--yuruksemai--uyan_ey--ali_ufki.txt,253,11,0,366,337.99209486166006,344.0,26.406166922643678,366,60.25,0.0625,0.5,0.2381422924901186,0.25,0.08758616794539281,F5#4,88
irak,kupe,agirevfer,pur_arak,ahmet_avni_konuk,irak--kupe--agirevfer--pur_arak--ahmet_avni_konuk.txt,119,9,-1,336,277.6890756302521,305.0,90.02567881303906,337,18.0,0.0625,0.5,0.15126050420168066,0.125,0.09042324792798212,A4,28
irak,sarki,musemmen,derd-i_hicrinle,bestenigar_ziya_bey,irak--sarki--musemmen--derd-i_hicrinle--bestenigar_ziya_bey.txt,179,10,-1,349,291.47486033519556,312.0,83.28962048959407,350,28.125,0.0625,0.5,0.15712290502793297,0.125,0.07904515478436479,A4,42
irak,sazsemaisi,aksaksemai,,serif_muhittin_targan,irak--sazsemaisi--aksaksemai----serif_muhittin_targan.txt,819,17,-1,371,316.1904761904762,318.0,40.361300513150205,372,70.125,0.03125,0.25,0.08562271062271062,0.0625,0.0520915330246235,D5,152
irak,seyir,sofyan,1,erol_bingol,irak--seyir--sofyan--1--erol_bingol.txt,49,10,287,349,311.9387755102041,312.0,15.039404026403032,62,8.0,0.0625,0.5,0.16326530612244897,0.125,0.09700623380102179,A4,10
irak,seyir,sofyan,1,sefik_gurmeric,irak--seyir--sofyan--1--sefik_gurmeric.txt,106,14,-1,349,286.1981132075472,305.0,72.42288770183619,350,16.0,0.0625,1.0,0.1509433962264151,0.125,0.11109168930286964,A4,23
isfahan,aranagme,aksak,1,,isfahan--aranagme--aksak--1--.txt,115,14,-1,358,313.75652173913045,327.0,69.03972811339145,359,9.125,0.03125,0.25,0.07934782608695652,0.0625,0.04669867357488539,D5,22
isfahan,beste,zencir,gel_ey,itri,isfahan--beste--zencir--gel_ey--itri.txt,666,19,-1,371,308.74624624624624,327.0,80.57578616876916,372,90.25,0.0625,0.625,0.13551051051051052,0.125,0.07737336417235591,D5,156
isfahan,ilahi,sofyan,yandim_yakildim,dede_efendi,isfahan--ilahi--sofyan--yandim_yakildim--dede_efendi.txt,84,8,-1,358,320.3690476190476,327.0,36.98348044178734,359,12.0,0.0625,0.5,0.14285714285714285,0.125,0.09777813499604422,D5,29
isfahan,kupe,duyek,ittifakan,ahmet_avni_konuk,isfahan--kupe--duyek--ittifakan--ahmet_avni_konuk.txt,98,10,-1,358,309.2040816326531,327.0,73.21229675088509,359,16.0,0.0625,0.5,0.16326530612244897,0.125,0.07753067913159507,D5,23
isfahan,pesrev,devrikebir,,tanburi_cemil_bey,isfahan--pesrev--devrikebir----tanburi_cemil_bey.txt,364,16,0,366,327.4120879120879,327.0,22.793974048614015,366,56.25,0.0625,0.5,0.15453296703296704,0.125,0.09301876255133205,D5,77
isfahan,pesrev,fahte,,kanuni_sait_bey,isfahan--pesrev--fahte----kanuni_sait_bey.txt,641,16,-1,371,308.9329173166927,327.0,79.18502971131738,372,96.25,0.0625,0.5,0.1501560062402496,0.125,0.067000527431568,D5,119
isfahan,sarki,agiraksak,asiyan-i_murg-i,udi_nevres_bey,isfahan--sarki--agiraksak--asiyan-i_murg-i--udi_nevres_bey.txt,597,18,-1,371,325.72194304857624,336.0,48.89699216923362,372,71.625,0.03125,0.5,0.1199748743718593,0.125,0.08717408580336554,D5,141
isfahan,sarki,agiraksak,sen_de_mi,udi_hasan,isfahan--sarki--agiraksak--sen_de_mi--udi_hasan.txt,488,14,-1,358,319.7581967213115,327.0,43.68511244942516,359,53.875,0.0625,0.625,0.11039959016393443,0.0625,0.07855662862718245,D5,98
isfahan,sarki,aksak,asik_olali,dede_efendi,isfahan--sarki--aksak--asik_olali--dede_efendi.txt,324,16,-1,380,319.1574074074074,336.0,70.26942780228207,381,39.75,0.041666666666666664,0.625,0.12268518518518519,0.125,0.08289681854534467,E5,47
isfahan,sarki,aksak,bir_kivilcim,zeki_arif_ataergin,isfahan--sarki--aksak--bir_kivilcim--zeki_arif_ataergin.txt,566,20,-1,380,323.0106007067138,336.0,65.8104537032656,381,55.625,0.03125,0.375,0.0982773851590106,0.0625,0.0623909466363274,D5,100
isfahan,sarki,aksak,karsimda_durup,irfan_dogrusoz,isfahan--sarki--aksak--karsimda_durup--irfan_dogrusoz.txt,417,15,-1,365,319.30695443645084,327.0,54.25714925047928,366,44.375,0.03125,0.5,0.10641486810551559,0.0625,0.08608090626055706,D5,90
isfahan,sarki,aksak,yokmus_o,mustafa_nafiz_irmak,isfahan--sarki--aksak--yokmus_o--mustafa_nafiz_irmak.txt,250,14,0,365,331.568,336.0,25.580909046211044,365,18.125,0.03125,0.625,0.0725,0.0625,0.06978539128413663,D5,50
isfahan,sarki,curcuna,etme_beyhude,rahmi_bey,isfahan--sarki--curcuna--etme_beyhude--rahmi_bey.txt,487,16,-1,371,317.6899383983573,327.0,58.527405221232506,372,80.125,0.0625,1.25,0.1645277207392197,0.125,0.11342146363802977,D5,101
isfahan,sarki,curcuna,sevdigim_vaslini,,isfahan--sarki--curcuna--sevdigim_vaslini--.txt,504,14,-1,365,323.109126984127,327.0,38.45477057210492,366,82.625,0.0625,0.625,0.16393849206349206,0.125,0.09438114597496675,D5,114
isfahan,sarki,devrihindi,dil-i_bicare,mahmud_celaleddin_pasa,isfahan--sarki--devrihindi--dil-i_bicare--mahmud_celaleddin_pasa.txt,483,15,-1,371,330.27950310559004,327.0,25.787886243951963,372,70.25,0.0625,0.5,0.14544513457556935,0.125,0.09190855319019578,D5,103
isfahan,sarki,devrihindi,ey_gaziler,iii_selim,isfahan--sarki--devrihindi--ey_gaziler--iii_selim.txt,465,10,-1,358,315.10967741935485,327.0,66.36155874767846,359,77.25,0.0625,0.5,0.16612903225806452,0.125,0.08945967182904112,D5,110
isfahan,sarki,duyek,gelirken_meclise,haham_nesim,isfahan--sarki--duyek--gelirken_meclise--haham_nesim.txt,321,12,-1,362,318.2492211838006,327.0,64.42204742713514,363,24.125,0.03125,0.25,0.07515576323987538,0.0625,0.03154251240908217,D5,65
isfahan,sarki,murekkepsofyan,canda_hasiyyet,haci_arif_bey,isfahan--sarki--murekkepsofyan--canda_hasiyyet--haci_arif_bey.txt,456,14,-1,358,318.04605263157896,327.0,58.328174122562324,359,78.125,0.0625,0.75,0.17132675438596492,0.125,0.11533608142395878,D5,112
isfahan,sarki,musemmen,dusme_ey_asik,nikogos_aga,isfahan--sarki--musemmen--dusme_ey_asik--nikogos_aga.txt,170,11,-1,358,319.2705882352941,327.0,51.455015853235004,359,23.75,0.03125,0.5,0.13970588235294118,0.125,0.06370659186340125,D5,47
isfahan,sazsemaisi,aksaksemai,,tanburi_cemil_bey,isfahan--sazsemaisi--aksaksemai----tanburi_cemil_bey.txt,717,21,-1,371,317.465829846583,327.0,59.10636200185148,372,88.625,0.03125,1.5,0.12360529986052998,0.125,0.11524611148564305,D5,140
isfahan,seyir,sofyan,1,erol_bingol,isfahan--seyir--sofyan--1--erol_bingol.txt,54,10,305,358,330.51851851851853,331.5,12.721606550884195,53,8.0,0.0625,1.0,0.14814814814814814,0.125,0.1375194541856708,D5,13
isfahan,seyir,sofyan,1,sefik_gurmeric,isfahan--seyir--sofyan--1--sefik_gurmeric.txt,93,12,-1,367,310.80645161290323,327.0,76.10237070873337,368,16.0,0.0625,0.75,0.17204301075268819,0.125,0.12317137795510195,D5,20
isfahan,taksim,serbest,,tanburi_cemil_bey,isfahan--taksim--serbest----tanburi_cemil_bey.txt,684,20,-1,371,310.71783625730995,327.0,76.63205754530942,372,68.5625,0.03125,0.5,0.10023757309941521,0.0625,0.0824157597721214,E5,107
isfahan,turku,aksak,feslegen_ektim,tanburi_mustafa_cavus,isfahan--turku--aksak--feslegen_ektim--tanburi_mustafa_cavus.txt,693,13,-1,362,326.5310245310245,327.0,25.146006674907333,363,83.375,0.0625,0.75,0.12031024531024531,0.0625,0.11591093287606588,D5,184
isfahan,turku,iki-bir,bugun_ayin,ibrahim_yildirim,isfahan--turku--iki-bir--bugun_ayin--ibrahim_yildirim.txt,298,7,-1,349,310.33892617449663,327.0,67.37844194731025,350,45.125,0.0625,0.25,0.1514261744966443,0.125,0.051636318093557086,D5,77
isfahan,yuruksemai,yuruksemai,o_guzler,dellalzade_haci_ismail_efendi,isfahan--yuruksemai--yuruksemai--o_guzler--dellalzade_haci_ismail_efendi.txt,463,15,-1,365,300.23974082073437,327.0,97.37158697338886,366,77.5,0.0625,1.25,0.1673866090712743,0.125,0.14454389974846404,D5,101
isfahanek,kupe,duyek,tutiya-yi,ahmet_avni_konuk,isfahanek--kupe--duyek--tutiya-yi--ahmet_avni_konuk.txt,103,16,-1,371,310.5728155339806,327.0,85.92034637049844,372,16.0,0.0625,0.375,0.1553398058252427,0.125,0.06599544003826535,D5,12
karcigar,agirsemai,aksaksemai,ne_dane,dellalzade_haci_ismail_efendi,karcigar--agirsemai--aksaksemai--ne_dane--dellalzade_haci_ismail_efendi.txt,415,14,-1,380,323.233734939759,327.0,53.51586354975005,381,42.25,0.0625,0.375,0.10180722891566266,0.0625,0.061805700656224996,D5,65
karcigar,aranagme,agiraksak,1,,karcigar--aranagme--agiraksak--1--.txt,97,11,-1,371,331.4742268041237,343.0,51.854582886404785,372,9.25,0.0625,0.5,0.09536082474226804,0.0625,0.06816320573432108,A5,13
karcigar,aranagme,curcuna,1,,karcigar--aranagme--curcuna--1--.txt,143,15,-1,371,308.3776223776224,333.0,91.50762334100023,372,20.125,0.125,0.25,0.14073426573426573,0.125,0.041609172717209576,G5,18
karcigar,aranagme,devrihindi,1,,karcigar--aranagme--devrihindi--1--.txt,87,10,0,358,321.88505747126436,327.0,37.506410393907245,358,14.25,0.0625,0.5,0.16379310344827586,0.125,0.11246825267097052,D5,18
karcigar,beste,zencir,yikildi_ask_ile,dellalzade_haci_ismail_efendi,karcigar--beste--zencir--yikildi_ask_ile--dellalzade_haci_ismail_efendi.txt,645,20,-1,371,302.3488372093023,327.0,88.27172995915069,372,90.0,0.03125,0.75,0.13953488372093023,0.125,0.0961808391927431,D5,140
karcigar,guvende,nimdevir,edremit,,karcigar--guvende--nimdevir--edremit--.txt,363,14,-1,371,313.55922865013775,327.0,67.76514278151383,372,36.25,0.03125,0.5,0.09986225895316804,0.0625,0.07535870689094458,D5,53
karcigar,ilahi,duyek,ey_derde_derman,rakim_elkutlu,karcigar--ilahi--duyek--ey_derde_derman--rakim_elkutlu.txt,197,13,-1,371,301.3654822335025,327.0,94.41429774547585,372,23.625,0.0625,0.375,0.1199238578680203,0.125,0.06355934306743084,D5,39
karcigar,kocekce,aksak,benliyi_aldim,dede_efendi,karcigar--kocekce--aksak--benliyi_aldim--dede_efendi.txt,527,15,-1,380,321.9146110056926,333.0,64.46054526901564,381,78.5,0.0625,1.75,0.14895635673624288,0.125,0.14656467639035206,D5,106
karcigar,kocekce,aksak,girdi_gonul,dede_efendi,karcigar--kocekce--aksak--girdi_gonul--dede_efendi.txt,354,15,-1,371,318.49717514124296,327.0,67.06764791683631,372,37.125,0.03125,0.375,0.1048728813559322,0.0625,0.06487076998083624,C5,58
karcigar,kocekce,devrihindi,gul_acil,dede_efendi,karcigar--kocekce--devrihindi--gul_acil--dede_efendi.txt,415,14,-1,371,321.2530120481928,327.0,50.31630467619786,372,52.625,0.0625,0.375,0.12680722891566265,0.125,0.07408185312280806,C5,72
karcigar,kocekce,oynak,bulbul_olsam,,karcigar--kocekce--oynak--bulbul_olsam--.txt,776,18,-1,371,306.3208762886598,318.0,72.19490735148285,372,81.125,0.03125,0.75,0.10454252577319588,0.0625,0.07907906663980671,D5,143
karcigar,kocekce,oynak,iki_de_durnam,dede_efendi,karcigar--kocekce--oynak--iki_de_durnam--dede_efendi.txt,795,13,296,362,321.94716981132075,318.0,13.687856185953647,66,61.125,0.0625,0.375,0.07688679245283019,0.0625,0.04010152907190987,D5,175
karcigar,kupe,duyek,bir_sada-yi,ahmet_avni_konuk,karcigar--kupe--duyek--bir_sada-yi--ahmet_avni_konuk.txt,102,10,-1,362,302.1470588235294,327.0,90.19290624987359,363,16.0,0.0625,0.5,0.1568627450980392,0.125,0.09421095343347966,C5,18
karcigar,mandra,devrituran,karadeniz_oyunhavasi,,karcigar--mandra--devrituran--karadeniz_oyunhavasi--.txt,257,6,-1,333,304.9027237354086,318.0,71.21486436562795,334,42.125,0.125,0.25,0.16391050583657588,0.125,0.05799026526718734,D5,104
karcigar,nakis,yuruksemai,nihani_ol,dellalzade_haci_ismail_efendi,karcigar--nakis--yuruksemai--nihani_ol--dellalzade_haci_ismail_efendi.txt,389,18,-1,371,323.0025706940874,331.0,57.65206243191002,372,73.5,0.0625,0.75,0.18894601542416453,0.125,0.12193370966382186,D5,71
karcigar,ornek_oz,devrihindi,1,ruhi_ayangil,karcigar--ornek_oz--devrihindi--1--ruhi_ayangil.txt,39,11,296,358,325.2307692307692,327.0,16.515481634007493,62,7.0,0.125,0.25,0.1794871794871795,0.125,0.06279451526286763,C5,6
karcigar,ornek_oz,nimsofyan,1,ruhi_ayangil,karcigar--ornek_oz--nimsofyan--1--ruhi_ayangil.txt,42,12,296,371,330.14285714285717,327.0,19.304455985754256,75,4.0,0.0625,0.25,0.09523809523809523,0.0625,0.06934759022095953,D5,6
karcigar,ornek_oz,sofyan,1,huseyin_sadettin_arel,karcigar--ornek_oz--sofyan--1--huseyin_sadettin_arel.txt,27,8,-1,358,303.962962962963,327.0,89.29272581342158,359,6.0,0.0625,0.5,0.2222222222222222,0.1875,0.11799269316794848,D5,5
karcigar,pesrev,cifteduyek,,tatyos_efendi,karcigar--pesrev--cifteduyek----tatyos_efendi.txt,922,16,-1,371,324.6583514099783,327.0,39.2333891999563,372,96.25,0.0625,0.5,0.10439262472885033,0.0625,0.06613028550849333,D5,152
karcigar,pesrev,devrikebir,,i_mahmut,karcigar--pesrev--devrikebir----i_mahmut.txt,603,11,-1,371,310.5655058043118,327.0,82.28366544382696,372,112.0,0.0625,0.5,0.1857379767827529,0.125,0.08896838564322614,D5,110
karcigar,sarki,agiraksak,ah_efendim,hafiz_yusuf_efendi,karcigar--sarki--agiraksak--ah_efendim--hafiz_yusuf_efendi.txt,470,15,-1,371,324.2531914893617,327.0,48.24296340998681,372,53.875,0.03125,0.5,0.11462765957446809,0.125,0.07478844313742672,C5,89
karcigar,sarki,agiraksak,dinle_aklin,haci_arif_bey,karcigar--sarki--agiraksak--dinle_aklin--haci_arif_bey.txt,362,15,-1,371,320.20165745856355,333.0,73.34271011790555,372,45.125,0.0625,2.25,0.12465469613259668,0.0625,0.14300658932396654,G5,68
karcigar,sarki,agiraksak,husnune_edvar-i,lemi_atli,karcigar--sarki--agiraksak--husnune_edvar-i--lemi_atli.txt,535,12,-1,371,328.85046728971963,333.0,44.11459450434861,372,61.75,0.0625,0.75,0.11542056074766355,0.0625,0.10175455500420828,D5,108
karcigar,sarki,agiraksak,rengi_ruhsarin,haci_arif_bey,karcigar--sarki--agiraksak--rengi_ruhsarin--haci_arif_bey.txt,490,17,-1,371,320.765306122449,332.0,70.37602785708256,372,54.0,0.03125,0.5,0.11020408163265306,0.08333333333333333,0.07180103160405911,C5,69
karcigar,sarki,agirevfer,hezar_zar,suyolcuzade_salih_efendi,karcigar--sarki--agirevfer--hezar_zar--suyolcuzade_salih_efendi.txt,512,13,-1,362,324.595703125,329.0,52.54377190348212,363,42.125,0.03125,0.375,0.082275390625,0.0625,0.04628457970889982,D5,108
karcigar,sarki,aksak,aldin_dil-i,enderuni_ali_bey,karcigar--sarki--aksak--aldin_dil-i--enderuni_ali_bey.txt,303,12,-1,380,331.5808580858086,343.0,50.50663089955778,381,27.0,0.041666666666666664,0.25,0.0891089108910891,0.0625,0.055337273302723665,G5,50
karcigar,sarki,aksak,ari_olsam,necmi_piskin,karcigar--sarki--aksak--ari_olsam--necmi_piskin.txt,653,9,0,362,332.0719754977029,333.0,21.32999620165435,362,102.875,0.0625,0.375,0.15754211332312404,0.125,0.07355176479266812,D5,103
karcigar,sarki,aksak,bir_rum_dilbere,tanburi_mustafa_cavus,karcigar--sarki--aksak--bir_rum_dilbere--tanburi_mustafa_cavus.txt,338,16,-1,371,326.1301775147929,327.0,47.14106213731581,372,38.25,0.0625,0.375,0.11316568047337278,0.125,0.05954451796649287,D5,68
karcigar,sarki,aksak,bu_kis,ismet_aga,karcigar--sarki--aksak--bu_kis--ismet_aga.txt,257,11,-1,371,323.26070038910507,327.0,48.759996293786145,372,40.625,0.0625,0.5,0.1580739299610895,0.125,0.08594026348581146,D5,54
karcigar,sarki,aksak,dagda_tavsanlar,haci_arif_bey,karcigar--sarki--aksak--dagda_tavsanlar--haci_arif_bey.txt,191,13,-1,380,324.30366492146595,327.0,56.58391009142528,381,20.25,0.03125,0.75,0.10602094240837696,0.0625,0.08509630379021356,D5,32
karcigar,sarki,aksak,daglari_hep,sadettin_kaynak,karcigar--sarki--aksak--daglari_hep--sadettin_kaynak.txt,438,17,-1,371,313.7579908675799,327.0,70.73533917576935,372,47.25,0.0625,0.375,0.10787671232876712,0.0625,0.06544296069128158,C5,90
karcigar,sarki,aksak,gerci_kiyamam,haci_arif_bey,karcigar--sarki--aksak--gerci_kiyamam--haci_arif_bey.txt,480,17,-1,380,324.39375,333.0,55.33886087048222,381,45.125,0.041666666666666664,0.5,0.09401041666666667,0.0625,0.07163903924645058,D5,76
karcigar,sarki,aksak,gulmezse_yuzun,mustafa_nafiz_irmak,karcigar--sarki--aksak--gulmezse_yuzun--mustafa_nafiz_irmak.txt,495,14,-1,380,327.4060606060606,334.0,62.583569745270175,381,54.5,0.03125,1.5,0.1101010101010101,0.0625,0.1054735676876392,D5,83
karcigar,sarki,aksak,senin_guzel,sekip_ayhan_ozisik,karcigar--sarki--aksak--senin_guzel--sekip_ayhan_ozisik.txt,485,11,-1,358,312.2721649484536,327.0,67.80566046708559,359,90.125,0.125,1.0,0.18582474226804124,0.125,0.10916825007561433,D5,173
karcigar,sarki,ciftesofyan,kara_bulutlari,sadettin_kaynak,karcigar--sarki--ciftesofyan--kara_bulutlari--sadettin_kaynak.txt,44,17,-1,371,293.34090909090907,330.0,110.13225520420272,372,12.25,0.0625,1.125,0.2784090909090909,0.16666666666666666,0.2538897537263297,A5,4
karcigar,sarki,curcuna,gorunce_ben,selanikli_ahmed_bey,karcigar--sarki--curcuna--gorunce_ben--selanikli_ahmed_bey.txt,484,19,-1,380,311.2190082644628,340.0,96.41530235500468,381,85.125,0.0625,1.125,0.1758780991735537,0.125,0.1531793108043354,G5,92
karcigar,sarki,curcuna,gul_acar,cevdet_cagla,karcigar--sarki--curcuna--gul_acar--cevdet_cagla.txt,289,18,-1,371,315.2145328719723,335.0,81.36070874169651,372,47.625,0.0625,0.625,0.1647923875432526,0.125,0.08340257630023161,G5,48
karcigar,sarki,curcuna,o_ahu,fehmi_tokay,karcigar--sarki--curcuna--o_ahu--fehmi_tokay.txt,506,16,-1,380,314.30632411067194,333.0,85.61168976998972,381,88.875,0.0625,1.25,0.1756422924901186,0.125,0.131742257028682,G5,67
karcigar,sarki,curcuna,yesil_gozlerinde,avni_anil,karcigar--sarki--curcuna--yesil_gozlerinde--avni_anil.txt,253,10,-1,362,298.17786561264825,327.0,93.58776960284841,363,47.625,0.0625,1.25,0.18824110671936758,0.125,0.13380244547332953,D5,50
karcigar,sarki,devrihindi,zehr-i_askin,ridvan_lale,karcigar--sarki--devrihindi--zehr-i_askin--ridvan_lale.txt,458,12,-1,362,324.2510917030568,327.0,43.542783720415294,363,70.25,0.0625,0.5,0.15338427947598254,0.125,0.11059158308737364,D5,83
karcigar,sarki,duyek,aski_pinhan,haci_arif_bey,karcigar--sarki--duyek--aski_pinhan--haci_arif_bey.txt,435,13,-1,371,330.1609195402299,344.0,53.52385952379559,372,53.0,0.0625,0.375,0.12183908045977011,0.0625,0.08581641761445541,G5,94
karcigar,sarki,duyek,bir_kiz_ile,sadettin_kaynak,karcigar--sarki--duyek--bir_kiz_ile--sadettin_kaynak.txt,747,10,-1,358,285.8955823293173,318.0,107.7789283363249,359,124.0,0.0625,0.375,0.16599732262382866,0.125,0.07748416766973006,D5,183
karcigar,sarki,duyek,boyun_ince,arif_sami_toker,karcigar--sarki--duyek--boyun_ince--arif_sami_toker.txt,280,12,-1,371,305.37142857142857,327.0,87.00383898398891,372,26.0,0.041666666666666664,0.375,0.09285714285714286,0.0625,0.06342021824787387,D5,42
karcigar,sarki,duyek,kemend-i_zulfu,afet_misirliyan,karcigar--sarki--duyek--kemend-i_zulfu--afet_misirliyan.txt,481,16,-1,380,325.3284823284823,333.0,55.05232548433845,381,50.125,0.0625,0.375,0.10420997920997921,0.0625,0.06572274137268799,D5,77
karcigar,sarki,duyek,kirpigi_oyali,sadettin_kaynak,karcigar--sarki--duyek--kirpigi_oyali--sadettin_kaynak.txt,224,11,-1,362,290.0,327.0,106.88915510855452,363,45.75,0.0625,1.0,0.20424107142857142,0.125,0.15958759184689966,D5,35
karcigar,sarki,duyek,nedir_bu,selahattin_icli,karcigar--sarki--duyek--nedir_bu--selahattin_icli.txt,334,16,-1,389,326.3203592814371,327.0,58.20278110536522,390,38.125,0.03125,0.375,0.11414670658682635,0.0625,0.07093330118744712,D5,59
karcigar,sarki,duyek,oh_guzel_kiz,sadettin_kaynak,karcigar--sarki--duyek--oh_guzel_kiz--sadettin_kaynak.txt,510,14,-1,371,292.0960784313726,327.0,112.44874223821495,372,77.125,0.03125,1.0,0.15122549019607842,0.125,0.07984436227983278,D5,79
karcigar,sarki,duyek,unutmadim_seni,sekip_ayhan_ozisik,karcigar--sarki--duyek--unutmadim_seni--sekip_ayhan_ozisik.txt,429,15,-1,380,310.53379953379954,333.0,85.80101898925929,381,47.0,0.041666666666666664,1.0,0.10955710955710955,0.0625,0.10765329052030931,F5#4,62
karcigar,sarki,kapali_curcuna,mest_oldu,serif_icli,karcigar--sarki--kapali_curcuna--mest_oldu--serif_icli.txt,478,14,-1,371,315.58995815899584,327.0,71.52665322222374,372,88.875,0.0625,1.25,0.18593096234309622,0.125,0.1834534239141436,D5,79
karcigar,sarki,musemmen,hem_seversin,sadi_hosses,karcigar--sarki--musemmen--hem_seversin--sadi_hosses.txt,284,16,-1,371,321.0492957746479,327.0,60.721146497831775,372,31.75,0.03125,0.5,0.11179577464788733,0.125,0.07021284181975578,D5,55
karcigar,sarki,nimsofyan,kocyigitler,sadettin_kaynak,karcigar--sarki--nimsofyan--kocyigitler--sadettin_kaynak.txt,476,15,-1,371,319.5273109243698,327.0,63.67180066490616,372,56.0,0.0625,0.5,0.11764705882352941,0.0625,0.0829856006010726,D5,99
karcigar,sarki,semai,vah_meyus-i,mahmud_celaleddin_pasa,karcigar--sarki--semai--vah_meyus-i--mahmud_celaleddin_pasa.txt,496,20,-1,380,330.57862903225805,333.0,39.223548211224674,381,119.5,0.125,1.5,0.24092741935483872,0.25,0.16830511847007448,D5,78
karcigar,sarki,senginsemai,bir_goncaya,haci_arif_bey,karcigar--sarki--senginsemai--bir_goncaya--haci_arif_bey.txt,511,15,-1,380,325.1819960861057,327.0,44.357064436452426,381,60.25,0.0625,0.5,0.11790606653620352,0.0625,0.09536665047042656,D5,88
karcigar,sarki,sofyan,yine_ey,santuri_ethem_efendi,karcigar--sarki--sofyan--yine_ey--santuri_ethem_efendi.txt,422,16,-1,375,314.71090047393363,333.0,79.01776356796131,376,51.75,0.0625,0.5,0.1226303317535545,0.0625,0.09542463954945721,D5,81
karcigar,sarki,turkaksagi,bilmem_ki_safa,leon_hanciyan,karcigar--sarki--turkaksagi--bilmem_ki_safa--leon_hanciyan.txt,471,14,-1,371,329.36093418259026,327.0,31.098698104684335,372,44.75,0.03125,0.375,0.09501061571125266,0.0625,0.07076697897041258,D5,94
karcigar,sarki,turkaksagi,varken_gonulde,haci_arif_bey,karcigar--sarki--turkaksagi--varken_gonulde--haci_arif_bey.txt,315,14,-1,371,321.1301587301587,332.0,71.44624417909989,372,30.0,0.0625,0.375,0.09523809523809523,0.0625,0.0627553926643937,G5,52
karcigar,sarki,yuruksemai,bir_suh,selahattin_icli,karcigar--sarki--yuruksemai--bir_suh--selahattin_icli.txt,308,16,-1,380,332.9805194805195,333.0,31.665386270771176,381,47.25,0.0625,0.75,0.1534090909090909,0.125,0.13252798185937223,D5,62
karcigar,sazeseri,sofyan,,mutlu_torun,karcigar--sazeseri--sofyan----mutlu_torun.txt,297,13,-1,371,327.8013468013468,327.0,38.06117406430037,372,22.25,0.0625,0.25,0.07491582491582492,0.0625,0.042563461983528735,D5,43
karcigar,sazsemaisi,aksaksemai,,ahmet_mukerrem_akinci,karcigar--sazsemaisi--aksaksemai----ahmet_mukerrem_akinci.txt,1099,15,-1,371,326.47406733393996,333.0,49.44705187274777,372,106.125,0.03125,0.375,0.09656505914467697,0.0625,0.059928914692960175,D5,175
karcigar,sazsemaisi,aksaksemai,,kanuni_omer_efendi,karcigar--sazsemaisi--aksaksemai----kanuni_omer_efendi.txt,404,12,-1,371,313.9777227722772,333.0,84.05679870302502,372,49.125,0.0625,1.25,0.12159653465346534,0.125,0.08821282120071812,F5#4,67
karcigar,sazsemaisi,aksaksemai,,resat_aysu,karcigar--sazsemaisi--aksaksemai----resat_aysu.txt,1089,17,0,384,338.33516988062445,340.0,20.548558499999835,384,115.125,0.03125,0.75,0.10571625344352617,0.0625,0.09300659948671797,D5,157
karcigar,seyir,devrihindi,1,erol_bingol,karcigar--seyir--devrihindi--1--erol_bingol.txt,71,12,305,371,334.4366197183099,333.0,16.63106593471232,66,7.0,0.0625,0.25,0.09859154929577464,0.0625,0.05556324002297838,D5,16
karcigar,seyir,semai,1,rauf_yekta,karcigar--seyir--semai--1--rauf_yekta.txt,79,9,-1,358,312.126582278481,327.0,74.00092984318917,359,24.0,0.25,0.5,0.3037974683544304,0.25,0.10339498323231726,D5,18
karcigar,seyir,sofyan,1,sefik_gurmeric,karcigar--seyir--sofyan--1--sefik_gurmeric.txt,116,15,-1,380,323.66379310344826,333.0,64.33065993829032,381,16.0,0.0625,1.0,0.13793103448275862,0.125,0.1273823452016231,D5,19
karcigar,turku,aksak,cayira_serdim,,karcigar--turku--aksak--cayira_serdim--.txt,551,12,-1,358,312.497277676951,327.0,69.68708952970368,359,71.75,0.0625,0.375,0.13021778584392016,0.125,0.04570779455507123,D5,113
karcigar,turku,duyek,bagi_bagimca,urfa,karcigar--turku--duyek--bagi_bagimca--urfa.txt,224,10,-1,358,320.8482142857143,327.0,45.76342162829135,359,15.125,0.03125,0.3125,0.06752232142857142,0.0625,0.0369763446010778,D5,46
karcigar,turku,nimsofyan,ahu_gozlerini,kirsehir,karcigar--turku--nimsofyan--ahu_gozlerini--kirsehir.txt,390,15,-1,380,302.96666666666664,318.0,85.02965710757657,381,40.5,0.03125,1.0,0.10384615384615385,0.0625,0.13475448511148952,C5,67
karcigar,turku,oynak,sahan_sahan,afyon,karcigar--turku--oynak--sahan_sahan--afyon.txt,153,7,0,343,318.3529411764706,318.0,27.85712386168395,343,12.5,0.03125,0.25,0.08169934640522876,0.0625,0.05473144181596365,D5,45
karcigar,turku,semai,ben_bir,urfa,karcigar--turku--semai--ben_bir--urfa.txt,505,12,0,371,338.23366336633666,343.0,22.25824386794398,371,42.25,0.03125,0.5,0.08366336633663367,0.0625,0.06318431359662806,G5,88
karcigar,turku,turkaksagi,tanburamin_ince,sadettin_kaynak,karcigar--turku--turkaksagi--tanburamin_ince--sadettin_kaynak.txt,597,14,-1,371,319.50083752093803,318.0,33.325959045123476,372,65.125,0.0625,0.25,0.10908710217755443,0.125,0.055696135544354534,D5,122
karcigar,zeybek,oynak,,,karcigar--zeybek--oynak----.txt,221,10,0,358,322.3529411764706,327.0,25.88369709684205,358,27.25,0.0625,0.5,0.12330316742081449,0.125,0.10320134089559647,C5,38
kucek,kupe,duyek,bezme,ahmet_avni_konuk,kucek--kupe--duyek--bezme--ahmet_avni_konuk.txt,93,10,-1,354,306.741935483871,318.0,75.28076479677327,355,16.0,0.0625,0.5,0.17204301075268819,0.125,0.08068149456194948,C5,14
kucek,nefes,duyek,evc-i_himmet,ali_rifat_cagatay,kucek--nefes--duyek--evc-i_himmet--ali_rifat_cagatay.txt,287,11,-1,358,293.20905923344947,318.0,85.73755402034504,359,36.125,0.0625,0.25,0.12587108013937282,0.125,0.060041717139676876,C5,67
kurdi,agirsemai,aksaksemai,guzelsin_bibedelsin,haci_faik_bey,kurdi--agirsemai--aksaksemai--guzelsin_bibedelsin--haci_faik_bey.txt,543,14,-1,358,305.18232044198896,318.0,72.77789279359813,359,48.875,0.0625,0.375,0.09000920810313076,0.0625,0.04860579160743117,C5,87
kurdi,aranagme,nimsofyan,1,,kurdi--aranagme--nimsofyan--1--.txt,57,5,-1,336,244.140350877193,305.0,134.73538068012257,337,8.25,0.0625,0.25,0.14473684210526316,0.125,0.0680133984478136,A4,16
kurdi,beste,muhammes,kametin_servi,hafiz_rifat_molla,kurdi--beste--muhammes--kametin_servi--hafiz_rifat_molla.txt,296,13,-1,358,277.9560810810811,313.0,106.36398060280914,359,64.25,0.0625,0.875,0.2170608108108108,0.1875,0.1436225385433827,A4,60
kurdi,fantezi,sofyan,inan_ki,selim_oztas,kurdi--fantezi--sofyan--inan_ki--selim_oztas.txt,761,10,-1,362,306.52825229960575,327.0,74.86673812230036,363,104.25,0.0625,0.5,0.13699080157687255,0.08333333333333333,0.10938650051183213,E5,160
kurdi,kupe,musemmen,asik-i,ahmet_avni_konuk,kurdi--kupe--musemmen--asik-i--ahmet_avni_konuk.txt,60,12,-1,362,298.15,319.5,92.53946936216194,363,8.0,0.0625,0.5,0.13333333333333333,0.125,0.0784403944420602,D5,9
kurdi,kupe,musemmen,seyr-i,ahmet_avni_konuk,kurdi--kupe--musemmen--seyr-i--ahmet_avni_konuk.txt,77,12,-1,358,313.94805194805195,327.0,75.67605755418707,359,8.0,0.0625,0.25,0.1038961038961039,0.0625,0.06299996541677924,D5,13
kurdi,ornek_oz,devrihindi,1,ruhi_ayangil,kurdi--ornek_oz--devrihindi--1--ruhi_ayangil.txt,23,8,305,358,327.5217391304348,327.0,15.341179180758123,53,3.5,0.125,0.25,0.15217391304347827,0.125,0.05271764597958125,C5,4
kurdi,ornek_oz,sofyan,1,huseyin_sadettin_arel,kurdi--ornek_oz--sofyan--1--huseyin_sadettin_arel.txt,20,8,-1,358,310.55,327.0,75.05259559311162,359,4.0,0.125,0.375,0.2,0.125,0.1025978352085154,A4,3
kurdi,ornek_oz,sofyan,1,ruhi_ayangil,kurdi--ornek_oz--sofyan--1--ruhi_ayangil.txt,23,9,296,358,322.30434782608694,318.0,17.10777277520552,62,4.0,0.125,0.5,0.17391304347826086,0.125,0.09783981019246726,A4,4
kurdi,pesrev,devrikebir,,sehzade_korkut,kurdi--pesrev--devrikebir----sehzade_korkut.txt,412,15,0,380,321.45873786407765,318.0,21.99879993097662,380,147.25,0.125,1.0,0.3574029126213592,0.25,0.19709675712788408,C5,96
kurdi,sarki,duyek,ayni_bedende,mahmut_ogul,kurdi--sarki--duyek--ayni_bedende--mahmut_ogul.txt,623,10,-1,362,305.31300160513644,327.0,83.08396524508964,363,104.125,0.0625,0.375,0.16713483146067415,0.125,0.07386831807374455,D5,108
kurdi,sarki,nimsofyan,dudaklarinda_arzu,sadettin_oktenay,kurdi--sarki--nimsofyan--dudaklarinda_arzu--sadettin_oktenay.txt,224,11,-1,362,271.13392857142856,318.0,116.08072771107224,363,32.25,0.0625,0.5,0.14397321428571427,0.125,0.08384807260341848,D5,45
kurdi,sarki,nimsofyan,susadim_gulusune,erol_sayan,kurdi--sarki--nimsofyan--susadim_gulusune--erol_sayan.txt,645,12,-1,349,305.9705426356589,318.0,56.702126225512124,350,99.75,0.0625,0.75,0.15465116279069768,0.125,0.11746577743746232,D5,116
kurdi,sarki,semai,canani_sen,akin_ozkan,kurdi--sarki--semai--canani_sen--akin_ozkan.txt,345,15,-1,362,299.4869565217391,327.0,92.68482777835504,363,102.25,0.125,0.75,0.29637681159420287,0.25,0.12972714001350522,D5,55
kurdi,seyir,sofyan,1,erol_bingol,kurdi--seyir--sofyan--1--erol_bingol.txt,44,9,296,358,323.8181818181818,327.0,14.432316333730737,62,8.0,0.0625,0.5,0.18181818181818182,0.125,0.12117564087226189,D5,9
kurdi,seyir,sofyan,1,sefik_gurmeric,kurdi--seyir--sofyan--1--sefik_gurmeric.txt,54,10,-1,358,318.74074074074076,327.0,46.48764704459495,359,8.0,0.0625,0.5,0.14814814814814814,0.125,0.11852094113308408,D5,12
kurdi,turku,agiraksak,elif_dedim,kutahya,kurdi--turku--agiraksak--elif_dedim--kutahya.txt,402,11,-1,367,311.2313432835821,336.0,81.7513333922331,368,70.0,0.03125,3.5,0.17412935323383086,0.08333333333333333,0.40245790731703596,E5,99
kurdi,turku,duyek,kutahyanin_pinarlari,kütahya,kurdi--turku--duyek--kutahyanin_pinarlari--kütahya.txt,333,8,-1,349,304.4954954954955,318.0,72.45300186775094,350,33.125,0.03125,0.5,0.09947447447447448,0.0625,0.07734599998677966,A4,85
kurdi,turku,nimsofyan,hastane_onunde,akdagmadeni,kurdi--turku--nimsofyan--hastane_onunde--akdagmadeni.txt,516,10,-1,349,302.20542635658916,318.0,75.16284230722893,350,40.25,0.03125,0.25,0.07800387596899225,0.0625,0.05031364475989951,C5,88
kurdi,turku,sofyan,dalda_cikmis,,kurdi--turku--sofyan--dalda_cikmis--.txt,242,10,-1,349,295.75206611570246,309.0,72.0285536962993,350,30.25,0.0,0.25,0.125,0.125,0.06497934957637921,A4,51
kurdi-gerdaniye,turku,raksan,cikar_gokyuzunde,,kurdi-gerdaniye--turku--raksan--cikar_gokyuzunde--.txt,81,8,-1,358,319.2345679012346,343.0,75.18797636672673,359,11.0,0.0625,0.375,0.13580246913580246,0.125,0.08659697162041616,G5,36
kurdi_gerdaniye,kupe,musemmen,gordum_agaz,ahmet_avni_konuk,kurdi_gerdaniye--kupe--musemmen--gordum_agaz--ahmet_avni_konuk.txt,74,14,-1,371,311.2972972972973,334.0,86.74442538319732,372,8.0,0.03125,0.25,0.10810810810810811,0.0625,0.06381099125221996,G5,17
kurdilihicazkar,aranagme,semai,1,,kurdilihicazkar--aranagme--semai--1--.txt,72,10,-1,362,329.8888888888889,331.0,42.432234476771384,363,12.0,0.0625,0.75,0.16666666666666666,0.08333333333333333,0.1647483498531707,D5,13
kurdilihicazkar,aranagme,turkaksagi,1,,kurdilihicazkar--aranagme--turkaksagi--1--.txt,115,13,-1,371,320.0869565217391,327.0,47.60778449124428,372,7.625,0.03125,0.25,0.06630434782608696,0.0625,0.05144585081156603,D5,15
kurdilihicazkar,fantezi,aksak,bugun_biz,neveser_kokdes,kurdilihicazkar--fantezi--aksak--bugun_biz--neveser_kokdes.txt,437,18,-1,362,307.01601830663617,327.0,81.13697343641603,363,63.125,0.0625,0.75,0.1444508009153318,0.125,0.1027186992461245,C5,58
kurdilihicazkar,kupe,devrirevanihindi,tarz-i,ahmet_avni_konuk,kurdilihicazkar--kupe--devrirevanihindi--tarz-i--ahmet_avni_konuk.txt,124,16,-1,380,320.2983870967742,335.5,75.08314955415021,381,14.0,0.03125,0.375,0.11290322580645161,0.125,0.0686401651071174,G5,20
kurdilihicazkar,longa,nimsofyan,,haydar_tatliyay,kurdilihicazkar--longa--nimsofyan----haydar_tatliyay.txt,667,14,-1,380,324.8230884557721,331.0,52.39462647581536,381,67.25,0.0625,0.25,0.10082458770614693,0.08333333333333333,0.0486903785989649,E5b5,113
kurdilihicazkar,longa,nimsofyan,,kemani_sebuh,kurdilihicazkar--longa--nimsofyan----kemani_sebuh.txt,448,20,-1,384,312.53794642857144,327.0,68.3015971741074,385,48.74999999999999,0.0625,0.5,0.10881696428571427,0.08333333333333333,0.06507764520520354,D5,91
kurdilihicazkar,pesrev,agirduyek,,vasilaki,kurdilihicazkar--pesrev--agirduyek----vasilaki.txt,785,25,-1,380,316.4242038216561,327.0,58.21555366856864,381,80.25,0.041666666666666664,0.75,0.10222929936305733,0.0625,0.06565439875458848,C5,117
kurdilihicazkar,pesrev,muhammes,,tanburi_cemil_bey,kurdilihicazkar--pesrev--muhammes----tanburi_cemil_bey.txt,831,27,-1,393,329.0445246690734,332.0,45.61585742809505,394,96.25,0.03125,2.0,0.11582430806257521,0.08333333333333333,0.10363519398593596,D5,122
kurdilihicazkar,sarki,agiraksak,bahcenizde_sunbul,suphi_ziya_ozbekkan,kurdilihicazkar--sarki--agiraksak--bahcenizde_sunbul--suphi_ziya_ozbekkan.txt,307,20,-1,380,313.3680781758958,332.0,80.61851194274892,381,45.0,0.0625,0.5,0.1465798045602606,0.125,0.1026482873602911,F5,48
kurdilihicazkar,sarki,agiraksak,bu_gonul,sari_onnik,kurdilihicazkar--sarki--agiraksak--bu_gonul--sari_onnik.txt,519,19,-1,384,325.9788053949904,340.0,63.13934407323801,385,70.5,0.0625,0.5,0.13583815028901733,0.125,0.08601275575791838,G5,102
kurdilihicazkar,sarki,agiraksak,can_esiri,bimen_sen,kurdilihicazkar--sarki--agiraksak--can_esiri--bimen_sen.txt,386,17,-1,371,314.96891191709847,327.0,65.9787771258364,372,54.0,0.0625,0.5,0.13989637305699482,0.125,0.09043503594885588,F5,54
kurdilihicazkar,sarki,agiraksak,dun_gece,bimen_sen,kurdilihicazkar--sarki--agiraksak--dun_gece--bimen_sen.txt,256,14,-1,362,304.265625,331.0,88.45563721381447,363,40.5,0.0625,0.75,0.158203125,0.125,0.12620436954462735,F5,50
kurdilihicazkar,sarki,agiraksak,ehl-i_askin,tatyos_efendi,kurdilihicazkar--sarki--agiraksak--ehl-i_askin--tatyos_efendi.txt,616,21,-1,371,325.9788961038961,331.0,43.53790471987965,372,62.625,0.03125,0.5,0.10166396103896104,0.0625,0.07141484949848809,F5,98
kurdilihicazkar,sarki,agiraksak,gecti_zahm-i,haci_arif_bey,kurdilihicazkar--sarki--agiraksak--gecti_zahm-i--haci_arif_bey.txt,511,21,-1,380,317.146771037182,327.0,62.051180522688185,381,62.625,0.03125,2.25,0.12255381604696673,0.0625,0.12654429701870504,G5,65
kurdilihicazkar,sarki,agiraksak,kalb-i_sevdazedeler,selanikli_ahmed_bey,kurdilihicazkar--sarki--agiraksak--kalb-i_sevdazedeler--selanikli_ahmed_bey.txt,678,16,-1,366,329.617994100295,333.0,32.614032658520976,367,80.5,0.03125,0.5,0.1187315634218289,0.09375,0.08797437509791808,F5,126
kurdilihicazkar,sarki,agiraksak,koparan_sinemi,bimen_sen,kurdilihicazkar--sarki--agiraksak--koparan_sinemi--bimen_sen.txt,582,18,-1,380,329.03951890034364,331.0,37.21080319567074,381,72.0,0.03125,0.75,0.12371134020618557,0.125,0.0951677053882279,G5,86
kurdilihicazkar,sarki,agiraksak,soyle_ey,rahmi_bey,kurdilihicazkar--sarki--agiraksak--soyle_ey--rahmi_bey.txt,357,18,-1,380,307.4481792717087,331.0,86.97643183477547,381,54.25,0.0625,0.625,0.15196078431372548,0.125,0.10556249747680484,G5,55
kurdilihicazkar,sarki,aksak,baglandi_gonul,nasibin_mehmet_yuru,kurdilihicazkar--sarki--aksak--baglandi_gonul--nasibin_mehmet_yuru.txt,236,13,-1,371,315.2881355932203,340.0,86.97611329651821,372,28.125,0.03125,0.375,0.11917372881355932,0.109375,0.08558075802285979,G5,59
kurdilihicazkar,sarki,aksak,benden_kacarak,sukru_tunar,kurdilihicazkar--sarki--aksak--benden_kacarak--sukru_tunar.txt,386,17,-1,380,336.13471502590676,340.0,35.46276608993929,381,41.125,0.03125,0.5,0.10654145077720208,0.0625,0.08237739353537465,G5,76
kurdilihicazkar,sarki,aksak,bir_gun,ferit_sidal,kurdilihicazkar--sarki--aksak--bir_gun--ferit_sidal.txt,273,17,-1,371,333.8095238095238,340.0,33.03374473650432,372,35.125,0.0625,0.375,0.12866300366300365,0.125,0.08207498580783676,G5,64
kurdilihicazkar,sarki,aksak,bunca_cevrinle,emin_ongan,kurdilihicazkar--sarki--aksak--bunca_cevrinle--emin_ongan.txt,462,17,-1,371,320.22727272727275,333.0,59.663429399676914,372,42.375,0.03125,0.25,0.09172077922077922,0.0625,0.05977517798208473,F5,87
kurdilihicazkar,sarki,aksak,def-i_nalis,tanburi_cemil_bey,kurdilihicazkar--sarki--aksak--def-i_nalis--tanburi_cemil_bey.txt,479,16,-1,371,312.40918580375785,327.0,75.42154614271347,372,71.25,0.0625,0.75,0.1487473903966597,0.125,0.11037804412078,D5,94
kurdilihicazkar,sarki,aksak,demedim_hic,rakim_elkutlu,kurdilihicazkar--sarki--aksak--demedim_hic--rakim_elkutlu.txt,331,19,-1,371,336.2477341389728,340.0,26.722688453515474,372,35.916666666666664,0.027777777777777776,0.375,0.10850956696878146,0.0625,0.07525806979114985,G5,58
kurdilihicazkar,sarki,aksak,derdin_bana,lemi_atli,kurdilihicazkar--sarki--aksak--derdin_bana--lemi_atli.txt,243,20,-1,371,327.42798353909467,335.0,42.48682293107579,372,31.5,0.0625,0.5,0.12962962962962962,0.0625,0.09681346908433378,G5,52
kurdilihicazkar,sarki,aksak,etmeyin_gozlerinizden,ismail_baha_surelsan,kurdilihicazkar--sarki--aksak--etmeyin_gozlerinizden--ismail_baha_surelsan.txt,305,14,-1,371,333.344262295082,340.0,38.60728611264467,372,36.5,0.0625,0.375,0.11967213114754098,0.0625,0.07414046308747234,G5,53
kurdilihicazkar,sarki,aksak,gam_cekti,muzehher_guyer,kurdilihicazkar--sarki--aksak--gam_cekti--muzehher_guyer.txt,256,11,-1,362,310.9609375,331.0,77.65968013787881,363,31.5,0.03125,0.5,0.123046875,0.125,0.07657156558973276,G5,43
kurdilihicazkar,sarki,aksak,gidelim_goksuya,lavtaci_hristo,kurdilihicazkar--sarki--aksak--gidelim_goksuya--lavtaci_hristo.txt,554,20,-1,371,327.9043321299639,332.0,48.0143877171554,372,71.625,0.0625,0.625,0.1292870036101083,0.125,0.09280884968273324,G5,96
kurdilihicazkar,sarki,aksak,gul_yuzunde,erol_sayan,kurdilihicazkar--sarki--aksak--gul_yuzunde--erol_sayan.txt,675,16,-1,371,314.0,331.0,75.53392540600784,372,90.125,0.0625,0.5,0.1335185185185185,0.125,0.08700472534990522,F5,116
kurdilihicazkar,sarki,aksak,gun_dogmayacak,musa_sureyya_bey,kurdilihicazkar--sarki--aksak--gun_dogmayacak--musa_sureyya_bey.txt,488,16,-1,380,325.98770491803276,331.0,52.81601722996492,381,51.875,0.03125,0.625,0.10630122950819672,0.0625,0.077732957411189,G5,81
kurdilihicazkar,sarki,aksak,her_gece,bimen_sen,kurdilihicazkar--sarki--aksak--her_gece--bimen_sen.txt,416,19,-1,380,314.64903846153845,331.0,75.8110644500466,381,73.5,0.0625,1.0,0.17668269230769232,0.125,0.13916497633916733,G5,63
kurdilihicazkar,sarki,aksak,hicrinle_fuzun,tanburi_cemil_bey,kurdilihicazkar--sarki--aksak--hicrinle_fuzun--tanburi_cemil_bey.txt,426,13,-1,362,324.1737089201878,327.0,41.814299426924336,363,44.375,0.0625,0.375,0.10416666666666667,0.0625,0.07305484107108555,D5,83
kurdilihicazkar,sarki,aksak,kanlar_dokuyor,haci_arif_bey,kurdilihicazkar--sarki--aksak--kanlar_dokuyor--haci_arif_bey.txt,564,20,-1,371,328.8262411347518,332.0,41.33141562588677,372,48.5,0.03125,0.5,0.08599290780141844,0.0625,0.05947450976641976,G5,100
kurdilihicazkar,sarki,aksak,mahrum-i_sevkim,rahmi_bey,kurdilihicazkar--sarki--aksak--mahrum-i_sevkim--rahmi_bey.txt,426,15,-1,371,323.69483568075117,331.0,55.74079356615495,372,53.625,0.0625,0.5,0.12588028169014084,0.125,0.07893567588815886,G5,67
kurdilihicazkar,sarki,aksak,muntazir_tesrifine,haci_arif_bey,kurdilihicazkar--sarki--aksak--muntazir_tesrifine--haci_arif_bey.txt,508,17,-1,362,320.6712598425197,331.0,56.5858008756356,363,64.5,0.03125,0.5,0.12696850393700787,0.125,0.079120071362657,F5,78
kurdilihicazkar,sarki,aksak,nazarin_fikrime,leyla_saz,kurdilihicazkar--sarki--aksak--nazarin_fikrime--leyla_saz.txt,368,17,-1,380,332.17119565217394,335.0,39.104980437589866,381,38.75,0.03125,0.5,0.10529891304347826,0.0625,0.08205632762035596,F5,63
kurdilihicazkar,sarki,aksak,nazinda_senin,muzaffer_ilkar,kurdilihicazkar--sarki--aksak--nazinda_senin--muzaffer_ilkar.txt,393,14,-1,380,324.1145038167939,336.0,62.72042451504583,381,48.6875,0.0625,0.375,0.12388676844783715,0.0625,0.08428373501301847,G5,74
kurdilihicazkar,sarki,aksak,ne_senin,muzaffer_ilkar,kurdilihicazkar--sarki--aksak--ne_senin--muzaffer_ilkar.txt,570,20,-1,384,336.45964912280704,342.0,43.24621080000613,385,78.875,0.03125,1.125,0.13837719298245615,0.09375,0.136059376383585,G5,136
kurdilihicazkar,sarki,aksak,nereden_sevdim,selahaddin_pinar,kurdilihicazkar--sarki--aksak--nereden_sevdim--selahaddin_pinar.txt,316,17,-1,380,331.2753164556962,349.0,69.32378705956917,381,26.625,0.03125,0.25,0.08425632911392406,0.0625,0.055850898322346014,G5,61
kurdilihicazkar,sarki,aksak,nicin_terkeyleyip,haci_arif_bey,kurdilihicazkar--sarki--aksak--nicin_terkeyleyip--haci_arif_bey.txt,505,17,-1,371,325.95841584158416,335.0,56.07117300297816,372,66.875,0.03125,0.375,0.13242574257425743,0.125,0.0859298165965528,G5,100
kurdilihicazkar,sarki,aksak,nur_salkimisin,cevdet_cagla,kurdilihicazkar--sarki--aksak--nur_salkimisin--cevdet_cagla.txt,735,24,-1,380,327.0421768707483,336.0,60.93228577934402,381,65.375,0.03125,0.375,0.08894557823129251,0.0625,0.06171050529933794,G5,102
kurdilihicazkar,sarki,aksak,safalar_getirdiniz,avni_anil,kurdilihicazkar--sarki--aksak--safalar_getirdiniz--avni_anil.txt,840,14,-1,362,324.7809523809524,340.0,58.51562442487688,363,121.625,0.0625,1.125,0.14479166666666668,0.125,0.10094055714468088,G5,224
kurdilihicazkar,sarki,aksak,safvet-i_askim,sevki_bey,kurdilihicazkar--sarki--aksak--safvet-i_askim--sevki_bey.txt,300,16,-1,371,325.42,340.0,62.45750608925746,372,26.625,0.03125,0.25,0.08875,0.0625,0.06323563725778363,G5,68
kurdilihicazkar,sarki,aksak,sen_gitgide,yesari_asim_arsoy,kurdilihicazkar--sarki--aksak--sen_gitgide--yesari_asim_arsoy.txt,405,18,-1,384,326.34567901234567,340.0,69.55234521635293,385,64.25,0.0625,1.125,0.15864197530864196,0.125,0.17761311474871996,G5,81
kurdilihicazkar,sarki,aksak,seni_coskun,cevdet_cagla,kurdilihicazkar--sarki--aksak--seni_coskun--cevdet_cagla.txt,503,20,-1,371,322.85487077534793,335.0,68.14500600747034,372,53.75,0.03125,1.0,0.10685884691848907,0.0625,0.08669005351298051,G5,77
kurdilihicazkar,sarki,aksak,simdi_hatirda_midir,cevdet_cagla,kurdilihicazkar--sarki--aksak--simdi_hatirda_midir--cevdet_cagla.txt,379,27,-1,371,329.47229551451187,334.0,39.767527469192366,372,62.5,0.0625,1.0,0.16490765171503957,0.125,0.13113831538938517,G5,69
kurdilihicazkar,sarki,aksak,sirma_sacli,haci_arif_bey,kurdilihicazkar--sarki--aksak--sirma_sacli--haci_arif_bey.txt,378,13,-1,371,311.12698412698415,327.0,71.47539326838135,372,54.125,0.0625,0.5,0.1431878306878307,0.125,0.08955232253942205,C5,72
kurdilihicazkar,sarki,aksak,yildizli_semalardaki_hasmet,sadi_hosses,kurdilihicazkar--sarki--aksak--yildizli_semalardaki_hasmet--sadi_hosses.txt,458,16,-1,380,329.4475982532751,340.0,54.555078112211454,381,56.75,0.0625,0.375,0.12390829694323144,0.0625,0.08642570136603955,G5,69
kurdilihicazkar,sarki,aksaksemai,bahcenin_guller,nebahat_guner,kurdilihicazkar--sarki--aksaksemai--bahcenin_guller--nebahat_guner.txt,303,14,287,371,330.6039603960396,331.0,17.24410593685101,84,51.25,0.0625,0.375,0.16914191419141913,0.125,0.09493988857525247,D5,63
kurdilihicazkar,sarki,aydin,gozlerin_mavi,refik_fersan,kurdilihicazkar--sarki--aydin--gozlerin_mavi--refik_fersan.txt,548,16,-1,362,316.18065693430657,327.0,64.23857377058998,363,45.875,0.03125,0.25,0.08371350364963503,0.0625,0.05109177652429874,D5,94
kurdilihicazkar,sarki,curcuna,aksam_gunesi,osman_nihat_akin,kurdilihicazkar--sarki--curcuna--aksam_gunesi--osman_nihat_akin.txt,281,13,296,362,328.3167259786477,327.0,17.563843887362587,66,48.25,0.0625,0.375,0.17170818505338079,0.125,0.09491296272000702,D5,53
kurdilihicazkar,sarki,curcuna,ben_olursem,ekrem_perk,kurdilihicazkar--sarki--curcuna--ben_olursem--ekrem_perk.txt,261,16,-1,380,337.8927203065134,340.0,27.506292718393226,381,40.25,0.041666666666666664,0.375,0.15421455938697318,0.125,0.09369441568630814,G5,60
kurdilihicazkar,sarki,curcuna,bu_aksam,avni_anil,kurdilihicazkar--sarki--curcuna--bu_aksam--avni_anil.txt,433,12,-1,380,336.8868360277136,349.0,62.69926484752282,381,71.375,0.0625,1.25,0.16483833718244803,0.125,0.15161152984045104,G5,74
kurdilihicazkar,sarki,curcuna,diyelim_sen,selanikli_ahmed_bey,kurdilihicazkar--sarki--curcuna--diyelim_sen--selanikli_ahmed_bey.txt,284,14,-1,362,303.67605633802816,335.0,96.14539558668311,363,52.5,0.125,0.375,0.18485915492957747,0.125,0.08500455955755012,G5,54
kurdilihicazkar,sarki,curcuna,duser_mi,haci_arif_bey,kurdilihicazkar--sarki--curcuna--duser_mi--haci_arif_bey.txt,411,14,-1,362,309.82481751824815,327.0,74.28355999161319,363,72.375,0.0625,0.375,0.1760948905109489,0.125,0.06454828593953434,D5,71
kurdilihicazkar,sarki,curcuna,ey_benim,muhlis_sabahaddin_ezgi,kurdilihicazkar--sarki--curcuna--ey_benim--muhlis_sabahaddin_ezgi.txt,306,17,-1,380,315.781045751634,331.0,79.63046476221949,381,44.75,0.0625,0.375,0.14624183006535948,0.125,0.07580287430371921,D5,43
kurdilihicazkar,sarki,curcuna,gumus_tellerle,melahat_pars,kurdilihicazkar--sarki--curcuna--gumus_tellerle--melahat_pars.txt,292,17,-1,371,319.5993150684931,335.0,66.44203012571825,372,51.375,0.0625,0.625,0.1759417808219178,0.125,0.1079435787182753,G5,57
kurdilihicazkar,sarki,curcuna,meftunun_oldum,ahmet_mithat_gupgupoglu,kurdilihicazkar--sarki--curcuna--meftunun_oldum--ahmet_mithat_gupgupoglu.txt,552,16,-1,380,328.9021739130435,340.0,57.976099922594585,381,85.0,0.03125,0.375,0.1539855072463768,0.125,0.0764434672916873,G5,112
kurdilihicazkar,sarki,curcuna,sende_acep,haci_arif_bey,kurdilihicazkar--sarki--curcuna--sende_acep--haci_arif_bey.txt,437,17,-1,380,320.4347826086956,340.0,70.93195782301727,381,80.0,0.125,0.375,0.18306636155606407,0.125,0.08266894122295279,G5,92
kurdilihicazkar,sarki,curcuna,yuzum_sen,bimen_sen,kurdilihicazkar--sarki--curcuna--yuzum_sen--bimen_sen.txt,402,20,-1,384,326.14179104477614,340.0,71.46945213379878,385,70.125,0.0625,0.625,0.17444029850746268,0.125,0.09365632067247615,G5,68
kurdilihicazkar,sarki,devrihindi,aglarim_her,haluk_recai,kurdilihicazkar--sarki--devrihindi--aglarim_her--haluk_recai.txt,277,23,291,380,333.6425992779783,332.0,19.250787423055726,89,28.0,0.03125,0.25,0.10108303249097472,0.0625,0.061637713735494724,G5,37
kurdilihicazkar,sarki,devrihindi,derbeder_bir,zeki_duygulu,kurdilihicazkar--sarki--devrihindi--derbeder_bir--zeki_duygulu.txt,309,16,0,371,332.70873786407765,340.0,26.12791874006721,371,51.0,0.0625,1.0,0.1650485436893204,0.125,0.15258663643498818,G5,61
kurdilihicazkar,sarki,devrihindi,nerdesin_ey,haci_arif_bey,kurdilihicazkar--sarki--devrihindi--nerdesin_ey--haci_arif_bey.txt,337,14,-1,366,316.05044510385756,327.0,65.60152397405078,367,56.0,0.0625,0.5,0.1661721068249258,0.125,0.0813870093509019,D5,55
kurdilihicazkar,sarki,devrihindi,nice_sevdi,hasan_ozcivi,kurdilihicazkar--sarki--devrihindi--nice_sevdi--hasan_ozcivi.txt,540,19,0,380,337.19814814814816,340.0,23.177535271825448,380,65.0,0.0625,1.0,0.12037037037037036,0.10416666666666666,0.11584342315192446,G5,106
kurdilihicazkar,sarki,devrihindi,sen_beni,mahmud_celaleddin_pasa,kurdilihicazkar--sarki--devrihindi--sen_beni--mahmud_celaleddin_pasa.txt,466,18,-1,371,331.99785407725324,333.5,28.20062524488272,372,69.0,0.0625,0.5,0.148068669527897,0.125,0.0972796578607,G5,71
kurdilihicazkar,sarki,duyek,aksam_yine,selahaddin_pinar,kurdilihicazkar--sarki--duyek--aksam_yine--selahaddin_pinar.txt,385,16,-1,371,319.4623376623377,336.0,67.2655206667039,372,36.125,0.015625,0.875,0.09383116883116883,0.0625,0.10311559649013186,F5,73
kurdilihicazkar,sarki,duyek,arifem_ahkami,haci_arif_bey,kurdilihicazkar--sarki--duyek--arifem_ahkami--haci_arif_bey.txt,391,16,-1,380,324.04347826086956,336.0,56.2306208411251,381,46.375,0.0625,0.375,0.11860613810741688,0.0625,0.07686698209625513,G5,82
kurdilihicazkar,sarki,duyek,avuclarimda_hala,yusuf_nalkesen,kurdilihicazkar--sarki--duyek--avuclarimda_hala--yusuf_nalkesen.txt,443,10,-1,362,319.75846501128666,340.0,74.95089124884336,363,64.0,0.0625,1.0,0.14446952595936793,0.125,0.1249650434252778,G5,107
kurdilihicazkar,sarki,duyek,baga_girdim,manok_aga,kurdilihicazkar--sarki--duyek--baga_girdim--manok_aga.txt,471,12,-1,362,316.21656050955414,327.0,67.19681968835907,363,68.125,0.0625,1.875,0.14463906581740976,0.125,0.1386645166318423,D5,92
kurdilihicazkar,sarki,duyek,baska_soz,alaeddin_yavasca,kurdilihicazkar--sarki--duyek--baska_soz--alaeddin_yavasca.txt,645,18,-1,384,333.10232558139535,340.0,52.62422815579542,385,73.625,0.03125,1.0,0.11414728682170543,0.0625,0.08892036843139517,G5,115
kurdilihicazkar,sarki,duyek,bu_atesi,necdet_tokatlioglu,kurdilihicazkar--sarki--duyek--bu_atesi--necdet_tokatlioglu.txt,369,12,-1,371,307.69647696476966,340.0,96.85211167789548,372,52.125,0.0625,1.0,0.14126016260162602,0.125,0.1324633514163512,G5,89
kurdilihicazkar,sarki,duyek,camlar_arasindan,muzaffer_ilkar,kurdilihicazkar--sarki--duyek--camlar_arasindan--muzaffer_ilkar.txt,296,15,-1,371,315.3445945945946,340.0,88.77713194918624,372,35.125,0.03125,0.5,0.11866554054054054,0.125,0.09031191971394854,G5,55
kurdilihicazkar,sarki,duyek,dertleri_zevk,selahattin_inal,kurdilihicazkar--sarki--duyek--dertleri_zevk--selahattin_inal.txt,432,19,-1,371,292.68055555555554,327.0,109.18057921891125,372,52.125,0.03125,0.5,0.12065972222222222,0.0625,0.09911498723261886,G5,54
kurdilihicazkar,sarki,duyek,donmezsin_bilirim,ismail_demirkiran,kurdilihicazkar--sarki--duyek--donmezsin_bilirim--ismail_demirkiran.txt,349,17,-1,371,315.4212034383954,327.0,65.14861620019605,372,49.0,0.041666666666666664,1.0,0.14040114613180515,0.0625,0.16177289145170243,G5,70
kurdilihicazkar,sarki,duyek,felek_vurmus,turhan_tasan,kurdilihicazkar--sarki--duyek--felek_vurmus--turhan_tasan.txt,335,14,-1,384,331.47462686567167,353.0,81.56099687083248,385,48.0,0.0625,0.5,0.14328358208955225,0.125,0.10117961528887362,G5,63
kurdilihicazkar,sarki,duyek,feryadim_askim,aleko_bacanos,kurdilihicazkar--sarki--duyek--feryadim_askim--aleko_bacanos.txt,250,17,-1,380,336.748,340.0,35.85900121129262,381,19.916666666666664,0.015625,0.75,0.07966666666666666,0.0625,0.08044697723964143,G5,43
kurdilihicazkar,sarki,duyek,gaddar_felek,klarnet_ibrahim_efendi,kurdilihicazkar--sarki--duyek--gaddar_felek--klarnet_ibrahim_efendi.txt,393,15,-1,371,326.2442748091603,327.0,33.63362588010182,372,42.0,0.03125,0.5,0.10687022900763359,0.0625,0.08544169151440051,D5,66
kurdilihicazkar,sarki,duyek,gecmesin_gunumuz,alaeddin_yavasca,kurdilihicazkar--sarki--duyek--gecmesin_gunumuz--alaeddin_yavasca.txt,904,12,-1,362,306.5221238938053,327.0,84.25757822203819,363,128.0,0.0625,0.5,0.1415929203539823,0.125,0.09109457253775548,G5,131
kurdilihicazkar,sarki,duyek,gittin_biraktin,emin_ongan,kurdilihicazkar--sarki--duyek--gittin_biraktin--emin_ongan.txt,438,13,-1,371,307.6506849315069,349.0,104.65162381898739,372,64.0,0.03125,0.5,0.1461187214611872,0.125,0.11586408814545963,G5,100
kurdilihicazkar,sarki,duyek,her_kimde,civan_aga,kurdilihicazkar--sarki--duyek--her_kimde--civan_aga.txt,633,16,-1,380,320.61927330173773,331.0,63.509832350332,381,56.890625,0.03125,0.75,0.08987460505529225,0.0625,0.06727286513359299,D5,95
kurdilihicazkar,sarki,duyek,her_seyinle,erol_sayan,kurdilihicazkar--sarki--duyek--her_seyinle--erol_sayan.txt,235,13,-1,362,315.6723404255319,327.0,57.5729849031023,363,32.125,0.0625,0.5,0.13670212765957446,0.125,0.09380296184409302,D5,41
kurdilihicazkar,sarki,duyek,kara_sevda,rifat_ayaydin,kurdilihicazkar--sarki--duyek--kara_sevda--rifat_ayaydin.txt,417,21,-1,371,310.515587529976,331.0,82.22223269720955,372,41.125,0.03125,0.5,0.09862110311750599,0.0625,0.07194401384484417,G5,67
kurdilihicazkar,sarki,duyek,ne_demistin,selahaddin_pinar,kurdilihicazkar--sarki--duyek--ne_demistin--selahaddin_pinar.txt,512,16,-1,384,320.82421875,331.0,54.36000493354241,385,57.125,0.03125,0.5,0.111572265625,0.125,0.05673199763323189,G5,89
kurdilihicazkar,sarki,duyek,sen_korfeze,avni_anil,kurdilihicazkar--sarki--duyek--sen_korfeze--avni_anil.txt,418,18,-1,380,326.6267942583732,349.0,72.29621620436549,381,58.125,0.041666666666666664,1.0,0.139055023923445,0.0625,0.16775521069137656,G5,99
kurdilihicazkar,sarki,duyek,seninle_ey,bimen_sen,kurdilihicazkar--sarki--duyek--seninle_ey--bimen_sen.txt,274,18,-1,371,330.14233576642334,334.0,38.052087344858855,372,32.125,0.03125,0.5,0.11724452554744526,0.0625,0.096126102251278,F5,48
kurdilihicazkar,sarki,duyek,sevmek_aci,avni_anil,kurdilihicazkar--sarki--duyek--sevmek_aci--avni_anil.txt,408,13,-1,371,316.05882352941177,340.0,86.74771503884227,372,51.125,0.0625,0.75,0.1253063725490196,0.0625,0.10614878996199859,G5,92
kurdilihicazkar,sarki,evfer,karsiyakada,lavtaci_hristo,kurdilihicazkar--sarki--evfer--karsiyakada--lavtaci_hristo.txt,523,17,-1,371,325.93881453154876,331.0,41.43008795385309,372,58.625,0.0625,0.625,0.11209369024856597,0.125,0.06200099506644663,D5,92
kurdilihicazkar,sarki,kapali_curcuna,bitmez_tukenmez,selahattin_icli,kurdilihicazkar--sarki--kapali_curcuna--bitmez_tukenmez--selahattin_icli.txt,341,15,-1,371,318.86803519061584,340.0,75.78741672645496,372,57.625,0.0625,1.25,0.1689882697947214,0.125,0.15610600143981335,G5,62
kurdilihicazkar,sarki,kapali_curcuna,gurub_etti,haci_arif_bey,kurdilihicazkar--sarki--kapali_curcuna--gurub_etti--haci_arif_bey.txt,294,15,-1,380,330.08843537414964,340.0,61.52620076976424,381,59.5,0.0625,1.25,0.20238095238095238,0.125,0.1763488162866093,G5,59
kurdilihicazkar,sarki,kapali_curcuna,hancer-i_ebrusu,asdik_aga,kurdilihicazkar--sarki--kapali_curcuna--hancer-i_ebrusu--asdik_aga.txt,350,17,-1,371,303.77142857142854,331.0,96.37212550257759,372,66.375,0.125,1.125,0.18964285714285714,0.125,0.1691930989971528,F5,57
kurdilihicazkar,sarki,kapali_curcuna,sana_ey,rahmi_bey,kurdilihicazkar--sarki--kapali_curcuna--sana_ey--rahmi_bey.txt,414,17,-1,371,317.19082125603865,327.0,55.448248784525525,372,67.875,0.0625,0.625,0.16394927536231885,0.125,0.09108746341956013,D5,75
kurdilihicazkar,sarki,musemmen,ben_esiri,selanikli_ahmed_bey,kurdilihicazkar--sarki--musemmen--ben_esiri--selanikli_ahmed_bey.txt,338,16,287,366,332.7573964497041,335.0,17.847200655647786,79,40.0,0.0625,0.375,0.11834319526627218,0.125,0.07413616651144166,G5,59
kurdilihicazkar,sarki,musemmen,gecti_omrun,sadi_hosses,kurdilihicazkar--sarki--musemmen--gecti_omrun--sadi_hosses.txt,401,18,-1,380,320.5211970074813,340.0,75.84415056260825,381,43.625,0.03125,0.5,0.10879052369077306,0.125,0.05796242649316074,G5,70
kurdilihicazkar,sarki,musemmen,gozedir_yumnile,muallim_ismail_hakki_bey,kurdilihicazkar--sarki--musemmen--gozedir_yumnile--muallim_ismail_hakki_bey.txt,466,17,-1,365,314.4742489270386,333.0,76.94682133753678,366,47.75,0.03125,0.375,0.10246781115879829,0.0625,0.06024843162789892,D5,76
kurdilihicazkar,sarki,musemmen,iftirakindir_sebep,haci_arif_bey,kurdilihicazkar--sarki--musemmen--iftirakindir_sebep--haci_arif_bey.txt,252,18,-1,366,327.82936507936506,332.0,40.34658922073418,367,31.75,0.03125,0.375,0.1259920634920635,0.125,0.07484384764552389,G5,52
kurdilihicazkar,sarki,musemmen,mahmur_bakisi,sekerci_cemil_bey,kurdilihicazkar--sarki--musemmen--mahmur_bakisi--sekerci_cemil_bey.txt,413,17,-1,362,329.02905569007265,331.0,32.75725856461773,363,47.375,0.0625,0.375,0.11470944309927361,0.125,0.073436620404514,D5,75
kurdilihicazkar,sarki,nimsofyan,artik_sevgili,gulen_ertek,kurdilihicazkar--sarki--nimsofyan--artik_sevgili--gulen_ertek.txt,888,18,-1,380,312.5337837837838,331.0,83.42844544281003,381,81.25,0.03125,0.5,0.09149774774774774,0.0625,0.05051118197493011,G5,158
kurdilihicazkar,sarki,nimsofyan,cicek_nedir,selahattin_icli,kurdilihicazkar--sarki--nimsofyan--cicek_nedir--selahattin_icli.txt,536,17,-1,384,300.12873134328356,331.0,107.21312618006898,385,57.25,0.0625,0.3125,0.10680970149253731,0.0625,0.05710327730994864,G5,122
kurdilihicazkar,sarki,nimsofyan,huzun,selahattin_icli,kurdilihicazkar--sarki--nimsofyan--huzun--selahattin_icli.txt,734,15,-1,384,300.5136239782016,296.0,80.5678970505222,385,86.99999999999999,0.041666666666666664,1.25,0.11852861035422341,0.0625,0.15555862484974015,G4,356
kurdilihicazkar,sarki,semai,acmam_acamam,lemi_atli,kurdilihicazkar--sarki--semai--acmam_acamam--lemi_atli.txt,223,21,291,380,336.5112107623318,340.0,19.91284184010592,89,67.5,0.0625,0.75,0.30269058295964124,0.125,0.23919156398228025,G5,39
kurdilihicazkar,sarki,semai,canandan_uzak,neveser_kokdes,kurdilihicazkar--sarki--semai--canandan_uzak--neveser_kokdes.txt,366,16,-1,380,313.0382513661202,327.0,70.60570554928252,381,109.5,0.0625,0.75,0.29918032786885246,0.25,0.18135999995740446,G5,46
kurdilihicazkar,sarki,semai,gel_sen,muzaffer_ilkar,kurdilihicazkar--sarki--semai--gel_sen--muzaffer_ilkar.txt,439,16,-1,380,316.9088838268793,340.0,77.3981633965118,381,124.75,0.125,1.5,0.28416856492027337,0.25,0.27116450013389903,G5,81
kurdilihicazkar,sarki,semai,gul_acilsin,selahattin_icli,kurdilihicazkar--sarki--semai--gul_acilsin--selahattin_icli.txt,217,12,-1,362,319.2165898617512,331.0,64.67664657657501,363,35.25,0.0625,0.75,0.16244239631336405,0.125,0.12148708264579676,D5,41
kurdilihicazkar,sarki,semai,mavi_gok,alaeddin_yavasca,kurdilihicazkar--sarki--semai--mavi_gok--alaeddin_yavasca.txt,375,16,0,371,336.21866666666665,340.0,24.892822093936164,371,117.25,0.125,1.5,0.31266666666666665,0.25,0.19708662373408797,G5,68
kurdilihicazkar,sarki,semai,oyle_dudak,avni_anil,kurdilihicazkar--sarki--semai--oyle_dudak--avni_anil.txt,358,12,-1,380,325.7039106145251,349.0,67.5686727032783,381,120.25,0.0625,1.25,0.33589385474860334,0.25,0.2528687725928338,G5,65
kurdilihicazkar,sarki,semai,uzun_yillar,zeki_muren,kurdilihicazkar--sarki--semai--uzun_yillar--zeki_muren.txt,244,10,-1,362,318.9590163934426,331.0,68.13450719447141,363,76.5,0.125,0.75,0.3135245901639344,0.25,0.18650862856350084,G5,52
kurdilihicazkar,sarki,senginsemai,artik_ne,artaki_candan,kurdilihicazkar--sarki--senginsemai--artik_ne--artaki_candan.txt,494,24,282,384,338.665991902834,340.0,20.391099391883476,102,42.145833333333336,0.03125,0.5,0.08531545209176788,0.0625,0.10239375442431704,G5,116
kurdilihicazkar,sarki,senginsemai,bir_kendi,lemi_atli,kurdilihicazkar--sarki--senginsemai--bir_kendi--lemi_atli.txt,460,20,-1,384,328.504347826087,331.0,37.11675599815353,385,59.25,0.03125,0.5,0.12880434782608696,0.0625,0.11445498055413675,G5,80
kurdilihicazkar,sarki,senginsemai,derdin_ne,nasibin_mehmet_yuru,kurdilihicazkar--sarki--senginsemai--derdin_ne--nasibin_mehmet_yuru.txt,575,28,-1,371,322.88695652173914,331.0,44.930795647479115,372,59.25,0.03125,0.5,0.10304347826086957,0.0625,0.10184078972246464,G5,86
kurdilihicazkar,sarki,senginsemai,dirig-i_iltifatina,selanikli_ahmed_bey,kurdilihicazkar--sarki--senginsemai--dirig-i_iltifatina--selanikli_ahmed_bey.txt,294,17,287,371,329.187074829932,331.0,17.57157094307025,84,36.0,0.0625,0.5,0.12244897959183673,0.0625,0.09794103426804548,F5,50
kurdilihicazkar,sarki,senginsemai,fagfur_bir,erdinc_celikkol,kurdilihicazkar--sarki--senginsemai--fagfur_bir--erdinc_celikkol.txt,506,14,-1,371,325.49407114624506,327.0,28.192987057680355,372,42.0,0.03125,0.5,0.08300395256916997,0.041666666666666664,0.11283211549898647,C5,74
kurdilihicazkar,sarki,senginsemai,her_tel,kaptanzade_ali_riza_bey,kurdilihicazkar--sarki--senginsemai--her_tel--kaptanzade_ali_riza_bey.txt,548,16,-1,362,318.31934306569343,327.0,56.33390131050734,363,59.25,0.03125,0.5,0.10812043795620438,0.0625,0.08340834324881954,D5,82
kurdilihicazkar,sarki,senginsemai,yoktur_elemi,nasibin_mehmet_yuru,kurdilihicazkar--sarki--senginsemai--yoktur_elemi--nasibin_mehmet_yuru.txt,465,19,-1,362,322.71612903225804,335.0,58.36250658289521,363,54.25,0.03125,0.5,0.11666666666666667,0.0625,0.09100384054672017,G5,76
kurdilihicazkar,sarki,sofyan,beni_kor_kuyularda,munir_nurettin_selcuk,kurdilihicazkar--sarki--sofyan--beni_kor_kuyularda--munir_nurettin_selcuk.txt,445,14,-1,380,306.3887640449438,331.0,94.26541195733986,381,66.25,0.041666666666666664,0.5,0.14887640449438203,0.125,0.09277787621179175,G5,81
kurdilihicazkar,sarki,sofyan,o_guzel,osman_nihat_akin,kurdilihicazkar--sarki--sofyan--o_guzel--osman_nihat_akin.txt,423,14,-1,371,318.48936170212767,331.0,68.07341489501161,372,69.0,0.0625,0.75,0.16312056737588654,0.125,0.1615645820748964,D5,66
kurdilihicazkar,sarki,sofyan,omrumce_o,yesari_asim_arsoy,kurdilihicazkar--sarki--sofyan--omrumce_o--yesari_asim_arsoy.txt,344,14,0,371,335.8982558139535,340.0,25.793270923581673,371,72.25,0.0625,2.0,0.21002906976744187,0.125,0.23036923003231619,G5,59
kurdilihicazkar,sarki,sofyan,seni_ben,baki_duyarlar,kurdilihicazkar--sarki--sofyan--seni_ben--baki_duyarlar.txt,712,13,-1,380,321.87780898876406,327.0,50.95595805770009,381,74.25,0.03125,1.0,0.10428370786516854,0.0625,0.10988044039096657,E5b5,109
kurdilihicazkar,sarki,sofyan,zil_sal,munir_nurettin_selcuk,kurdilihicazkar--sarki--sofyan--zil_sal--munir_nurettin_selcuk.txt,674,26,-1,389,331.066765578635,340.0,51.30386120619123,390,105.875,0.0625,1.5,0.1570845697329377,0.125,0.15700590720657334,G5,112
kurdilihicazkar,sarki,turkaksagi,askiyla_meger,serif_icli,kurdilihicazkar--sarki--turkaksagi--askiyla_meger--serif_icli.txt,332,19,0,384,335.83734939759034,340.0,29.058604024927842,384,34.75,0.0625,0.375,0.10466867469879518,0.0625,0.07342790520977069,G5,56
kurdilihicazkar,sarki,turkaksagi,ay_dalgalanirken,artaki_candan,kurdilihicazkar--sarki--turkaksagi--ay_dalgalanirken--artaki_candan.txt,447,19,-1,362,322.61073825503354,327.0,28.755980795593423,363,29.749999999999996,0.03125,0.375,0.06655480984340044,0.041666666666666664,0.0553758186763691,C5,68
kurdilihicazkar,sarki,turkaksagi,camlarda_yine,isak_varon,kurdilihicazkar--sarki--turkaksagi--camlarda_yine--isak_varon.txt,518,15,-1,371,328.6872586872587,327.0,26.46523707649634,372,40.0,0.03125,0.375,0.07722007722007722,0.0625,0.06036403365726209,D5,103
kurdilihicazkar,sarki,turkaksagi,cana_yakacaksan,sami_yalcin,kurdilihicazkar--sarki--turkaksagi--cana_yakacaksan--sami_yalcin.txt,398,15,-1,371,331.8115577889447,332.0,22.955375987684164,372,40.0,0.03125,0.375,0.10050251256281408,0.0625,0.07308468738521809,F5,66
kurdilihicazkar,sarki,turkaksagi,elden_ne,burhan_durucu,kurdilihicazkar--sarki--turkaksagi--elden_ne--burhan_durucu.txt,398,13,-1,371,323.49497487437185,331.0,58.346128882222594,372,40.0,0.03125,0.375,0.10050251256281408,0.0625,0.058166371898783584,G5,62
kurdilihicazkar,sarki,turkaksagi,endami_guzeldir,medeni_aziz_efendi,kurdilihicazkar--sarki--turkaksagi--endami_guzeldir--medeni_aziz_efendi.txt,359,12,-1,362,324.01392757660165,331.0,51.53679952152748,363,35.0,0.041666666666666664,0.375,0.09749303621169916,0.0625,0.06334930356647307,F5,68
kurdilihicazkar,sarki,turkaksagi,soylendi_bugun,mediha_sen_sancakoglu,kurdilihicazkar--sarki--turkaksagi--soylendi_bugun--mediha_sen_sancakoglu.txt,439,17,-1,380,316.6355353075171,331.0,75.14451352188729,381,44.625,0.03125,0.375,0.10165148063781321,0.0625,0.07994131887313102,G5,75
kurdilihicazkar,sarki,turkaksagi,yalancidir_hep,selahaddin_pinar,kurdilihicazkar--sarki--turkaksagi--yalancidir_hep--selahaddin_pinar.txt,522,18,-1,384,321.92337164750955,340.0,77.91824711778158,385,50.125,0.03125,0.5,0.09602490421455939,0.0625,0.07787247716059303,G5,70
kurdilihicazkar,sarki,yuruksemai,bais_figan,haci_arif_bey,kurdilihicazkar--sarki--yuruksemai--bais_figan--haci_arif_bey.txt,300,15,-1,380,320.13,340.0,73.70305444222589,381,42.125,0.0625,0.625,0.14041666666666666,0.125,0.10054114312272182,G5,53
kurdilihicazkar,sarki,yuruksemai,bak_su,mustafa_sunar,kurdilihicazkar--sarki--yuruksemai--bak_su--mustafa_sunar.txt,249,16,-1,371,320.4899598393574,331.0,57.908723537062436,372,29.375,0.0625,0.375,0.1179718875502008,0.0625,0.08720892376312638,F5,38
kurdilihicazkar,sarki,yuruksemai,berdar_olali,haci_arif_bey,kurdilihicazkar--sarki--yuruksemai--berdar_olali--haci_arif_bey.txt,472,16,-1,362,325.25847457627117,327.0,30.6929338985167,363,87.25,0.0625,0.75,0.18485169491525424,0.125,0.14494399766794822,D5,85
kurdilihicazkar,sarki,yuruksemai,bu_yil,munir_nurettin_selcuk,kurdilihicazkar--sarki--yuruksemai--bu_yil--munir_nurettin_selcuk.txt,410,16,-1,371,314.5048780487805,331.0,75.20730096177996,372,56.375,0.0625,0.75,0.1375,0.125,0.08912008738522491,G5,69
kurdilihicazkar,sarki,yuruksemai,sen_gozlerine,misirli_udi_ibrahim_efendi,kurdilihicazkar--sarki--yuruksemai--sen_gozlerine--misirli_udi_ibrahim_efendi.txt,456,19,-1,368,327.52412280701753,332.0,32.61570223367687,369,60.125,0.03125,0.75,0.1318530701754386,0.125,0.12427735978603856,F5,64
kurdilihicazkar,sarki,yuruksemai_ii,ey_mutrib-i,rahmi_bey,kurdilihicazkar--sarki--yuruksemai_ii--ey_mutrib-i--rahmi_bey.txt,340,20,-1,380,324.6205882352941,327.0,41.08492018149269,381,53.75,0.0625,0.75,0.15808823529411764,0.125,0.10554249312615135,D5,53
kurdilihicazkar,sarki,yuruksemai_ii,sevgi_dillerde,munir_nurettin_selcuk,kurdilihicazkar--sarki--yuruksemai_ii--sevgi_dillerde--munir_nurettin_selcuk.txt,314,13,-1,362,315.1050955414013,327.0,68.10482269935787,363,40.625,0.03125,0.75,0.12937898089171976,0.125,0.09817447726352077,D5,54
kurdilihicazkar,sazsemaisi,aksaksemai,,haydar_tatliyay,kurdilihicazkar--sazsemaisi--aksaksemai----haydar_tatliyay.txt,1306,25,-1,384,325.6753445635528,331.0,50.20758705388963,385,91.875,0.03125,0.25,0.07034839203675344,0.0625,0.04567869963366054,G5,166
kurdilihicazkar,sazsemaisi,aksaksemai,,tatyos_efendi,kurdilihicazkar--sazsemaisi--aksaksemai----tatyos_efendi.txt,745,23,-1,371,306.79060402684564,327.0,83.28595428050417,372,82.25,0.03125,1.5,0.11040268456375839,0.08333333333333333,0.09163137018126474,D5,132
kurdilihicazkar,sazsemaisi,aksaksemai,,yalcin_tura,kurdilihicazkar--sazsemaisi--aksaksemai----yalcin_tura.txt,574,25,-1,380,313.83449477351917,318.0,51.47844356464696,381,92.125,0.0625,0.625,0.1604965156794425,0.125,0.08496106790402032,D5,98
kurdilihicazkar,sazsemaisi,aksaksemai,sonbahar,coskun_acikgoz,kurdilihicazkar--sazsemaisi--aksaksemai--sonbahar--coskun_acikgoz.txt,981,27,-1,384,329.9418960244648,331.0,43.86888730688619,385,120.0,0.03125,0.75,0.12232415902140673,0.0625,0.11107375820906076,D5,139
kurdilihicazkar,seyir,devrihindi,2,erol_bingol,kurdilihicazkar--seyir--devrihindi--2--erol_bingol.txt,76,16,296,371,334.88157894736844,331.0,17.760605924545974,75,7.0,0.0625,0.25,0.09210526315789473,0.0625,0.05049101014302604,G5,14
kurdilihicazkar,seyir,senginsemai,1,erol_bingol,kurdilihicazkar--seyir--senginsemai--1--erol_bingol.txt,56,11,296,371,331.9107142857143,331.0,19.99115876009764,75,12.0,0.0625,0.75,0.21428571428571427,0.125,0.13993562991418776,G5,13
kurdilihicazkar,seyir,sofyan,1,erol_bingol,kurdilihicazkar--seyir--sofyan--1--erol_bingol.txt,59,11,296,362,331.0,331.0,16.368599038487034,66,8.0,0.0625,0.5,0.13559322033898305,0.125,0.09994108068465206,F5,10
kurdilihicazkar,seyir,sofyan,1,sefik_gurmeric,kurdilihicazkar--seyir--sofyan--1--sefik_gurmeric.txt,117,15,-1,362,321.85470085470087,331.0,55.45272372236287,363,16.0,0.0625,1.0,0.13675213675213677,0.125,0.11310053553204914,G5,17
kurdilihicazkar,seyir,sofyan,2,sefik_gurmeric,kurdilihicazkar--seyir--sofyan--2--sefik_gurmeric.txt,117,16,-1,362,321.85470085470087,331.0,55.45272372236287,363,16.0,0.0625,1.0,0.13675213675213677,0.125,0.11310053553204914,G5,17
lalegul,sazsemaisi,tekvurus,,rustu_eric,lalegul--sazsemaisi--tekvurus----rustu_eric.txt,454,19,-1,362,304.86563876651985,327.0,81.08789556937103,363,60.75,0.0625,0.25,0.13381057268722468,0.125,0.07707855872213973,D5,62
mahur,agirsemai,aksaksemai,cihani_lal-i,itri,mahur--agirsemai--aksaksemai--cihani_lal-i--itri.txt,254,16,-1,371,327.61811023622045,336.0,50.9315574495888,372,24.875,0.0625,0.25,0.09793307086614174,0.0625,0.06484749096004518,G5,37
mahur,agirsemai,aksaksemai,sarsam_miyanin,ebubekir_aga,mahur--agirsemai--aksaksemai--sarsam_miyanin--ebubekir_aga.txt,671,23,-1,380,304.8777943368107,336.0,93.24375037386957,381,104.5,0.03125,1.5,0.1557377049180328,0.125,0.19677324896706133,G5,90
mahur,aranagme,musemmen,1,,mahur--aranagme--musemmen--1--.txt,119,16,0,367,326.6386554621849,327.0,35.210921623364655,367,16.125,0.03125,0.375,0.13550420168067226,0.125,0.0879450424451023,E5,20
mahur,aranagme,nimsofyan,1,,mahur--aranagme--nimsofyan--1--.txt,76,12,-1,367,318.14473684210526,327.0,67.31056458880106,368,12.25,0.0625,0.5,0.1611842105263158,0.125,0.1418857954390376,D5,26
mahur,aranagme,senginsemai,1,,mahur--aranagme--senginsemai--1--.txt,129,12,-1,371,313.7984496124031,327.0,77.98050435895833,372,12.25,0.03125,0.375,0.09496124031007752,0.0625,0.09069482825038194,G5,22
mahur,beste,devrikebir,ta-be-key_sinemde,dilhayat_kalfa,mahur--beste--devrikebir--ta-be-key_sinemde--dilhayat_kalfa.txt,918,21,-1,371,310.37799564270153,318.0,68.95915560913542,372,174.25,0.0625,7.0,0.18981481481481483,0.125,0.4237083695927457,D5,112
mahur,beste,lenkfahte,seyret_izar-i,tascizade_recep_celebi,mahur--beste--lenkfahte--seyret_izar-i--tascizade_recep_celebi.txt,326,16,-1,380,312.3680981595092,336.0,88.54047015949364,381,50.875,0.0625,0.5,0.15605828220858894,0.125,0.07559832909504806,G5,44
mahur,fantezi,semai,gelin_gibi,necdet_tokatlioglu,mahur--fantezi--semai--gelin_gibi--necdet_tokatlioglu.txt,413,14,-1,371,315.2881355932203,327.0,56.05182916791341,372,132.25,0.125,0.75,0.3202179176755448,0.25,0.1885765559266792,D5,76
mahur,fantezi,semai,sen_gidince,selami_sahin,mahur--fantezi--semai--sen_gidince--selami_sahin.txt,464,10,0,367,337.26724137931035,345.0,22.710063899266792,367,144.25,0.125,0.75,0.3108836206896552,0.25,0.2000541919859185,G5,91
mahur,kar,hafif,gul_bi-ruh-i,abdulkadir_meragi,mahur--kar--hafif--gul_bi-ruh-i--abdulkadir_meragi.txt,879,21,-1,393,314.5108077360637,336.0,86.06468171595397,394,154.0,0.0625,0.5,0.1751990898748578,0.125,0.09713999689568054,G5,143
mahur,kupe,devrirevanihindi,her_ne,ahmet_avni_konuk,mahur--kupe--devrirevanihindi--her_ne--ahmet_avni_konuk.txt,139,22,-1,371,318.53956834532374,340.0,76.5376923517881,372,14.0,0.0625,0.5,0.10071942446043165,0.0625,0.06182186058380292,G5,22
mahur,mars,nimhafif,vur_pence-i,munir_nurettin_selcuk,mahur--mars--nimhafif--vur_pence-i--munir_nurettin_selcuk.txt,505,15,-1,371,299.560396039604,327.0,95.1116971583978,372,96.25,0.0625,0.375,0.1905940594059406,0.125,0.0881144444559584,G5,82
mahur,mars,sofyan,gafil_ne,muallim_ismail_hakki_bey,mahur--mars--sofyan--gafil_ne--muallim_ismail_hakki_bey.txt,776,18,-1,371,328.41494845360825,327.0,40.39786622595608,372,103.375,0.03125,0.5,0.133215206185567,0.125,0.08527093866832232,D5,131
mahur,pesrev,duyek,,gazi_giray_han,mahur--pesrev--duyek----gazi_giray_han.txt,750,15,-1,380,331.74,345.0,58.17732549371909,381,106.125,0.0625,0.375,0.1415,0.125,0.05441382623912151,G5,166
mahur,pesrev,hafif,,rauf_yekta,mahur--pesrev--hafif----rauf_yekta.txt,427,21,-1,371,317.41686182669787,336.0,73.68489883246326,372,64.25,0.0625,0.5,0.15046838407494145,0.125,0.08865228963868207,G5,76
mahur,pesrev,muhammes,,tanburi_cemil_bey,mahur--pesrev--muhammes----tanburi_cemil_bey.txt,386,16,-1,371,327.419689119171,336.0,48.42211607950842,372,48.25,0.041666666666666664,0.5,0.125,0.125,0.08447539922127077,G5,62
mahur,salatuselam,sofyan,allahumme,,mahur--salatuselam--sofyan--allahumme--.txt,119,9,-1,358,323.4957983193277,327.0,46.17099279219158,359,16.125,0.0625,0.25,0.13550420168067226,0.125,0.05293262009698615,D5,28
mahur,sarki,agir_aksaksemai,sen_seh-i,iii_selim,mahur--sarki--agir_aksaksemai--sen_seh-i--iii_selim.txt,216,15,-1,367,318.85185185185185,336.0,65.67960496366129,368,27.375,0.041666666666666664,1.0,0.1267361111111111,0.0625,0.12800411436580328,G5,34
mahur,sarki,agiraksak,badeler_dondukce,selanikli_ahmed_bey,mahur--sarki--agiraksak--badeler_dondukce--selanikli_ahmed_bey.txt,577,20,-1,380,328.4488734835355,336.0,55.04970515626089,381,71.875,0.0625,0.625,0.12456672443674177,0.125,0.08623838335393204,G5,90
mahur,sarki,agiraksak,gulsen-i_ezhar,basmaci_abdi_efendi,mahur--sarki--agiraksak--gulsen-i_ezhar--basmaci_abdi_efendi.txt,460,22,-1,371,328.61739130434785,335.0,45.15846369013325,372,54.25,0.03125,0.625,0.11793478260869565,0.0625,0.08684011105331568,D5,68
mahur,sarki,agiraksak,sen_gul,tanburi_cemil_bey,mahur--sarki--agiraksak--sen_gul--tanburi_cemil_bey.txt,516,18,-1,371,312.9321705426357,336.0,85.42024754823605,372,71.875,0.03125,0.5,0.13929263565891473,0.125,0.08294376749955595,G5,77
mahur,sarki,agiraksak,var_iken,tanburi_cemil_bey,mahur--sarki--agiraksak--var_iken--tanburi_cemil_bey.txt,543,18,-1,371,319.2081031307551,335.0,67.08786281013988,372,62.875,0.03125,0.5,0.11579189686924493,0.125,0.08409344800249752,G5,75
mahur,sarki,aksak,acirim_asik,giriftzen_asim_bey,mahur--sarki--aksak--acirim_asik--giriftzen_asim_bey.txt,312,17,-1,380,326.90705128205127,336.0,56.97995090753426,381,40.25,0.0625,0.625,0.12900641025641027,0.125,0.09219421495231463,D5,58
mahur,sarki,aksak,al_yanina,dellalzade_haci_ismail_efendi,mahur--sarki--aksak--al_yanina--dellalzade_haci_ismail_efendi.txt,347,17,-1,371,313.2622478386167,327.0,70.83807015561565,372,36.125,0.03125,0.375,0.10410662824207492,0.0625,0.0700966623011825,G5,47
mahur,sarki,aksak,alamam_dogrusu,serif_icli,mahur--sarki--aksak--alamam_dogrusu--serif_icli.txt,511,16,0,371,333.14481409001957,336.0,22.251648264894566,371,44.75,0.03125,0.375,0.087573385518591,0.0625,0.06121593287159249,E5,91
mahur,sarki,aksak,ben_derdime,arif_sami_toker,mahur--sarki--aksak--ben_derdime--arif_sami_toker.txt,349,14,-1,371,292.4212034383954,336.0,113.09868901613433,372,78.875,0.0625,1.125,0.2260028653295129,0.125,0.19617589747567613,D5,47
mahur,sarki,aksak,bir_gonulde,mazhar_bey,mahur--sarki--aksak--bir_gonulde--mazhar_bey.txt,518,17,-1,380,320.85714285714283,336.0,67.5940984423843,381,62.75,0.0625,0.25,0.12113899613899613,0.125,0.06340157074303998,G5,75
mahur,sarki,aksak,cektikce_sineye,selahattin_icli,mahur--sarki--aksak--cektikce_sineye--selahattin_icli.txt,300,15,-1,380,312.80333333333334,349.0,102.76653732059432,381,71.5,0.0625,1.0,0.23833333333333334,0.125,0.22651924225680597,A5,49
mahur,sarki,aksak,dun_yine,refik_fersan,mahur--sarki--aksak--dun_yine--refik_fersan.txt,363,13,-1,358,310.25068870523415,327.0,80.67443931236308,359,58.625,0.0625,1.0,0.16150137741046833,0.125,0.1240549273430826,G5,56
mahur,sarki,aksak,gonul_adli,dellalzade_haci_ismail_efendi,mahur--sarki--aksak--gonul_adli--dellalzade_haci_ismail_efendi.txt,667,16,-1,371,298.3088455772114,318.0,91.97747780375249,372,121.625,0.0625,1.0,0.1823463268365817,0.125,0.14736297141105095,D5,94
mahur,sarki,aksak,gor_nitti_cana,dede_efendi,mahur--sarki--aksak--gor_nitti_cana--dede_efendi.txt,192,12,-1,358,326.6458333333333,336.0,55.44932674028725,359,15.875,0.03125,0.25,0.08268229166666667,0.0625,0.047926683925221265,G5,31
mahur,sarki,aksak,iki_gozum,kemal_emin_bara,mahur--sarki--aksak--iki_gozum--kemal_emin_bara.txt,379,22,-1,380,327.67810026385223,336.0,39.011893730836896,381,73.625,0.0625,1.125,0.19426121372031663,0.125,0.15202844206051835,D5,60
mahur,sarki,aksak,muptelayim_hayli,kemenceci_usta_yani,mahur--sarki--aksak--muptelayim_hayli--kemenceci_usta_yani.txt,238,21,-1,371,315.34033613445376,327.0,62.3090647303092,372,21.5,0.03125,1.0,0.09033613445378151,0.0625,0.07785844992457114,D5,33
mahur,sarki,aksak,olmusum_divane,komurcuzade,mahur--sarki--aksak--olmusum_divane--komurcuzade.txt,231,14,-1,375,328.86147186147184,336.0,51.77071385905721,376,27.0,0.0625,0.375,0.11688311688311688,0.0625,0.0826390355218521,E5,36
mahur,sarki,aksak,sana_layik_mi,dede_efendi,mahur--sarki--aksak--sana_layik_mi--dede_efendi.txt,855,18,-1,380,330.6479532163743,336.0,39.7876246444241,381,67.625,0.03125,0.375,0.079093567251462,0.0625,0.054585157684535535,G5,122
mahur,sarki,aksak,servinazi_seyret,rahmi_bey,mahur--sarki--aksak--servinazi_seyret--rahmi_bey.txt,533,19,-1,371,318.56472795497183,327.0,58.38743132732352,372,54.125,0.0625,0.375,0.10154784240150094,0.0625,0.060406253566663765,G5,66
mahur,sarki,aksak,sevda_seline,neveser_kokdes,mahur--sarki--aksak--sevda_seline--neveser_kokdes.txt,410,22,-1,380,314.7682926829268,327.0,78.17901512164822,381,63.625,0.0625,1.0,0.1551829268292683,0.125,0.1565593053421362,G5,55
mahur,sarki,aksak,su_guzele,semseddin_ziya_bey,mahur--sarki--aksak--su_guzele--semseddin_ziya_bey.txt,341,17,-1,380,307.841642228739,340.0,99.22733032967265,381,54.125,0.0625,0.5,0.15872434017595308,0.125,0.07554303580578774,G5,48
mahur,sarki,aksak,ver_saki,refik_fersan,mahur--sarki--aksak--ver_saki--refik_fersan.txt,340,20,-1,380,295.04117647058825,327.0,111.65263536461005,381,63.125,0.03125,1.0,0.18566176470588236,0.125,0.16365054887570377,D5,47
mahur,sarki,aksak,yeniden_eski,ismail_baha_surelsan,mahur--sarki--aksak--yeniden_eski--ismail_baha_surelsan.txt,401,18,-1,389,336.48877805486285,344.0,30.960224462253457,390,40.625,0.03125,0.375,0.10130922693266833,0.0625,0.06657673262597733,G5,74
mahur,sarki,curcuna,askinla_harab,emin_ongan,mahur--sarki--curcuna--askinla_harab--emin_ongan.txt,290,20,-1,371,335.6620689655172,340.0,33.6347613664072,372,52.0,0.0625,0.875,0.1793103448275862,0.125,0.13642731399298635,G5,58
mahur,sarki,curcuna,beni_ister,ali_rifat_cagatay,mahur--sarki--curcuna--beni_ister--ali_rifat_cagatay.txt,176,15,-1,367,320.2613636363636,327.0,46.3182763849512,368,14.9375,0.0625,0.1875,0.08487215909090909,0.0625,0.03673288706163888,D5,33
mahur,sarki,curcuna,bir_gulsene,munir_nurettin_selcuk,mahur--sarki--curcuna--bir_gulsene--munir_nurettin_selcuk.txt,309,17,-1,380,319.2686084142395,345.0,89.14115294145867,381,61.375,0.0625,0.875,0.19862459546925568,0.125,0.1270734263793973,G5,39
mahur,sarki,curcuna,gittin_gideli,nuri_halil_poyraz,mahur--sarki--curcuna--gittin_gideli--nuri_halil_poyraz.txt,405,18,-1,371,296.19506172839505,327.0,100.03790853406494,372,78.875,0.0625,1.25,0.19475308641975309,0.125,0.18473480998823968,D5,59
mahur,sarki,curcuna,gucendim_ben,muhlis_sabahaddin_ezgi,mahur--sarki--curcuna--gucendim_ben--muhlis_sabahaddin_ezgi.txt,361,14,-1,358,313.3795013850416,327.0,61.42726069439658,359,67.625,0.0625,0.5,0.18732686980609417,0.125,0.09182025662133603,D5,68
mahur,sarki,curcuna,sakiz_hanim,bahadir_akkuzu,mahur--sarki--curcuna--sakiz_hanim--bahadir_akkuzu.txt,181,16,-1,389,299.7900552486188,327.0,100.09201383669837,390,43.875,0.0625,1.25,0.24240331491712708,0.125,0.2492752501197895,D5,21
mahur,sarki,curcuna,yuce_dagdan,selahaddin_pinar,mahur--sarki--curcuna--yuce_dagdan--selahaddin_pinar.txt,374,21,-1,371,320.1417112299465,341.0,72.81857968770115,372,66.375,0.03125,1.25,0.17747326203208555,0.125,0.18143607935508163,G5,80
mahur,sarki,curcuna,zahiri_hale,haci_arif_bey,mahur--sarki--curcuna--zahiri_hale--haci_arif_bey.txt,360,18,-1,380,314.78055555555557,327.0,74.57623389956846,381,66.375,0.0625,0.625,0.184375,0.125,0.10602394845618396,D5,62
mahur,sarki,duyek,ay_dogar,sadettin_kaynak,mahur--sarki--duyek--ay_dogar--sadettin_kaynak.txt,678,15,-1,367,287.42772861356934,327.0,114.10649589643772,368,98.25,0.0625,0.75,0.14491150442477876,0.125,0.06705114662193942,G5,116
mahur,sarki,duyek,ayrilik_ruzgari,kamuran_yarkin,mahur--sarki--duyek--ayrilik_ruzgari--kamuran_yarkin.txt,501,13,-1,371,291.0858283433134,327.0,111.06273280791571,372,107.125,0.0625,1.0,0.21382235528942115,0.125,0.16668026391640225,F5#5,75
mahur,sarki,duyek,ben_guzele,sadettin_kaynak,mahur--sarki--duyek--ben_guzele--sadettin_kaynak.txt,628,18,-1,371,309.6289808917197,336.0,86.46139860677427,372,116.125,0.0625,1.0,0.1849124203821656,0.125,0.1448601234610329,G5,108
mahur,sarki,duyek,bu_sevda,sukru_senozan,mahur--sarki--duyek--bu_sevda--sukru_senozan.txt,340,10,-1,358,318.5205882352941,336.0,70.1737593907266,359,43.125,0.0625,0.5,0.12683823529411764,0.125,0.07618486100941656,E5,72
mahur,sarki,duyek,bu_son_sarkimda,muzaffer_ilkar,mahur--sarki--duyek--bu_son_sarkimda--muzaffer_ilkar.txt,818,20,-1,380,327.41931540342296,349.0,79.83577984814576,381,100.5,0.03125,0.5,0.12286063569682151,0.125,0.08592083375145526,A5,138
mahur,sarki,duyek,butun_dunyaya,ali_rifat_cagatay,mahur--sarki--duyek--butun_dunyaya--ali_rifat_cagatay.txt,2582,29,-1,380,311.38497288923315,331.0,85.2853889795963,381,391.25,0.03125,1.0,0.15152982184353214,0.125,0.09948723330531921,D5,452
mahur,sarki,duyek,dudagimda_acan,erol_sayan,mahur--sarki--duyek--dudagimda_acan--erol_sayan.txt,547,15,-1,380,297.45886654478977,336.0,108.38225853100079,381,96.125,0.0625,0.5,0.17573126142595977,0.125,0.11014024938120431,G5,78
mahur,sarki,duyek,gul_mevsimi,tanburi_mustafa_cavus,mahur--sarki--duyek--gul_mevsimi--tanburi_mustafa_cavus.txt,459,17,-1,362,311.44444444444446,327.0,76.87591847476787,363,41.125,0.03125,0.375,0.08959694989106753,0.0625,0.05009401228785469,D5,69
mahur,sarki,duyek,hosgeldin_elimize,sadettin_kaynak,mahur--sarki--duyek--hosgeldin_elimize--sadettin_kaynak.txt,775,19,-1,380,322.3883870967742,340.0,67.89091127653606,381,73.625,0.03125,1.0,0.095,0.0625,0.073311500229442,G5,187
mahur,sarki,duyek,ipek_saclarin,sadettin_kaynak,mahur--sarki--duyek--ipek_saclarin--sadettin_kaynak.txt,386,19,-1,380,298.5854922279793,327.0,96.92162691063245,381,32.125,0.03125,0.5,0.08322538860103627,0.0625,0.07361094667661745,G5,47
mahur,sarki,duyek,kadehin_dudagimda,rustu_eric,mahur--sarki--duyek--kadehin_dudagimda--rustu_eric.txt,449,15,-1,380,314.84855233853006,345.0,93.65675960415983,381,48.125,0.03125,0.5,0.1071826280623608,0.0625,0.07637607258276087,G5,78
mahur,sarki,duyek,olsa_da_hos,sadettin_kaynak,mahur--sarki--duyek--olsa_da_hos--sadettin_kaynak.txt,388,16,-1,371,302.95360824742266,327.0,90.42822563843032,372,37.5,0.03125,0.5,0.09664948453608248,0.0625,0.06599546149985946,E5,46
mahur,sarki,duyek,petek_petek,erol_sayan,mahur--sarki--duyek--petek_petek--erol_sayan.txt,569,14,-1,371,307.3145869947276,327.0,79.97506971726621,372,88.125,0.0625,0.5,0.15487697715289983,0.125,0.09944468513758749,G5,72
mahur,sarki,duyek,saba_tarf-i,enderunlu_hafiz_husnu_efendi,mahur--sarki--duyek--saba_tarf-i--enderunlu_hafiz_husnu_efendi.txt,398,16,0,367,331.5100502512563,336.0,25.664050256423266,367,48.125,0.0625,0.375,0.12091708542713568,0.125,0.07477805554762619,D5,72
mahur,sarki,duyek,seb-i_vuslat,nasibin_mehmet_yuru,mahur--sarki--duyek--seb-i_vuslat--nasibin_mehmet_yuru.txt,189,14,0,371,332.7195767195767,336.0,29.888813246207835,371,21.125,0.0625,0.25,0.11177248677248677,0.0625,0.07229358793155248,D5,33
mahur,sarki,duyek,sen_ol,erol_sayan,mahur--sarki--duyek--sen_ol--erol_sayan.txt,575,16,-1,380,306.3930434782609,327.0,83.46708725812377,381,96.125,0.0625,0.75,0.16717391304347826,0.125,0.10317347041622482,D5,95
mahur,sarki,duyek,senle_durmak,kanuni_haci_arif_bey,mahur--sarki--duyek--senle_durmak--kanuni_haci_arif_bey.txt,535,24,-1,380,324.4485981308411,327.0,55.48101433960029,381,44.125,0.03125,0.25,0.0824766355140187,0.0625,0.053958106835565144,D5,70
mahur,sarki,evfer,kalbimdeki_amal-i,muallim_ismail_hakki_bey,mahur--sarki--evfer--kalbimdeki_amal-i--muallim_ismail_hakki_bey.txt,352,21,-1,362,311.72727272727275,327.0,72.29887749562705,363,36.125,0.03125,0.375,0.10262784090909091,0.0625,0.06704434678890299,D5,76
mahur,sarki,evsat,sabah_olsun,ibrahim_aga,mahur--sarki--evsat--sabah_olsun--ibrahim_aga.txt,841,15,-1,371,324.9131985731272,327.0,34.75079073262456,372,78.125,0.03125,0.25,0.09289536266349584,0.0625,0.05738329037432233,G5,124
mahur,sarki,kapali_curcuna,esir_ettin,rahmi_bey,mahur--sarki--kapali_curcuna--esir_ettin--rahmi_bey.txt,424,21,-1,380,305.35141509433964,327.0,88.20847108705168,381,79.5,0.125,1.25,0.1875,0.125,0.14912074850916557,D5,64
mahur,sarki,musemmen,aman_saki,lemi_atli,mahur--sarki--musemmen--aman_saki--lemi_atli.txt,271,22,-1,380,332.54612546125463,336.0,45.54928846180579,381,37.125,0.03125,0.625,0.13699261992619927,0.125,0.1126641981743582,G5,42
mahur,sarki,musemmen,gosterip_agyare,haci_arif_bey,mahur--sarki--musemmen--gosterip_agyare--haci_arif_bey.txt,622,20,-1,371,325.60128617363347,327.0,46.3573100123358,372,76.125,0.03125,0.5,0.12238745980707395,0.125,0.07363189522115461,D5,92
mahur,sarki,nimsofyan,cek_kuregi_guzelim,arif_sami_toker,mahur--sarki--nimsofyan--cek_kuregi_guzelim--arif_sami_toker.txt,357,12,-1,367,327.95518207282913,327.0,48.743633491317176,368,64.25,0.0625,1.0,0.1799719887955182,0.125,0.143772162140057,D5,112
mahur,sarki,nimsofyan,hadi_canim,selahattin_icli,mahur--sarki--nimsofyan--hadi_canim--selahattin_icli.txt,651,15,-1,380,287.4930875576037,327.0,115.58307514440398,381,72.25,0.0625,0.3125,0.11098310291858679,0.125,0.05660977510224108,B4,93
mahur,sarki,nimsofyan,otomobil_ucar,munir_nurettin_selcuk,mahur--sarki--nimsofyan--otomobil_ucar--munir_nurettin_selcuk.txt,325,11,-1,371,297.7323076923077,327.0,102.48462261600292,372,56.25,0.0625,0.5,0.17307692307692307,0.125,0.13073699657883356,G5,39
mahur,sarki,raksaksagi,gokte_benim,refik_fersan,mahur--sarki--raksaksagi--gokte_benim--refik_fersan.txt,259,16,0,380,333.3745173745174,336.0,30.181535490312474,380,45.125,0.0625,0.375,0.17422779922779924,0.125,0.0690949397356696,D5,38
mahur,sarki,sarkidevrirevani,ben_neler,zekai_dede,mahur--sarki--sarkidevrirevani--ben_neler--zekai_dede.txt,322,20,-1,380,322.0900621118012,336.0,67.01146942790535,381,38.5,0.0625,0.625,0.11956521739130435,0.0625,0.0960991094024188,G5,49
mahur,sarki,sarkidevrirevani,zevki_coktur,sakir_aga,mahur--sarki--sarkidevrirevani--zevki_coktur--sakir_aga.txt,255,13,-1,358,318.6862745098039,327.0,44.273350170036586,359,32.25,0.03125,0.5,0.1264705882352941,0.09375,0.09785879345101985,D5,39
mahur,sarki,semai,asika_bagdat,munir_nurettin_selcuk,mahur--sarki--semai--asika_bagdat--munir_nurettin_selcuk.txt,415,16,-1,389,331.655421686747,336.0,53.45917502587703,390,121.75,0.125,1.5,0.2933734939759036,0.25,0.28259933531395337,G5,67
mahur,sarki,semai,sarkimi_senin,irfan_ozbakir,mahur--sarki--semai--sarkimi_senin--irfan_ozbakir.txt,557,12,-1,371,326.4129263913824,327.0,45.7507523806904,372,156.25,0.125,0.75,0.28052064631956913,0.25,0.18231696750798632,D5,116
mahur,sarki,senginsemai,bir_nese,refik_fersan,mahur--sarki--senginsemai--bir_nese--refik_fersan.txt,678,23,-1,380,323.85840707964604,336.0,68.69486409583841,381,84.75,0.03125,0.75,0.125,0.0625,0.11764831745586908,D5,82
mahur,sarki,senginsemai,gel_bir,selanikli_ahmed_bey,mahur--sarki--senginsemai--gel_bir--selanikli_ahmed_bey.txt,356,20,-1,371,328.435393258427,336.0,36.607915485355626,372,48.25,0.03125,0.5,0.13553370786516855,0.0625,0.1172895259523965,G5,61
mahur,sarki,senginsemai,hala_kanayan,yorgo_bacanos,mahur--sarki--senginsemai--hala_kanayan--yorgo_bacanos.txt,542,17,-1,371,326.0940959409594,336.0,61.81775434701861,372,60.25,0.03125,0.5,0.11116236162361623,0.0625,0.09990868254014663,G5,83
mahur,sarki,sofyan,gordum_bugun,dede_efendi,mahur--sarki--sofyan--gordum_bugun--dede_efendi.txt,352,17,-1,380,317.0625,332.0,72.25648020505795,381,40.25,0.03125,0.5,0.11434659090909091,0.0625,0.08777383428730902,G5,47
mahur,sarki,sofyan,ne_dogan,munir_nurettin_selcuk,mahur--sarki--sofyan--ne_dogan--munir_nurettin_selcuk.txt,276,14,-1,371,310.97463768115944,336.0,91.61379059476238,372,41.25,0.03125,0.875,0.14945652173913043,0.125,0.12801695169370586,G5,43
mahur,sazsemaisi,aksaksemai,,gazi_giray_han,mahur--sazsemaisi--aksaksemai----gazi_giray_han.txt,517,16,-1,380,316.25918762088975,336.0,77.6753488783267,381,80.25,0.0625,1.5,0.15522243713733075,0.125,0.10408585472826733,G5,83
mahur,sazsemaisi,aksaksemai,,nikolaki,mahur--sazsemaisi--aksaksemai----nikolaki.txt,623,22,-1,380,313.3948635634029,327.0,74.65391601347481,381,69.375,0.03125,1.25,0.11135634028892456,0.0625,0.08477287977547669,E5,84
mahur,sazsemaisi,aksaksemai,,refik_talat_alpman,mahur--sazsemaisi--aksaksemai----refik_talat_alpman.txt,807,26,-1,389,323.86617100371745,327.0,54.06665248793491,390,111.5,0.03125,1.25,0.13816604708798016,0.09375,0.11876758238921965,D5,151
mahur,sazsemaisi,aksaksemai,bahar_1,goksel_baktagir,mahur--sazsemaisi--aksaksemai--bahar_1--goksel_baktagir.txt,870,27,-1,393,321.20459770114945,336.0,77.09842753094,394,100.25,0.03125,1.25,0.11522988505747127,0.08333333333333333,0.11040298727280573,G5,100
mahur,seyir,sofyan,1,erol_bingol,mahur--seyir--sofyan--1--erol_bingol.txt,103,15,-1,380,329.97087378640776,345.0,61.490228190782496,381,16.0,0.0625,0.75,0.1553398058252427,0.125,0.12372637848613878,G5,16
mahur,seyir,sofyan,1,sefik_gurmeric,mahur--seyir--sofyan--1--sefik_gurmeric.txt,101,16,-1,371,315.3267326732673,336.0,75.72266621176134,372,16.0,0.0625,1.0,0.15841584158415842,0.125,0.12734192297328736,G5,15
mahur,tavsanca,aksak,aldi_aklim,ii_mahmud,mahur--tavsanca--aksak--aldi_aklim--ii_mahmud.txt,328,16,-1,371,317.515243902439,336.0,74.6325539931246,372,40.625,0.0625,0.75,0.12385670731707317,0.125,0.08060496158767251,G5,51
mahur,tavsanca,aksak,nazar_etti,tanburi_mustafa_cavus,mahur--tavsanca--aksak--nazar_etti--tanburi_mustafa_cavus.txt,413,16,-1,371,323.35593220338984,336.0,59.78863819488846,372,54.125,0.0625,0.375,0.13105326876513318,0.125,0.06619292427074469,G5,68
mahur,tavsanca,duyek,ne_ararsam,iii_selim,mahur--tavsanca--duyek--ne_ararsam--iii_selim.txt,356,12,-1,368,321.85393258426967,336.0,57.69420124874469,369,32.0,0.03125,0.25,0.0898876404494382,0.0625,0.05436902482936135,E5,48
mahur,turku,aksak,setiremin_dugmeleri,istanbul,mahur--turku--aksak--setiremin_dugmeleri--istanbul.txt,611,12,0,371,326.77577741407526,327.0,22.3517440367592,371,72.125,0.0625,0.625,0.11804418985270049,0.125,0.07776791667344467,D5,110
mahur,turku,iki-bir,felek_sen,abdullah_balak,mahur--turku--iki-bir--felek_sen--abdullah_balak.txt,779,13,-1,367,306.8883183568678,318.0,76.55063082236565,368,102.5,0.0625,1.5,0.13157894736842105,0.125,0.08139041471592894,B4,146
mahur,turku,kapali_curcuna,indim_yarin,,mahur--turku--kapali_curcuna--indim_yarin--.txt,301,9,-1,358,320.90365448504986,327.0,45.17145876103872,359,60.125,0.125,0.5,0.19975083056478404,0.125,0.10009339492514577,G5,48
mahur,turku,kapali_curcuna,meclisinde_mail,adiyaman,mahur--turku--kapali_curcuna--meclisinde_mail--adiyaman.txt,615,10,-1,358,316.2829268292683,327.0,62.2508947220829,359,110.125,0.0625,0.375,0.17906504065040652,0.125,0.08195705157910872,D5,114
mahur,turku,sofyan,beyoglunda_gezersin,pirincci_riza_bey,mahur--turku--sofyan--beyoglunda_gezersin--pirincci_riza_bey.txt,481,14,-1,358,315.2765072765073,322.0,51.39877236966658,359,64.25,0.0625,0.875,0.13357588357588357,0.125,0.10654615080104841,D5,80
mahur,turku,sofyan,niksarin_fidanlari,tokat,mahur--turku--sofyan--niksarin_fidanlari--tokat.txt,401,10,-1,358,311.3067331670823,314.0,50.14262836700049,359,32.25,0.03125,0.25,0.08042394014962594,0.0625,0.04122394420038442,B4,76
mahur,turku,sofyan,su_dere,,mahur--turku--sofyan--su_dere--.txt,371,11,-1,358,319.8167115902965,327.0,40.87566964120093,359,48.25,0.0625,2.0,0.13005390835579514,0.0625,0.15962814831565098,D5,70
mahur,turku,sofyan,yemenimde_hare_var,,mahur--turku--sofyan--yemenimde_hare_var--.txt,425,10,-1,358,298.8235294117647,318.0,82.55323846409722,359,60.25,0.0625,1.0,0.14176470588235293,0.125,0.10128073107574019,D5,82
mahur,yuruksemai,yuruksemai,beni_cun,ebubekir_aga,mahur--yuruksemai--yuruksemai--beni_cun--ebubekir_aga.txt,409,17,-1,380,315.67726161369194,340.0,83.03226101313543,381,85.125,0.03125,0.75,0.20812958435207823,0.125,0.144103229755798,G5,82
mahur,yuruksemai,yuruksemai,yine_zevrak-i,dede_efendi,mahur--yuruksemai--yuruksemai--yine_zevrak-i--dede_efendi.txt,502,22,-1,371,315.32669322709165,327.0,71.87636899414126,372,108.25,0.0625,1.0,0.2156374501992032,0.125,0.1508421702020029,G5,81
mahur,zeybek,aydin,kirpigine_surme,refik_fersan,mahur--zeybek--aydin--kirpigine_surme--refik_fersan.txt,671,14,-1,358,325.9344262295082,327.0,37.27660053430539,359,59.75,0.020833333333333332,0.375,0.0890461997019374,0.0625,0.060136401561368055,D5,122
mahurbuselik,kupe,aksak,ey_gozu,ahmet_avni_konuk,mahurbuselik--kupe--aksak--ey_gozu--ahmet_avni_konuk.txt,102,13,-1,371,308.96078431372547,336.0,92.73937947985988,372,18.0,0.0625,0.5,0.17647058823529413,0.125,0.1038446293612496,G5,17
maveraunnehr,kupe,devrirevan,alem-i,ahmet_avni_konuk,maveraunnehr--kupe--devrirevan--alem-i--ahmet_avni_konuk.txt,128,12,-1,349,305.5703125,318.0,63.661343614219426,350,14.0,0.0625,0.375,0.109375,0.125,0.06562089882198144,D5,28
muberka,sazsemaisi,aksaksemai,,,muberka--sazsemaisi--aksaksemai----.txt,664,21,-1,380,281.2515060240964,305.0,97.12723535084743,381,91.375,0.0625,0.25,0.1376129518072289,0.125,0.06077744218915845,A4,86
muhalif,pesrev,cenber,,ahmet_coban_giray,muhalif--pesrev--cenber----ahmet_coban_giray.txt,282,15,-1,380,319.1950354609929,335.0,70.49782998224231,381,30.25,0.03125,0.5,0.10726950354609929,0.0625,0.06714345050457363,G5,51
muhayyer,aranagme,curcuna,1,,muhayyer--aranagme--curcuna--1--.txt,78,13,-1,371,322.11538461538464,336.0,67.41998254192926,372,10.125,0.125,0.25,0.12980769230769232,0.125,0.024194051910586368,E5,12
muhayyer,beste,darbifetih,hengam-i_safadir,zekai_dede,muhayyer--beste--darbifetih--hengam-i_safadir--zekai_dede.txt,430,16,-1,380,309.6186046511628,336.0,98.58643635889219,381,88.0,0.0625,0.75,0.20465116279069767,0.125,0.1382020975017728,G5,60
muhayyer,beste,muhammes,derd-i_hicrana,tosunzade_abdullah_efendi,muhayyer--beste--muhammes--derd-i_hicrana--tosunzade_abdullah_efendi.txt,291,15,-1,371,304.5154639175258,336.0,102.80286928124356,372,48.0,0.0625,0.75,0.16494845360824742,0.125,0.09828221550988492,E5,50
muhayyer,bozlak,serbest,havayi_da,asaf_guven,muhayyer--bozlak--serbest--havayi_da--asaf_guven.txt,98,12,296,371,348.5612244897959,358.0,21.46878161545684,75,12.999999999999998,0.03125,1.0,0.13265306122448978,0.0625,0.17385146533993198,C6,23
muhayyer,divan,nimsofyan,ok_gibi,,muhayyer--divan--nimsofyan--ok_gibi--.txt,653,14,-1,371,326.5405819295559,336.0,54.792276091550896,372,80.25,0.041666666666666664,0.875,0.12289433384379786,0.0625,0.09948358895785481,D5,127
muhayyer,etud,sofyan,,hasan_esen,muhayyer--etud--sofyan----hasan_esen.txt,100,10,-1,371,315.0,336.0,88.69115633546116,372,16.0,0.0625,0.75,0.16,0.125,0.10782222086903659,G5,15
muhayyer,ilahi,duyek,toprakta_yatacak,dede_efendi,muhayyer--ilahi--duyek--toprakta_yatacak--dede_efendi.txt,283,13,-1,380,308.4593639575972,340.0,103.18368738737935,381,40.125,0.0625,0.375,0.1417844522968198,0.125,0.07096782438427471,A5,60
muhayyer,ilahi,sofyan,duseli_bu_askin,dede_efendi,muhayyer--ilahi--sofyan--duseli_bu_askin--dede_efendi.txt,292,14,-1,389,327.23972602739724,340.0,71.52807391507396,390,48.25,0.0625,0.75,0.16523972602739725,0.125,0.10497701792634513,A5,42
muhayyer,kupe,duyek,nideyim,ahmet_avni_konuk,muhayyer--kupe--duyek--nideyim--ahmet_avni_konuk.txt,91,13,-1,389,326.34065934065933,349.0,82.87181799223556,390,16.0,0.0625,0.5,0.17582417582417584,0.125,0.07677985751579981,A5,17
muhayyer,murabba,agircenber,vakt-i_subh,hafiz_post,muhayyer--murabba--agircenber--vakt-i_subh--hafiz_post.txt,1278,17,-1,393,337.21752738654146,358.0,84.97282041562752,394,223.75,0.0625,0.5,0.17507824726134585,0.125,0.09332925680840208,C6,214
muhayyer,pesrev,darbifetih,,tanburi_isak,muhayyer--pesrev--darbifetih----tanburi_isak.txt,260,13,-1,389,328.9153846153846,336.0,54.82144193644031,390,48.0,0.041666666666666664,0.75,0.18461538461538463,0.125,0.10998864815290131,G5,37
muhayyer,pesrev,devrikebir,,tanburi_cemil_bey,muhayyer--pesrev--devrikebir----tanburi_cemil_bey.txt,701,20,-1,380,328.65049928673324,336.0,54.83173445480076,381,91.25,0.0625,0.5,0.13017118402282454,0.125,0.08008091406212006,E5,107
muhayyer,pesrev,duyek,,kanuni_edhem_efendi,muhayyer--pesrev--duyek----kanuni_edhem_efendi.txt,635,23,-1,380,315.503937007874,336.0,76.75579633839888,381,92.125,0.041666666666666664,0.75,0.14507874015748032,0.125,0.09335362420915658,E5,71
muhayyer,pesrev,ferimuhammes,,kantemiroglu,muhayyer--pesrev--ferimuhammes----kantemiroglu.txt,897,15,0,380,339.0769230769231,343.0,24.21471319600617,380,100.125,0.03125,0.25,0.11162207357859531,0.0625,0.06943597411322618,A5,112
muhayyer,sarki,agiraksak,sana_gul,nuri_halil_poyraz,muhayyer--sarki--agiraksak--sana_gul--nuri_halil_poyraz.txt,458,16,-1,371,328.56113537117903,336.0,57.12071727329177,372,64.125,0.0625,1.0,0.14001091703056767,0.125,0.13653412121322084,A5,65
muhayyer,sarki,aksak,acep_bulbul,bulbuli_salih_efendi,muhayyer--sarki--aksak--acep_bulbul--bulbuli_salih_efendi.txt,509,13,-1,371,319.17092337917484,336.0,77.68151374736914,372,55.25,0.0625,0.75,0.10854616895874264,0.0625,0.0882456883137274,G5,84
muhayyer,sarki,aksak,aglamaktan_dideden,rifat_bey,muhayyer--sarki--aksak--aglamaktan_dideden--rifat_bey.txt,246,12,-1,371,301.0040650406504,336.0,105.89149232432841,372,33.75,0.0625,0.5,0.13719512195121952,0.125,0.09249880604075199,A5,32
muhayyer,sarki,aksak,bir_gonulde,ahmet_rasim_bey,muhayyer--sarki--aksak--bir_gonulde--ahmet_rasim_bey.txt,160,15,-1,380,277.2125,312.0,119.22276530636084,381,27.125,0.041666666666666664,1.0,0.16953125,0.125,0.15432713580374594,B4b1,25
muhayyer,sarki,aksak,deva_yokmus,haci_arif_bey,muhayyer--sarki--aksak--deva_yokmus--haci_arif_bey.txt,325,13,-1,389,325.56615384615384,343.0,81.39224163917794,390,40.625,0.0625,0.875,0.125,0.125,0.10063456073742666,A5,51
muhayyer,sarki,aksak,dilde_rast,serif_icli,muhayyer--sarki--aksak--dilde_rast--serif_icli.txt,271,15,0,389,346.3542435424354,349.0,29.943650326715606,389,26.75,0.03125,0.25,0.09870848708487084,0.0625,0.06353816935307192,A5,54
muhayyer,sarki,aksak,ey_ates-i,haci_arif_bey,muhayyer--sarki--aksak--ey_ates-i--haci_arif_bey.txt,405,11,-1,371,321.4888888888889,343.0,77.92216858144828,372,40.625,0.0625,0.375,0.10030864197530864,0.0625,0.06528377544246726,A5,73
muhayyer,sarki,aksak,gunes_gibi,sadettin_kaynak,muhayyer--sarki--aksak--gunes_gibi--sadettin_kaynak.txt,527,17,-1,371,329.02846299810244,340.0,47.84815520350165,372,60.875,0.03125,1.0,0.1155123339658444,0.0625,0.09200514192348022,A5,98
muhayyer,sarki,aksak,hala_gonlum,tanburi_mustafa_cavus,muhayyer--sarki--aksak--hala_gonlum--tanburi_mustafa_cavus.txt,272,14,-1,389,326.4154411764706,344.0,67.55192222368368,390,31.625,0.0625,0.5,0.11626838235294118,0.125,0.07637605805400033,G5,40
muhayyer,sarki,aksak,her_halinle,erol_sayan,muhayyer--sarki--aksak--her_halinle--erol_sayan.txt,713,16,-1,371,327.7447405329593,327.0,33.23646008799941,372,103.625,0.0625,0.625,0.1453366058906031,0.125,0.08451221196843196,D5,116
muhayyer,sarki,aksak,humari_yok,haci_arif_bey,muhayyer--sarki--aksak--humari_yok--haci_arif_bey.txt,380,17,-1,380,329.2236842105263,344.0,64.0447565066415,381,46.625,0.03125,0.375,0.12269736842105264,0.09375,0.08917106085115492,A5,56
muhayyer,sarki,aksak,iltimas_etmeye,haci_arif_bey,muhayyer--sarki--aksak--iltimas_etmeye--haci_arif_bey.txt,381,14,0,371,340.7716535433071,343.0,23.951658214118865,371,38.0,0.03125,0.25,0.09973753280839895,0.0625,0.05908313081035133,A5,76
muhayyer,sarki,aksak,seb-i_yelda-yi,sevki_bey,muhayyer--sarki--aksak--seb-i_yelda-yi--sevki_bey.txt,320,15,-1,380,315.115625,344.0,97.74383899921301,381,54.125,0.0625,0.75,0.169140625,0.125,0.10035128224959525,A5,57
muhayyer,sarki,aksak,serapa_husn,rahmi_bey,muhayyer--sarki--aksak--serapa_husn--rahmi_bey.txt,378,15,-1,371,329.76190476190476,336.0,46.329478886222,372,40.625,0.0625,0.375,0.10747354497354497,0.125,0.06126728057966948,A5,50
muhayyer,sarki,aksak,yadimda_o,sukru_tunar,muhayyer--sarki--aksak--yadimda_o--sukru_tunar.txt,513,15,0,380,334.5263157894737,336.0,24.64346922934948,380,57.875,0.03125,0.75,0.1128167641325536,0.0625,0.09393320407497001,D5,84
muhayyer,sarki,aksaksemai,gun_kavustu,udi_nevres_bey,muhayyer--sarki--aksaksemai--gun_kavustu--udi_nevres_bey.txt,300,16,-1,380,334.73,340.0,34.36529759699115,381,30.125,0.03125,0.625,0.10041666666666667,0.0625,0.08410301604397019,A5,42
muhayyer,sarki,curcuna,batan_gun,sadettin_kaynak,muhayyer--sarki--curcuna--batan_gun--sadettin_kaynak.txt,610,12,-1,365,330.0983606557377,330.0,31.99091872271837,366,100.125,0.0625,0.5,0.1641393442622951,0.125,0.07541876147545866,D5,115
muhayyer,sarki,curcuna,ol_gonca-dehen,sevki_bey,muhayyer--sarki--curcuna--ol_gonca-dehen--sevki_bey.txt,390,14,-1,389,329.83076923076925,336.0,57.24921460309778,390,68.0,0.0625,0.875,0.17435897435897435,0.125,0.11978010855361178,A5,62
muhayyer,sarki,curcuna,yetmez_mi_sana,rahmi_bey,muhayyer--sarki--curcuna--yetmez_mi_sana--rahmi_bey.txt,375,15,-1,380,329.9866666666667,343.0,68.02454993558865,381,59.25,0.0625,0.625,0.158,0.125,0.0863232561101268,A5,60
muhayyer,sarki,devrihindi,meyhane_tarabgah-i,haci_arif_bey,muhayyer--sarki--devrihindi--meyhane_tarabgah-i--haci_arif_bey.txt,646,16,-1,380,325.25696594427245,336.0,59.62868754011762,381,82.625,0.03125,1.25,0.12790247678018576,0.125,0.0987018088163712,D5,107
muhayyer,sarki,duyek,cepcevre_bahar,munir_nurettin_selcuk,muhayyer--sarki--duyek--cepcevre_bahar--munir_nurettin_selcuk.txt,552,15,-1,380,320.44202898550725,327.0,67.07644073640802,381,77.125,0.041666666666666664,0.625,0.13971920289855072,0.125,0.09042555647588395,D5,77
muhayyer,sarki,duyek,cile_bulbulum,sadettin_kaynak,muhayyer--sarki--duyek--cile_bulbulum--sadettin_kaynak.txt,467,15,-1,380,313.41755888650965,336.0,86.23960503406548,381,64.125,0.03125,1.0,0.13731263383297646,0.125,0.1011356325815433,A5,72
muhayyer,sarki,nimsofyan,yenilendi_derdim,arif_sami_toker,muhayyer--sarki--nimsofyan--yenilendi_derdim--arif_sami_toker.txt,390,14,-1,371,313.67692307692306,327.0,69.2433451983757,372,33.25,0.03125,1.0,0.08525641025641026,0.0625,0.06312329274790475,D5,72
muhayyer,sarki,senginsemai,gezdim_yurudum,lemi_atli,muhayyer--sarki--senginsemai--gezdim_yurudum--lemi_atli.txt,542,19,-1,389,337.33025830258305,343.0,45.24175936776788,390,60.25,0.03125,0.5,0.11116236162361623,0.0625,0.07565778759317755,A5,97
muhayyer,sarki,senginsemai,pur-lerze,tanburi_cemil_bey,muhayyer--sarki--senginsemai--pur-lerze--tanburi_cemil_bey.txt,366,20,-1,380,339.0109289617486,343.0,35.488063062903045,381,44.25,0.0625,0.5,0.12090163934426229,0.0625,0.0887765389070721,G5,69
muhayyer,sarki,sofyan,bir_gun,ziya_taskent,muhayyer--sarki--sofyan--bir_gun--ziya_taskent.txt,577,13,-1,371,292.1733102253033,318.0,101.28849293136959,372,60.25,0.0625,0.5,0.10441941074523396,0.0625,0.07119598345460819,C5,82
muhayyer,sarki,sofyan,ne_zaman,sadettin_kaynak,muhayyer--sarki--sofyan--ne_zaman--sadettin_kaynak.txt,497,10,-1,371,320.3440643863179,343.0,75.76813853139046,372,41.25,0.0625,0.375,0.0829979879275654,0.0625,0.040816589122026174,G5,110
muhayyer,sarki,sofyan,nicin_mahzun,haci_arif_bey,muhayyer--sarki--sofyan--nicin_mahzun--haci_arif_bey.txt,419,13,-1,380,331.7183770883055,336.0,40.94519526808578,381,35.9375,0.03125,0.25,0.08576968973747016,0.0625,0.054076396319454594,E5,60
muhayyer,sarki,sofyan,saki_icelim,rifat_bey,muhayyer--sarki--sofyan--saki_icelim--rifat_bey.txt,385,13,-1,380,334.96623376623376,343.0,42.97614893991349,381,48.25,0.0625,0.375,0.1253246753246753,0.125,0.07937303555505046,A5,70
muhayyer,sarki,yuruksemai,ben_sana_asik,dede_efendi,muhayyer--sarki--yuruksemai--ben_sana_asik--dede_efendi.txt,380,14,-1,380,318.34736842105264,349.0,94.67734608199787,381,69.25,0.0625,0.75,0.18223684210526317,0.125,0.11145740793772588,A5,49
muhayyer,sarki,yuruksemai_ii,sevdicegim_asikini,dede_efendi,muhayyer--sarki--yuruksemai_ii--sevdicegim_asikini--dede_efendi.txt,277,16,-1,379,337.8303249097473,344.0,45.02193608944286,380,37.625,0.041666666666666664,0.625,0.13583032490974728,0.125,0.09099325820312526,A5,49
muhayyer,sazsemaisi,aksaksemai,,tanburi_cemil_bey,muhayyer--sazsemaisi--aksaksemai----tanburi_cemil_bey.txt,574,16,-1,380,328.0226480836237,340.0,61.72761064133703,381,63.75,0.0625,1.5,0.11106271777003485,0.08333333333333333,0.09933572337005704,D5,81
muhayyer,seyir,semai,1,rauf_yekta,muhayyer--seyir--semai--1--rauf_yekta.txt,79,12,-1,380,328.4177215189873,349.0,78.2531407733633,381,24.0,0.25,0.75,0.3037974683544304,0.25,0.11087419294035593,A5,16
muhayyer,seyir,sofyan,1,erol_bingol,muhayyer--seyir--sofyan--1--erol_bingol.txt,59,13,305,371,344.89830508474574,349.0,17.330156012643393,66,8.0,0.0625,0.5,0.13559322033898305,0.125,0.09789854330290071,A5,12
muhayyer,seyir,sofyan,1,sefik_gurmeric,muhayyer--seyir--sofyan--1--sefik_gurmeric.txt,83,14,-1,380,330.8313253012048,336.0,55.788760839680194,381,12.0,0.0625,0.5,0.14457831325301204,0.125,0.0867167199791912,A5,13
muhayyer,turku,aksak,serenler,burdur,muhayyer--turku--aksak--serenler--burdur.txt,460,14,-1,371,328.15434782608696,343.0,55.608341745524406,372,40.625,0.03125,0.625,0.08831521739130435,0.0625,0.05903535171976152,G5,90
muhayyer,turku,curcuna,kerpic_kerpic,diyarbakir,muhayyer--turku--curcuna--kerpic_kerpic--diyarbakir.txt,329,8,-1,358,295.951367781155,327.0,103.84790740115604,359,72.625,0.125,0.875,0.22074468085106383,0.25,0.11021103029531364,D5,64
muhayyer,turku,curcuna,yar_yuregim,urfa,muhayyer--turku--curcuna--yar_yuregim--urfa.txt,443,13,-1,380,332.82844243792323,336.0,33.120749932259976,381,70.125,0.03125,0.625,0.15829571106094809,0.125,0.07644693264595478,D5,91
muhayyer,turku,devrituran,mihrican_mi,yozgat,muhayyer--turku--devrituran--mihrican_mi--yozgat.txt,563,9,-1,365,313.0763765541741,318.0,61.12192056894065,366,52.625,0.03125,0.25,0.09347246891651866,0.0625,0.04199575417592399,A4,144
muhayyer,turku,duyek,iste_seni,sadettin_kaynak,muhayyer--turku--duyek--iste_seni--sadettin_kaynak.txt,605,13,-1,366,320.08264462809916,327.0,50.534131600043565,367,72.125,0.0625,0.75,0.11921487603305785,0.0625,0.1001478796160073,D5,108
muhayyer,turku,duyek,sari_kizin,kirsehir,muhayyer--turku--duyek--sari_kizin--kirsehir.txt,785,9,-1,365,314.94267515923565,327.0,65.90934192152332,366,82.125,0.0625,0.375,0.10461783439490446,0.0625,0.058570452412580666,E5,202
muhayyer,turku,duyek,zehram_bana,yesari_asim_arsoy,muhayyer--turku--duyek--zehram_bana--yesari_asim_arsoy.txt,397,12,0,371,337.3299748110831,336.0,26.958899380491122,371,36.125,0.03125,0.25,0.09099496221662469,0.0625,0.05334444699368155,D5,60
muhayyer,turku,kapali_curcuna,evlerinin_onu,elazig,muhayyer--turku--kapali_curcuna--evlerinin_onu--elazig.txt,515,10,-1,365,323.1650485436893,336.0,61.81488259206823,366,100.125,0.0625,1.125,0.19441747572815535,0.125,0.1308426390442322,E5,112
muhayyer,turku,kapali_curcuna,su_icemem,diyarbakir,muhayyer--turku--kapali_curcuna--su_icemem--diyarbakir.txt,489,10,0,358,331.07975460122697,327.0,23.19075783841451,358,85.125,0.0625,0.625,0.174079754601227,0.125,0.11024805200288784,A5,76
muhayyer,turku,musemmen_ii,elma_attim,tunceli,muhayyer--turku--musemmen_ii--elma_attim--tunceli.txt,689,11,-1,371,329.4281567489115,327.0,26.69886695616194,372,100.125,0.0625,1.0,0.14531930333817125,0.125,0.10229847427527372,D5,138
muhayyer,turku,nimcember,erzurumun_daginda,hulusi_seven,muhayyer--turku--nimcember--erzurumun_daginda--hulusi_seven.txt,89,10,-1,365,318.0674157303371,327.0,71.30819756407091,366,12.125,0.0625,0.25,0.13623595505617977,0.125,0.06000843169390109,D5,17
muhayyer,turku,nimsofyan,ben_de,adana,muhayyer--turku--nimsofyan--ben_de--adana.txt,587,13,-1,371,329.20272572402047,336.0,44.52657441051607,372,52.25,0.03125,0.5,0.08901192504258944,0.0625,0.049755192785140755,D5,88
muhayyer,turku,nimsofyan,bir_nazar,kirsehir,muhayyer--turku--nimsofyan--bir_nazar--kirsehir.txt,613,10,-1,365,318.1305057096248,327.0,67.98007156492702,366,54.25,0.03125,0.5,0.08849918433931485,0.0625,0.046784589273084966,D5,128
muhayyer,turku,nimsofyan,gidecegim_gurbet,,muhayyer--turku--nimsofyan--gidecegim_gurbet--.txt,439,10,-1,365,323.3895216400911,336.0,60.99985762015618,366,36.75,0.0625,0.5,0.0837129840546697,0.0625,0.04929115891324895,D5,87
muhayyer,turku,nimsofyan,uc_kardestik,diyarbakir,muhayyer--turku--nimsofyan--uc_kardestik--diyarbakir.txt,429,13,-1,380,330.6037296037296,336.0,40.95942356260548,381,63.75,0.03125,0.75,0.1486013986013986,0.0625,0.1359414502469192,D5,64
muhayyer,turku,raksaksagi,istanbuldan_uskudara,,muhayyer--turku--raksaksagi--istanbuldan_uskudara--.txt,454,10,0,358,324.50660792951544,327.0,21.66295503152879,358,67.625,0.0625,0.5,0.14895374449339208,0.125,0.08547769326292366,D5,77
muhayyer,turku,raksaksagi_ii,su_gelir,burdur,muhayyer--turku--raksaksagi_ii--su_gelir--burdur.txt,257,12,-1,371,308.26459143968873,327.0,84.55855053097133,372,27.0625,0.0625,0.25,0.10530155642023346,0.125,0.039734611770698015,C5,48
muhayyer,turku,raksan,sogudun_yapragi,,muhayyer--turku--raksan--sogudun_yapragi--.txt,469,10,-1,371,321.63752665245204,318.0,37.656975708499296,372,45.125,0.0625,0.25,0.09621535181236673,0.0625,0.0557611904653126,D5,92
muhayyer,turku,senginsemai,bulandi_gozler,urfa,muhayyer--turku--senginsemai--bulandi_gozler--urfa.txt,283,14,-1,389,336.75265017667846,349.0,58.223361958095744,390,32.5,0.03125,0.625,0.11484098939929328,0.125,0.0899692974198078,A5,38
muhayyer,turku,sofyan,agyari_alma,ali_rifat_cagatay,muhayyer--turku--sofyan--agyari_alma--ali_rifat_cagatay.txt,329,12,-1,371,321.8936170212766,327.0,53.69173747000559,372,42.25,0.0625,0.375,0.128419452887538,0.125,0.07361325925065833,D5,53
muhayyer,turku,sofyan,binip_de,denizli,muhayyer--turku--sofyan--binip_de--denizli.txt,403,13,-1,371,323.09925558312653,327.0,44.81593171811642,372,46.75,0.03125,1.0,0.11600496277915633,0.0625,0.122988029188081,A4,85
muhayyer,turku,sofyan,cayir_ince,,muhayyer--turku--sofyan--cayir_ince--.txt,589,13,-1,358,304.8794567062818,312.0,64.63764042915356,359,72.25,0.0625,0.375,0.12266553480475383,0.125,0.07322781652385418,B4b1,116
muhayyer,turku,sofyan,el_vurup,tokat-zile,muhayyer--turku--sofyan--el_vurup--tokat-zile.txt,845,10,-1,365,310.90650887573963,318.0,65.41150831214374,366,86.25,0.03125,0.375,0.10207100591715976,0.0625,0.05741584857707664,A4,228
muhayyer,turku,sofyan,keklik_gibi,erzincan,muhayyer--turku--sofyan--keklik_gibi--erzincan.txt,373,10,-1,371,321.2332439678284,327.0,63.8274873324931,372,48.25,0.03125,0.5,0.12935656836461126,0.125,0.08401441690809545,A5,54
muhayyer,turku,sofyan,yandim_allah,sivas,muhayyer--turku--sofyan--yandim_allah--sivas.txt,569,10,-1,371,320.9420035149385,327.0,68.9240637227911,372,80.25,0.0625,0.75,0.14103690685413006,0.125,0.08385819923625834,D5,108
muhayyer,turku,turkaksagi,vardim_hind,erzincan,muhayyer--turku--turkaksagi--vardim_hind--erzincan.txt,335,10,-1,365,325.0626865671642,327.0,44.340600728906104,366,57.625,0.0625,0.375,0.17201492537313434,0.125,0.09089565850275855,A4,52
muhayyer,yuruksemai,yuruksemai,bir_elif,sadullah_aga,muhayyer--yuruksemai--yuruksemai--bir_elif--sadullah_aga.txt,547,11,-1,380,330.7056672760512,349.0,70.4184459635806,381,114.25,0.0625,0.75,0.20886654478976233,0.125,0.12830652227739156,A5,89
muhayyer,zeybek,agiraksak,eskisehir,,muhayyer--zeybek--agiraksak--eskisehir--.txt,225,10,-1,358,325.52,327.0,41.703361460952486,359,36.25,0.0625,0.5,0.16111111111111112,0.125,0.11458333333333333,D5,48
muhayyer,zeybek,aksak,serenler,burdur,muhayyer--zeybek--aksak--serenler--burdur.txt,725,15,-1,371,326.68689655172415,327.0,45.350414751330966,372,54.125,0.03125,0.625,0.0746551724137931,0.0625,0.05470059191332162,G5,114
muhayyerbuselik,kupe,agiraksak,bir,ahmet_avni_konuk,muhayyerbuselik--kupe--agiraksak--bir--ahmet_avni_konuk.txt,104,17,-1,389,328.21153846153845,349.0,77.42728164698296,390,18.0,0.0625,0.5,0.17307692307692307,0.125,0.0978495915631813,A5,18
muhayyerkurdi,aranagme,nimsofyan,1,,muhayyerkurdi--aranagme--nimsofyan--1--.txt,65,9,0,362,324.0153846153846,327.0,43.285567855988496,362,9.25,0.0625,0.5,0.1423076923076923,0.125,0.08006016742834009,D5,13
muhayyerkurdi,fantezi,duyek,gunlerce_uykusuz,sinan_sipahi,muhayyerkurdi--fantezi--duyek--gunlerce_uykusuz--sinan_sipahi.txt,593,15,-1,371,304.1011804384486,327.0,95.17450126568448,372,120.125,0.0625,1.0,0.2025716694772344,0.125,0.12559287241492295,D5,87
muhayyerkurdi,fantezi,sofyan,artik_sevmeyecegim,suat_sayin,muhayyerkurdi--fantezi--sofyan--artik_sevmeyecegim--suat_sayin.txt,231,13,-1,362,300.3290043290043,318.0,84.26379375330772,363,36.25,0.0625,1.0,0.15692640692640691,0.125,0.09726702560815192,A4,45
muhayyerkurdi,kupe,musemmen,bir,ahmet_avni_konuk,muhayyerkurdi--kupe--musemmen--bir--ahmet_avni_konuk.txt,78,16,-1,380,331.02564102564105,349.0,70.8704643037049,381,8.0,0.0625,0.25,0.10256410256410256,0.0625,0.05231487825510528,A5,15
muhayyerkurdi,mars,semai,tuna_nehri,rumeli,muhayyerkurdi--mars--semai--tuna_nehri--rumeli.txt,222,9,-1,362,326.009009009009,349.0,76.40005395457756,363,37.75,0.0625,0.75,0.17004504504504506,0.125,0.13692319658358715,A5,64
muhayyerkurdi,pesrev,devrikebir,,asdik_aga,muhayyerkurdi--pesrev--devrikebir----asdik_aga.txt,570,24,-1,389,327.78771929824563,336.0,55.625873568466204,390,56.25,0.03125,0.75,0.09868421052631579,0.0625,0.0766711473450001,E5,85
muhayyerkurdi,sarki,aksak,askinla_yana_yana,ismet_nedim,muhayyerkurdi--sarki--aksak--askinla_yana_yana--ismet_nedim.txt,670,11,0,362,331.5238805970149,336.0,20.044983713224852,362,98.75,0.0625,1.125,0.14738805970149255,0.125,0.13146647059838426,E5,119
muhayyerkurdi,sarki,aksak,bilmem_ki,rakim_elkutlu,muhayyerkurdi--sarki--aksak--bilmem_ki--rakim_elkutlu.txt,349,21,-1,393,333.16332378223495,349.0,68.63516931633262,394,39.5,0.03125,1.125,0.11318051575931232,0.0625,0.11879277867306298,A5,67
muhayyerkurdi,sarki,aksak,renkler_opuyorken,omer_dilek,muhayyerkurdi--sarki--aksak--renkler_opuyorken--omer_dilek.txt,346,16,-1,385,333.242774566474,340.0,52.76158041540872,386,45.5,0.0625,0.375,0.1315028901734104,0.125,0.08724434281912796,E5,52
muhayyerkurdi,sarki,aksak,sevgi_deli,alaeddin_yavasca,muhayyerkurdi--sarki--aksak--sevgi_deli--alaeddin_yavasca.txt,495,17,-1,380,333.789898989899,344.0,55.820710490152344,381,81.875,0.0625,0.75,0.16540404040404041,0.125,0.1686063480149236,A5,95
muhayyerkurdi,sarki,curcuna,aksam_olunca,nazif_girgin,muhayyerkurdi--sarki--curcuna--aksam_olunca--nazif_girgin.txt,457,10,-1,362,327.29540481400437,336.0,54.47812856546978,363,76.375,0.0625,0.625,0.16712253829321663,0.125,0.1019117279919974,G5,70
muhayyerkurdi,sarki,curcuna,bakisi_cagirir,selahaddin_pinar,muhayyerkurdi--sarki--curcuna--bakisi_cagirir--selahaddin_pinar.txt,635,18,-1,371,318.37007874015745,336.0,77.07514084803594,372,98.25,0.03125,1.125,0.1547244094488189,0.125,0.13079382005606524,A5,84
muhayyerkurdi,sarki,curcuna,sen_gul,emin_ongan,muhayyerkurdi--sarki--curcuna--sen_gul--emin_ongan.txt,268,19,-1,371,328.80223880597015,336.0,48.728265822826714,372,42.625,0.0625,0.625,0.15904850746268656,0.125,0.09341487281040137,E5,43
muhayyerkurdi,sarki,duyek,bir_kizil,amir_ates,muhayyerkurdi--sarki--duyek--bir_kizil--amir_ates.txt,521,11,-1,362,323.5969289827255,336.0,58.820086755591674,363,72.125,0.0625,1.0,0.13843570057581575,0.125,0.10935519135763065,F5,80
muhayyerkurdi,sarki,duyek,icin_icin,sekip_ayhan_ozisik,muhayyerkurdi--sarki--duyek--icin_icin--sekip_ayhan_ozisik.txt,328,13,-1,380,332.4817073170732,340.0,59.61466196528481,381,90.125,0.125,2.0,0.27477134146341464,0.125,0.2942588151741169,A5,65
muhayyerkurdi,sarki,duyek,nazli_bir,zeki_muren,muhayyerkurdi--sarki--duyek--nazli_bir--zeki_muren.txt,251,12,-1,380,304.46613545816734,331.0,99.07848327768032,381,44.125,0.0625,1.0,0.175796812749004,0.125,0.16423112539893528,A5,42
muhayyerkurdi,sarki,duyek,nemlendi_yine,sinan_sipahi,muhayyerkurdi--sarki--duyek--nemlendi_yine--sinan_sipahi.txt,275,10,-1,371,292.1309090909091,327.0,109.97622980186814,372,61.125,0.0625,1.0,0.22227272727272726,0.125,0.15205951756210778,D5,43
muhayyerkurdi,sarki,duyek,o_beni,sekip_ayhan_ozisik,muhayyerkurdi--sarki--duyek--o_beni--sekip_ayhan_ozisik.txt,335,13,-1,380,303.98805970149255,336.0,102.35841619517394,381,50.125,0.0625,0.5,0.1496268656716418,0.125,0.0800557133510568,E5,47
muhayyerkurdi,sarki,duyek,ruzgar_soyluyor,sekip_ayhan_ozisik,muhayyerkurdi--sarki--duyek--ruzgar_soyluyor--sekip_ayhan_ozisik.txt,454,23,-1,389,339.9405286343612,349.0,51.337677798580195,390,57.5,0.03125,0.5,0.12665198237885464,0.125,0.09635512249913383,A5,71
muhayyerkurdi,sarki,duyek,senden_bana,teoman_alpay,muhayyerkurdi--sarki--duyek--senden_bana--teoman_alpay.txt,359,10,-1,371,290.0724233983287,327.0,111.43349993515365,372,88.125,0.125,1.0,0.24547353760445684,0.125,0.28496186895071796,F5,50
muhayyerkurdi,sarki,duyek,unutulmaz_adinla,selahaddin_erkose,muhayyerkurdi--sarki--duyek--unutulmaz_adinla--selahaddin_erkose.txt,432,15,-1,380,321.6875,336.0,75.64363900427944,381,58.125,0.0625,0.5,0.1345486111111111,0.125,0.09791903207555759,A5,71
muhayyerkurdi,sarki,duyek,unutulmus_ne,avni_anil,muhayyerkurdi--sarki--duyek--unutulmus_ne--avni_anil.txt,375,17,-1,380,326.976,340.0,60.64450599149004,381,52.125,0.03125,1.0,0.139,0.08333333333333333,0.1526952138083062,A5,49
muhayyerkurdi,sarki,duyek,var_mi_hacet,nikogos_aga,muhayyerkurdi--sarki--duyek--var_mi_hacet--nikogos_aga.txt,582,19,-1,377,323.60309278350513,340.0,72.7525373741488,378,57.375,0.03125,0.375,0.09858247422680412,0.0625,0.06271588245913808,A5,97
muhayyerkurdi,sarki,duyek,yasamak_zevki,zeki_muren,muhayyerkurdi--sarki--duyek--yasamak_zevki--zeki_muren.txt,302,12,-1,371,323.9172185430464,336.0,68.26085715459718,372,40.625,0.0625,1.125,0.13451986754966888,0.125,0.12285289370223355,E5,52
muhayyerkurdi,sarki,musemmen,ayrilik_var,selahattin_icli,muhayyerkurdi--sarki--musemmen--ayrilik_var--selahattin_icli.txt,682,14,-1,380,314.4589442815249,327.0,69.50075111775614,381,112.125,0.125,1.0,0.16440615835777125,0.125,0.07622311031736761,A4,170
muhayyerkurdi,sarki,nimsofyan,bildir_guzel,kipti_husnu_efendi,muhayyerkurdi--sarki--nimsofyan--bildir_guzel--kipti_husnu_efendi.txt,381,14,-1,380,334.79265091863516,340.0,42.993164065641764,381,28.25,0.03125,0.25,0.07414698162729659,0.0625,0.04027161952975893,G5,64
muhayyerkurdi,sarki,nimsofyan,gonlumu_gonlune,omer_sami_gupgup,muhayyerkurdi--sarki--nimsofyan--gonlumu_gonlune--omer_sami_gupgup.txt,445,12,-1,375,315.24044943820223,327.0,72.63963365942816,376,74.25,0.0625,0.5,0.16685393258426967,0.125,0.08307465037648744,D5,70
muhayyerkurdi,sarki,nimsofyan,kadehinde_zehir,erol_sayan,muhayyerkurdi--sarki--nimsofyan--kadehinde_zehir--erol_sayan.txt,538,12,-1,371,271.8401486988848,327.0,130.5372671859367,372,44.25,0.03125,0.25,0.08224907063197026,0.0625,0.03911059914671614,D5,102
muhayyerkurdi,sarki,nimsofyan,pembe_kucuk,gundogdu_duran,muhayyerkurdi--sarki--nimsofyan--pembe_kucuk--gundogdu_duran.txt,267,13,-1,380,326.07865168539325,336.0,64.23656198707691,381,30.25,0.0625,0.5,0.11329588014981273,0.0625,0.10651894754441835,D5,46
muhayyerkurdi,sarki,semai,duydum_ki,selahattin_altinbas,muhayyerkurdi--sarki--semai--duydum_ki--selahattin_altinbas.txt,478,13,-1,380,322.68619246861925,327.0,48.13391802791037,381,144.25,0.125,1.5,0.30177824267782427,0.25,0.21091041792514229,F5,81
muhayyerkurdi,sarki,semai,elbet_bir,mustafa_seyran,muhayyerkurdi--sarki--semai--elbet_bir--mustafa_seyran.txt,419,11,-1,380,340.58233890214797,349.0,42.1891930794874,381,168.25,0.125,1.5,0.40155131264916466,0.25,0.33887476214396556,A5,87
muhayyerkurdi,sarki,semai,ne_cikar,gundogdu_duran,muhayyerkurdi--sarki--semai--ne_cikar--gundogdu_duran.txt,205,13,0,380,331.9609756097561,336.0,31.177990587636266,380,57.25,0.125,0.75,0.27926829268292686,0.25,0.18785933207211344,D5,28
muhayyerkurdi,sarki,semai,yalniz_kalan,teoman_alpay,muhayyerkurdi--sarki--semai--yalniz_kalan--teoman_alpay.txt,445,12,0,380,337.79550561797754,340.0,23.139723995801738,380,119.5,0.0625,0.75,0.26853932584269663,0.25,0.1800520793140425,F5,76
muhayyerkurdi,sarki,senginsemai,sazinla_benim,esin_seckin,muhayyerkurdi--sarki--senginsemai--sazinla_benim--esin_seckin.txt,357,20,0,380,340.9075630252101,342.0,27.588058684253593,380,41.25,0.03125,0.5,0.11554621848739496,0.0625,0.10826155088914145,A5,58
muhayyerkurdi,sarki,sofyan,gonul_asik,akin_ozkan,muhayyerkurdi--sarki--sofyan--gonul_asik--akin_ozkan.txt,267,13,-1,380,309.3333333333333,327.0,88.08431822858418,381,40.25,0.0625,0.5,0.150749063670412,0.125,0.11203181924594495,D5,34
muhayyerkurdi,sarki,sofyan,mevsimler_yas,yildirim_gurses,muhayyerkurdi--sarki--sofyan--mevsimler_yas--yildirim_gurses.txt,640,15,-1,380,287.3765625,327.0,113.85262313232793,381,152.25,0.0625,1.0,0.237890625,0.125,0.18790668922535406,C5,105
muhayyerkurdi,sarki,sofyan,yine_bahar,sadettin_kaynak,muhayyerkurdi--sarki--sofyan--yine_bahar--sadettin_kaynak.txt,388,16,-1,371,317.3943298969072,327.0,70.56129095843092,372,68.25,0.03125,1.25,0.17590206185567012,0.125,0.18035590910537458,C5,54
muhayyerkurdi,sarki,turkaksagi,bin_gulle,emin_ongan,muhayyerkurdi--sarki--turkaksagi--bin_gulle--emin_ongan.txt,357,18,-1,380,332.85434173669466,340.0,59.56972182058403,381,39.625,0.03125,0.375,0.11099439775910364,0.125,0.06466347063697457,A5,71
muhayyerkurdi,sarki,yuruksemai_ii,hani_o,yusuf_nalkesen,muhayyerkurdi--sarki--yuruksemai_ii--hani_o--yusuf_nalkesen.txt,371,10,-1,371,329.5040431266846,336.0,45.31036346867017,372,70.625,0.0625,0.75,0.19036388140161725,0.125,0.14568037835572425,E5,76
muhayyerkurdi,sazsemaisi,aksaksemai,,sadi_isilay,muhayyerkurdi--sazsemaisi--aksaksemai----sadi_isilay.txt,539,21,-1,384,306.38961038961037,336.0,99.04274340892866,385,45.625,0.03125,0.375,0.08464749536178108,0.0625,0.057958273310013304,D5,62
muhayyerkurdi,seyir,turkaksagi,1,erol_bingol,muhayyerkurdi--seyir--turkaksagi--1--erol_bingol.txt,75,11,305,380,338.12,336.0,19.417155969552955,75,10.0,0.0625,0.375,0.13333333333333333,0.125,0.08555594555505666,A5,12
muhayyerkurdi,turku,aksak,bulbulum_altin,,muhayyerkurdi--turku--aksak--bulbulum_altin--.txt,622,8,0,358,333.39067524115757,336.0,20.937375602683737,358,60.5625,0.0625,0.375,0.09736736334405145,0.0625,0.05099505529178662,F5,143
muhayyerkurdi,turku,aksak,cubugum_yok,,muhayyerkurdi--turku--aksak--cubugum_yok--.txt,263,15,-1,371,333.3726235741445,340.0,34.89337536864705,372,30.5,0.03125,0.625,0.11596958174904944,0.125,0.0642653249509078,G5,45
muhayyerkurdi,turku,ciftesofyan,sendeki_kaslar,,muhayyerkurdi--turku--ciftesofyan--sendeki_kaslar--.txt,279,11,-1,380,332.5304659498208,340.0,48.92813299098535,381,45.125,0.0625,1.125,0.1617383512544803,0.125,0.1766016826512632,A5,64
muhayyerkurdi,turku,duyek,neyleyim_neyleyim,ahmet_gazi_ayhan,muhayyerkurdi--turku--duyek--neyleyim_neyleyim--ahmet_gazi_ayhan.txt,391,14,-1,371,310.8132992327366,336.0,88.72399396289697,372,60.125,0.0625,1.0,0.15377237851662404,0.125,0.08112882667183512,A5,58
muhayyerkurdi,turku,oynak,evlerinin_onu,,muhayyerkurdi--turku--oynak--evlerinin_onu--.txt,417,9,0,362,328.537170263789,327.0,22.88535777800274,362,54.125,0.0625,0.5,0.12979616306954436,0.125,0.06862589627166067,F5,68
muhayyerkurdi,turku,sofyan,cahildim_dunyanin,kirsehir,muhayyerkurdi--turku--sofyan--cahildim_dunyanin--kirsehir.txt,310,17,-1,375,314.1225806451613,327.0,73.89832387568659,376,36.0,0.03125,0.875,0.11612903225806452,0.125,0.08601481985859412,D5,47
muhayyerkurdi,turku,sofyan,cokertmeden_ciktim_da,,muhayyerkurdi--turku--sofyan--cokertmeden_ciktim_da--.txt,665,13,-1,380,337.5699248120301,336.0,34.574544018986636,381,96.25,0.03125,1.0,0.14473684210526316,0.125,0.08266849303097694,E5,134
muhayyerkurdi,turku,sofyan,sene_341,ordu,muhayyerkurdi--turku--sofyan--sene_341--ordu.txt,242,9,-1,362,315.8429752066116,336.0,82.87459989221057,363,48.25,0.125,1.0,0.1993801652892562,0.125,0.17499148793517103,E5,53
muhayyersunbule,kupe,duyek,dilberanin,ahmet_avni_konuk,muhayyersunbule--kupe--duyek--dilberanin--ahmet_avni_konuk.txt,88,16,-1,375,304.2386363636364,340.0,105.81973332671706,376,16.0,0.0625,0.5,0.18181818181818182,0.125,0.08349644433953983,A5,20
muhayyersunbule,sarki,aksak,acilmamis_bir,haci_arif_bey,muhayyersunbule--sarki--aksak--acilmamis_bir--haci_arif_bey.txt,224,13,-1,371,323.84375,336.0,65.4784232167412,372,18.125,0.041666666666666664,0.25,0.08091517857142858,0.0625,0.04620682310021224,G5,32
muhayyersunbule,sarki,duyek,ey_gonca-i,iii_selim,muhayyersunbule--sarki--duyek--ey_gonca-i--iii_selim.txt,331,19,-1,380,317.7462235649547,340.0,83.15004114103569,381,36.125,0.03125,0.5,0.10913897280966767,0.0625,0.0878633405515695,A5,44
muhayyersunbule,sarki,sarkidevrirevani,ey_nihal-i_isve,vardakosta_ahmed_aga,muhayyersunbule--sarki--sarkidevrirevani--ey_nihal-i_isve--vardakosta_ahmed_aga.txt,350,18,-1,379,327.2114285714286,349.0,72.71225927161895,380,51.25,0.03125,0.75,0.14642857142857144,0.125,0.10196280312667476,A5,67
murekkep_isfahan,sarki,devrihindi,kalmadi_sabra,udi_nevres_bey,murekkep_isfahan--sarki--devrihindi--kalmadi_sabra--udi_nevres_bey.txt,379,15,-1,371,325.8232189973615,327.0,33.4637589513733,372,55.625,0.0625,0.75,0.14676781002638523,0.125,0.10386993376795099,D5,75
mustear,kupe,darb,kimden,ahmet_avni_konuk,mustear--kupe--darb--kimden--ahmet_avni_konuk.txt,130,11,-1,349,311.9769230769231,327.0,63.7093041267884,350,24.0,0.0625,0.875,0.18461538461538463,0.125,0.15167458713190507,D5,35
mustear,sarki,aksak,evvel_benim,sakir_aga,mustear--sarki--aksak--evvel_benim--sakir_aga.txt,305,12,-1,358,308.2491803278688,327.0,76.23118970516859,359,27.125,0.03125,0.25,0.0889344262295082,0.0625,0.05923915499213139,D5,75
mustear,sarki,aksak,gel_ey,rahmi_bey,mustear--sarki--aksak--gel_ey--rahmi_bey.txt,469,13,-1,358,315.3326226012793,327.0,60.56585225300562,359,44.375,0.0625,0.375,0.09461620469083155,0.0625,0.05704174666157258,D5,122
mustear,sarki,aksak,sen_gidersen,mustafa_nafiz_irmak,mustear--sarki--aksak--sen_gidersen--mustafa_nafiz_irmak.txt,215,12,-1,358,318.7674418604651,335.0,71.48800213345466,359,21.875,0.03125,0.375,0.10174418604651163,0.0625,0.0643560879814548,D5,51
mustear,sarki,aksak,yaprak_nasil,gonul_pacaci,mustear--sarki--aksak--yaprak_nasil--gonul_pacaci.txt,372,17,-1,371,312.68548387096774,327.0,76.41806213180803,372,68.75,0.041666666666666664,1.125,0.18481182795698925,0.125,0.15235699990898915,D5,79
mustear,sarki,semai,yare_faset,serif_muhittin_targan,mustear--sarki--semai--yare_faset--serif_muhittin_targan.txt,320,16,-1,371,323.84375,327.0,54.84329878508489,372,72.25,0.08333333333333333,0.75,0.22578125,0.125,0.15311776927247908,D5,54
mustear,sazsemaisi,aksaksemai,,irtical_dede,mustear--sazsemaisi--aksaksemai----irtical_dede.txt,695,16,-1,371,311.9798561151079,327.0,75.42385245206755,372,74.375,0.0625,1.25,0.10701438848920863,0.0625,0.07962610624383759,D5,174
mustear,seyir,duyek,1,erol_bingol,mustear--seyir--duyek--1--erol_bingol.txt,62,11,309,358,332.03225806451616,331.0,12.225970398892926,49,8.0,0.03125,0.25,0.12903225806451613,0.125,0.07517139546700528,D5,15
mustear,seyir,sofyan,1,sefik_gurmeric,mustear--seyir--sofyan--1--sefik_gurmeric.txt,96,12,-1,358,308.625,327.0,74.07297255516275,359,16.0,0.0625,0.5,0.16666666666666666,0.125,0.11019818669505045,D5,20
neva,agirsemai,aksaksemai,sevdi_bu_gonul,ama_kadri_efendi,neva--agirsemai--aksaksemai--sevdi_bu_gonul--ama_kadri_efendi.txt,495,14,-1,358,312.3959595959596,327.0,68.80513456382846,359,61.5,0.03125,0.25,0.12424242424242424,0.125,0.06524993266459846,D5,138
neva,kar,nimsakil,ey_gulbun-i,itri,neva--kar--nimsakil--ey_gulbun-i--itri.txt,1589,23,-1,371,297.2787916928886,327.0,101.69174631732922,372,273.25,0.0625,1.0,0.17196349905601008,0.125,0.1046108338728238,D5,285
neva,kupe,duyek,bezme,ahmet_avni_konuk,neva--kupe--duyek--bezme--ahmet_avni_konuk.txt,101,12,-1,371,308.3168316831683,327.0,86.11421841868733,372,16.0,0.0625,0.5,0.15841584158415842,0.125,0.08411504233212184,D5,22
neva,murabba,muhammes,zeyn_eden,dede_efendi,neva--murabba--muhammes--zeyn_eden--dede_efendi.txt,893,15,-1,371,309.53751399776036,336.0,91.58132454775094,372,127.25,0.0625,0.75,0.14249720044792832,0.125,0.08799137329684616,D5,166
neva,murabba,zencir,piyaleler_ki,itri,neva--murabba--zencir--piyaleler_ki--itri.txt,1234,22,-1,375,323.44408427876823,340.0,74.55190086101943,376,159.875,0.0625,0.5,0.1295583468395462,0.125,0.06795058852550978,G5,253
neva,nakis,agir_aksaksemai,ey_gonca-i,dede_efendi,neva--nakis--agir_aksaksemai--ey_gonca-i--dede_efendi.txt,495,18,-1,371,315.3030303030303,327.0,75.7180812277145,372,75.25,0.0625,0.5,0.15202020202020203,0.125,0.09083624985328544,D5,114
neva,nakis,yuruksemai,bir_zaman,hatibzade_osman_efendi,neva--nakis--yuruksemai--bir_zaman--hatibzade_osman_efendi.txt,651,14,-1,380,325.50384024577573,327.0,46.84177524717383,381,120.875,0.0625,0.5,0.18567588325652842,0.125,0.09213172101663948,D5,191
neva,pesrev,devrikebir,,tanburi_cemil_bey,neva--pesrev--devrikebir----tanburi_cemil_bey.txt,750,19,-1,380,326.7266666666667,336.0,55.28055603364901,381,112.25,0.0625,0.75,0.14966666666666667,0.125,0.08924502855837631,D5,120
neva,pesrev,devrikebir,,zeki_mehmet_aga,neva--pesrev--devrikebir----zeki_mehmet_aga.txt,447,22,-1,371,307.7852348993289,327.0,89.01780169815,372,109.0,0.0625,0.75,0.24384787472035793,0.25,0.13253854803914625,D5,85
neva,pesrev,nimberefsan,,serif_celebi,neva--pesrev--nimberefsan----serif_celebi.txt,496,14,-1,362,310.5040322580645,318.0,61.97982715050953,363,76.125,0.0625,0.5,0.15347782258064516,0.125,0.08497549564847393,D5,100
neva,sarki,aksak,muntazirim_tesrifine,tanburi_mustafa_cavus,neva--sarki--aksak--muntazirim_tesrifine--tanburi_mustafa_cavus.txt,328,14,-1,371,311.5762195121951,327.0,83.17231099681585,372,47.375,0.0625,0.75,0.1444359756097561,0.125,0.10018859365280981,D5,60
neva,sarki,duyek,ben_yururum,selahaddin_pinar,neva--sarki--duyek--ben_yururum--selahaddin_pinar.txt,254,14,-1,362,309.9488188976378,322.0,64.37649678664125,363,28.125,0.03125,0.5,0.11072834645669291,0.0625,0.07210699000465673,D5,59
neva,sarki,turkaksagi,hicran_gonul,sadettin_kaynak,neva--sarki--turkaksagi--hicran_gonul--sadettin_kaynak.txt,194,11,-1,349,292.14948453608247,318.0,88.80573970120399,350,37.625,0.0625,0.625,0.19394329896907217,0.125,0.10218806639433366,D5,41
neva,sarki,yuruksemai,birlikte_bu,serif_icli,neva--sarki--yuruksemai--birlikte_bu--serif_icli.txt,353,14,0,371,329.36827195467424,327.0,22.748758997488864,371,65.25,0.0625,0.5,0.1848441926345609,0.125,0.10262389404317106,D5,96
neva,sarki,yuruksemai_ii,yine_baglandi,zekai_dede,neva--sarki--yuruksemai_ii--yine_baglandi--zekai_dede.txt,675,12,-1,371,314.62814814814817,327.0,75.21004874367186,372,90.125,0.0625,0.375,0.1335185185185185,0.125,0.05972418701097932,D5,166
neva,sazsemaisi,aksaksemai,,kantemiroglu,neva--sazsemaisi--aksaksemai----kantemiroglu.txt,606,15,-1,380,323.62541254125415,344.0,72.66547338699996,381,82.125,0.03125,1.5,0.13551980198019803,0.125,0.12245159703122664,D5,134
neva,sazsemaisi,aksaksemai,,yusuf_ziya_pasa,neva--sazsemaisi--aksaksemai----yusuf_ziya_pasa.txt,534,22,-1,371,319.0655430711611,336.0,57.815270060283765,372,70.625,0.0625,0.375,0.1322565543071161,0.125,0.07554918818233085,F5#4,104
neva,seyir,semai,1,rauf_yekta,neva--seyir--semai--1--rauf_yekta.txt,72,10,-1,365,299.09722222222223,327.0,100.13950265592133,366,24.0,0.25,0.5,0.3333333333333333,0.25,0.11867816581938535,D5,20
neva,seyir,sofyan,1,erol_bingol,neva--seyir--sofyan--1--erol_bingol.txt,50,9,-1,358,323.42,327.0,48.81915398609819,359,8.0,0.0625,0.5,0.16,0.125,0.10424656799518875,D5,12
neva,seyir,sofyan,1,sefik_gurmeric,neva--seyir--sofyan--1--sefik_gurmeric.txt,126,13,-1,371,316.87301587301585,331.5,72.73788384350857,372,20.0,0.0625,0.5,0.15873015873015872,0.125,0.088618139244596,D5,27
neva,taksim,serbest,-tanburi_cemil_bey,,neva--taksim--serbest---tanburi_cemil_bey.txt,723,18,-1,384,316.4868603042877,336.0,81.66664747070084,385,77.71875,0.03125,0.5,0.1074948132780083,0.125,0.062393139039784974,D5,107
neva,turku,nimsofyan,ankaranin_tasina,ankara,neva--turku--nimsofyan--ankaranin_tasina--ankara.txt,297,7,-1,349,308.7811447811448,318.0,67.5301427795039,350,28.25,0.03125,0.25,0.09511784511784512,0.0625,0.04820847447863302,D5,76
neva,turku,sofyan,canakkale_icinde,,neva--turku--sofyan--canakkale_icinde--.txt,309,9,-1,349,305.57928802589,318.0,70.28091378424578,350,56.25,0.0625,0.75,0.1820388349514563,0.125,0.14274603428863358,D5,74
neva,yuruksemai,yuruksemai,ey_gonce-dehen,dede_efendi,neva--yuruksemai--yuruksemai--ey_gonce-dehen--dede_efendi.txt,867,14,-1,371,329.3852364475202,336.0,45.76624171912075,372,150.25,0.0625,1.0,0.17329873125720877,0.125,0.10568594336170957,E5,181
neva_kurdi,kupe,musemmen,bir_usul,ahmet_avni_konuk,neva_kurdi--kupe--musemmen--bir_usul--ahmet_avni_konuk.txt,86,13,-1,358,312.1744186046512,327.0,79.64733913955283,359,8.0,0.03125,0.25,0.09302325581395349,0.0625,0.05711683881600757,D5,18
nevabuselik,kupe,agiraksak,buse,ahmet_avni_konuk,nevabuselik--kupe--agiraksak--buse--ahmet_avni_konuk.txt,106,13,-1,358,310.41509433962267,327.0,78.07479538719855,359,18.0,0.0625,0.5,0.16981132075471697,0.125,0.10124034234552448,D5,18
nevabuselik,sarki,duyek,elbet_gonullerde,sadettin_kaynak,nevabuselik--sarki--duyek--elbet_gonullerde--sadettin_kaynak.txt,343,13,-1,358,291.801749271137,318.0,93.0804927231591,359,64.125,0.0625,0.875,0.1869533527696793,0.125,0.13395268709166286,D5,74
neveser,agirsemai,agir_aksaksemai,mecliste_bu,komurcuzade,neveser--agirsemai--agir_aksaksemai--mecliste_bu--komurcuzade.txt,1106,16,-1,363,310.50994575045206,322.0,63.716484513272434,364,152.625,0.0625,0.5,0.13799728752260398,0.0625,0.1145238084747793,D5,270
neveser,agirsemai,aksaksemai,ne_sunbulden,cinucen_tanrikorur,neveser--agirsemai--aksaksemai--ne_sunbulden--cinucen_tanrikorur.txt,405,19,-1,371,288.6074074074074,327.0,109.31266557853938,372,70.0,0.0625,0.25,0.1728395061728395,0.125,0.06717624167293142,D5,66
neveser,beste,berefsan,o_nihal-i,komurcuzade,neveser--beste--berefsan--o_nihal-i--komurcuzade.txt,1527,17,-1,363,325.05500982318273,332.0,48.24102181304564,364,192.75,0.0625,0.5,0.12622789783889982,0.125,0.08386186877892178,D5,320
neveser,beste,cenber,gordum_bugun,rustu_eric,neveser--beste--cenber--gordum_bugun--rustu_eric.txt,263,17,-1,371,329.2509505703422,332.0,32.82578564621783,372,44.0,0.0625,0.5,0.16730038022813687,0.125,0.11174527621148048,D5,68
neveser,beste,devrikebir,bir_peridir,cinucen_tanrikorur,neveser--beste--devrikebir--bir_peridir--cinucen_tanrikorur.txt,962,18,-1,371,300.42827442827445,327.0,88.92957818467144,372,168.0,0.0625,0.5,0.17463617463617465,0.125,0.092153802247102,D5,148
neveser,beste,zencir,nasil_eda,dede_efendi,neveser--beste--zencir--nasil_eda--dede_efendi.txt,1400,18,-1,367,311.5935714285714,327.0,75.99099746416609,368,186.0,0.0625,0.5,0.13285714285714287,0.125,0.08595195571307068,D5,320
neveser,kupe,devrirevan,dinle,ahmet_avni_konuk,neveser--kupe--devrirevan--dinle--ahmet_avni_konuk.txt,130,14,-1,362,316.95384615384614,327.0,59.524323936783915,363,14.0,0.03125,0.375,0.1076923076923077,0.09375,0.06546521458159799,D5,28
neveser,nakis_agirsemai,aksaksemai,heva-yi_aski,muallim_ismail_hakki_bey,neveser--nakis_agirsemai--aksaksemai--heva-yi_aski--muallim_ismail_hakki_bey.txt,287,14,-1,358,320.4773519163763,327.0,49.548295391263636,359,30.0,0.03125,0.375,0.10452961672473868,0.0625,0.0715077087615276,D5,58
neveser,pesrev,berefsan_4,,numan_aga,neveser--pesrev--berefsan_4----numan_aga.txt,536,18,-1,380,321.464552238806,327.0,46.718591358159806,381,88.0,0.0625,0.75,0.16417910447761194,0.125,0.09326678953331001,D5,81
neveser,pesrev,devrikebir,,cinucen_tanrikorur,neveser--pesrev--devrikebir----cinucen_tanrikorur.txt,921,27,-1,385,315.6981541802389,327.0,69.96033104911875,386,112.0,0.0625,0.75,0.12160694896851248,0.08333333333333333,0.0933707355438907,D5,103
neveser,pesrev,devrikebir,,salih_dede,neveser--pesrev--devrikebir----salih_dede.txt,679,21,-1,371,311.5095729013255,327.0,68.46489624156996,372,112.0,0.0625,0.5,0.16494845360824742,0.125,0.07683195945645166,D5,118
neveser,pesrev,hafif,cankurtaran,neyzen_yusuf_pasa,neveser--pesrev--hafif--cankurtaran--neyzen_yusuf_pasa.txt,817,15,-1,380,319.2545899632803,327.0,45.37729961341285,381,117.5,0.0625,0.5,0.1438188494492044,0.125,0.0853556227810522,D5,126
neveser,pesrev,muhammes,,kantemiroglu,neveser--pesrev--muhammes----kantemiroglu.txt,497,10,-1,358,314.51106639839037,327.0,68.26785760019264,359,88.0,0.0625,0.5,0.17706237424547283,0.125,0.07504717691492453,D5,95
neveser,sarki,agiraksak,hangi_bir,rustu_eric,neveser--sarki--agiraksak--hangi_bir--rustu_eric.txt,904,12,-1,375,314.64933628318585,327.0,66.77686219067925,376,157.5,0.0625,0.5,0.17422566371681417,0.125,0.12197370032506008,D5,150
neveser,sarki,agirduyek,ey_gozleri,rifat_bey,neveser--sarki--agirduyek--ey_gozleri--rifat_bey.txt,388,17,-1,385,318.57474226804123,327.0,61.80896702199583,386,48.0,0.0625,0.5,0.12371134020618557,0.0625,0.09530287188981909,D5,46
neveser,sarki,aksak,dilber_icre,rifat_bey,neveser--sarki--aksak--dilber_icre--rifat_bey.txt,561,15,-1,371,316.7843137254902,327.0,45.243999246166496,372,50.625,0.03125,0.25,0.09024064171122995,0.0625,0.05568173292037563,D5,98
neveser,sarki,aksak,gonlum_alip,latif_aga,neveser--sarki--aksak--gonlum_alip--latif_aga.txt,282,10,-1,358,305.29787234042556,322.0,74.72338023788683,359,40.5,0.0625,0.375,0.14361702127659576,0.125,0.06061573065597764,D5,47
neveser,sarki,aksak,o_guzel,alaeddin_yavasca,neveser--sarki--aksak--o_guzel--alaeddin_yavasca.txt,855,19,-1,371,319.2187134502924,327.0,52.30031838136839,372,78.75,0.03125,0.375,0.09210526315789473,0.0625,0.05819839946101034,D5,152
neveser,sarki,aksak,sen_guzellerden,mediha_sen,neveser--sarki--aksak--sen_guzellerden--mediha_sen.txt,394,18,-1,363,321.33248730964465,327.0,42.64497632198174,364,40.625,0.041666666666666664,0.5,0.10310913705583756,0.0625,0.06808182425079544,D5,84
neveser,sarki,aksak,vaslin_ile,muallim_ismail_hakki_bey,neveser--sarki--aksak--vaslin_ile--muallim_ismail_hakki_bey.txt,550,12,-1,358,311.1018181818182,322.0,57.59421359226241,359,79.5,0.03125,0.5,0.14454545454545453,0.125,0.08505357776373855,D5,124
neveser,sarki,curcuna,bahar_erdi,haci_arif_bey,neveser--sarki--curcuna--bahar_erdi--haci_arif_bey.txt,395,12,-1,362,307.8759493670886,327.0,76.79726295750343,363,61.25,0.0625,0.375,0.1550632911392405,0.125,0.06302190050653528,D5,92
neveser,sarki,curcuna,nale-i_can-gahi,udi_afet_misirliyan,neveser--sarki--curcuna--nale-i_can-gahi--udi_afet_misirliyan.txt,374,11,291,345,321.6524064171123,322.0,13.67810845950904,54,72.5,0.125,0.375,0.19385026737967914,0.125,0.08696330024637203,D5,84
neveser,sarki,curcuna,sirdir_senin,neveser_kokdes,neveser--sarki--curcuna--sirdir_senin--neveser_kokdes.txt,548,19,-1,371,308.20985401459853,322.0,65.71406215474813,372,101.25,0.0625,0.375,0.18476277372262773,0.125,0.09653462366408742,D5,116
neveser,sarki,curcuna,verdi_nazim,muallim_ismail_hakki_bey,neveser--sarki--curcuna--verdi_nazim--muallim_ismail_hakki_bey.txt,358,14,-1,362,302.5670391061453,327.0,79.36823181513276,363,61.25,0.08333333333333333,0.375,0.17108938547486033,0.125,0.08066353802643152,D5,83
neveser,sarki,devrihindi,eya_mah-i,rifat_bey,neveser--sarki--devrihindi--eya_mah-i--rifat_bey.txt,232,12,-1,371,331.4353448275862,332.0,28.838333538293444,372,21.0,0.0625,0.375,0.09051724137931035,0.0625,0.05978679403019547,D5,37
neveser,sarki,devrihindi,sanma_baran-i,hasim_bey,neveser--sarki--devrihindi--sanma_baran-i--hasim_bey.txt,474,13,274,362,329.38607594936707,327.0,19.671850661779025,88,40.25,0.03125,0.25,0.084915611814346,0.0625,0.05116810219033142,D5,71
neveser,sarki,devrihindi_8,bekledim_yillarca,rustu_eric,neveser--sarki--devrihindi_8--bekledim_yillarca--rustu_eric.txt,441,15,-1,375,319.0249433106576,327.0,46.19751876511981,376,56.0,0.03125,0.25,0.12698412698412698,0.125,0.07529272630100722,D5,103
neveser,sarki,duyek,gulum_takmis,ekmekci_bagdasar,neveser--sarki--duyek--gulum_takmis--ekmekci_bagdasar.txt,269,11,-1,363,323.003717472119,332.0,59.37362712576295,364,23.0,0.03125,0.25,0.08550185873605948,0.0625,0.05338979439729975,D5,58
neveser,sarki,musemmen_4,dinle_dilber,erol_sayan,neveser--sarki--musemmen_4--dinle_dilber--erol_sayan.txt,468,13,291,371,328.2307692307692,327.0,19.920456215970887,80,84.0,0.125,0.75,0.1794871794871795,0.125,0.10776170199901078,D5,72
neveser,sarki,semai,seni_anlamadan,neveser_kokdes,neveser--sarki--semai--seni_anlamadan--neveser_kokdes.txt,450,15,-1,363,319.14222222222224,322.0,22.351957796185214,364,117.75,0.0625,0.75,0.26166666666666666,0.125,0.2183931626600504,D5,83
neveser,sarki,senginsemai,saydeyledi_bu,tanburi_ali_efendi,neveser--sarki--senginsemai--saydeyledi_bu--tanburi_ali_efendi.txt,441,19,-1,380,322.1700680272109,336.0,69.48718398672126,381,63.0,0.03125,0.5,0.14285714285714285,0.125,0.09288585319350223,G5,66
neveser,sarki,senginsemai,sesimde_sarkisi,suphi_ziya_ozbekkan,neveser--sarki--senginsemai--sesimde_sarkisi--suphi_ziya_ozbekkan.txt,354,17,-1,363,308.09887005649716,322.0,67.56538202791403,364,72.25,0.0625,0.75,0.2040960451977401,0.125,0.14268124899018536,D5,61
neveser,sazsemaisi,aksaksemai,,bekir_sitki_sezgin,neveser--sazsemaisi--aksaksemai----bekir_sitki_sezgin.txt,600,23,-1,363,303.21666666666664,322.0,73.64617655446008,364,60.25,0.03125,0.375,0.10041666666666667,0.0625,0.06427501710735956,D5,77
neveser,sazsemaisi,aksaksemai,,kanuni_omer_efendi,neveser--sazsemaisi--aksaksemai----kanuni_omer_efendi.txt,2038,12,-1,371,313.11481844946024,327.0,72.35102729033655,372,245.5,0.03125,0.375,0.1204612365063788,0.125,0.06568282845011822,D5,375
neveser,sazsemaisi,aksaksemai,,yusuf_pasa,neveser--sazsemaisi--aksaksemai----yusuf_pasa.txt,580,16,-1,385,312.39827586206894,322.0,62.12930132697454,386,61.75,0.03125,0.375,0.10646551724137931,0.0625,0.0651941508595291,D5,103
neveser,sazsemaisi,aksaksemai,1,necdet_yasar,neveser--sazsemaisi--aksaksemai--1--necdet_yasar.txt,1101,34,-1,393,325.92552225249773,332.0,47.25208886988927,394,85.375,0.03125,1.5,0.0775431425976385,0.0625,0.0828095605979052,D5,124
neveser,seyir,senginsemai,1,erol_bingol,neveser--seyir--senginsemai--1--erol_bingol.txt,62,11,-1,358,307.741935483871,322.0,58.96093051623279,359,12.0,0.0625,0.5,0.1935483870967742,0.125,0.10837713863026538,D5,14
neveser,seyir,sofyan,1,sefik_gurmeric,neveser--seyir--sofyan--1--sefik_gurmeric.txt,73,13,-1,362,299.027397260274,327.0,92.7283926018377,363,12.0,0.0625,0.5,0.1643835616438356,0.125,0.1039094999048299,D5,11
neveser,sirto,sofyan,,neveser_kokdes,neveser--sirto--sofyan----neveser_kokdes.txt,237,16,-1,367,319.0759493670886,327.0,59.54682792329277,368,32.25,0.0625,1.0,0.1360759493670886,0.125,0.12648462646770708,D5,33
neveser,turku,aksak,ferayi,,neveser--turku--aksak--ferayi--.txt,172,8,-1,332,293.7267441860465,305.0,62.297163583162245,333,27.0,0.0625,0.75,0.1569767441860465,0.125,0.12287825970230186,G4,45
neveser,yuruksemai,yuruksemai_ii_4,dil_degiliz,rustu_eric,neveser--yuruksemai--yuruksemai_ii_4--dil_degiliz--rustu_eric.txt,443,12,291,363,323.12866817155754,327.0,18.17322790468478,72,126.0,0.125,0.5,0.28442437923250563,0.25,0.13589429130332603,D5,93
nevruz,rumeliturkusu,-serbest-cok_ezelden,,,nevruz--rumeliturkusu---serbest-cok_ezelden--.txt,96,9,-1,358,311.6979166666667,327.0,75.16047670665701,359,13.75,0.0625,0.75,0.14322916666666666,0.0625,0.13170087552493753,D5,17
nevruz,sarki,yuruksemai_ii,esmerligi_yildiz,muallim_ismail_hakki_bey,nevruz--sarki--yuruksemai_ii--esmerligi_yildiz--muallim_ismail_hakki_bey.txt,236,11,-1,362,287.1398305084746,327.0,113.38990134014844,363,38.375,0.0625,0.625,0.16260593220338984,0.125,0.09560597740211553,D5,40
nigar,sazsemaisi,aksaksemai,,tanburi_reftar_kalfa,nigar--sazsemaisi--aksaksemai----tanburi_reftar_kalfa.txt,383,15,-1,371,313.4882506527415,318.0,51.329438425001435,372,37.625,0.03125,0.25,0.09823759791122716,0.0625,0.05842188095499474,C5,68
nihavendikebir,kupe,devrirevan,,ahmet_avni_konuk,nihavendikebir--kupe--devrirevan----ahmet_avni_konuk.txt,119,15,-1,362,314.78991596638656,327.0,61.795023927467405,363,14.0,0.0625,0.5,0.11764705882352941,0.125,0.07240225301243167,D5,29
nihavendikebir,seyir,sofyan,1,sefik_gurmeric,nihavendikebir--seyir--sofyan--1--sefik_gurmeric.txt,80,13,-1,358,316.675,322.0,39.67742558767923,359,16.0,0.0625,0.75,0.2,0.125,0.14390298683576086,D5,14
nihavendirumi,kupe,devrirevan,nesesi,ahmet_avni_konuk,nihavendirumi--kupe--devrirevan--nesesi--ahmet_avni_konuk.txt,129,15,-1,362,308.8837209302326,318.0,58.70831338955763,363,14.0,0.03125,0.5,0.10852713178294573,0.0625,0.07575280548841284,D5,23
nihavent,agirsemai,aksaksemai,gordum_yine,ali_rifat_cagatay,nihavent--agirsemai--aksaksemai--gordum_yine--ali_rifat_cagatay.txt,373,13,-1,366,314.98391420911526,327.0,64.25566172044613,367,37.5,0.03125,0.25,0.10053619302949061,0.0625,0.05564305793376838,D5,76
nihavent,agirsemai,aksaksemai,seni_hukm-u,muallim_ismail_hakki_bey,nihavent--agirsemai--aksaksemai--seni_hukm-u--muallim_ismail_hakki_bey.txt,462,14,0,358,319.97835497835496,318.0,21.75059694744099,358,51.625,0.03125,0.375,0.11174242424242424,0.0625,0.0738924680417461,D5,104
nihavent,aranagme,agiraksak,1,,nihavent--aranagme--agiraksak--1--.txt,111,13,-1,362,308.9549549549549,327.0,69.67592350399322,363,18.25,0.0625,0.5,0.16441441441441443,0.125,0.07628069795986978,D5,22
nihavent,aranagme,turkaksagi,1,,nihavent--aranagme--turkaksagi--1--.txt,169,12,0,349,315.70414201183434,318.0,29.156311811611275,349,20.125,0.0625,0.375,0.11908284023668639,0.125,0.08274792618019582,B4b5,30
nihavent,azeriturku,semai,bir_kara_gozluye,arif_sami_toker,nihavent--azeriturku--semai--bir_kara_gozluye--arif_sami_toker.txt,323,12,0,358,314.8111455108359,318.0,22.605685529285488,358,108.25,0.125,1.5,0.3351393188854489,0.25,0.23376588019030825,D5,62
nihavent,beste,fahte,aciyaydi_bana,muallim_ismail_hakki_bey,nihavent--beste--fahte--aciyaydi_bana--muallim_ismail_hakki_bey.txt,205,12,-1,371,288.9024390243902,327.0,104.41240931762945,372,40.25,0.0625,0.5,0.19634146341463415,0.1875,0.10177062583163006,D5,45
nihavent,beste,lenkfahte,zulfun_gorenlerin,ali_rifat_cagatay,nihavent--beste--lenkfahte--zulfun_gorenlerin--ali_rifat_cagatay.txt,418,18,-1,371,292.511961722488,327.0,98.54775760024629,372,80.25,0.0625,0.75,0.19198564593301434,0.125,0.11344390233996246,D5,70
nihavent,beste,muhammes,naledendir_ney,ali_rifat_cagatay,nihavent--beste--muhammes--naledendir_ney--ali_rifat_cagatay.txt,406,13,-1,358,304.2783251231527,327.0,79.83605963428181,359,65.0,0.0625,0.5,0.16009852216748768,0.125,0.08193035372807901,D5,86
nihavent,fantezi,duyek,bahar_meltemidir,emin_ongan,nihavent--fantezi--duyek--bahar_meltemidir--emin_ongan.txt,389,15,-1,380,323.4087403598972,327.0,58.75095985797985,381,97.125,0.041666666666666664,1.5,0.24967866323907456,0.125,0.24637601786908225,D5,86
nihavent,fantezi,duyek,gulmedi_bahtim,yildirim_gurses,nihavent--fantezi--duyek--gulmedi_bahtim--yildirim_gurses.txt,507,16,-1,380,310.163708086785,331.0,99.46345598032968,381,128.125,0.0625,0.75,0.2527120315581854,0.25,0.15246263040228833,D5,73
nihavent,fantezi,duyek,kalplerden_dudaklara,sadettin_kaynak,nihavent--fantezi--duyek--kalplerden_dudaklara--sadettin_kaynak.txt,351,19,-1,371,273.8290598290598,327.0,126.65340493522068,372,85.125,0.0625,1.5,0.24252136752136752,0.125,0.20881720365459486,D5,46
nihavent,fantezi,duyek,ufacik_tefeciktin,sekip_ayhan_ozisik,nihavent--fantezi--duyek--ufacik_tefeciktin--sekip_ayhan_ozisik.txt,468,15,-1,371,300.45726495726495,327.0,92.47584493107114,372,111.125,0.0625,1.0,0.23744658119658119,0.125,0.21845095914519563,D5,110
nihavent,fantezi,nimsofyan,aksami_suzme,kaptanzade_ali_riza_bey,nihavent--fantezi--nimsofyan--aksami_suzme--kaptanzade_ali_riza_bey.txt,363,17,-1,349,300.41046831955924,309.0,53.88902655392137,350,42.25,0.0625,1.0,0.11639118457300275,0.0625,0.12616484822484605,A4,68
nihavent,fantezi,nimsofyan,ayaginda_halhali,bilge_ozgen,nihavent--fantezi--nimsofyan--ayaginda_halhali--bilge_ozgen.txt,867,14,-1,362,291.4901960784314,327.0,103.79930819534484,363,80.25,0.03125,0.25,0.092560553633218,0.0625,0.05315687240818157,D5,187
nihavent,fantezi,nimsofyan,benim_gonlum,kaptanzade_ali_riza_bey,nihavent--fantezi--nimsofyan--benim_gonlum--kaptanzade_ali_riza_bey.txt,517,11,-1,349,298.2050290135397,318.0,79.11124866024105,350,96.25,0.0625,1.0,0.18617021276595744,0.125,0.16335044022072143,B4b5,126
nihavent,fantezi,nimsofyan,gel_gonlumu,erdinc_celikkol,nihavent--fantezi--nimsofyan--gel_gonlumu--erdinc_celikkol.txt,379,11,0,362,328.47757255936676,327.0,24.12591305763225,362,28.65625,0.03125,0.25,0.07561015831134564,0.0625,0.04449408329343374,D5,71
nihavent,fantezi,nimsofyan,yemeni_baglamis,ali_ulvi_baradan,nihavent--fantezi--nimsofyan--yemeni_baglamis--ali_ulvi_baradan.txt,333,9,-1,349,302.45045045045043,309.0,63.68163550112143,350,44.25,0.0625,0.5,0.13288288288288289,0.125,0.09195717364314236,D5,54
nihavent,fantezi,semai,benim_guzel,emin_ongan,nihavent--fantezi--semai--benim_guzel--emin_ongan.txt,287,15,0,380,333.2822299651568,327.0,27.379369202867533,380,96.25,0.125,0.75,0.3353658536585366,0.25,0.21652481394456102,D5,78
nihavent,fantezi,semai,ne_bildim,alaeddin_yavasca,nihavent--fantezi--semai--ne_bildim--alaeddin_yavasca.txt,369,17,-1,371,294.5528455284553,318.0,89.87462915676342,372,84.375,0.0625,1.5,0.22865853658536586,0.25,0.1840423840274429,D5,53
nihavent,fantezi,sofyan,durusun_andirir,unal_narcin,nihavent--fantezi--sofyan--durusun_andirir--unal_narcin.txt,854,11,-1,362,301.6334894613583,331.0,102.06622842544829,363,108.25,0.0625,0.5,0.12675644028103045,0.125,0.09711090540162397,D5,143
nihavent,fantezi,sofyan,menekselendi_sular,sadettin_kaynak,nihavent--fantezi--sofyan--menekselendi_sular--sadettin_kaynak.txt,221,15,-1,362,292.0995475113122,318.0,96.806738353812,363,35.25,0.0625,0.5,0.1595022624434389,0.125,0.10048281736579232,D5,27
nihavent,fantezi,sofyan,mevsimlere_aldanirim,omer_sami_gupgup,nihavent--fantezi--sofyan--mevsimlere_aldanirim--omer_sami_gupgup.txt,591,12,-1,362,298.3756345177665,327.0,95.4699580854756,363,112.25,0.0625,1.0,0.18993231810490693,0.125,0.12684300514324715,D5,92
nihavent,fantezi,sofyan,sarahaten_acaba,ali_rifat_cagatay,nihavent--fantezi--sofyan--sarahaten_acaba--ali_rifat_cagatay.txt,453,13,-1,362,303.0044150110375,318.0,67.6541502885153,363,75.25,0.0625,0.75,0.1661147902869757,0.125,0.10098231062678505,D5,83
nihavent,kar,hafif,ey_cerh-i,haci_faik_bey,nihavent--kar--hafif--ey_cerh-i--haci_faik_bey.txt,829,28,-1,371,306.44270205066346,318.0,57.339257870792125,372,155.875,0.03125,1.0,0.18802774427020508,0.125,0.13522388892175424,D5,142
nihavent,karsilama,sofyan,,merzifon,nihavent--karsilama--sofyan----merzifon.txt,879,14,-1,380,327.48805460750856,331.0,52.56112207881223,381,64.25,0.03125,0.25,0.07309442548350398,0.0625,0.026742293137236604,D5,203
nihavent,kasaphavasi,duyek,,,nihavent--kasaphavasi--duyek----.txt,123,8,-1,344,314.2276422764228,327.0,52.22614962881442,345,16.125,0.0625,0.25,0.13109756097560976,0.125,0.06168247813404141,D5,32
nihavent,longa,nimsofyan,,kevser_hanim,nihavent--longa--nimsofyan----kevser_hanim.txt,459,14,-1,371,319.58169934640523,327.0,53.109010540579334,372,36.25,0.0625,0.25,0.0789760348583878,0.0625,0.03493580314589267,D5,88
nihavent,mars,nimsofyan,ey_muhterem,mildan_niyazi_bey,nihavent--mars--nimsofyan--ey_muhterem--mildan_niyazi_bey.txt,479,16,-1,362,309.4488517745303,327.0,65.16455669699319,363,104.25,0.0625,1.0,0.2176409185803758,0.125,0.15822752696258066,D5,106
nihavent,mars,nimsofyan,izmirin_daglarinda,izzettin_humayi_elcioglu,nihavent--mars--nimsofyan--izmirin_daglarinda--izzettin_humayi_elcioglu.txt,209,10,-1,349,306.9665071770335,318.0,59.12180897024897,350,32.25,0.0625,0.5,0.15430622009569378,0.125,0.09593290428516141,D5,58
nihavent,mars,sofyan,istiklal_marsi,zeki_ungor,nihavent--mars--sofyan--istiklal_marsi--zeki_ungor.txt,132,15,-1,349,306.0,309.0,33.178214134123785,350,26.0,0.0625,0.75,0.19696969696969696,0.1875,0.16916001606172826,D5,20
nihavent,mars,sofyan,yilmam_olumden,ali_rifat_cagatay,nihavent--mars--sofyan--yilmam_olumden--ali_rifat_cagatay.txt,147,11,-1,358,308.04761904761904,327.0,80.52212606102827,359,22.0,0.0625,0.375,0.14965986394557823,0.125,0.07795197385171605,D5,38
nihavent,medhal,sofyan,,ali_rifat_cagatay,nihavent--medhal--sofyan----ali_rifat_cagatay.txt,237,18,-1,371,309.24050632911394,327.0,77.05361580235622,372,34.8125,0.041666666666666664,0.75,0.14688818565400844,0.08333333333333333,0.11837580120872337,D5,35
nihavent,pesrev,darbeyn,,katip_celebi,nihavent--pesrev--darbeyn----katip_celebi.txt,665,16,-1,371,291.7864661654135,318.0,93.04783779198897,372,240.25,0.0625,8.0,0.3612781954887218,0.125,1.1282147404430434,B4b5,95
nihavent,pesrev,devrikebir,,kanuni_mehmed_bey,nihavent--pesrev--devrikebir----kanuni_mehmed_bey.txt,532,22,-1,371,304.0733082706767,318.0,67.15126333559039,372,84.25,0.0625,0.5,0.15836466165413535,0.125,0.09078572334023037,C5,73
nihavent,pesrev,devrikebir,,tanburi_buyuk_osman_bey,nihavent--pesrev--devrikebir----tanburi_buyuk_osman_bey.txt,930,25,-1,384,321.3731182795699,322.0,28.33764451806229,385,112.25,0.0625,0.5,0.1206989247311828,0.08333333333333333,0.09290928728836957,D5,110
nihavent,pesrev,hafif,mini_mini,huseyin_sadettin_arel,nihavent--pesrev--hafif--mini_mini--huseyin_sadettin_arel.txt,333,16,-1,380,319.015015015015,327.0,48.43095087633443,381,52.125,0.0625,0.5,0.15653153153153154,0.125,0.092629044127751,D5,51
nihavent,sarki,agiraksak,ahter-i_duskun,haci_arif_bey,nihavent--sarki--agiraksak--ahter-i_duskun--haci_arif_bey.txt,506,17,-1,362,318.9367588932806,327.0,45.9954361981554,363,53.875,0.0625,0.5,0.10647233201581027,0.0625,0.08134912065281699,D5,88
nihavent,sarki,agiraksak,akibet_viran,numan_aga,nihavent--sarki--agiraksak--akibet_viran--numan_aga.txt,512,20,-1,380,319.59375,327.0,63.24136815244088,381,72.75,0.0625,0.5,0.14208984375,0.125,0.10212641847244107,D5,63
nihavent,sarki,agiraksak,ey_nihal-i,udi_arsak_comlekciyan,nihavent--sarki--agiraksak--ey_nihal-i--udi_arsak_comlekciyan.txt,414,17,-1,371,319.6207729468599,327.0,47.10473265635087,372,53.875,0.0625,0.625,0.1301328502415459,0.125,0.08983227164905076,D5,59
nihavent,sarki,agiraksak,nar-i_askinla,rifat_bey,nihavent--sarki--agiraksak--nar-i_askinla--rifat_bey.txt,514,13,-1,362,313.6264591439689,318.0,55.096234789890076,363,62.875,0.0625,0.5,0.1223249027237354,0.125,0.08419955342962814,D5,98
nihavent,sarki,agiraksak,yare_bir_baksin,erol_sayan,nihavent--sarki--agiraksak--yare_bir_baksin--erol_sayan.txt,433,19,-1,380,320.67898383371823,331.0,61.48717080041242,381,54.25,0.0625,0.625,0.12528868360277137,0.0625,0.1049446107714734,D5,75
nihavent,sarki,aksak,bakmiyor_cesm-i,haci_arif_bey,nihavent--sarki--aksak--bakmiyor_cesm-i--haci_arif_bey.txt,260,16,-1,362,313.29615384615386,327.0,70.79739421490757,363,31.625,0.041666666666666664,0.625,0.12163461538461538,0.125,0.08352631476304492,D5,55
nihavent,sarki,aksak,bana_bir,cevdet_cagla,nihavent--sarki--aksak--bana_bir--cevdet_cagla.txt,336,18,-1,380,322.92559523809524,327.0,47.201920650302675,381,31.625,0.03125,0.5,0.09412202380952381,0.0625,0.05672869439036344,D5,70
nihavent,sarki,aksak,bilmem_bu,munir_nurettin_selcuk,nihavent--sarki--aksak--bilmem_bu--munir_nurettin_selcuk.txt,517,20,-1,380,310.6208897485493,327.0,73.78522275941454,381,77.75,0.0625,1.0,0.15038684719535783,0.125,0.10973605251701604,D5,67
nihavent,sarki,aksak,camlica_yolunda,nuri_halil_poyraz,nihavent--sarki--aksak--camlica_yolunda--nuri_halil_poyraz.txt,280,14,-1,362,299.30357142857144,327.0,94.21049406249952,363,44.25,0.0625,1.125,0.15803571428571428,0.125,0.12192518775089141,D5,56
nihavent,sarki,aksak,dil-i_nalani,haci_arif_bey,nihavent--sarki--aksak--dil-i_nalani--haci_arif_bey.txt,430,14,-1,362,309.22093023255815,327.0,64.99557115318643,363,46.125,0.03125,0.375,0.10726744186046512,0.0625,0.07194043758467301,D5,88
nihavent,sarki,aksak,dun_goztepenin,teoman_alpay,nihavent--sarki--aksak--dun_goztepenin--teoman_alpay.txt,405,17,-1,371,323.0098765432099,327.0,42.084484820518874,372,75.875,0.0625,1.0,0.18734567901234567,0.125,0.13628646850429416,D5,68
nihavent,sarki,aksak,dun_kahkahalar,muzaffer_ilkar,nihavent--sarki--aksak--dun_kahkahalar--muzaffer_ilkar.txt,246,16,-1,362,322.630081300813,331.0,54.83970472085817,363,35.375,0.0625,0.375,0.14380081300813008,0.125,0.10193753068718912,G5,36
nihavent,sarki,aksak,gece_sahilden,serif_icli,nihavent--sarki--aksak--gece_sahilden--serif_icli.txt,526,19,-1,362,323.2623574144487,327.0,39.48650871896583,363,49.625,0.03125,0.625,0.09434410646387832,0.0625,0.06273482501738549,D5,89
nihavent,sarki,aksak,gel_guzelim,faiz_kapanci,nihavent--sarki--aksak--gel_guzelim--faiz_kapanci.txt,360,20,-1,362,305.5416666666667,318.0,72.97928456028026,363,54.375,0.0625,0.75,0.15104166666666666,0.125,0.11697331285049618,D5,58
nihavent,sarki,aksak,gonlum_yine,seyh_ethem_efendi,nihavent--sarki--aksak--gonlum_yine--seyh_ethem_efendi.txt,467,16,-1,362,315.22483940042827,327.0,53.723009829249484,363,44.375,0.03125,0.375,0.09502141327623126,0.0625,0.06216762110173597,D5,93
nihavent,sarki,aksak,hatirlar_misin_beni,vecdi_seyhun,nihavent--sarki--aksak--hatirlar_misin_beni--vecdi_seyhun.txt,295,17,-1,380,308.6779661016949,327.0,76.99996481092182,381,53.75,0.0625,0.625,0.18220338983050846,0.125,0.09786744465430698,D5,41
nihavent,sarki,aksak,kiz_sen,faize_ergin,nihavent--sarki--aksak--kiz_sen--faize_ergin.txt,479,13,-1,349,284.3632567849687,309.0,95.74690741173268,350,78.875,0.0625,0.375,0.16466597077244258,0.125,0.06855267887553115,D5,70
nihavent,sarki,aksak,koklasam_saclarini,artaki_candan,nihavent--sarki--aksak--koklasam_saclarini--artaki_candan.txt,466,20,-1,380,329.5,327.0,36.50489729997498,381,49.625,0.041666666666666664,0.625,0.10649141630901288,0.0625,0.08010198650204615,D5,94
nihavent,sarki,aksak,meyler_suzulsun,haci_arif_bey,nihavent--sarki--aksak--meyler_suzulsun--haci_arif_bey.txt,262,13,-1,362,303.5419847328244,318.0,74.01379798274903,363,27.125,0.03125,0.375,0.10353053435114504,0.0625,0.07113315197073668,D5,48
nihavent,sarki,aksak,mumkun_mu,rakim_elkutlu,nihavent--sarki--aksak--mumkun_mu--rakim_elkutlu.txt,367,16,-1,380,315.38964577656674,318.0,46.21839580812351,381,38.75,0.03125,0.75,0.1055858310626703,0.0625,0.09454854329459472,D5,54
nihavent,sarki,aksak,ruya_mi,omer_dilek,nihavent--sarki--aksak--ruya_mi--omer_dilek.txt,266,13,-1,362,305.54887218045116,327.0,76.94874218108784,363,35.375,0.0625,0.5,0.13298872180451127,0.125,0.0943302901824606,D5,51
nihavent,sarki,aksak,seni_tenhada,ismet_aga,nihavent--sarki--aksak--seni_tenhada--ismet_aga.txt,275,12,-1,362,315.31636363636363,327.0,54.03268395733928,363,42.875,0.0625,0.625,0.1559090909090909,0.125,0.09161512495998306,D5,51
nihavent,sarki,aksak,suzis-i_askinla,musa_sureyya_bey,nihavent--sarki--aksak--suzis-i_askinla--musa_sureyya_bey.txt,546,16,-1,366,307.25457875457874,322.0,72.29315464381352,367,81.125,0.0625,0.75,0.14858058608058608,0.125,0.09564328272631097,D5,108
nihavent,sarki,aksak,vuslat_yaya,omer_dilek,nihavent--sarki--aksak--vuslat_yaya--omer_dilek.txt,363,13,-1,349,303.8457300275482,318.0,69.42545111199284,350,71.375,0.0625,0.75,0.19662534435261708,0.125,0.1407261264684227,D5,68
nihavent,sarki,aksak,yadigar_kaldi,haci_arif_bey,nihavent--sarki--aksak--yadigar_kaldi--haci_arif_bey.txt,270,15,-1,371,313.48148148148147,327.0,58.301976584276154,372,33.25,0.03125,0.375,0.12314814814814815,0.125,0.0752322691895766,D5,58
nihavent,sarki,aksak,yaz_gunleri,ismail_baha_surelsan,nihavent--sarki--aksak--yaz_gunleri--ismail_baha_surelsan.txt,429,17,-1,380,313.2214452214452,327.0,60.90259502750293,381,44.375,0.03125,0.375,0.10343822843822843,0.0625,0.07260639598316533,D5,78
nihavent,sarki,aksak,yok_baska,munir_nurettin_selcuk,nihavent--sarki--aksak--yok_baska--munir_nurettin_selcuk.txt,720,24,-1,380,313.47083333333336,327.0,57.44201148626602,381,94.25,0.0625,0.75,0.13090277777777778,0.125,0.08318179894163222,D5,114
nihavent,sarki,aydin,sozbirligi,muallim_ismail_hakki_bey,nihavent--sarki--aydin--sozbirligi--muallim_ismail_hakki_bey.txt,221,15,-1,358,300.9864253393665,318.0,73.94054611879423,359,36.125,0.0625,0.5,0.16346153846153846,0.125,0.08740941864885882,D5,50
nihavent,sarki,curcuna,ayrilmak_ne,ekrem_guyer,nihavent--sarki--curcuna--ayrilmak_ne--ekrem_guyer.txt,472,18,-1,371,305.88771186440675,327.0,78.98933047261055,372,80.125,0.0625,0.875,0.1697563559322034,0.125,0.137147227297055,D5,103
nihavent,sarki,curcuna,bahar_bitti,sadettin_kaynak,nihavent--sarki--curcuna--bahar_bitti--sadettin_kaynak.txt,511,18,-1,362,284.32876712328766,318.0,109.68141715381503,363,68.3125,0.03125,1.0,0.1336839530332681,0.125,0.11508252544829982,D5,60
nihavent,sarki,curcuna,baharda_bu,cevdet_cagla,nihavent--sarki--curcuna--baharda_bu--cevdet_cagla.txt,311,17,-1,362,283.1511254019293,327.0,109.0346186088666,363,53.875,0.0625,1.25,0.17323151125401928,0.125,0.14122479599502977,D5,56
nihavent,sarki,curcuna,cozulme_zulfune,haci_arif_bey,nihavent--sarki--curcuna--cozulme_zulfune--haci_arif_bey.txt,367,15,-1,362,297.5367847411444,318.0,85.96446167171746,363,61.25,0.125,0.375,0.16689373297002724,0.125,0.06394389736165096,D5,74
nihavent,sarki,curcuna,dun_gece,muhlis_sabahattin,nihavent--sarki--curcuna--dun_gece--muhlis_sabahattin.txt,270,14,-1,371,305.9925925925926,327.0,87.00681478213237,372,55.125,0.125,1.25,0.20416666666666666,0.125,0.1691707030363096,D5,42
nihavent,sarki,curcuna,gecti_omrum,selahaddin_pinar,nihavent--sarki--curcuna--gecti_omrum--selahaddin_pinar.txt,564,18,-1,380,324.6081560283688,327.0,47.048789960378635,381,90.125,0.03125,1.25,0.15979609929078015,0.125,0.16831253181345732,D5,109
nihavent,sarki,curcuna,gonul_nedir,sadettin_kaynak,nihavent--sarki--curcuna--gonul_nedir--sadettin_kaynak.txt,409,14,-1,362,313.640586797066,327.0,63.672803438312975,363,78.875,0.0625,0.625,0.1928484107579462,0.125,0.13171329623677464,D5,89
nihavent,sarki,curcuna,goze_mi,osman_nihat_akin,nihavent--sarki--curcuna--goze_mi--osman_nihat_akin.txt,250,14,-1,371,298.572,327.0,90.02942856661998,372,50.125,0.0625,1.125,0.2005,0.125,0.20623379819533047,D5,53
nihavent,sarki,curcuna,guzel_bir,osman_nihat_akin,nihavent--sarki--curcuna--guzel_bir--osman_nihat_akin.txt,306,16,-1,380,312.7156862745098,327.0,73.85005332486132,381,60.375,0.0625,1.25,0.19730392156862744,0.125,0.1717224765957486,D5,64
nihavent,sarki,curcuna,husranla_gonul,neveser_kokdes,nihavent--sarki--curcuna--husranla_gonul--neveser_kokdes.txt,372,20,-1,380,295.89516129032256,318.0,88.55054614064669,381,77.625,0.0625,1.25,0.2086693548387097,0.125,0.21575912077084727,D5,54
nihavent,sarki,curcuna,saclarina_baglanali,rahmi_bey,nihavent--sarki--curcuna--saclarina_baglanali--rahmi_bey.txt,327,14,-1,362,310.4525993883792,327.0,68.00196260453869,363,63.875,0.125,1.125,0.19533639143730888,0.125,0.14595531500548165,D5,63
nihavent,sarki,curcuna,soyle_nedir,haci_arif_bey,nihavent--sarki--curcuna--soyle_nedir--haci_arif_bey.txt,379,14,-1,362,315.24802110817944,318.0,49.48733700505014,363,67.25,0.125,0.375,0.1774406332453826,0.125,0.08869076254291933,D5,65
nihavent,sarki,curcuna,uyur_daim,haci_arif_bey,nihavent--sarki--curcuna--uyur_daim--haci_arif_bey.txt,488,13,-1,362,303.0266393442623,327.0,83.63085817319748,363,87.625,0.125,1.125,0.17955942622950818,0.125,0.14530100652862918,D5,86
nihavent,sarki,curcuna,vucud_ikliminin,haci_arif_bey,nihavent--sarki--curcuna--vucud_ikliminin--haci_arif_bey.txt,333,15,-1,362,305.34234234234236,318.0,61.67801577091034,363,59.75,0.0625,0.625,0.17942942942942944,0.125,0.12684293949595568,D5,60
nihavent,sarki,curcuna,yagmur_verdim,omer_dilek,nihavent--sarki--curcuna--yagmur_verdim--omer_dilek.txt,393,14,-1,362,282.1679389312977,318.0,108.19437483056063,363,90.125,0.125,0.5,0.22932569974554706,0.25,0.12082461473811411,D5,60
nihavent,sarki,curcuna,yine_bu,osman_nihat_akin,nihavent--sarki--curcuna--yine_bu--osman_nihat_akin.txt,476,16,-1,371,313.97899159663865,327.0,68.12329055185576,372,58.875,0.0625,1.125,0.12368697478991597,0.0625,0.11267493401951706,D5,108
nihavent,sarki,devrihindi,ask_atesi,haci_arif_bey,nihavent--sarki--devrihindi--ask_atesi--haci_arif_bey.txt,239,15,-1,358,308.34728033472805,309.0,32.95350529882831,359,28.0,0.03125,0.5,0.11715481171548117,0.09375,0.09191430281998862,B4b5,38
nihavent,sarki,devrihindi,yar_senden,munir_nurettin_selcuk,nihavent--sarki--devrihindi--yar_senden--munir_nurettin_selcuk.txt,442,17,-1,380,308.54977375565613,327.0,67.56291105378806,381,91.125,0.03125,1.75,0.2061651583710407,0.125,0.2611270783779801,D5,94
nihavent,sarki,devrituran,sevmek_hem,erol_sayan,nihavent--sarki--devrituran--sevmek_hem--erol_sayan.txt,411,14,-1,358,313.59124087591243,318.0,43.75500886915004,359,84.125,0.125,0.875,0.204683698296837,0.25,0.10530569762894366,D5,76
nihavent,sarki,duyek,aglamakla,sadi_hosses,nihavent--sarki--duyek--aglamakla--sadi_hosses.txt,356,13,-1,380,302.5758426966292,327.0,98.9681546768097,381,43.125,0.03125,1.0,0.1211376404494382,0.0625,0.1324845713113176,D5,66
nihavent,sarki,duyek,ahimi_hicranimi,selahattin_inal,nihavent--sarki--duyek--ahimi_hicranimi--selahattin_inal.txt,544,12,-1,371,314.65808823529414,331.0,84.36981651125723,372,62.125,0.03125,0.75,0.11420036764705882,0.0625,0.10171224480194885,F5,90
nihavent,sarki,duyek,ak_duvaklar,omer_dilek,nihavent--sarki--duyek--ak_duvaklar--omer_dilek.txt,580,19,-1,362,261.9603448275862,318.0,127.72883956193854,363,120.125,0.125,0.875,0.20711206896551723,0.125,0.13984810237055284,D5,88
nihavent,sarki,duyek,aska_gonul,baki_callioglu,nihavent--sarki--duyek--aska_gonul--baki_callioglu.txt,290,11,-1,349,295.84137931034485,318.0,80.22202545643643,350,60.125,0.0625,1.0,0.20732758620689656,0.125,0.17058244289669222,D5,57
nihavent,sarki,duyek,askim_bahardi,yildirim_gurses,nihavent--sarki--duyek--askim_bahardi--yildirim_gurses.txt,530,9,-1,349,296.74905660377357,318.0,80.46034405271864,350,81.125,0.0625,1.0,0.15306603773584906,0.125,0.14995284506869208,D5,101
nihavent,sarki,duyek,askimi_bilmedin,sekip_ayhan_ozisik,nihavent--sarki--duyek--askimi_bilmedin--sekip_ayhan_ozisik.txt,300,10,-1,362,319.70666666666665,335.5,75.55401148224418,363,78.125,0.125,1.0,0.2604166666666667,0.25,0.24502967478922477,D5,52
nihavent,sarki,duyek,askimin_ilk,arif_sami_toker,nihavent--sarki--duyek--askimin_ilk--arif_sami_toker.txt,381,15,-1,380,313.03412073490813,327.0,78.14161497311427,381,45.125,0.03125,0.5,0.11843832020997375,0.0625,0.10021395653657598,D5,75
nihavent,sarki,duyek,ayrilik_bukuverdi,arif_sami_toker,nihavent--sarki--duyek--ayrilik_bukuverdi--arif_sami_toker.txt,1070,15,-1,371,291.25794392523363,327.0,104.31804828869285,372,164.125,0.041666666666666664,1.0,0.15338785046728973,0.125,0.1365394356995217,D5,179
nihavent,sarki,duyek,bir_demet,zeki_muren,nihavent--sarki--duyek--bir_demet--zeki_muren.txt,345,14,-1,358,270.1797101449275,309.0,111.63253227237858,359,66.125,0.0625,0.5,0.19166666666666668,0.125,0.10361530436402536,B4b5,57
nihavent,sarki,duyek,bir_ihtimal,osman_nihat_akin,nihavent--sarki--duyek--bir_ihtimal--osman_nihat_akin.txt,472,12,-1,371,315.7224576271187,327.0,68.56281143899062,372,54.125,0.0625,0.5,0.11467161016949153,0.0625,0.08683160362238737,D5,94
nihavent,sarki,duyek,biraz_kul,avni_anil,nihavent--sarki--duyek--biraz_kul--avni_anil.txt,660,14,-1,380,326.3833333333333,331.0,59.080922574387486,381,95.25,0.041666666666666664,1.5,0.14431818181818182,0.0625,0.1782949325610864,D5,114
nihavent,sarki,duyek,bugun_yine,emin_ongan,nihavent--sarki--duyek--bugun_yine--emin_ongan.txt,205,14,-1,371,310.9317073170732,331.0,89.38770597746604,372,31.875,0.03125,0.75,0.15548780487804878,0.125,0.09092132842900545,D5,43
nihavent,sarki,duyek,bulbul_asikmis,zeki_muren,nihavent--sarki--duyek--bulbul_asikmis--zeki_muren.txt,253,11,-1,362,268.02371541501975,318.0,122.99060903799825,363,44.875,0.0625,0.875,0.1773715415019763,0.125,0.11641899007632783,D5,38
nihavent,sarki,duyek,dolmuyor_dolmuyor,sinan_sipahi,nihavent--sarki--duyek--dolmuyor_dolmuyor--sinan_sipahi.txt,527,13,-1,371,273.7495256166983,309.0,113.16305186238462,372,124.125,0.0625,1.0,0.23553130929791272,0.125,0.20224348271139184,D5,107
nihavent,sarki,duyek,doymadim_sana,nevzat_akay,nihavent--sarki--duyek--doymadim_sana--nevzat_akay.txt,334,14,-1,362,301.1497005988024,331.0,99.87728980067546,363,42.125,0.03125,0.875,0.12612275449101795,0.125,0.1252215355246723,D5,52
nihavent,sarki,duyek,ellerim_boyle,sekip_ayhan_ozisik,nihavent--sarki--duyek--ellerim_boyle--sekip_ayhan_ozisik.txt,293,9,-1,358,303.8839590443686,327.0,86.28445419846547,359,80.125,0.125,1.0,0.2734641638225256,0.125,0.26804281038235606,D5,62
nihavent,sarki,duyek,ey_ipek,sadettin_kaynak,nihavent--sarki--duyek--ey_ipek--sadettin_kaynak.txt,490,19,-1,358,317.18367346938777,327.0,55.119974544986775,359,46.5,0.015625,0.5,0.09489795918367347,0.0625,0.07795553504415285,D5,85
nihavent,sarki,duyek,gecti_hayal,osman_nihat_akin,nihavent--sarki--duyek--gecti_hayal--osman_nihat_akin.txt,469,15,-1,371,300.771855010661,327.0,91.48691686959245,372,59.125,0.03125,0.875,0.12606609808102345,0.125,0.1069290587874096,D5,80
nihavent,sarki,duyek,gizli_ask,zeynettin_maras,nihavent--sarki--duyek--gizli_ask--zeynettin_maras.txt,585,16,-1,371,289.5247863247863,318.0,96.98294485882673,372,96.125,0.0625,0.5,0.16431623931623932,0.125,0.10627347843516628,D5,96
nihavent,sarki,duyek,gokyuzunde,teoman_alpay,nihavent--sarki--duyek--gokyuzunde--teoman_alpay.txt,333,14,-1,362,295.9189189189189,318.0,95.004356444355,363,60.125,0.0625,1.0,0.18055555555555555,0.125,0.11235395101151653,C5,49
nihavent,sarki,duyek,gozlerin_bir,avni_anil,nihavent--sarki--duyek--gozlerin_bir--avni_anil.txt,452,14,-1,371,308.36504424778764,331.0,89.95792028963417,372,69.125,0.03125,0.875,0.15293141592920353,0.125,0.15819125748388296,D5,89
nihavent,sarki,duyek,hatirla_mazi-i,munir_nurettin_selcuk,nihavent--sarki--duyek--hatirla_mazi-i--munir_nurettin_selcuk.txt,474,19,-1,380,314.0379746835443,318.0,46.52725034019559,381,67.125,0.03125,1.0,0.14161392405063292,0.125,0.09090662553469667,D5,66
nihavent,sarki,duyek,istanbul_biricik,sadettin_kaynak,nihavent--sarki--duyek--istanbul_biricik--sadettin_kaynak.txt,400,15,-1,371,292.8325,327.0,101.01058007440318,372,56.125,0.0625,1.0,0.1403125,0.125,0.11634580945983325,D5,71
nihavent,sarki,duyek,kirpiklerinin_golgesi,sadettin_kaynak,nihavent--sarki--duyek--kirpiklerinin_golgesi--sadettin_kaynak.txt,517,19,-1,362,307.52998065764024,327.0,77.01875822679872,363,87.625,0.0625,2.0,0.16948742746615086,0.125,0.16005677691915793,D5,92
nihavent,sarki,duyek,ruhuma_gecenin,sadettin_kaynak,nihavent--sarki--duyek--ruhuma_gecenin--sadettin_kaynak.txt,309,21,-1,371,310.1456310679612,327.0,79.73390092363354,372,39.0,0.03125,0.875,0.1262135922330097,0.0625,0.10720640194354847,D5,43
nihavent,sarki,duyek,sarkilar_seni,muzaffer_ilkar,nihavent--sarki--duyek--sarkilar_seni--muzaffer_ilkar.txt,554,14,-1,362,313.485559566787,327.0,68.63355513562088,363,67.5,0.03125,0.5,0.12184115523465704,0.0625,0.11425068686205807,D5,114
nihavent,sarki,duyek,sen_benim,emin_ongan,nihavent--sarki--duyek--sen_benim--emin_ongan.txt,531,14,-1,380,288.45197740112997,327.0,111.17295318406998,381,132.125,0.125,1.0,0.24882297551789076,0.25,0.20264705519835108,D5,117
nihavent,sarki,duyek,seninle_bu,dursun_karaca,nihavent--sarki--duyek--seninle_bu--dursun_karaca.txt,419,15,-1,380,286.87350835322195,318.0,105.45688132144241,381,122.125,0.125,1.0,0.29146778042959426,0.125,0.29807545492748844,A4,61
nihavent,sarki,duyek,sevgilim_de_sen,erol_sayan,nihavent--sarki--duyek--sevgilim_de_sen--erol_sayan.txt,608,11,-1,349,302.95394736842104,318.0,68.43295051259182,350,79.125,0.0625,0.25,0.13013980263157895,0.125,0.06496815994685595,D5,109
nihavent,sarki,duyek,sevil_neselen,sadettin_oktenay,nihavent--sarki--duyek--sevil_neselen--sadettin_oktenay.txt,413,12,-1,371,282.8329297820823,327.0,114.86234344694391,372,112.125,0.125,1.0,0.27148910411622273,0.25,0.23245424020387012,D5,58
nihavent,sarki,duyek,su_guzeller,necip_mirkelamoglu,nihavent--sarki--duyek--su_guzeller--necip_mirkelamoglu.txt,317,12,-1,371,289.29652996845425,318.0,100.17961916236112,372,32.125,0.0625,0.25,0.10134069400630914,0.0625,0.051979950036970465,D5,69
nihavent,sarki,duyek,unutturamaz_seni,ekrem_guyer,nihavent--sarki--duyek--unutturamaz_seni--ekrem_guyer.txt,452,16,-1,371,305.5066371681416,327.0,79.3287104505571,372,55.5,0.03125,0.625,0.12278761061946902,0.125,0.08445124297722288,D5,92
nihavent,sarki,duyek,yillari_durduracak,necdet_tokatlioglu,nihavent--sarki--duyek--yillari_durduracak--necdet_tokatlioglu.txt,492,14,-1,380,292.5630081300813,327.0,105.03351270783716,381,84.125,0.0625,1.0,0.17098577235772358,0.125,0.13567134798762423,D5,75
nihavent,sarki,duyek,yine_hazan,sekip_ayhan_ozisik,nihavent--sarki--duyek--yine_hazan--sekip_ayhan_ozisik.txt,591,15,-1,380,331.1269035532995,340.0,58.1735492667765,381,73.125,0.03125,0.5,0.12373096446700507,0.0625,0.09588861364112727,F5,92
nihavent,sarki,kapali_curcuna,kimseye_etmem,kemani_sarkis_efendi,nihavent--sarki--kapali_curcuna--kimseye_etmem--kemani_sarkis_efendi.txt,425,14,-1,362,321.50588235294117,327.0,31.825001863600917,363,88.875,0.125,1.25,0.20911764705882352,0.125,0.17818227971875142,D5,100
nihavent,sarki,nimsofyan,ben_bir,sivelioglu_yorgaki,nihavent--sarki--nimsofyan--ben_bir--sivelioglu_yorgaki.txt,143,15,-1,371,327.3286713286713,331.0,52.938148366254296,372,12.5,0.03125,0.25,0.08741258741258741,0.0625,0.05545201785420636,G5,24
nihavent,sarki,nimsofyan,biz_camlicanin,yesari_asim_arsoy,nihavent--sarki--nimsofyan--biz_camlicanin--yesari_asim_arsoy.txt,299,10,-1,349,296.66220735785953,309.0,69.65752470574415,350,40.25,0.0625,0.5,0.1346153846153846,0.0625,0.08786201753280803,B4b5,74
nihavent,sarki,nimsofyan,geldi_yine,arif_sami_toker,nihavent--sarki--nimsofyan--geldi_yine--arif_sami_toker.txt,374,13,-1,380,315.2994652406417,327.0,74.1634753237692,381,80.25,0.0625,0.5,0.21457219251336898,0.125,0.13189599936751972,G5,65
nihavent,sarki,nimsofyan,gozleri_aska,gundogdu_duran,nihavent--sarki--nimsofyan--gozleri_aska--gundogdu_duran.txt,341,11,-1,362,312.1554252199413,318.0,54.26619472192672,363,40.75,0.0625,0.5,0.11950146627565983,0.0625,0.11580920858015288,D5,67
nihavent,sarki,nimsofyan,isil_isil,erol_sayan,nihavent--sarki--nimsofyan--isil_isil--erol_sayan.txt,165,14,-1,358,306.96363636363634,318.0,66.46206426749195,359,26.25,0.0625,0.5,0.1590909090909091,0.125,0.09698546648614095,D5,32
nihavent,sarki,nimsofyan,istanbulda_yasanan,baki_callioglu,nihavent--sarki--nimsofyan--istanbulda_yasanan--baki_callioglu.txt,403,8,0,340,315.4590570719603,318.0,20.153396467058013,340,52.25,0.0625,0.5,0.12965260545905707,0.125,0.09647101960584697,D5,100
nihavent,sarki,semai,bahcemde_acilmaz,munir_nurettin_selcuk,nihavent--sarki--semai--bahcemde_acilmaz--munir_nurettin_selcuk.txt,389,14,-1,371,315.51928020565555,318.0,49.3157590033703,372,120.25,0.08333333333333333,1.25,0.30912596401028275,0.25,0.23416620834350685,D5,68
nihavent,sarki,semai,bekledim_de,yesari_asim_arsoy,nihavent--sarki--semai--bekledim_de--yesari_asim_arsoy.txt,315,11,0,362,325.5047619047619,327.0,24.942273662771964,362,96.25,0.0625,0.75,0.3055555555555556,0.25,0.20587724202235608,D5,106
nihavent,sarki,semai,benim_gonlum,nazmi_atlig,nihavent--sarki--semai--benim_gonlum--nazmi_atlig.txt,413,17,0,380,327.0556900726392,327.0,26.474466501236076,380,132.25,0.125,0.75,0.3202179176755448,0.25,0.21874354574339167,D5,72
nihavent,sarki,semai,bir_alev,avni_anil,nihavent--sarki--semai--bir_alev--avni_anil.txt,490,14,-1,371,315.32448979591834,327.0,58.25996682458492,372,126.25,0.08333333333333333,0.75,0.2576530612244898,0.25,0.17739288762203836,D5,82
nihavent,sarki,semai,bir_kerre,avni_anil,nihavent--sarki--semai--bir_kerre--avni_anil.txt,548,15,-1,371,300.89233576642334,331.0,104.4826608237738,372,153.25,0.0625,1.25,0.27965328467153283,0.25,0.22801908706503862,D5,98
nihavent,sarki,semai,bir_nese,nuri_halil_poyraz,nihavent--sarki--semai--bir_nese--nuri_halil_poyraz.txt,519,14,-1,362,294.3256262042389,318.0,91.56646181273184,363,129.25,0.0625,0.75,0.24903660886319845,0.125,0.19591548688358765,D5,102
nihavent,sarki,semai,dil_seni,civan_aga,nihavent--sarki--semai--dil_seni--civan_aga.txt,490,19,-1,380,314.30204081632655,318.0,44.76805248649882,381,108.25,0.0625,1.5,0.2209183673469388,0.125,0.21491229358968578,D5,89
nihavent,sarki,semai,erisdi_nevbahar,arif_sami_toker,nihavent--sarki--semai--erisdi_nevbahar--arif_sami_toker.txt,645,14,0,380,333.2031007751938,327.0,25.294980039821812,380,202.75,0.0625,0.75,0.3143410852713178,0.25,0.20612174145408,D5,122
nihavent,sarki,semai,gelin_kizlar,haci_faik_bey,nihavent--sarki--semai--gelin_kizlar--haci_faik_bey.txt,451,15,-1,358,294.4257206208426,318.0,87.58229478154688,359,90.25,0.0625,0.625,0.20011086474501108,0.1875,0.11398093853079849,D5,72
nihavent,sarki,semai,hatirla_ey_peri,muhlis_sabahaddin_ezgi,nihavent--sarki--semai--hatirla_ey_peri--muhlis_sabahaddin_ezgi.txt,186,9,-1,358,283.4731182795699,309.0,96.97657464678659,359,72.25,0.125,1.25,0.38844086021505375,0.25,0.29175746915529804,B4b5,42
nihavent,sarki,semai,icimde_nice,avni_anil,nihavent--sarki--semai--icimde_nice--avni_anil.txt,537,12,-1,380,320.91806331471133,340.0,84.11876814630138,381,179.5,0.125,1.5,0.33426443202979517,0.25,0.3220540548939014,E5b5,90
nihavent,sarki,semai,kacsam_birakip,mehves_hanim,nihavent--sarki--semai--kacsam_birakip--mehves_hanim.txt,380,18,-1,362,320.1657894736842,327.0,40.353600515604256,363,95.75,0.0625,0.75,0.2519736842105263,0.25,0.18630393173112372,D5,91
nihavent,sarki,semai,kalbe_dolan,erol_sayan,nihavent--sarki--semai--kalbe_dolan--erol_sayan.txt,264,15,-1,371,320.02272727272725,327.0,44.495646971111775,372,78.25,0.08333333333333333,1.0,0.29640151515151514,0.25,0.18884779823330972,D5,43
nihavent,sarki,semai,kanatlari_gumus,mesut_cemil,nihavent--sarki--semai--kanatlari_gumus--mesut_cemil.txt,146,13,-1,362,316.5890410958904,318.0,41.29918947737298,363,58.75,0.125,1.5,0.4023972602739726,0.25,0.30706239912753786,B4b5,28
nihavent,sarki,semai,mihrabim_diyerek,avni_anil,nihavent--sarki--semai--mihrabim_diyerek--avni_anil.txt,481,11,0,362,328.2910602910603,327.0,22.02542335760596,362,162.25,0.125,1.5,0.3373180873180873,0.25,0.27381901844040596,D5,124
nihavent,sarki,semai,su_gonlumu,erol_sayan,nihavent--sarki--semai--su_gonlumu--erol_sayan.txt,240,18,-1,371,308.59583333333336,327.0,76.53620019784915,372,63.25,0.125,0.75,0.2635416666666667,0.25,0.17401533601599234,B4b5,37
nihavent,sarki,semai,suzul_guzel,necdet_varol,nihavent--sarki--semai--suzul_guzel--necdet_varol.txt,251,13,-1,362,324.48207171314743,327.0,34.853330935375986,363,79.75,0.125,1.5,0.31772908366533864,0.25,0.2485345495313619,D5,74
nihavent,sarki,semai_8,git_bu,avni_anil,nihavent--sarki--semai_8--git_bu--avni_anil.txt,408,13,0,380,341.75,349.0,24.635649644676175,380,79.25,0.0625,0.75,0.19424019607843138,0.125,0.17174420984045044,G5,92
nihavent,sarki,senginsemai,bin_gul,lemi_atli,nihavent--sarki--senginsemai--bin_gul--lemi_atli.txt,452,17,-1,380,318.91814159292034,327.0,44.53190817064942,381,59.25,0.03125,0.5,0.13108407079646017,0.0625,0.12257616805104993,D5,80
nihavent,sarki,senginsemai,bir_asik-i,afet_misirliyan,nihavent--sarki--senginsemai--bir_asik-i--afet_misirliyan.txt,338,14,0,362,323.93491124260356,327.0,24.986083250952973,362,54.25,0.0625,0.5,0.16050295857988164,0.0625,0.1297741361008286,D5,74
nihavent,sarki,senginsemai,bir_gun,musa_sureyya_bey,nihavent--sarki--senginsemai--bir_gun--musa_sureyya_bey.txt,520,16,-1,371,320.96153846153845,327.0,46.34243054193601,372,65.0,0.0625,0.5,0.125,0.0625,0.10738057398148627,D5,103
nihavent,sarki,sofyan,anla_artik,yildirim_gurses,nihavent--sarki--sofyan--anla_artik--yildirim_gurses.txt,736,15,-1,371,305.80027173913044,327.0,93.91270834685635,372,106.25,0.0625,0.5,0.14436141304347827,0.125,0.1165216291706246,D5,107
nihavent,sarki,sofyan,ben_sana_mecburum,erol_sayan,nihavent--sarki--sofyan--ben_sana_mecburum--erol_sayan.txt,721,34,-1,389,323.44244105409155,331.0,66.09242120470127,390,166.5,0.0625,1.5,0.23092926490984744,0.125,0.20660136420968156,D5,90
nihavent,sarki,sofyan,gelmedin,ismail_gokce,nihavent--sarki--sofyan--gelmedin--ismail_gokce.txt,536,16,-1,371,309.3059701492537,318.0,75.79028888666635,372,72.25,0.0625,0.5,0.134794776119403,0.125,0.0801956127796818,G5,71
nihavent,sarki,sofyan,gonlumle_oturdum,sekip_memduh_bey,nihavent--sarki--sofyan--gonlumle_oturdum--sekip_memduh_bey.txt,301,15,-1,380,311.5548172757475,309.0,37.94313049441889,381,32.25,0.041666666666666664,0.5,0.10714285714285714,0.0625,0.07413522608066792,B4b5,52
nihavent,sarki,sofyan,gul_gul_yuzlu,omer_dilek,nihavent--sarki--sofyan--gul_gul_yuzlu--omer_dilek.txt,449,14,-1,362,305.26280623608017,327.0,81.27981580494651,363,84.25,0.0625,0.5,0.1876391982182628,0.125,0.12216599159232762,D5,75
nihavent,sarki,sofyan,hep_aglatti,erol_sayan,nihavent--sarki--sofyan--hep_aglatti--erol_sayan.txt,273,13,-1,362,304.9120879120879,318.0,70.10380669863301,363,44.25,0.0625,0.5,0.1620879120879121,0.125,0.09373989926194344,D5,47
nihavent,sarki,sofyan,hep_sen,erol_sayan,nihavent--sarki--sofyan--hep_sen--erol_sayan.txt,315,17,-1,371,303.8253968253968,322.0,77.3447365380772,372,55.75,0.0625,0.5,0.176984126984127,0.125,0.10251303454952851,D5,63
nihavent,sarki,sofyan,istinye_korfezinde,munir_nurettin_selcuk,nihavent--sarki--sofyan--istinye_korfezinde--munir_nurettin_selcuk.txt,418,19,-1,362,315.5311004784689,327.0,58.02844121354056,363,65.25,0.03125,1.0,0.15610047846889952,0.125,0.10930796625397927,D5,66
nihavent,sarki,sofyan,kandilli_yuzerken,munir_nurettin_selcuk,nihavent--sarki--sofyan--kandilli_yuzerken--munir_nurettin_selcuk.txt,299,16,-1,362,316.44816053511704,327.0,57.15444595929296,363,54.0,0.03125,1.0,0.1806020066889632,0.125,0.11632873877833605,G5,43
nihavent,sarki,sofyan,kanimda_kivilcim,osman_babuscu,nihavent--sarki--sofyan--kanimda_kivilcim--osman_babuscu.txt,735,18,-1,362,295.69795918367345,318.0,92.50024631338275,363,150.5,0.041666666666666664,1.0,0.20476190476190476,0.125,0.14424413059050017,D5,137
nihavent,sarki,sofyan,karsida_kandilli,amir_ates,nihavent--sarki--sofyan--karsida_kandilli--amir_ates.txt,658,18,-1,384,308.0227963525836,318.0,61.45999748453173,385,96.25,0.0625,0.5,0.14627659574468085,0.125,0.10401657796958616,B4b5,131
nihavent,sarki,sofyan,korfezde_meltem,ismail_otenkaya,nihavent--sarki--sofyan--korfezde_meltem--ismail_otenkaya.txt,451,14,-1,371,296.6208425720621,327.0,103.6476313078738,372,96.25,0.0625,1.0,0.21341463414634146,0.125,0.25680771649627765,B4b5,68
nihavent,sarki,sofyan,ne_dert,sadettin_kaynak,nihavent--sarki--sofyan--ne_dert--sadettin_kaynak.txt,538,20,-1,380,315.1840148698885,327.0,68.14994398414872,381,68.25,0.03125,1.0,0.12685873605947956,0.0625,0.11630376863849597,D5,76
nihavent,sarki,sofyan,sahilde_o,yesari_asim_arsoy,nihavent--sarki--sofyan--sahilde_o--yesari_asim_arsoy.txt,447,13,-1,380,323.2841163310962,327.0,38.88285606822512,381,39.5,0.03125,0.5,0.0883668903803132,0.0625,0.0859314827255861,D5,92
nihavent,sarki,sofyan,semalardan_gunes,misirli_udi_ibrahim_efendi,nihavent--sarki--sofyan--semalardan_gunes--misirli_udi_ibrahim_efendi.txt,452,17,-1,362,315.24778761061947,331.0,70.17981731127495,363,55.375,0.03125,1.0,0.12251106194690266,0.0625,0.0980416962938399,D5,71
nihavent,sarki,sofyan,uc_yil,muhlis_sabahaddin,nihavent--sarki--sofyan--uc_yil--muhlis_sabahaddin.txt,352,19,0,380,328.1619318181818,331.0,26.369701700387466,380,40.25,0.0625,0.5,0.11434659090909091,0.0625,0.08291647388044573,D5,55
nihavent,sarki,turkaksagi,ben_buy-i,haci_arif_bey,nihavent--sarki--turkaksagi--ben_buy-i--haci_arif_bey.txt,539,17,-1,362,317.012987012987,327.0,51.05869698047236,363,50.125,0.03125,0.5,0.09299628942486085,0.0625,0.06346099104154895,D5,90
nihavent,sarki,turkaksagi,bir_tatli_urperti,fethi_karamahmutoglu,nihavent--sarki--turkaksagi--bir_tatli_urperti--fethi_karamahmutoglu.txt,442,15,-1,362,292.6900452488688,327.0,101.56827553205663,363,79.5,0.125,0.5,0.17986425339366516,0.125,0.08965216046334394,C5,70
nihavent,sarki,turkaksagi,camlarda_safak,yesari_asim_arsoy,nihavent--sarki--turkaksagi--camlarda_safak--yesari_asim_arsoy.txt,386,17,0,362,325.96891191709847,327.0,23.630358359864072,362,44.75,0.03125,0.375,0.11593264248704663,0.0625,0.08984238963312623,D5,83
nihavent,sarki,turkaksagi,korfezdeki_dalgin,osman_nihat_akin,nihavent--sarki--turkaksagi--korfezdeki_dalgin--osman_nihat_akin.txt,416,14,-1,380,326.21153846153845,327.0,32.996654982544385,381,37.25,0.03125,0.625,0.08954326923076923,0.0625,0.08591044259785108,D5,96
nihavent,sarki,turkaksagi,nerelerde_kaldin,sermuezzin_hakki_bey,nihavent--sarki--turkaksagi--nerelerde_kaldin--sermuezzin_hakki_bey.txt,302,15,-1,371,312.55629139072846,327.0,66.06909056229519,372,30.125,0.03125,0.375,0.09975165562913907,0.0625,0.06046470440659872,D5,59
nihavent,sarki,yuruksemai,nedir_a,lemi_atli,nihavent--sarki--yuruksemai--nedir_a--lemi_atli.txt,329,18,-1,380,316.48936170212767,318.0,40.839521328429356,381,40.625,0.0625,0.375,0.12348024316109422,0.125,0.08850989715880729,D5,53
nihavent,sarki,yuruksemai,tez_gecse_de,sadettin_kaynak,nihavent--sarki--yuruksemai--tez_gecse_de--sadettin_kaynak.txt,484,19,-1,362,319.202479338843,327.0,50.06526086826099,363,96.25,0.0625,0.5,0.19886363636363635,0.1875,0.12454627799464278,D5,93
nihavent,sarki,yuruksemai_ii,acildi_bahcede,rifat_bey,nihavent--sarki--yuruksemai_ii--acildi_bahcede--rifat_bey.txt,299,14,-1,362,312.6254180602007,318.0,58.46171370396043,363,48.125,0.0625,0.625,0.1609531772575251,0.125,0.10272713162590456,D5,42
nihavent,sarki,yuruksemai_ii,ates_alevde,ozgen_gurbuz,nihavent--sarki--yuruksemai_ii--ates_alevde--ozgen_gurbuz.txt,611,16,-1,362,316.1603927986907,318.0,50.38104446925123,363,97.625,0.0625,0.5,0.15977905073649754,0.125,0.07025649928338615,A4,88
nihavent,sarki,yuruksemai_ii,sevdim_seni,tanburi_cemil_bey,nihavent--sarki--yuruksemai_ii--sevdim_seni--tanburi_cemil_bey.txt,437,16,-1,358,298.94736842105266,314.0,75.44236194511062,359,60.125,0.0625,0.625,0.1375858123569794,0.125,0.11724355219880565,B4b5,72
nihavent,sarki,yuruksemai_ii,suzup_suzup,rahmi_bey,nihavent--sarki--yuruksemai_ii--suzup_suzup--rahmi_bey.txt,481,16,-1,371,315.7754677754678,327.0,55.725064500481416,372,56.25,0.03125,0.875,0.11694386694386695,0.09375,0.08323602632650544,D5,90
nihavent,sarki,yuruksemai_ii,vucud_ikliminin,haci_arif_bey,nihavent--sarki--yuruksemai_ii--vucud_ikliminin--haci_arif_bey.txt,182,14,-1,362,301.7142857142857,309.0,67.5566119405813,363,24.125,0.0625,0.375,0.13255494505494506,0.125,0.08170699404557615,G4,29
nihavent,sazeseri,nimsofyan,kanatlarim_olsaydi,serif_muhittin_targan,nihavent--sazeseri--nimsofyan--kanatlarim_olsaydi--serif_muhittin_targan.txt,510,20,-1,402,327.8156862745098,331.0,54.03670939008822,403,44.25,0.03125,0.25,0.08676470588235294,0.0625,0.04944974507743935,D5,97
nihavent,sazeseri,nimsofyan,seytanin_ruyasi,muhammet_yildirir,nihavent--sazeseri--nimsofyan--seytanin_ruyasi--muhammet_yildirir.txt,1035,35,-1,424,328.97777777777776,327.0,39.78098270529432,425,36.25,0.015625,0.25,0.035024154589371984,0.03125,0.017833434365143987,C5,95
nihavent,sazsemaisi,aksaksemai,,mesut_cemil,nihavent--sazsemaisi--aksaksemai----mesut_cemil.txt,1174,35,-1,384,309.78790459965927,327.0,78.27005400536547,385,134.625,0.03125,1.25,0.11467206132879046,0.125,0.08305531091145292,D5,134
nihavent,sazsemaisi,aksaksemai,,refik_fersan,nihavent--sazsemaisi--aksaksemai----refik_fersan.txt,575,20,-1,384,311.2695652173913,327.0,78.77245509609551,385,82.75,0.03125,1.5,0.14391304347826087,0.125,0.18435244195595282,D5,72
nihavent,sazsemaisi,aksaksemai,,vecdi_seyhun,nihavent--sazsemaisi--aksaksemai----vecdi_seyhun.txt,844,27,-1,393,310.65995260663504,327.0,71.39735106780594,394,106.0,0.03125,1.5,0.12559241706161137,0.0625,0.1859958138338174,E5b5,110
nihavent,sazsemaisi,senginsemai,,erzurumlu_hasib_dede,nihavent--sazsemaisi--senginsemai----erzurumlu_hasib_dede.txt,573,14,-1,362,286.81675392670155,309.0,91.41261025274801,363,92.125,0.0625,1.5,0.16077661431064572,0.125,0.12566052341312733,G4,90
nihavent,seyir,semai,1,rauf_yekta,nihavent--seyir--semai--1--rauf_yekta.txt,73,13,-1,362,288.36986301369865,318.0,103.78938433852404,363,24.0,0.25,0.5,0.3287671232876712,0.25,0.11693950484330982,D5,11
nihavent,seyir,sofyan,1,erol_bingol,nihavent--seyir--sofyan--1--erol_bingol.txt,53,11,291,362,325.0943396226415,327.0,16.738100424047982,71,8.0,0.0625,0.5,0.1509433962264151,0.125,0.11461287937667854,D5,13
nihavent,seyir,sofyan,1,sefik_gurmeric,nihavent--seyir--sofyan--1--sefik_gurmeric.txt,111,16,-1,362,300.73873873873873,318.0,80.55034695616396,363,16.0,0.0625,0.75,0.14414414414414414,0.125,0.10518949107957047,D5,18
nihavent,seyir,turkaksagi,1,erol_bingol,nihavent--seyir--turkaksagi--1--erol_bingol.txt,76,11,291,362,318.5921052631579,318.0,17.165218811366934,71,10.0,0.0625,0.375,0.13157894736842105,0.125,0.08754697986915667,D5,14
nihavent,taksim,serbest,-tanburi_cemil_bey,,nihavent--taksim--serbest---tanburi_cemil_bey.txt,316,20,-1,371,296.1645569620253,322.0,86.02896232578138,372,32.40625,0.015625,0.5,0.10255142405063292,0.0625,0.07183365668050476,D5,72
nihavent,tango,nimsofyan,papatya_gibisin,necdet_koyuturk,nihavent--tango--nimsofyan--papatya_gibisin--necdet_koyuturk.txt,198,10,-1,331,280.4191919191919,305.0,84.61696938542015,332,16.0,0.03125,0.25,0.08080808080808081,0.0625,0.04508480908810863,A4,37
nihavent,turku,agir_aksaksemai,bir_ates_ver,,nihavent--turku--agir_aksaksemai--bir_ates_ver--.txt,370,10,0,349,319.2567567567568,327.0,22.957637912127588,349,32.4375,0.03125,0.25,0.08766891891891893,0.0625,0.04809388592458236,D5,112
nihavent,turku,aksak,evlerinin_onu,muzaffer_sarisozen,nihavent--turku--aksak--evlerinin_onu--muzaffer_sarisozen.txt,567,11,-1,349,317.09347442680775,322.0,38.355922091142595,350,86.25,0.03125,0.75,0.15211640211640212,0.125,0.10159679105135284,D5,152
nihavent,turku,azeriyuruksemai,aman_avci,,nihavent--turku--azeriyuruksemai--aman_avci--.txt,382,9,0,349,316.1151832460733,318.0,21.79834398205592,349,56.75,0.0625,0.375,0.14856020942408377,0.125,0.06998468364837303,C5,75
nihavent,turku,nimsofyan,uskudara_gider,,nihavent--turku--nimsofyan--uskudara_gider--.txt,132,8,-1,340,300.42424242424244,318.0,67.10094039364705,341,12.25,0.0625,0.25,0.0928030303030303,0.0625,0.05647740741215973,D5,30
nihavent,yuruksemai,yuruksemai,ayrildi_gonul,zeki_duygulu,nihavent--yuruksemai--yuruksemai--ayrildi_gonul--zeki_duygulu.txt,419,16,-1,362,322.6157517899761,327.0,36.0159167378058,363,72.25,0.03125,0.5,0.1724343675417661,0.125,0.11050251621014645,D5,81
nihavent,yuruksemai,yuruksemai,bu_tab,ali_rifat_cagatay,nihavent--yuruksemai--yuruksemai--bu_tab--ali_rifat_cagatay.txt,1194,19,-1,380,291.02010050251255,327.0,98.09923434991828,381,201.5,0.03125,1.0,0.16876046901172528,0.125,0.0923053325021351,D5,277
nihavent,yuruksemai,yuruksemai,ruhsarina_aybetme,munir_nurettin_selcuk,nihavent--yuruksemai--yuruksemai--ruhsarina_aybetme--munir_nurettin_selcuk.txt,914,16,-1,380,312.9277899343545,327.0,74.83791345568443,381,130.75,0.03125,0.5,0.14305251641137856,0.125,0.1035515232498961,D5,135
nikriz,agirsemai,aksaksemai,benim_curmum,akin_ozkan,nikriz--agirsemai--aksaksemai--benim_curmum--akin_ozkan.txt,696,19,-1,375,309.2241379310345,327.0,74.29729348636901,376,60.125,0.03125,0.375,0.08638649425287356,0.0625,0.06007771934500218,D5,139
nikriz,aranagme,evfer,1,,nikriz--aranagme--evfer--1--.txt,111,12,-1,349,287.4054054054054,310.0,88.12360929949769,350,11.375,0.03125,0.375,0.10247747747747747,0.0625,0.06809751989167606,G4,26
nikriz,fantezi,yuruksemai_ii,uzaga_gitme,bilge_ozgen,nikriz--fantezi--yuruksemai_ii--uzaga_gitme--bilge_ozgen.txt,511,12,-1,358,318.4755381604697,327.0,42.564816646279404,359,78.125,0.0625,0.75,0.15288649706457927,0.125,0.10437247042213339,D5,126
nikriz,kupe,devrirevanihindi,halka-i_mecliste,ahmet_avni_konuk,nikriz--kupe--devrirevanihindi--halka-i_mecliste--ahmet_avni_konuk.txt,126,10,-1,349,304.43650793650795,322.0,69.84766235535686,350,14.0,0.0625,0.375,0.1111111111111111,0.125,0.0674948557710553,D5,30
nikriz,longa,nimsofyan,,haydar_tatliyay,nikriz--longa--nimsofyan----haydar_tatliyay.txt,462,23,0,375,326.995670995671,327.0,27.137713843882143,375,41.25,0.0625,0.5,0.08928571428571429,0.0625,0.06606834011492002,D5,58
nikriz,longa,nimsofyan,,tanburi_cemil_bey,nikriz--longa--nimsofyan----tanburi_cemil_bey.txt,379,12,-1,358,325.1873350923483,327.0,32.85271361024426,359,40.25,0.03125,0.5,0.10620052770448549,0.0625,0.08515553401433029,D5,100
nikriz,longa,nimsofyan,2,tanburi_cemil_bey,nikriz--longa--nimsofyan--2--tanburi_cemil_bey.txt,481,20,0,380,315.71725571725574,310.0,30.67930718122378,380,40.25,0.03125,0.25,0.08367983367983368,0.0625,0.03981187386704642,G4,92
nikriz,nakis,yuruksemai,meclis-i_meyde,kassamzade_mehmet_efendi,nikriz--nakis--yuruksemai--meclis-i_meyde--kassamzade_mehmet_efendi.txt,612,17,-1,367,301.43464052287584,327.0,87.24940628032898,368,181.75,0.0625,1.25,0.29697712418300654,0.25,0.1877484323098728,D5,128
nikriz,pesrev,cenber,,mumin_aga,nikriz--pesrev--cenber----mumin_aga.txt,347,10,-1,336,307.69452449567723,310.0,42.400908608861876,337,60.25,0.0625,0.5,0.17363112391930835,0.125,0.0876130530411081,A4,75
nikriz,sarki,aksak,elmas_senin,tanburi_mustafa_cavus,nikriz--sarki--aksak--elmas_senin--tanburi_mustafa_cavus.txt,565,12,-1,358,317.8212389380531,327.0,49.57952536422413,359,50.75,0.0625,1.0,0.08982300884955752,0.0625,0.06867840954579017,D5,132
nikriz,sarki,aksak,sevdim_seni,sinan_sipahi,nikriz--sarki--aksak--sevdim_seni--sinan_sipahi.txt,497,15,-1,366,287.943661971831,318.0,94.72207247086514,367,90.125,0.125,1.0,0.1813380281690141,0.125,0.1207756785898799,D5,94
nikriz,sarki,curcuna,gozumun_yasini,nihal_erkutun,nikriz--sarki--curcuna--gozumun_yasini--nihal_erkutun.txt,276,12,-1,349,309.6195652173913,327.0,67.8804043044644,350,46.375,0.0625,0.625,0.16802536231884058,0.125,0.10479978873094195,D5,63
nikriz,sarki,curcuna,o_guzel,emin_ongan,nikriz--sarki--curcuna--o_guzel--emin_ongan.txt,359,15,-1,349,307.60724233983285,322.0,67.92856133180436,350,58.875,0.0625,0.625,0.16399721448467966,0.125,0.12955366543195954,D5,95
nikriz,sarki,curcuna,yalovanin_sen,yesari_asim_arsoy,nikriz--sarki--curcuna--yalovanin_sen--yesari_asim_arsoy.txt,347,16,-1,358,302.8876080691643,327.0,82.71048847516079,359,62.625,0.0625,1.25,0.18047550432276657,0.125,0.11967603236206907,D5,61
nikriz,sarki,devrihindi,her_sabah,omer_dilek,nikriz--sarki--devrihindi--her_sabah--omer_dilek.txt,635,17,-1,371,316.6582677165354,327.0,57.83184102301413,372,70.125,0.03125,0.25,0.11043307086614174,0.09375,0.06286885987368258,D5,148
nikriz,sarki,duyek,gonul_ne,faize_ergin,nikriz--sarki--duyek--gonul_ne--faize_ergin.txt,370,17,-1,371,317.9189189189189,327.0,50.4458057315102,372,47.875,0.03125,0.875,0.1293918918918919,0.0625,0.14728419448440666,D5,68
nikriz,sarki,evfer,yere_dussen,irfan_dogrusoz,nikriz--sarki--evfer--yere_dussen--irfan_dogrusoz.txt,550,19,-1,371,297.74,322.0,89.44489628685837,372,56.375,0.03125,0.375,0.1025,0.0625,0.0702817239365255,D5,90
nikriz,sarki,sofyan,simsiyah,yilmaz_karakoyunlu,nikriz--sarki--sofyan--simsiyah--yilmaz_karakoyunlu.txt,447,15,-1,380,300.9552572706935,327.0,91.53103697121317,381,68.0625,0.0625,1.125,0.15226510067114093,0.125,0.10865425103554498,F5#4,63
nikriz,sarki,turkaksagi,bir_destan,selahattin_icli,nikriz--sarki--turkaksagi--bir_destan--selahattin_icli.txt,587,15,-1,349,296.34241908006817,310.0,75.6639798000955,350,65.125,0.03125,0.5,0.11094548551959114,0.125,0.06303014978497895,G4,185
nikriz,sarki,turkaksagi,sevginle_inan,kani_karaca,nikriz--sarki--turkaksagi--sevginle_inan--kani_karaca.txt,398,15,-1,358,318.7462311557789,327.0,39.79738891687926,359,39.75,0.03125,0.375,0.09987437185929648,0.0625,0.0679444152280934,D5,72
nikriz,sazsemaisi,aksaksemai,,refik_fersan,nikriz--sazsemaisi--aksaksemai----refik_fersan.txt,896,29,-1,389,312.9765625,322.0,61.459842980859,390,80.5,0.03125,1.25,0.08984375,0.0625,0.0797759680260158,D5,125
nikriz,seyir,duyek,1,erol_bingol,nikriz--seyir--duyek--1--erol_bingol.txt,57,11,291,358,325.9298245614035,327.0,16.232528683747077,67,8.0,0.0625,0.5,0.14035087719298245,0.125,0.08035279158366695,D5,14
nikriz,seyir,duyek,1,sefik_gurmeric,nikriz--seyir--duyek--1--sefik_gurmeric.txt,110,16,274,363,322.73636363636365,327.0,17.667508805417114,89,16.0,0.0625,0.5,0.14545454545454545,0.125,0.10475680760989801,D5,24
nikriz,sirto,nimsofyan,,refik_fersan,nikriz--sirto--nimsofyan----refik_fersan.txt,871,20,-1,367,304.2548794489093,318.0,68.11833362310692,368,113.25,0.03125,0.5,0.13002296211251435,0.125,0.08734183542512926,D5,143
nikriz,sirto,nimsofyan,,tanburi_cemil_bey,nikriz--sirto--nimsofyan----tanburi_cemil_bey.txt,353,16,-1,358,313.91218130311614,327.0,61.359231857552246,359,22.25,0.03125,0.25,0.06303116147308782,0.0625,0.027194432182604384,D5,59
nikriz,turku,ciftesofyan,penceresi_yola,,nikriz--turku--ciftesofyan--penceresi_yola--.txt,365,10,-1,358,310.12602739726026,310.0,46.44618186379287,359,63.125,0.0625,0.375,0.17294520547945205,0.125,0.07536010443835922,D5,82
nikriz,turku,devrituran,ben_giderim,,nikriz--turku--devrituran--ben_giderim--.txt,297,12,-1,349,303.15824915824913,310.0,61.353361829120715,350,53.0,0.125,0.5,0.17845117845117844,0.125,0.07712830531021332,B4b4,63
nikriz,turku,evfer,dagbasinda_tuter,kadri_sencalar,nikriz--turku--evfer--dagbasinda_tuter--kadri_sencalar.txt,277,13,-1,349,304.028880866426,305.0,52.146941527759076,350,36.125,0.03125,0.375,0.13041516245487364,0.125,0.07274701189933153,G4,64
nikriz,turku,nimsofyan,sokak_basi,giresun,nikriz--turku--nimsofyan--sokak_basi--giresun.txt,543,10,-1,336,295.4659300184162,310.0,66.18445542329218,337,26.25,0.03125,0.25,0.04834254143646409,0.03125,0.02388214015999058,G4,126
nikriz,turku,oynak,yoruk_de,,nikriz--turku--oynak--yoruk_de--.txt,387,14,-1,358,295.4573643410853,318.0,86.16498282698235,359,49.625,0.0625,0.5,0.1282299741602067,0.125,0.08671035299685216,D5,56
nikriz,turku,sofyan,kahve_yemenden,,nikriz--turku--sofyan--kahve_yemenden--.txt,607,12,-1,340,312.68039538714993,318.0,26.15105891453847,341,73.25,0.03125,0.75,0.12067545304777595,0.125,0.06770288619470435,D5,131
nikriz,turku,turkaksagi,haydar_haydar,erzincan,nikriz--turku--turkaksagi--haydar_haydar--erzincan.txt,834,15,-1,358,308.3764988009592,305.0,29.534519640447094,359,80.125,0.03125,0.5,0.09607314148681055,0.0625,0.0612628043638436,G4,272
nikriz,turku,turkaksagi,sen_bu,trabzon,nikriz--turku--turkaksagi--sen_bu--trabzon.txt,392,14,-1,349,297.6530612244898,305.0,69.41831417966094,350,43.875,0.0625,0.25,0.11192602040816327,0.125,0.04343567883534285,A4,93
nikriz,zeybek,agiraksak,,izmir,nikriz--zeybek--agiraksak----izmir.txt,361,13,-1,358,295.2631578947368,322.0,88.96456847781843,359,36.25,0.03125,0.25,0.10041551246537396,0.0625,0.05807333342413951,D5,64
nikriz,zeybek,aksak,1,tanburi_cemil_bey,nikriz--zeybek--aksak--1--tanburi_cemil_bey.txt,491,15,0,380,326.5947046843177,327.0,22.438321185344776,380,41.75,0.03125,0.25,0.08503054989816701,0.0625,0.05144800724180459,D5,97
nikriz,zeybek,aksak,2,tanburi_cemil_bey,nikriz--zeybek--aksak--2--tanburi_cemil_bey.txt,609,11,-1,358,322.26929392446635,327.0,28.195447904934014,359,40.625,0.020833333333333332,0.375,0.06670771756978654,0.0625,0.036926791767083904,D5,110
nikriz,zeybek,aksak,sobalarinda_guru,denizli,nikriz--zeybek--aksak--sobalarinda_guru--denizli.txt,557,11,-1,349,296.3052064631957,322.0,83.4169784455651,350,72.25,0.03125,0.75,0.12971274685816875,0.125,0.08701985725482335,D5,114
nisabur,beste,muhammes,renc-i_hatir,tanburi_ali_efendi,nisabur--beste--muhammes--renc-i_hatir--tanburi_ali_efendi.txt,733,18,-1,380,316.6766712141883,336.0,82.34819093734046,381,112.25,0.0625,1.0,0.15313778990450205,0.125,0.12541411231292893,F5,130
nisabur,kupe,musemmen,bezm-i,ahmet_avni_konuk,nisabur--kupe--musemmen--bezm-i--ahmet_avni_konuk.txt,76,10,-1,358,304.7236842105263,327.0,90.68165543029609,359,8.0,0.0625,0.25,0.10526315789473684,0.0625,0.06308932681440449,D5,21
nisabur,seyir,sofyan,1,sefik_gurmeric,nisabur--seyir--sofyan--1--sefik_gurmeric.txt,93,9,-1,358,321.247311827957,327.0,49.37250949447618,359,16.0,0.0625,0.5,0.17204301075268819,0.125,0.10613641386140092,D5,24
nisabur,turku,nimsofyan,sultan_murat,,nisabur--turku--nimsofyan--sultan_murat--.txt,303,7,0,349,329.6963696369637,327.0,21.427072218642383,349,29.25,0.03125,0.5,0.09653465346534654,0.0625,0.05573352327238093,D5,116
nisabur,turku,sofyan,estireyim_mi,bolu,nisabur--turku--sofyan--estireyim_mi--bolu.txt,188,6,-1,340,307.3510638297872,327.0,77.35994174698884,341,20.25,0.03125,0.375,0.1077127659574468,0.125,0.05846197124753954,D5,77
nisaburek,agirsemai,agir_aksaksemai,bilmem_ki,necmi_piskin,nisaburek--agirsemai--agir_aksaksemai--bilmem_ki--necmi_piskin.txt,498,12,-1,367,303.96385542168673,321.0,82.28359642259568,368,74.25,0.0625,0.75,0.14909638554216867,0.125,0.09959266509453266,E5,101
nisaburek,aranagme,duyek,1,,nisaburek--aranagme--duyek--1--.txt,73,9,0,358,325.6986301369863,327.0,41.87703060798195,358,8.125,0.0625,0.25,0.1113013698630137,0.125,0.05129251215969996,F5#5,14
nisaburek,beste,hafif,bir_kerre_yuzun,muallim_ismail_hakki_bey,nisaburek--beste--hafif--bir_kerre_yuzun--muallim_ismail_hakki_bey.txt,564,13,-1,367,311.4929078014184,327.0,73.84553716991522,368,128.25,0.0625,0.75,0.22739361702127658,0.125,0.14759078820981816,C5#4,120
nisaburek,kupe,duyek,fasl-i,ahmet_avni_konuk,nisaburek--kupe--duyek--fasl-i--ahmet_avni_konuk.txt,74,7,-1,349,307.35135135135135,321.0,75.21884644929443,350,16.0,0.0625,0.5,0.21621621621621623,0.25,0.11341390075346582,E5,14
nisaburek,medhal,sofyan,,ali_rifat_cagatay,nisaburek--medhal--sofyan----ali_rifat_cagatay.txt,659,20,-1,398,307.7101669195751,314.0,59.19954460878047,399,98.75,0.0625,1.0,0.14984825493171472,0.125,0.13473305999329488,A4,200
nisaburek,pesrev,duyek,,fahri_kopuz,nisaburek--pesrev--duyek----fahri_kopuz.txt,1019,28,-1,380,310.2404317958783,327.0,80.68812655164666,381,108.125,0.03125,0.75,0.10610893032384691,0.0625,0.08812178524319246,E5,148
nisaburek,pesrev,muhammes,,tanburi_buyuk_osman_bey,nisaburek--pesrev--muhammes----tanburi_buyuk_osman_bey.txt,693,18,-1,380,308.027417027417,321.0,69.81271890715033,381,128.25,0.0625,0.75,0.18506493506493507,0.125,0.11566351422557065,B4,121
nisaburek,sarki,agiraksak,ey_nihal-i,akin_ozkan,nisaburek--sarki--agiraksak--ey_nihal-i--akin_ozkan.txt,522,14,-1,367,316.7547892720307,327.0,59.99777048043914,368,72.25,0.03125,0.625,0.13840996168582376,0.125,0.10279901979412023,C5#4,97
nisaburek,sarki,aksak,artik_demir,ferit_sidal,nisaburek--sarki--aksak--artik_demir--ferit_sidal.txt,299,14,0,367,325.9230769230769,327.0,22.979070632753402,367,49.625,0.0625,0.5,0.16596989966555184,0.125,0.08594605240000416,E5,72
nisaburek,sarki,aksak,bir_eski,cinucen_tanrikorur,nisaburek--sarki--aksak--bir_eski--cinucen_tanrikorur.txt,385,21,-1,398,324.1844155844156,345.0,78.71202633541357,399,89.75,0.0625,1.0,0.2331168831168831,0.25,0.1625020812387534,E5,54
nisaburek,sarki,aydin,meclise_gel,tanburi_mustafa_cavus,nisaburek--sarki--aydin--meclise_gel--tanburi_mustafa_cavus.txt,332,15,-1,367,310.8734939759036,327.0,80.39323081683648,368,49.625,0.125,0.5,0.14947289156626506,0.125,0.05593297553624928,E5,62
nisaburek,sarki,devrihindi,gonlum_ozler,erdinc_celikkol,nisaburek--sarki--devrihindi--gonlum_ozler--erdinc_celikkol.txt,302,15,0,380,332.1158940397351,336.0,25.159091387222148,380,55.75,0.0625,0.5,0.18460264900662252,0.125,0.1285496312736861,E5,49
nisaburek,sarki,duyek,acildi_bahcede,fehmi_tokay,nisaburek--sarki--duyek--acildi_bahcede--fehmi_tokay.txt,211,10,-1,358,321.13270142180096,327.0,56.84499744963071,359,24.0,0.03125,0.25,0.11374407582938388,0.125,0.065996876913655,E5,47
nisaburek,sarki,duyek,ayrilik_yari,selahaddin_pinar,nisaburek--sarki--duyek--ayrilik_yari--selahaddin_pinar.txt,360,16,-1,367,321.84444444444443,327.0,57.148667211369876,368,48.125,0.0625,0.5,0.13368055555555555,0.125,0.06001823687305939,C5#4,52
nisaburek,sarki,duyek,omr-u_beser,yuksel_kip,nisaburek--sarki--duyek--omr-u_beser--yuksel_kip.txt,182,13,-1,380,291.57142857142856,327.0,118.70797474290079,381,32.125,0.0625,0.5,0.17651098901098902,0.125,0.07666961040948635,C5#4,28
nisaburek,sarki,kapali_curcuna,titrer_yuregim,emin_ongan,nisaburek--sarki--kapali_curcuna--titrer_yuregim--emin_ongan.txt,432,13,-1,380,330.2916666666667,327.0,32.13801624504931,381,68.875,0.0625,1.25,0.15943287037037038,0.125,0.17217641598365377,E5,93
nisaburek,sarki,musemmen,bin_zeban,yusuf_ziya_pasa,nisaburek--sarki--musemmen--bin_zeban--yusuf_ziya_pasa.txt,262,12,-1,358,317.30152671755724,321.0,46.53994203430807,359,44.125,0.0625,0.625,0.16841603053435114,0.125,0.10010564635270355,C5#4,63
nisaburek,sarki,musemmen,gul_yuzun,vecihe_daryal,nisaburek--sarki--musemmen--gul_yuzun--vecihe_daryal.txt,323,18,-1,374,314.19195046439626,327.0,73.43755743375489,375,40.125,0.0625,0.5,0.12422600619195047,0.125,0.07740941413104588,E5,73
nisaburek,sarki,musemmen,iftirakinla_efendim,cevdet_cagla,nisaburek--sarki--musemmen--iftirakinla_efendim--cevdet_cagla.txt,337,20,-1,380,322.15430267062317,336.0,59.517353818353435,381,40.125,0.0625,0.375,0.1190652818991098,0.125,0.06184190586348414,E5,61
nisaburek,sarki,semai,aski_fisildar,neveser_kokdes,nisaburek--sarki--semai--aski_fisildar--neveser_kokdes.txt,368,16,-1,380,317.9347826086956,327.0,53.2651184812265,381,108.25,0.0625,1.25,0.29415760869565216,0.25,0.22055633989984377,E5,69
nisaburek,sarki,senginsemai,gormek_ister,garbis_efendi,nisaburek--sarki--senginsemai--gormek_ister--garbis_efendi.txt,347,16,-1,358,304.4351585014409,322.0,79.08087049486905,359,48.25,0.03125,0.375,0.13904899135446686,0.125,0.07926137830002804,E5,67
nisaburek,sarki,sofyan,kirdi_gecirdi,medeni_aziz_efendi,nisaburek--sarki--sofyan--kirdi_gecirdi--medeni_aziz_efendi.txt,409,13,-1,367,313.2909535452323,327.0,67.08960894762606,368,48.25,0.0625,0.5,0.11797066014669927,0.125,0.07262017841849279,E5,80
nisaburek,sarki,turkaksagi,bir_soz_dedi,munir_nurettin_selcuk,nisaburek--sarki--turkaksagi--bir_soz_dedi--munir_nurettin_selcuk.txt,628,17,-1,380,311.43152866242036,327.0,79.63925898789567,381,69.75,0.03125,0.375,0.11106687898089172,0.125,0.05855203340416151,C5#4,113
nisaburek,sarki,turkaksagi,varsin_gonul,lemi_atli,nisaburek--sarki--turkaksagi--varsin_gonul--lemi_atli.txt,367,16,-1,371,301.7901907356948,321.0,85.22539778789887,372,48.875,0.03125,0.5,0.13317438692098094,0.125,0.08800850429655391,E5,77
nisaburek,sarki,yuruksemai_ii,mest-i_nazim,yusuf_ziya_pasa,nisaburek--sarki--yuruksemai_ii--mest-i_nazim--yusuf_ziya_pasa.txt,257,13,0,367,321.5875486381323,322.0,25.39471833586616,367,54.125,0.125,0.625,0.21060311284046693,0.125,0.11360965788731332,C5#4,50
nisaburek,sarki,yuruksemai_ii,meyledip_bir,ali_rifat_cagatay,nisaburek--sarki--yuruksemai_ii--meyledip_bir--ali_rifat_cagatay.txt,787,14,-1,374,316.8996188055909,327.0,64.88854282287735,375,99.125,0.0625,0.75,0.12595298602287167,0.125,0.08667989178172267,E5,146
nisaburek,sazsemaisi,aksaksemai,,munir_mazhar_kamsoy,nisaburek--sazsemaisi--aksaksemai----munir_mazhar_kamsoy.txt,900,19,-1,371,306.03555555555556,321.0,74.95543252929167,372,97.625,0.03125,1.25,0.10847222222222222,0.125,0.07266067543581792,C5#4,164
nisaburek,seyir,devrihindi,1,erol_bingol,nisaburek--seyir--devrihindi--1--erol_bingol.txt,82,13,283,367,325.3658536585366,327.0,17.135273124894727,84,14.0,0.0625,0.5,0.17073170731707318,0.125,0.10938272921887654,E5,14
nisaburek,seyir,senginsemai,1,erol_bingol,nisaburek--seyir--senginsemai--1--erol_bingol.txt,52,9,-1,358,321.90384615384613,327.0,47.53626463559457,359,12.0,0.0625,1.0,0.23076923076923078,0.15625,0.16767699052743598,D5,11
nisaburek,seyir,sofyan,1,sefik_gurmeric,nisaburek--seyir--sofyan--1--sefik_gurmeric.txt,81,14,-1,358,317.2098765432099,327.0,53.017618781255806,359,16.0,0.0625,1.0,0.19753086419753085,0.125,0.15195882143032638,E5,15
nisaburek,turku,aksak,fincani_tastan,,nisaburek--turku--aksak--fincani_tastan--.txt,417,10,-1,358,307.9736211031175,321.0,67.26048513186177,359,71.5,0.125,0.5,0.17146282973621102,0.125,0.09755616816368423,A4,72
nisaburek,yuruksemai,yuruksemai,ey_gul,yusuf_ziya_pasa,nisaburek--yuruksemai--yuruksemai--ey_gul--yusuf_ziya_pasa.txt,349,15,0,367,321.31518624641836,321.0,22.729754760529936,367,48.25,0.0625,0.5,0.13825214899713467,0.0625,0.11441877497059143,C5#4,72
nisabureyn,pesrev,devriaryan,,ozan_yarman,nisabureyn--pesrev--devriaryan----ozan_yarman.txt,901,36,-1,389,320.60044395116535,336.0,70.89698441966829,390,82.125,0.03125,0.375,0.09114872364039955,0.0625,0.05260939471480341,D5,130
nuhuft,beste,devrihindi,mevsimi_gul,aheni_celebi,nuhuft--beste--devrihindi--mevsimi_gul--aheni_celebi.txt,653,19,-1,371,308.33078101071976,336.0,86.79355089784362,372,105.25,0.0625,0.75,0.1611791730474732,0.125,0.09259864195523138,D5,113
nuhuft,kupe,aksaksemai,etme,ahmet_avni_konuk,nuhuft--kupe--aksaksemai--etme--ahmet_avni_konuk.txt,91,14,-1,358,308.1758241758242,327.0,60.88907827746987,359,10.0,0.0625,0.25,0.10989010989010989,0.125,0.05616556884178352,D5,20
nuhuft,murabba,darbifetih,ta_kim_hattin,seyyid_nuh,nuhuft--murabba--darbifetih--ta_kim_hattin--seyyid_nuh.txt,803,16,-1,366,306.7596513075965,327.0,76.85274818520747,367,87.75,0.03125,0.5,0.10927770859277709,0.0625,0.08382598682575401,D5,193
nuhuft,seyir,sofyan,1,sefik_gurmeric,nuhuft--seyir--sofyan--1--sefik_gurmeric.txt,96,14,274,358,317.1041666666667,318.0,19.3289960349548,84,16.0,0.0625,1.0,0.16666666666666666,0.125,0.12521910621547938,D5,18
pencgah,murabba,firengifer,hem_sohbet-i,itri,pencgah--murabba--firengifer--hem_sohbet-i--itri.txt,512,16,-1,371,302.796875,327.0,89.79738962772267,372,96.5,0.0625,1.0,0.1884765625,0.125,0.12849430392966027,D5,118
pencgah,seyir,semai,1,rauf_yekta,pencgah--seyir--semai--1--rauf_yekta.txt,85,11,-1,349,290.7529411764706,318.0,95.26515700955949,350,24.0,0.125,0.5,0.2823529411764706,0.25,0.11271959582483058,D5,23
pencgah,seyir,sofyan,1,sefik_gurmeric,pencgah--seyir--sofyan--1--sefik_gurmeric.txt,88,11,-1,358,316.77272727272725,327.0,51.027990352090505,359,16.0,0.0625,1.0,0.18181818181818182,0.125,0.13321981191366167,D5,20
pencgah,tevsihilahi,sofyan,ya_resulallah,,pencgah--tevsihilahi--sofyan--ya_resulallah--.txt,343,10,-1,349,308.16326530612247,322.0,62.479677564827796,350,48.25,0.0625,0.375,0.14067055393586006,0.125,0.059354058882544906,D5,88
pencgahiasl,kupe,devrirevanihindi,pencugah-i_asl,ahmet_avni_konuk,pencgahiasl--kupe--devrirevanihindi--pencugah-i_asl--ahmet_avni_konuk.txt,112,10,-1,349,302.64285714285717,318.0,73.84996442664848,350,14.0,0.0625,0.5,0.125,0.125,0.07914591951943308,D5,25
pencgahizaid,kupe,devrirevan,,ahmet_avni_konuk,pencgahizaid--kupe--devrirevan----ahmet_avni_konuk.txt,106,13,-1,358,305.64150943396226,321.5,69.91929887945922,359,14.0,0.0625,0.5,0.1320754716981132,0.125,0.08977516340314338,D5,25
pencgahizaid,seyir,sofyan,1,sefik_gurmeric,pencgahizaid--seyir--sofyan--1--sefik_gurmeric.txt,80,13,-1,358,317.4875,322.0,38.992045196521744,359,16.0,0.0625,1.0,0.2,0.125,0.14077655335560518,D5,16
pesendide,kupe,devrirevan,,ahmet_avni_konuk,pesendide--kupe--devrirevan----ahmet_avni_konuk.txt,112,15,-1,362,312.51785714285717,327.0,70.1794331083034,363,14.0,0.0625,0.5,0.125,0.125,0.07069076803009489,D5,23
pesendide,nakis,yuruksemai,ey_afet-i_can,dede_efendi,pesendide--nakis--yuruksemai--ey_afet-i_can--dede_efendi.txt,557,16,-1,362,305.8958707360862,327.0,78.72456721328173,363,103.75,0.0625,1.0,0.1862657091561939,0.125,0.12831292783317466,D5,100
pesendide,sazsemaisi,aksaksemai,,iii_selim,pesendide--sazsemaisi--aksaksemai----iii_selim.txt,253,20,-1,371,299.4505928853755,313.0,83.85878701937787,372,31.125,0.0625,0.375,0.12302371541501976,0.125,0.05619858700518196,A4,35
pesendide,seyir,sofyan,1,sefik_gurmeric,pesendide--seyir--sofyan--1--sefik_gurmeric.txt,94,15,-1,358,311.8404255319149,322.0,50.36432924235196,359,16.0,0.0625,1.0,0.1702127659574468,0.125,0.12479965642532882,D5,19
pesendide,turku,sofyan,samavir_kuydum,,pesendide--turku--sofyan--samavir_kuydum--.txt,113,8,0,366,325.0,327.0,36.21192581772711,366,10.125,0.0625,0.25,0.08960176991150443,0.0625,0.03994634567208532,D5,25
peykinesat,pesrev,yuruksemai_ii,,nefiri_behram_aga,peykinesat--pesrev--yuruksemai_ii----nefiri_behram_aga.txt,312,16,-1,371,302.0544871794872,313.0,73.10697957182741,372,42.125,0.0625,0.25,0.13501602564102563,0.125,0.05908975732569588,A4,46
rahatfeza,kupe,evfer,etse,ahmet_avni_konuk,rahatfeza--kupe--evfer--etse--ahmet_avni_konuk.txt,104,11,-1,362,286.9807692307692,327.0,110.60074094883662,363,18.0,0.0625,0.5,0.17307692307692307,0.125,0.09018537460354853,F5,21
rahatulervah,kupe,evfer,hic,ahmet_avni_konuk,rahatulervah--kupe--evfer--hic--ahmet_avni_konuk.txt,107,12,-1,358,279.1214953271028,321.0,110.15321321980838,359,18.0,0.0625,0.5,0.16822429906542055,0.125,0.09537167199477803,C5#4,18
rahatulervah,seyir,sofyan,1,sefik_gurmeric,rahatulervah--seyir--sofyan--1--sefik_gurmeric.txt,88,17,-1,358,310.65909090909093,310.0,39.180949617858396,359,16.0,0.0625,1.0,0.18181818181818182,0.125,0.12945937945930974,A4,12
rast,agirsemai,aksaksemai,cekmis_yuzune,tascizade_recep_celebi,rast--agirsemai--aksaksemai--cekmis_yuzune--tascizade_recep_celebi.txt,453,8,-1,336,286.56512141280353,313.0,91.55632398807128,337,73.5,0.0625,0.625,0.16225165562913907,0.125,0.09402948971685489,D5,100
rast,agirsemai,aksaksemai,saki_parildasin,munir_nurettin_selcuk,rast--agirsemai--aksaksemai--saki_parildasin--munir_nurettin_selcuk.txt,417,16,-1,358,302.85851318944844,318.0,64.29683739302905,359,50.125,0.03125,0.25,0.12020383693045564,0.125,0.06223987065913338,D5,86
rast,aranagme,curcuna,1,,rast--aranagme--curcuna--1--.txt,69,10,-1,358,287.6521739130435,318.0,98.64327085468368,359,10.125,0.125,0.25,0.14673913043478262,0.125,0.047726442348374726,C5,12
rast,aranagme,musemmen,1,,rast--aranagme--musemmen--1--.txt,113,13,-1,358,305.07964601769913,318.0,68.75566750573579,359,16.125,0.0625,0.375,0.1426991150442478,0.125,0.09128799453180265,D5,18
rast,beste,bestedevrirevani,yakma_canim,ali_rifat_cagatay,rast--beste--bestedevrirevani--yakma_canim--ali_rifat_cagatay.txt,416,18,-1,371,316.40865384615387,327.0,60.13451846047044,372,83.75,0.0625,0.5,0.2013221153846154,0.125,0.12762014894742033,D5,68
rast,beste,hafif,seyreyle_o,tabi_mustafa_efendi,rast--beste--hafif--seyreyle_o--tabi_mustafa_efendi.txt,717,17,-1,367,291.25662482566247,313.0,83.2002932706618,368,128.5,0.0625,0.75,0.1792189679218968,0.125,0.09932813841533643,B4b1,131
rast,cocuksarkisi,sofyan,yavru_kuslar,,rast--cocuksarkisi--sofyan--yavru_kuslar--.txt,173,9,0,349,326.47398843930637,327.0,28.539358069162407,349,24.25,0.125,0.25,0.14017341040462428,0.125,0.04094059775695597,D5,38
rast,fantezi,duyek,haydi_biraz,omer_sami_gupgup,rast--fantezi--duyek--haydi_biraz--omer_sami_gupgup.txt,381,12,-1,358,305.3622047244094,327.0,82.74074945508747,359,70.125,0.0625,0.5,0.18405511811023623,0.125,0.10690791466096916,E5,60
rast,gazel,serbest,her_yer,mehmet_baha_pars,rast--gazel--serbest--her_yer--mehmet_baha_pars.txt,373,6,-1,336,292.88471849865954,313.0,75.99508407444767,337,45.75,0.03125,1.0,0.12265415549597855,0.0625,0.11693313332249904,B4b1,98
rast,ilahi,evsat,ya_rabbi,ali_ufki,rast--ilahi--evsat--ya_rabbi--ali_ufki.txt,129,8,0,349,318.29457364341084,318.0,32.83062668377825,349,52.25,0.25,1.0,0.4050387596899225,0.25,0.24842039730756732,D5,24
rast,ilahi,sofyan,sevgi_baht,tahir_karagoz,rast--ilahi--sofyan--sevgi_baht--tahir_karagoz.txt,121,10,-1,336,300.44628099173553,313.0,64.11551429688231,337,16.0,0.0625,0.5,0.1322314049586777,0.0625,0.09450738598389884,D5,29
rast,kanto,aksak,ben_kalender,,rast--kanto--aksak--ben_kalender--.txt,411,11,-1,349,306.36739659367396,318.0,63.05594734361594,350,54.125,0.0625,1.0,0.13169099756690997,0.125,0.07087819776742725,D5,127
rast,kanto,nimsofyan,darildin_mi,,rast--kanto--nimsofyan--darildin_mi--.txt,349,6,0,336,313.53581661891116,313.0,19.65688454550314,336,38.25,0.0625,0.5,0.10959885386819485,0.125,0.07018231265907998,B4b1,94
rast,kanto,semai,otomobilim_suratli,muallim_ismail_hakki_bey,rast--kanto--semai--otomobilim_suratli--muallim_ismail_hakki_bey.txt,108,12,-1,358,288.6203703703704,318.0,99.20287130233629,359,31.5,0.125,1.5,0.2916666666666667,0.25,0.16917888558299113,D5,20
rast,kar,darbiturki,biya_ey,,rast--kar--darbiturki--biya_ey--.txt,94,9,283,336,308.0744680851064,305.0,12.508267684484228,53,18.000000000000004,0.0625,0.5,0.1914893617021277,0.125,0.1410432134406073,G4,28
rast,kar,duyek,numune_ist,abdulkadir_meragi,rast--kar--duyek--numune_ist--abdulkadir_meragi.txt,161,11,-1,344,288.11801242236027,305.0,67.86828962059413,345,20.125,0.03125,0.75,0.125,0.125,0.09204172796889463,A4,37
rast,kar_i_natik,cenber,rast_geldim,hatibzade_osman_efendi,rast--kar_i_natik--cenber--rast_geldim--hatibzade_osman_efendi.txt,2437,34,-1,371,300.14608124743535,326.0,88.16165737150665,372,394.75,0.03125,1.0,0.16198194501436192,0.125,0.10031560912581469,D5,407
rast,kar_i_natik,yuruksemai,rast_getirub,dede_efendi,rast--kar_i_natik--yuruksemai--rast_getirub--dede_efendi.txt,1349,32,-1,371,307.99110452186807,318.0,64.77176257019528,372,293.625,0.0625,1.25,0.2176612305411416,0.125,0.13740007478422334,D5,220
rast,kar_i_nev,agirduyek,gozumde_daim,dede_efendi,rast--kar_i_nev--agirduyek--gozumde_daim--dede_efendi.txt,416,17,-1,358,293.3798076923077,305.0,72.73006687356205,359,91.875,0.0625,1.5,0.2208533653846154,0.125,0.2046045822384832,G4,80
rast,karce,devrihindi,gul_yuzunde,munir_nurettin_selcuk,rast--karce--devrihindi--gul_yuzunde--munir_nurettin_selcuk.txt,543,14,-1,358,309.9447513812155,313.0,47.73393245137072,359,84.125,0.0625,0.375,0.15492633517495397,0.125,0.06440290688998494,B4b1,94
rast,kupe,devrirevan,kavli_de_kaddi,ahmet_avni_konuk,rast--kupe--devrirevan--kavli_de_kaddi--ahmet_avni_konuk.txt,130,13,-1,349,299.6923076923077,313.0,62.40985389223666,350,14.0,0.03125,0.375,0.1076923076923077,0.0625,0.06534947449167973,A4,21
rast,mars,nimsofyan,hep_bilirler,ali_rifat_cagatay,rast--mars--nimsofyan--hep_bilirler--ali_rifat_cagatay.txt,247,16,-1,336,298.10526315789474,305.0,42.24152693976419,337,26.75,0.0625,0.375,0.1082995951417004,0.125,0.05261884844062569,B4b1,50
rast,mars,sofyan,baska_bir,musa_sureyya_bey,rast--mars--sofyan--baska_bir--musa_sureyya_bey.txt,263,12,-1,358,298.89733840304183,318.0,85.43427964188047,359,66.25,0.0625,0.75,0.25190114068441066,0.25,0.14853353683117954,D5,64
rast,mars,sofyan,ey_sanli,muallim_ismail_hakki_bey,rast--mars--sofyan--ey_sanli--muallim_ismail_hakki_bey.txt,335,10,-1,344,298.0328358208955,305.0,45.74933783775154,345,56.25,0.0625,1.0,0.16791044776119404,0.1875,0.10890427749626982,G4,100
rast,mars,sofyan,korkma_sonmez,muallim_ismail_hakki_bey,rast--mars--sofyan--korkma_sonmez--muallim_ismail_hakki_bey.txt,204,10,296,358,322.21078431372547,318.0,16.12114486310115,62,40.0,0.0625,0.5,0.19607843137254902,0.125,0.1355008088081952,E5,36
rast,medhal,hafif,musahabet_i_musikiye,refik_fersan,rast--medhal--hafif--musahabet_i_musikiye--refik_fersan.txt,498,22,-1,380,293.4497991967871,313.0,88.61990416631309,381,96.25,0.03125,0.875,0.1932730923694779,0.125,0.16386541519795084,B4b1,89
rast,medhal,sofyan,,ali_rifat_cagatay,rast--medhal--sofyan----ali_rifat_cagatay.txt,310,17,-1,362,310.2935483870968,318.0,57.43307029421273,363,39.9375,0.041666666666666664,0.5,0.12883064516129034,0.0625,0.11465238526164366,C5,40
rast,mersiye,sofyan,ey_padiseh-i,rifat_bey,rast--mersiye--sofyan--ey_padiseh-i--rifat_bey.txt,236,13,-1,380,315.91525423728814,327.0,58.602095129373225,381,24.25,0.03125,0.375,0.1027542372881356,0.0625,0.07969582454592018,D5,39
rast,murabba,sarkidevrirevani,gerci_ey,ali_rifat_cagatay,rast--murabba--sarkidevrirevani--gerci_ey--ali_rifat_cagatay.txt,242,18,-1,371,314.4586776859504,318.0,57.953053212643304,372,48.75,0.0625,0.5,0.20144628099173553,0.125,0.12658596325269353,D5,38
rast,nakis,duyek,amed_nesim-i,abdulkadir_meragi,rast--nakis--duyek--amed_nesim-i--abdulkadir_meragi.txt,593,11,-1,349,307.504215851602,313.0,40.527939967476556,350,62.125,0.03125,0.5,0.10476391231028667,0.0625,0.0690141356912373,C5,116
rast,nakis,yuruksemai,gulsende_yine,muallim_ismail_hakki_bey,rast--nakis--yuruksemai--gulsende_yine--muallim_ismail_hakki_bey.txt,487,17,-1,371,302.87679671457903,318.0,76.76165087373957,372,69.5,0.03125,0.5,0.14271047227926079,0.125,0.08454915902207591,D5,93
rast,nefes,bektasidevrirevani,al_dokeyim,,rast--nefes--bektasidevrirevani--al_dokeyim--.txt,54,7,0,327,301.0925925925926,305.0,42.92084356136966,327,9.875,0.0625,0.5,0.18287037037037038,0.125,0.12372692028670972,G4,14
rast,ornek_oz,devrihindi,1,ruhi_ayangil,rast--ornek_oz--devrihindi--1--ruhi_ayangil.txt,19,10,283,349,313.63157894736844,312.0,18.968425595990915,66,3.5,0.125,0.5,0.18421052631578946,0.125,0.09654105571515412,G4,4
rast,ornek_oz,musemmen,1,ruhi_ayangil,rast--ornek_oz--musemmen--1--ruhi_ayangil.txt,24,10,283,349,314.5,313.0,16.45018831661735,66,4.0,0.125,0.625,0.16666666666666666,0.125,0.1085143415353039,A4,4
rast,ornek_oz,sofyan,1,huseyin_sadettin_arel,rast--ornek_oz--sofyan--1--huseyin_sadettin_arel.txt,31,9,-1,349,293.258064516129,313.0,79.93245804716858,350,8.0,0.0625,1.0,0.25806451612903225,0.25,0.18870580020830857,G4,6
rast,pesrev,cifteduyek,,sirri_abdulbaki_dede,rast--pesrev--cifteduyek----sirri_abdulbaki_dede.txt,738,16,-1,358,290.08265582655827,309.0,78.1212045633897,359,144.25,0.0625,0.75,0.19546070460704607,0.125,0.11984863452426939,A4,135
rast,pesrev,cifteduyek,du-sems,farabi,rast--pesrev--cifteduyek--du-sems--farabi.txt,421,18,-1,389,310.2636579572447,327.0,82.61263211903558,390,84.25,0.0625,1.0,0.2001187648456057,0.125,0.1406113908695888,G5,43
rast,pesrev,devrikebir,,giriftzen_asim_bey,rast--pesrev--devrikebir----giriftzen_asim_bey.txt,680,21,-1,380,311.6573529411765,313.0,44.73589925587341,381,83.25,0.041666666666666664,0.5,0.12242647058823529,0.125,0.09252794552080759,B4b1,116
rast,pesrev,firengifer-berefsan,,itri,rast--pesrev--firengifer-berefsan----itri.txt,420,13,-1,340,295.9738095238095,313.0,74.26667282096868,341,97.0,0.0625,8.0,0.23095238095238096,0.125,0.640109165027834,C5,85
rast,pesrev,muhammes,,tatyos_efendi,rast--pesrev--muhammes----tatyos_efendi.txt,1102,26,-1,389,309.64065335753173,318.0,67.68796078459398,390,128.25,0.03125,0.5,0.11637931034482758,0.109375,0.07154008627927687,D5,175
rast,pesrev,sakil,,benli_hasan_aga,rast--pesrev--sakil----benli_hasan_aga.txt,335,16,-1,366,307.20298507462684,322.0,71.58806387426779,367,66.0,0.0625,0.75,0.19701492537313434,0.125,0.10001145032309022,D5,49
rast,sarki,agiraksak,cevr_olur,serif_icli,rast--sarki--agiraksak--cevr_olur--serif_icli.txt,473,14,-1,358,312.12050739957715,318.0,56.64643037578159,359,54.25,0.03125,0.625,0.11469344608879492,0.0625,0.1067573187433083,D5,99
rast,sarki,agiraksak,muy-i_julidem,sakir_aga,rast--sarki--agiraksak--muy-i_julidem--sakir_aga.txt,378,17,-1,371,311.9259259259259,327.0,65.88628427857302,372,45.0,0.041666666666666664,0.5,0.11904761904761904,0.125,0.07580329568182272,D5,71
rast,sarki,agirduyek,bu_husn,dede_efendi,rast--sarki--agirduyek--bu_husn--dede_efendi.txt,742,21,-1,371,305.7897574123989,316.0,66.20659607043636,372,80.0,0.03125,0.5,0.1078167115902965,0.0625,0.08665407516059646,D5,121
rast,sarki,aksak,aski_huznumle,mildan_niyazi_bey,rast--sarki--aksak--aski_huznumle--mildan_niyazi_bey.txt,275,15,-1,371,311.97818181818184,327.0,68.92225253495687,372,54.625,0.0625,1.125,0.19863636363636364,0.125,0.23477441911319957,D5,56
rast,sarki,aksak,ay_gulsun,ismail_baha_surelsan,rast--sarki--aksak--ay_gulsun--ismail_baha_surelsan.txt,281,15,-1,371,297.01423487544486,327.0,94.9456224647354,372,54.125,0.0625,1.0,0.19261565836298933,0.125,0.17642584936842046,D5,51
rast,sarki,aksak,bin_can_ile,tanburi_buyuk_osman_bey,rast--sarki--aksak--bin_can_ile--tanburi_buyuk_osman_bey.txt,299,13,-1,358,300.68896321070235,318.0,75.69450419303138,359,45.125,0.0625,0.5,0.15091973244147158,0.125,0.09745713347086349,D5,60
rast,sarki,aksak,bir_dame,haci_faik_bey,rast--sarki--aksak--bir_dame--haci_faik_bey.txt,375,16,-1,349,307.392,318.0,57.53969511014969,350,39.875,0.03125,0.375,0.10633333333333334,0.0625,0.06920496437737796,D5,74
rast,sarki,aksak,calima_bak,lavtaci_hristo,rast--sarki--aksak--calima_bak--lavtaci_hristo.txt,775,17,-1,380,325.7574193548387,327.0,39.26857753932726,381,83.375,0.03125,0.5,0.10758064516129032,0.0625,0.0664072103281154,D5,144
rast,sarki,aksak,gittin_birakip,emin_ongan,rast--sarki--aksak--gittin_birakip--emin_ongan.txt,388,17,0,371,324.8943298969072,327.0,23.30622276231055,371,45.5,0.03125,0.5,0.1172680412371134,0.0625,0.09371294787134439,D5,76
rast,sarki,aksak,kara_gozlum,gultekin_ceki,rast--sarki--aksak--kara_gozlum--gultekin_ceki.txt,184,9,-1,349,299.2119565217391,313.0,69.45465689539554,350,33.875,0.125,0.625,0.18410326086956522,0.125,0.11828411286148637,D5,37
rast,sarki,aksak,maziyi_nasil,nihal_erkutun,rast--sarki--aksak--maziyi_nasil--nihal_erkutun.txt,368,14,-1,358,311.4429347826087,318.0,52.74701333617613,359,39.875,0.03125,0.625,0.10835597826086957,0.0625,0.09120751085751781,D5,64
rast,sarki,aksak,mukedder_derd-i,haci_arif_bey,rast--sarki--aksak--mukedder_derd-i--haci_arif_bey.txt,375,14,-1,349,299.14666666666665,313.0,70.68096835066369,350,49.625,0.0625,1.0,0.13233333333333333,0.125,0.12702394436509887,B4b1,68
rast,sarki,aksak,reng-i_ruhsarina,erol_sayan,rast--sarki--aksak--reng-i_ruhsarina--erol_sayan.txt,530,15,-1,358,306.1132075471698,318.0,65.48226224200822,359,44.625,0.03125,0.25,0.08419811320754716,0.0625,0.06070926794011429,D5,107
rast,sarki,aksak,sen_nazla_gezerken,kazim_nami_erdolen,rast--sarki--aksak--sen_nazla_gezerken--kazim_nami_erdolen.txt,396,14,0,366,318.44444444444446,318.0,22.479795585458387,366,54.125,0.0625,0.375,0.13667929292929293,0.125,0.0857863222729535,D5,88
rast,sarki,aksak,yuregim_alev,erdogan_berker,rast--sarki--aksak--yuregim_alev--erdogan_berker.txt,642,14,-1,358,306.6214953271028,313.0,52.63252382083866,359,117.125,0.0625,0.625,0.18243769470404986,0.125,0.10051144568743452,C5,121
rast,sarki,azeriyuruksemai,ben_yarali,zeki_duygulu,rast--sarki--azeriyuruksemai--ben_yarali--zeki_duygulu.txt,190,7,-1,336,307.69473684210527,313.0,33.93631560918404,337,30.125,0.0625,0.75,0.15855263157894736,0.125,0.11743318428287605,B4b1,49
rast,sarki,cengiharbi,bulan_ozunu,refik_fersan,rast--sarki--cengiharbi--bulan_ozunu--refik_fersan.txt,360,13,-1,349,311.39166666666665,318.0,54.249392510365794,350,70.125,0.0625,2.5,0.19479166666666667,0.125,0.17791481698572514,D5,110
rast,sarki,curcuna,aglasam_her,gulbenkyan,rast--sarki--curcuna--aglasam_her--gulbenkyan.txt,476,15,-1,371,321.68277310924367,327.0,43.195933013713855,372,82.625,0.125,1.125,0.17358193277310924,0.125,0.11313399418967385,D5,94
rast,sarki,curcuna,anlatayim_halimi,tanburi_ali_efendi,rast--sarki--curcuna--anlatayim_halimi--tanburi_ali_efendi.txt,247,14,-1,358,305.14574898785423,318.0,76.65461427984634,359,48.875,0.0625,1.125,0.1978744939271255,0.125,0.13408276338227293,D5,45
rast,sarki,curcuna,asik_oldur,haci_arif_bey,rast--sarki--curcuna--asik_oldur--haci_arif_bey.txt,341,12,-1,349,297.3929618768328,313.0,75.48524092415653,350,79.5,0.0625,1.25,0.23313782991202345,0.25,0.17933121281087142,C5,70
rast,sarki,curcuna,aylar_geciyor,selahaddin_pinar,rast--sarki--curcuna--aylar_geciyor--selahaddin_pinar.txt,422,16,-1,371,324.8080568720379,327.0,48.22274752762587,372,65.125,0.0625,1.25,0.15432464454976302,0.125,0.13112585769061344,D5,86
rast,sarki,curcuna,gamdan_azade,rifat_bey,rast--sarki--curcuna--gamdan_azade--rifat_bey.txt,479,19,-1,371,301.48434237995826,318.0,80.43612336886062,372,81.375,0.0625,0.625,0.16988517745302714,0.125,0.09444990870313485,D5,81
rast,sarki,curcuna,icime_hep,yildirim_gurses,rast--sarki--curcuna--icime_hep--yildirim_gurses.txt,361,19,-1,371,292.97506925207756,318.0,95.128316493847,372,70.125,0.03125,1.25,0.19425207756232687,0.125,0.22407426029692964,D5,56
rast,sarki,curcuna,mey-i_lalinle,tatyos_efendi,rast--sarki--curcuna--mey-i_lalinle--tatyos_efendi.txt,378,14,-1,358,289.83068783068785,318.0,92.59470976204962,359,61.375,0.0625,0.625,0.16236772486772486,0.125,0.06508881681914447,D5,67
rast,sarki,curcuna,neyledi_gor,haci_arif_bey,rast--sarki--curcuna--neyledi_gor--haci_arif_bey.txt,401,18,-1,362,307.0798004987531,318.0,60.79760370244949,363,72.5,0.125,0.375,0.18079800498753118,0.125,0.08079131510261468,D5,70
rast,sarki,curcuna,nihansin_dideden,haci_faik_bey,rast--sarki--curcuna--nihansin_dideden--haci_faik_bey.txt,320,11,-1,358,294.6875,313.0,81.39448330338922,359,53.875,0.0625,0.875,0.168359375,0.125,0.09872742267004121,C5,58
rast,sarki,curcuna,yalniz_benim,selahaddin_pinar,rast--sarki--curcuna--yalniz_benim--selahaddin_pinar.txt,348,13,-1,358,317.3477011494253,327.0,62.256116169126265,359,52.0,0.0625,0.875,0.14942528735632185,0.125,0.12063947716616577,D5,65
rast,sarki,curcuna,yoksun_bu,zeki_muren,rast--sarki--curcuna--yoksun_bu--zeki_muren.txt,416,14,-1,358,310.5120192307692,318.0,51.95220092056924,359,80.125,0.0625,1.25,0.19260817307692307,0.125,0.21111840811803423,B4b1,71
rast,sarki,devrihindi,cesm-i_mahmurun,haci_arif_bey,rast--sarki--devrihindi--cesm-i_mahmurun--haci_arif_bey.txt,381,16,-1,371,318.7034120734908,327.0,58.07666180336,372,79.75,0.0625,0.75,0.20931758530183728,0.125,0.13143674756701793,D5,69
rast,sarki,devrihindi,ehl-i_dil,haci_arif_bey,rast--sarki--devrihindi--ehl-i_dil--haci_arif_bey.txt,399,16,-1,371,318.04761904761904,332.0,67.36345010572104,372,56.125,0.03125,1.25,0.14066416040100252,0.125,0.13557536478746401,D5,62
rast,sarki,devrihindi,gonlumun_ezhar,fehmi_tokay,rast--sarki--devrihindi--gonlumun_ezhar--fehmi_tokay.txt,376,14,-1,349,305.4920212765957,313.0,57.99544754694296,350,62.625,0.0625,0.5,0.16655585106382978,0.125,0.09943119108825618,D5,64
rast,sarki,devrihindi,senden_ayri,huseyin_coskuner,rast--sarki--devrihindi--senden_ayri--huseyin_coskuner.txt,432,13,-1,358,324.6712962962963,327.0,30.38306571606026,359,55.625,0.0625,0.5,0.12876157407407407,0.125,0.09053783537124929,D5,101
rast,sarki,duyek,baharin_gulleri,dramali_hasan_hasguler,rast--sarki--duyek--baharin_gulleri--dramali_hasan_hasguler.txt,586,19,-1,349,299.28839590443687,318.0,75.74796559951439,350,58.125,0.03125,1.0,0.09918941979522185,0.0625,0.09020400051206562,D5,135
rast,sarki,duyek,bana_nasil,alaeddin_yavasca,rast--sarki--duyek--bana_nasil--alaeddin_yavasca.txt,614,15,-1,362,289.428338762215,313.0,92.44071639247622,363,64.125,0.03125,0.5,0.10443811074918567,0.0625,0.0757954677632898,B4b1,105
rast,sarki,duyek,belki_bir_sabah,sekip_ayhan_ozisik,rast--sarki--duyek--belki_bir_sabah--sekip_ayhan_ozisik.txt,488,19,-1,371,304.3196721311475,318.0,72.19569189663865,372,66.125,0.03125,1.0,0.13550204918032788,0.125,0.13846327319740664,D5,73
rast,sarki,duyek,ben_kuskunum,baki_duyarlar,rast--sarki--duyek--ben_kuskunum--baki_duyarlar.txt,513,12,-1,358,308.6666666666667,313.0,45.11508720760716,359,60.125,0.03125,0.875,0.11720272904483431,0.09375,0.09342454881166282,B4b1,88
rast,sarki,duyek,bir_gonul,ferit_sidal,rast--sarki--duyek--bir_gonul--ferit_sidal.txt,474,10,-1,349,300.1244725738397,318.0,80.91038103503762,350,48.125,0.03125,0.375,0.1015295358649789,0.0625,0.06287257594968931,D5,93
rast,sarki,duyek,gittigin_yollari,ali_senozan,rast--sarki--duyek--gittigin_yollari--ali_senozan.txt,232,11,-1,366,316.7068965517241,327.0,65.56771949425695,367,28.125,0.03125,0.5,0.12122844827586207,0.0625,0.11965402447253291,D5,58
rast,sarki,duyek,gorsem_seni,dede_efendi,rast--sarki--duyek--gorsem_seni--dede_efendi.txt,363,12,-1,349,301.80716253443524,313.0,70.92102255515701,350,40.125,0.0625,0.5,0.11053719008264463,0.0625,0.07523572987312024,B4b1,63
rast,sarki,duyek,her_telden,sakir_aga,rast--sarki--duyek--her_telden--sakir_aga.txt,326,16,-1,371,304.94171779141107,318.0,69.35970660567077,372,40.125,0.0625,0.375,0.12308282208588957,0.125,0.07236503115995016,D5,67
rast,sarki,duyek,hicran_olacaksa,ferit_sidal,rast--sarki--duyek--hicran_olacaksa--ferit_sidal.txt,433,13,-1,358,302.986143187067,318.0,76.50081573123431,359,54.125,0.03125,0.875,0.125,0.0625,0.1300519894706643,D5,87
rast,sarki,duyek,istanbulu_artik,erol_sayan,rast--sarki--duyek--istanbulu_artik--erol_sayan.txt,493,16,-1,371,286.9188640973631,313.0,93.00409505106792,372,88.125,0.0625,0.5,0.1787525354969574,0.125,0.10078384671564233,A4,83
rast,sarki,duyek,kustum_artik_geceye,sinan_sipahi,rast--sarki--duyek--kustum_artik_geceye--sinan_sipahi.txt,290,14,-1,371,296.7068965517241,318.0,89.31116798788102,372,38.125,0.03125,0.5,0.1314655172413793,0.125,0.0944786098376747,A4,43
rast,sarki,duyek,ne_sarkilarda,omer_dilek,rast--sarki--duyek--ne_sarkilarda--omer_dilek.txt,264,18,-1,380,306.3030303030303,320.0,80.83056864382588,381,44.125,0.0625,0.5,0.16714015151515152,0.125,0.10859460514987641,D5,42
rast,sarki,duyek,o_dudaklar,sadettin_kaynak,rast--sarki--duyek--o_dudaklar--sadettin_kaynak.txt,868,21,-1,380,296.56336405529953,327.0,98.43024869472245,381,109.125,0.0625,1.75,0.12572004608294932,0.125,0.14520716605610867,G5,110
rast,sarki,duyek,omrumce_hep,irfan_ozbakir,rast--sarki--duyek--omrumce_hep--irfan_ozbakir.txt,432,13,-1,371,291.4861111111111,313.0,93.06338329402965,372,51.75,0.0625,0.5,0.11979166666666667,0.125,0.07331093001317573,C5,60
rast,sarki,duyek,saclarin_tarumar,sekip_ayhan_ozisik,rast--sarki--duyek--saclarin_tarumar--sekip_ayhan_ozisik.txt,438,15,-1,371,318.662100456621,327.0,62.728356116067715,372,58.125,0.0625,1.0,0.1327054794520548,0.125,0.12497648755387063,D5,67
rast,sarki,duyek,senin_askinla_cakoldum,basmaci_abdi_efendi,rast--sarki--duyek--senin_askinla_cakoldum--basmaci_abdi_efendi.txt,257,16,-1,358,311.60700389105057,318.0,58.159173670229286,359,32.125,0.03125,0.5,0.125,0.125,0.07457766832826869,B4b1,50
rast,sarki,duyek,sensiz_kalan,irfan_ozbakir,rast--sarki--duyek--sensiz_kalan--irfan_ozbakir.txt,492,10,-1,358,314.4512195121951,318.0,54.16685824482207,359,54.125,0.03125,0.5,0.11001016260162602,0.0625,0.09247331029993587,D5,85
rast,sarki,duyek,sevmekten_kim,teoman_alpay,rast--sarki--duyek--sevmekten_kim--teoman_alpay.txt,548,12,-1,362,307.5930656934307,327.0,82.15487062362143,363,68.125,0.03125,0.5,0.12431569343065693,0.125,0.08866802942707074,D5,90
rast,sarki,duyek,uftadenim_ey,dede_efendi,rast--sarki--duyek--uftadenim_ey--dede_efendi.txt,418,16,-1,366,310.0263157894737,322.0,60.76784281745246,367,39.875,0.03125,0.375,0.09539473684210527,0.0625,0.05796743056066813,D5,73
rast,sarki,duyek,unut_beni,sukru_tunar,rast--sarki--duyek--unut_beni--sukru_tunar.txt,565,12,-1,362,314.1716814159292,327.0,57.48318204407711,363,55.125,0.03125,1.0,0.09756637168141592,0.0625,0.10503219852249678,D5,97
rast,sarki,duyek,yemin_ettim,selahattin_inal,rast--sarki--duyek--yemin_ettim--selahattin_inal.txt,513,15,-1,371,304.0,327.0,85.48293415208676,372,60.125,0.03125,0.5,0.11720272904483431,0.0625,0.09887323451245254,D5,83
rast,sarki,duyek,yok_mu_cana,lemi_atli,rast--sarki--duyek--yok_mu_cana--lemi_atli.txt,477,16,-1,362,299.20964360587004,313.0,73.8281708724286,363,80.25,0.0625,0.75,0.16823899371069181,0.125,0.11888829780869098,D5,85
rast,sarki,evfer,kordonboyu,erol_sayan,rast--sarki--evfer--kordonboyu--erol_sayan.txt,274,11,-1,366,299.4744525547445,318.0,83.80962032183666,367,29.375,0.0625,0.75,0.10720802919708029,0.125,0.07094861273895045,C5,51
rast,sarki,kapali_curcuna,hatirimdan_cikmaz,haci_arif_bey,rast--sarki--kapali_curcuna--hatirimdan_cikmaz--haci_arif_bey.txt,499,14,-1,358,313.09819639278555,327.0,64.75787757164252,359,90.125,0.0625,1.125,0.18061122244488978,0.125,0.1327777474145267,D5,109
rast,sarki,kapali_curcuna,nedendir_bu,sevki_bey,rast--sarki--kapali_curcuna--nedendir_bu--sevki_bey.txt,449,12,-1,358,287.79287305122494,318.0,98.91137060423087,359,80.125,0.125,0.625,0.1784521158129176,0.125,0.08836813244292789,D5,76
rast,sarki,musemmen,hab-gahi,giriftzen_asim_bey,rast--sarki--musemmen--hab-gahi--giriftzen_asim_bey.txt,396,17,-1,380,313.8636363636364,318.0,56.394151693454845,381,52.125,0.0625,0.375,0.13162878787878787,0.125,0.08700955762746436,D5,71
rast,sarki,musemmen,vuslatindan_gayri,haci_arif_bey,rast--sarki--musemmen--vuslatindan_gayri--haci_arif_bey.txt,422,14,-1,358,320.57582938388623,327.0,39.64459308893172,359,47.75,0.0625,0.375,0.11315165876777251,0.0625,0.07239347639667125,D5,69
rast,sarki,nimsofyan,bu_kadar,rustu_sardag,rast--sarki--nimsofyan--bu_kadar--rustu_sardag.txt,309,15,-1,371,301.831715210356,318.0,84.90944850501106,372,50.125,0.0625,0.5,0.1622168284789644,0.125,0.07908102739198575,G4,52
rast,sarki,nimsofyan,ruya_gibi,mehmet_ilgin,rast--sarki--nimsofyan--ruya_gibi--mehmet_ilgin.txt,216,14,0,349,312.90277777777777,313.0,26.07850030762071,349,40.25,0.0625,1.0,0.1863425925925926,0.125,0.13877094475309235,B4b1,42
rast,sarki,nimsofyan,seni_nasil,irfan_ozbakir,rast--sarki--nimsofyan--seni_nasil--irfan_ozbakir.txt,309,11,-1,349,283.2977346278317,318.0,100.99001185687338,350,36.75,0.0625,0.5,0.11893203883495146,0.125,0.06804607331475439,C5,62
rast,sarki,nimsofyan,yapraklara_dallara,,rast--sarki--nimsofyan--yapraklara_dallara--.txt,171,18,-1,371,280.953216374269,313.0,104.34579463131776,372,32.75,0.0625,0.375,0.1915204678362573,0.125,0.10736073090002547,B4b1,26
rast,sarki,semai,askim_guzel,neveser_kokdes,rast--sarki--semai--askim_guzel--neveser_kokdes.txt,370,21,-1,380,324.7648648648649,327.0,31.752196998150087,381,98.5,0.0625,1.5,0.2662162162162162,0.125,0.22736011633650555,B4b1,53
rast,sarki,semai,gecsin_gunler,erol_sayan,rast--sarki--semai--gecsin_gunler--erol_sayan.txt,439,13,-1,349,304.43052391799546,313.0,55.85866932096895,350,173.5,0.125,1.75,0.3952164009111617,0.25,0.37763142029419333,B4b1,81
rast,sarki,semai,hayal_ufkunda,neveser_kokdes,rast--sarki--semai--hayal_ufkunda--neveser_kokdes.txt,289,16,-1,380,311.71626297577853,327.0,63.13155173821603,381,120.25,0.125,1.5,0.41608996539792387,0.25,0.30705072000550915,D5,55
rast,sarki,semai,perisan_saclarin,yesari_asim_arsoy,rast--sarki--semai--perisan_saclarin--yesari_asim_arsoy.txt,601,16,-1,380,314.3710482529118,318.0,53.724486289456514,381,165.25,0.0625,0.75,0.2749584026622296,0.25,0.1983683398800766,D5,123
rast,sarki,semai,sevmek_seni,neveser_kokdes,rast--sarki--semai--sevmek_seni--neveser_kokdes.txt,387,21,-1,389,296.84496124031006,318.0,93.89080717903992,390,108.25,0.0625,1.25,0.2797157622739018,0.25,0.2116017665348,D5,47
rast,sarki,semai,yine_bir_gulnihal,dede_efendi,rast--sarki--semai--yine_bir_gulnihal--dede_efendi.txt,263,17,-1,366,285.7186311787072,313.0,93.00613906330425,367,72.25,0.125,0.75,0.2747148288973384,0.25,0.14065147782508014,B4b1,44
rast,sarki,semai,yoksun_diye,erol_sayan,rast--sarki--semai--yoksun_diye--erol_sayan.txt,262,12,-1,349,314.3358778625954,318.0,42.631291133499154,350,99.25,0.125,1.5,0.3788167938931298,0.25,0.2646289472391192,B4b1,48
rast,sarki,senginsemai,bilmem_ki,selanikli_ahmed_bey,rast--sarki--senginsemai--bilmem_ki--selanikli_ahmed_bey.txt,379,16,-1,358,313.3588390501319,318.0,36.195500827176176,359,48.25,0.0625,0.5,0.12730870712401055,0.0625,0.11090085123233262,D5,67
rast,sarki,senginsemai,bir_gonlume,tatyos_efendi,rast--sarki--senginsemai--bir_gonlume--tatyos_efendi.txt,419,12,-1,344,303.8782816229117,313.0,51.885289199518084,345,58.9375,0.0625,0.5,0.1406622911694511,0.125,0.11109432782604503,B4b1,81
rast,sarki,senginsemai,bu_zevk_u_safa,lemi_atli,rast--sarki--senginsemai--bu_zevk_u_safa--lemi_atli.txt,281,13,-1,340,298.37366548042706,305.0,56.44339025976619,341,59.25,0.0625,1.0,0.21085409252669038,0.1875,0.14329144274362146,G4,64
rast,sarki,senginsemai,dil_bir,dede_efendi,rast--sarki--senginsemai--dil_bir--dede_efendi.txt,375,12,-1,371,311.72266666666667,327.0,74.79946733584063,372,42.25,0.03125,0.5,0.11266666666666666,0.0625,0.09648946124788607,D5,60
rast,sarki,senginsemai,hafizin_kabri,munir_nurettin_selcuk,rast--sarki--senginsemai--hafizin_kabri--munir_nurettin_selcuk.txt,358,16,-1,371,295.14525139664806,313.0,81.28523708093351,372,51.25,0.03125,1.0,0.14315642458100558,0.125,0.09582996752423521,A4,53
rast,sarki,senginsemai,sevda_ile_dillendi,munir_nurettin_selcuk,rast--sarki--senginsemai--sevda_ile_dillendi--munir_nurettin_selcuk.txt,320,16,-1,358,316.275,327.0,61.823690055169116,359,47.5,0.0625,0.5,0.1484375,0.125,0.10503815174918117,D5,73
rast,sarki,sofyan,acilan_bir,dramali_hasan_hasguler,rast--sarki--sofyan--acilan_bir--dramali_hasan_hasguler.txt,519,12,-1,349,286.2851637764933,313.0,91.7091654868138,350,80.25,0.0625,0.5,0.1546242774566474,0.125,0.08087691126806609,B4b1,106
rast,sarki,sofyan,ask_denilen,erol_sayan,rast--sarki--sofyan--ask_denilen--erol_sayan.txt,477,12,-1,358,269.1383647798742,313.0,115.27612873871287,359,109.875,0.08333333333333333,1.5,0.23034591194968554,0.125,0.19646580406364866,A4,69
rast,sarki,sofyan,bir_acaib,civan_aga,rast--sarki--sofyan--bir_acaib--civan_aga.txt,386,16,-1,367,306.0025906735751,318.0,68.33030924927931,368,48.25,0.03125,0.375,0.125,0.125,0.07161602836991535,D5,71
rast,sarki,sofyan,gelmez_oldu,dramali_hasan_hasguler,rast--sarki--sofyan--gelmez_oldu--dramali_hasan_hasguler.txt,419,11,-1,349,295.1073985680191,313.0,66.34908708198998,350,52.25,0.0625,0.375,0.1247016706443914,0.125,0.0655641274312006,B4b1,110
rast,sarki,sofyan,karli_dagi,rifat_bey,rast--sarki--sofyan--karli_dagi--rifat_bey.txt,278,16,-1,349,310.54676258992805,313.5,35.50628622261831,350,50.25,0.0625,0.75,0.18075539568345322,0.125,0.10492998984377838,D5,56
rast,sarki,sofyan,leb-i_renginine,ahmet_rasim_bey,rast--sarki--sofyan--leb-i_renginine--ahmet_rasim_bey.txt,292,6,-1,336,290.4554794520548,313.0,85.80418891786,337,37.625,0.03125,0.5,0.1288527397260274,0.125,0.08240655267476965,C5,82
rast,sarki,sofyan,sazin_gibi,lemi_atli,rast--sarki--sofyan--sazin_gibi--lemi_atli.txt,433,14,-1,371,310.02540415704385,318.0,62.85688330692842,372,59.75,0.03125,0.75,0.1379907621247113,0.09375,0.11084467713510804,D5,92
rast,sarki,sofyan,su_kirik,omer_dilek,rast--sarki--sofyan--su_kirik--omer_dilek.txt,583,16,-1,380,287.6106346483705,318.0,109.8816656068614,381,128.25,0.0625,1.0,0.2199828473413379,0.125,0.16720655594601813,D5,85
rast,sarki,sofyan,yarali_gonlumde,omer_sami_gupgup,rast--sarki--sofyan--yarali_gonlumde--omer_sami_gupgup.txt,392,16,-1,371,300.5051020408163,327.0,97.51503248002511,372,65.75,0.03125,0.5,0.1677295918367347,0.125,0.10623991556457495,D5,79
rast,sarki,turkaksagi,asude_fikrim,hafiz_yusuf_efendi,rast--sarki--turkaksagi--asude_fikrim--hafiz_yusuf_efendi.txt,235,16,-1,362,304.73617021276596,318.0,72.83019832932527,363,27.625,0.0625,0.375,0.1175531914893617,0.125,0.06771311987361629,D5,44
rast,sarki,turkaksagi,esti_nesim-i,haci_arif_bey,rast--sarki--turkaksagi--esti_nesim-i--haci_arif_bey.txt,653,15,-1,358,303.6753445635528,313.0,59.99666622956453,359,80.125,0.0625,0.5,0.12270290964777948,0.125,0.06303062315026839,A4,112
rast,sarki,turkaksagi,ey_gulnihal-i,haci_arif_bey,rast--sarki--turkaksagi--ey_gulnihal-i--haci_arif_bey.txt,277,16,-1,358,310.1949458483754,318.0,52.35924793127014,359,30.0,0.03125,0.25,0.10830324909747292,0.0625,0.058913279951319196,D5,57
rast,sarki,yuruksemai,fitneler_gizlemis,mahmud_celaleddin_pasa,rast--sarki--yuruksemai--fitneler_gizlemis--mahmud_celaleddin_pasa.txt,413,16,-1,366,309.76513317191285,318.0,54.392055252191604,367,36.125,0.03125,0.375,0.08746973365617433,0.0625,0.05594238154207231,D5,60
rast,sarki,yuruksemai,unutulmus_birer,gultekin_ceki,rast--sarki--yuruksemai--unutulmus_birer--gultekin_ceki.txt,463,10,-1,358,298.6328293736501,313.0,77.50069935438566,359,54.125,0.0625,0.375,0.11690064794816414,0.125,0.06758436174116174,B4b1,107
rast,sarki,yuruksemai_ii,erdi_bahar,munir_nurettin_selcuk,rast--sarki--yuruksemai_ii--erdi_bahar--munir_nurettin_selcuk.txt,282,9,-1,349,302.13475177304963,313.0,66.23265580882112,350,42.125,0.0625,0.375,0.14937943262411346,0.125,0.05493497938307876,G4,59
rast,sarki,yuruksemai_ii,sevdim_yine,basmaci_abdi_efendi,rast--sarki--yuruksemai_ii--sevdim_yine--basmaci_abdi_efendi.txt,401,12,-1,349,308.80299251870326,327.0,67.65935701011682,350,144.25,0.25,1.25,0.35972568578553615,0.25,0.2327663518715517,D5,66
rast,sarki,yuruksemai_ii,yuzundur_cihani,dede_efendi,rast--sarki--yuruksemai_ii--yuzundur_cihani--dede_efendi.txt,221,16,-1,358,313.4570135746606,318.0,51.30810859312941,359,60.25,0.0625,1.25,0.27262443438914025,0.25,0.19092704851537473,D5,37
rast,sazsemaisi,aksaksemai,,benli_hasan_aga,rast--sazsemaisi--aksaksemai----benli_hasan_aga.txt,745,18,-1,389,315.25637583892615,318.0,57.58259649966734,390,84.125,0.0625,0.5,0.11291946308724832,0.125,0.06867077710892454,B4b1,104
rast,sazsemaisi,aksaksemai,,kantemiroglu,rast--sazsemaisi--aksaksemai----kantemiroglu.txt,652,15,-1,389,310.3052147239264,318.0,65.1995667607615,390,75.125,0.03125,0.25,0.11522239263803681,0.125,0.06595859385267587,B4b1,88
rast,seyir,duyek,1,sefik_gurmeric,rast--seyir--duyek--1--sefik_gurmeric.txt,106,13,-1,349,295.57547169811323,313.0,74.47133652662006,350,16.0,0.0625,1.0,0.1509433962264151,0.125,0.12466261746838979,B4b1,20
rast,seyir,semai,1,rauf_yekta,rast--seyir--semai--1--rauf_yekta.txt,75,13,-1,366,292.6933333333333,313.0,89.76590777237311,367,24.0,0.125,0.5,0.32,0.25,0.11847853038488518,G4,11
rast,seyir,senginsemai,1,erol_bingol,rast--seyir--senginsemai--1--erol_bingol.txt,85,13,274,358,317.4,313.0,17.908630534439187,84,12.0,0.0625,0.5,0.1411764705882353,0.125,0.10393707190394766,B4b1,14
rast,sugul,duyek,ya_men,tanburi_ali_efendi,rast--sugul--duyek--ya_men--tanburi_ali_efendi.txt,59,6,-1,336,294.35593220338984,313.0,81.17685306060412,337,8.0,0.0625,0.375,0.13559322033898305,0.125,0.07354235670078697,B4b1,12
rast,taksim,serbest,,tanburi_cemil_bey,rast--taksim--serbest----tanburi_cemil_bey.txt,678,18,-1,380,307.8495575221239,318.0,63.34077788504887,381,90.34375,0.03125,1.0,0.13325036873156343,0.0625,0.13259924947454615,D5,108
rast,turku,devrihindi,deryalar,rumeli,rast--turku--devrihindi--deryalar--rumeli.txt,491,6,0,336,314.5702647657841,313.0,17.695285078556623,336,98.125,0.0625,0.875,0.19984725050916496,0.125,0.15699661080306596,B4b1,152
rast,turku,devrituran,oynayin_kiz,trabzon,rast--turku--devrituran--oynayin_kiz--trabzon.txt,221,5,-1,327,293.1221719457014,313.0,74.38052351857692,328,42.125,0.0625,0.375,0.19061085972850678,0.25,0.08218998318576108,C5,56
rast,turku,evfer,evrese_yollari,,rast--turku--evfer--evrese_yollari--.txt,155,5,-1,327,291.01290322580644,313.0,73.24349952068121,328,22.625,0.0625,1.0,0.14596774193548387,0.125,0.15330461228373216,B4b1,39
rast,turku,nimsofyan,ibrisim_ormuyorlar,,rast--turku--nimsofyan--ibrisim_ormuyorlar--.txt,549,8,-1,327,299.1657559198543,305.0,51.41593514900693,328,52.25,0.0625,0.5,0.09517304189435337,0.0625,0.06357231299837666,A4,160
rast,turku,nimsofyan,sira_sira,,rast--turku--nimsofyan--sira_sira--.txt,281,9,-1,349,302.69039145907476,318.0,73.42542533698828,350,28.25,0.0625,0.25,0.10053380782918149,0.0625,0.06079590942611726,D5,64
rast,turku,oynak,aman_aysem,,rast--turku--oynak--aman_aysem--.txt,161,10,-1,349,293.9378881987578,318.0,88.92325971315054,350,27.25,0.0625,0.375,0.16925465838509315,0.125,0.08077981489078086,D5,32
rast,turku,semai,gul_agaci,necip_mirkelamoglu,rast--turku--semai--gul_agaci--necip_mirkelamoglu.txt,447,10,-1,344,312.79642058165547,313.0,28.29665377675827,345,108.25,0.0,1.5,0.24217002237136465,0.25,0.16469563637791912,D5,104
rast,turku,sofyan,adananin_yollari,,rast--turku--sofyan--adananin_yollari--.txt,479,10,-1,340,308.00417536534445,313.0,33.25626350069653,341,68.25,0.0625,0.5,0.14248434237995825,0.125,0.08037495332830298,A4,130
rast,turku,sofyan,kalenin_dibinde,kerkuk,rast--turku--sofyan--kalenin_dibinde--kerkuk.txt,765,9,-1,358,309.36470588235295,318.0,67.26963061409343,359,64.25,0.03125,0.375,0.08398692810457517,0.0625,0.04172965801079256,C5,184
rast,turku,sofyan,su_dereler,orta_anadolu,rast--turku--sofyan--su_dereler--orta_anadolu.txt,319,7,-1,336,301.98119122257054,313.0,52.90289808932477,337,32.25,0.0625,0.5,0.10109717868338558,0.0625,0.06588156391368723,B4b1,78
rast,yuruksemai,yuruksemai,gelse_o_suh,hafiz_post,rast--yuruksemai--yuruksemai--gelse_o_suh--hafiz_post.txt,471,15,-1,358,312.4076433121019,313.0,39.62654742220697,359,96.5,0.0625,0.5,0.20488322717622082,0.125,0.1266698555005961,G4,74
rast,zeybek,agiraksak,kordon_zeybegi,,rast--zeybek--agiraksak--kordon_zeybegi--.txt,765,15,-1,358,308.040522875817,313.0,46.62807818384662,359,110.5,0.0625,0.25,0.14444444444444443,0.125,0.057022561311691936,B4b1,138
rast,zeybek,aksak,,tanburi_cemil_bey,rast--zeybek--aksak----tanburi_cemil_bey.txt,397,21,0,380,324.94458438287154,327.0,25.584914118392366,380,33.875,0.03125,0.375,0.08532745591939547,0.0625,0.05301009145073877,D5,65
rasticedid,kupe,devrirevanihindi,etse_hanende,ahmet_avni_konuk,rasticedid--kupe--devrirevanihindi--etse_hanende--ahmet_avni_konuk.txt,122,15,-1,349,297.4918032786885,312.0,69.68408593850498,350,14.0,0.03125,0.5,0.11475409836065574,0.125,0.07380270902275662,A4,22
rastmaye,kupe,devrirevanihindi,nagmemiz_bu,ahmet_avni_konuk,rastmaye--kupe--devrirevanihindi--nagmemiz_bu--ahmet_avni_konuk.txt,127,14,-1,363,305.33858267716533,318.0,70.23794258751913,364,14.0,0.03125,0.625,0.11023622047244094,0.0625,0.09062472390262602,D5,22
rehavi,beste,remel,zannetme_ben,numan_aga,rehavi--beste--remel--zannetme_ben--numan_aga.txt,392,17,-1,367,308.3494897959184,327.0,72.00886418683575,368,56.0,0.041666666666666664,0.75,0.14285714285714285,0.125,0.09146202842052131,D5,63
rehavi,kupe,devrirevanihindi,vad-i_vasl,ahmet_avni_konuk,rehavi--kupe--devrirevanihindi--vad-i_vasl--ahmet_avni_konuk.txt,119,14,-1,349,292.05882352941177,309.0,75.29515865743464,350,14.0,0.03125,0.375,0.11764705882352941,0.125,0.07812032638064528,G4,21
rehavi,mars,ikizaksak,hos_gelisler,,rehavi--mars--ikizaksak--hos_gelisler--.txt,491,9,-1,336,295.34419551934826,305.0,60.82539129708355,337,81.125,0.125,0.375,0.16522403258655805,0.125,0.07888670973159223,G4,108
rehavi,nakis,yuruksemai,biz_alude-i,hafiz_post,rehavi--nakis--yuruksemai--biz_alude-i--hafiz_post.txt,262,14,-1,380,294.69465648854964,313.0,84.77948797045715,381,45.125,0.0625,0.625,0.17223282442748092,0.125,0.1210070103049815,B4b1,47
rehavi,sarki,duyek,ey_bulend,dede_efendi,rehavi--sarki--duyek--ey_bulend--dede_efendi.txt,317,13,-1,358,298.31230283911674,318.0,83.65174345824599,359,32.125,0.03125,0.25,0.10134069400630914,0.0625,0.058100083608714506,B4b1,45
rehavi,sarki,sofyan,mevsim-i_gul,muallim_ismail_hakki_bey,rehavi--sarki--sofyan--mevsim-i_gul--muallim_ismail_hakki_bey.txt,368,15,-1,349,311.1032608695652,312.0,33.629900900379766,350,40.25,0.03125,0.25,0.109375,0.078125,0.06241479205308604,G4,57
rengidil,durak,durakevferi,ey_dertlilerin,huseyin_sadettin_arel,rengidil--durak--durakevferi--ey_dertlilerin--huseyin_sadettin_arel.txt,137,11,-1,349,297.75182481751824,318.0,76.48363733331327,350,43.0,0.125,1.0,0.31386861313868614,0.25,0.17685258141101287,C5,29
rengidil,durak,durakevferi,gonul_hayran,huseyin_sadettin_arel,rengidil--durak--durakevferi--gonul_hayran--huseyin_sadettin_arel.txt,130,18,-1,354,284.53076923076924,305.0,88.73304519445512,355,37.75,0.125,1.0,0.2903846153846154,0.25,0.17623827179035026,C5,18
rengidil,gazel,serbest,o_suh,huseyin_sadettin_arel,rengidil--gazel--serbest--o_suh--huseyin_sadettin_arel.txt,206,22,-1,358,313.74271844660194,318.0,36.39347060693583,359,35.9375,0.03125,0.5,0.17445388349514562,0.125,0.11404129412336877,C5,39
rengidil,nakis,yuruksemai,yetsin_bu,halis_bey,rengidil--nakis--yuruksemai--yetsin_bu--halis_bey.txt,226,17,-1,371,288.54424778761063,313.0,84.01661363542925,372,37.5,0.0625,0.5,0.16592920353982302,0.1875,0.08454805428928315,C5,31
rengidil,sarki,agiraksak,ask_der,RESE7316,rengidil--sarki--agiraksak--ask_der--RESE7316.txt,340,15,-1,371,321.8705882352941,323.0,47.35687351039453,372,45.0,0.0625,0.5,0.1323529411764706,0.125,0.08113533700970219,C5,62
rengidil,sarki,raksaksagi,cok_dil,RENG4444,rengidil--sarki--raksaksagi--cok_dil--RENG4444.txt,481,15,265,371,320.5446985446985,318.0,23.80315494588239,106,83.25,0.0625,0.375,0.17307692307692307,0.125,0.06336540285397194,C5,81
rengidil,sarki,tekvurus,hic_bitmeyecek,erdogan_koroglu,rengidil--sarki--tekvurus--hic_bitmeyecek--erdogan_koroglu.txt,744,16,282,371,317.36559139784947,318.0,15.092918090958538,89,56.375,0.03125,0.375,0.0757728494623656,0.0625,0.04381261761120765,C5,165
rengidil,sarki,turkaksagi,masum_bakislim,halis_bey,rengidil--sarki--turkaksagi--masum_bakislim--halis_bey.txt,252,16,-1,376,287.3253968253968,318.0,100.64586879855726,377,35.0,0.0625,0.375,0.1388888888888889,0.125,0.081571685016126,C5,27
rengidil,sazeseri,devrituran,,ADJE1495,rengidil--sazeseri--devrituran----ADJE1495.txt,1041,28,-1,376,284.2718539865514,309.0,90.8384558587905,377,144.0,0.0625,0.5,0.138328530259366,0.125,0.05931351385330536,C5,137
rengidil,sazsemaisi,aksaksemai,,AHSU1967,rengidil--sazsemaisi--aksaksemai----AHSU1967.txt,488,20,-1,371,311.46311475409834,318.0,60.018739990372836,372,77.0,0.0625,0.75,0.15778688524590165,0.125,0.1187376695084543,C5,79
rengidil,sazsemaisi,aksaksemai,,KOSE9865,rengidil--sazsemaisi--aksaksemai----KOSE9865.txt,754,22,-1,371,332.2851458885942,340.0,23.32613321752542,372,79.0,0.0625,0.75,0.10477453580901856,0.0625,0.0869993678220955,F5,129
rengidil,sazsemaisi,aksaksemai,,rifat_kayakok,rengidil--sazsemaisi--aksaksemai----rifat_kayakok.txt,749,17,-1,376,294.4138851802403,313.0,83.04238090394179,377,96.5,0.0625,1.25,0.1288384512683578,0.125,0.08387667570951717,C5,132
revnaknuma,kupe,evfer,ol,ahmet_avni_konuk,revnaknuma--kupe--evfer--ol--ahmet_avni_konuk.txt,101,12,-1,349,278.7821782178218,318.0,108.78056848172803,350,18.0,0.0625,0.5,0.1782178217821782,0.125,0.1105335563492278,D5,25
reyya,sarki,sofyan,suzme_cesmin,erol_basara,reyya--sarki--sofyan--suzme_cesmin--erol_basara.txt,403,13,-1,354,292.47642679900747,313.0,73.4783706973338,355,64.25,0.03125,1.5,0.15942928039702234,0.0625,0.1773722912063475,D5,52
ruhnevaz,agirsemai,aksaksemai,bir_gormek,yavuz_yekta,ruhnevaz--agirsemai--aksaksemai--bir_gormek--yavuz_yekta.txt,684,14,-1,345,270.2134502923977,296.0,93.05653153793207,346,122.75,0.0625,0.5,0.17945906432748537,0.125,0.08126437121513624,F4#5,108
ruhnevaz,beste,agirduyek,,AYKE148,ruhnevaz--beste--agirduyek----AYKE148.txt,560,15,-1,367,295.5875,314.0,84.09354311562107,368,144.0,0.125,0.75,0.2571428571428571,0.25,0.1512259299224501,B4,75
ruhnevaz,durak,durakevferi,gulseni_aska,huseyin_sadettin_arel,ruhnevaz--durak--durakevferi--gulseni_aska--huseyin_sadettin_arel.txt,295,22,-1,367,290.335593220339,314.0,90.7714438649654,368,79.75,0.125,1.0,0.27033898305084747,0.25,0.168178174282767,E5,39
ruhnevaz,ilahi,yuruksemai,ey_hazret-i,NEVA2005,ruhnevaz--ilahi--yuruksemai--ey_hazret-i--NEVA2005.txt,441,17,-1,358,293.6462585034014,309.0,74.26887296607649,359,126.75,0.125,0.75,0.28741496598639454,0.25,0.15749388921207885,B4,72
ruhnevaz,nakis,devrirevan,askin_ile,burhan_kul,ruhnevaz--nakis--devrirevan--askin_ile--burhan_kul.txt,524,21,-1,371,306.73091603053433,314.0,58.757482891267564,372,59.625,0.03125,0.5,0.1137881679389313,0.109375,0.07532382115725957,B4,64
ruhnevaz,nakis,mevlevidevrirevani,ruhnevaz_bir,MAVI6284,ruhnevaz--nakis--mevlevidevrirevani--ruhnevaz_bir--MAVI6284.txt,375,14,278,367,318.1546666666667,318.0,22.312140848280595,89,40.27083333333333,0.03125,0.25,0.10738888888888888,0.0625,0.06832388789189829,E5,54
ruhnevaz,nakis,nimdevir,zulfundedir_benim,yavuz_yekta,ruhnevaz--nakis--nimdevir--zulfundedir_benim--yavuz_yekta.txt,444,13,-1,349,289.30855855855856,305.0,77.33315583919024,350,86.75,0.0625,0.75,0.19538288288288289,0.125,0.1329622980720484,B4,82
ruhnevaz,oyunhavasi,devrituran,bad-i_saba,osman_nuri_ozpekel,ruhnevaz--oyunhavasi--devrituran--bad-i_saba--osman_nuri_ozpekel.txt,581,25,0,398,305.3580034423408,305.0,28.57318296886789,398,84.125,0.0625,0.375,0.1447934595524957,0.125,0.05612582408804868,E4,125
ruhnevaz,pesrev,devrikebir,,huseyin_sadettin_arel,ruhnevaz--pesrev--devrikebir----huseyin_sadettin_arel.txt,1308,45,-1,389,254.09327217125383,314.0,134.22152383444327,390,227.25,0.03125,0.75,0.17373853211009174,0.125,0.1281532180092933,B4,107
ruhnevaz,sarki,agirduyek,ne_fallardan,CILE9876,ruhnevaz--sarki--agirduyek--ne_fallardan--CILE9876.txt,474,20,-1,371,317.46413502109704,314.0,34.21323168909584,372,72.0,0.0625,0.5,0.1518987341772152,0.125,0.12267265641798003,B4,67
ruhnevaz,sarki,aksak,geri_gelmez,ismail_baha_surelsan,ruhnevaz--sarki--aksak--geri_gelmez--ismail_baha_surelsan.txt,298,15,278,358,313.67785234899327,314.0,18.018235602502372,80,36.0,0.03125,0.25,0.12080536912751678,0.09375,0.0737156548209958,B4,66
ruhnevaz,sarki,devrituran,cozemem_gozlerinin,BURC9191,ruhnevaz--sarki--devrituran--cozemem_gozlerinin--BURC9191.txt,479,16,-1,371,308.74947807933194,327.0,69.90384814964554,372,77.0,0.0625,0.375,0.16075156576200417,0.125,0.07949325563252461,E5,107
ruhnevaz,sarki,devrituran,hani_issiz,RUHN5555,ruhnevaz--sarki--devrituran--hani_issiz--RUHN5555.txt,719,19,-1,367,303.14742698191935,296.0,29.870341275897776,368,121.0,0.125,0.375,0.16828929068150209,0.125,0.0795464671014763,G4,118
ruhnevaz,sarki,musemmen,susma_gonlum,MUKO1981,ruhnevaz--sarki--musemmen--susma_gonlum--MUKO1981.txt,308,14,278,371,324.1818181818182,318.0,22.31648418524493,93,70.0,0.125,0.375,0.22727272727272727,0.25,0.09724895167717615,B4,48
ruhnevaz,sarki,oynak,bahtima_dogan,cavit_ersoy,ruhnevaz--sarki--oynak--bahtima_dogan--cavit_ersoy.txt,415,15,278,367,323.0698795180723,327.0,20.79732967193225,89,45.0,0.0625,0.25,0.10843373493975904,0.0625,0.06165211202526601,E5,84
ruhnevaz,sarki,raksaksagi,dudaklardan_gonullere,OBAD3518,ruhnevaz--sarki--raksaksagi--dudaklardan_gonullere--OBAD3518.txt,516,17,-1,367,297.7151162790698,314.0,83.45608835594784,368,101.25,0.125,0.375,0.19622093023255813,0.125,0.07838021364586742,E5,90
ruhnevaz,sazeseri,ikizaksak,baharda_karisik,mutlu_torun,ruhnevaz--sazeseri--ikizaksak--baharda_karisik--mutlu_torun.txt,476,26,-1,389,314.18697478991595,322.0,62.123787447553745,390,57.0,0.03125,0.375,0.11974789915966387,0.125,0.07620407673718416,E5,48
ruhnevaz,sazsemaisi,aksaksemai,,huseyin_sadettin_arel,ruhnevaz--sazsemaisi--aksaksemai----huseyin_sadettin_arel.txt,348,29,-1,389,278.7528735632184,314.0,110.61654236220008,390,43.75,0.0625,0.375,0.1257183908045977,0.125,0.07069428035305585,G4,38
ruhnevaz,sazsemaisi,aksaksemai,,ozdemir_hafizoglu,ruhnevaz--sazsemaisi--aksaksemai----ozdemir_hafizoglu.txt,945,27,278,389,323.1587301587302,318.0,24.158336072164108,111,134.25,0.03125,0.75,0.14206349206349206,0.125,0.113843748923411,B4,149
ruhnevaz,sazsemaisi,aksaksemai,,rifat_kayakok,ruhnevaz--sazsemaisi--aksaksemai----rifat_kayakok.txt,827,18,-1,380,303.53808948004837,305.0,67.40849371134665,381,91.875,0.0625,1.25,0.11109431680773882,0.0625,0.08064010444350751,G4,128
ruhnevaz,sazsemaisi,aksaksemai,,suphi_ezgi,ruhnevaz--sazsemaisi--aksaksemai----suphi_ezgi.txt,549,31,-1,389,313.93624772313296,318.0,52.682889102087984,390,63.4375,0.03125,0.375,0.11555100182149362,0.0625,0.07321241277914167,B4,46
ruhnevaz,seyir,sofyan,1,erol_bingol,ruhnevaz--seyir--sofyan--1--erol_bingol.txt,49,12,278,349,311.0408163265306,314.0,19.263479245792055,71,8.0,0.125,0.5,0.16326530612244897,0.125,0.10583276420651516,B4,8
ruyidilara,sazsemaisi,aksaksemai,,erzurumlu_hasib_dede,ruyidilara--sazsemaisi--aksaksemai----erzurumlu_hasib_dede.txt,437,17,-1,380,316.44851258581235,336.0,77.56240594155827,381,50.125,0.03125,0.25,0.1147025171624714,0.125,0.05560741686288909,F5,68
ruyiirak,kupe,evfer,ey,ahmet_avni_konuk,ruyiirak--kupe--evfer--ey--ahmet_avni_konuk.txt,106,14,-1,349,286.6698113207547,318.0,99.31783724110073,350,18.0,0.0625,0.5,0.16981132075471697,0.125,0.09787729083447365,D5,21
ruyiirak,sazsemaisi,aksaksemai,,kani_karaca,ruyiirak--sazsemaisi--aksaksemai----kani_karaca.txt,440,16,0,358,319.73636363636365,322.0,21.864951941886314,358,47.125,0.03125,0.5,0.10710227272727273,0.0625,0.0875751274969016,D5,89
saba,aranagme,senginsemai,1,,saba--aranagme--senginsemai--1--.txt,91,10,0,371,329.4065934065934,336.0,39.59292249379315,371,12.25,0.0625,0.5,0.1346153846153846,0.125,0.10902148302368558,C5,16
saba,beste,devrikebir,gulistan-i_naks-i,zaharya,saba--beste--devrikebir--gulistan-i_naks-i--zaharya.txt,331,15,-1,358,301.6132930513595,318.0,75.53707701902091,359,43.0,0.0625,0.5,0.1299093655589124,0.125,0.08662698300614988,C5,80
saba,beste,muhammes,bir_nim-nigah,efrasiyaboglu_ali_pasa,saba--beste--muhammes--bir_nim-nigah--efrasiyaboglu_ali_pasa.txt,619,16,-1,358,293.2197092084007,318.0,90.91174389077344,359,96.25,0.0625,0.75,0.15549273021001617,0.125,0.08416325941341937,C5,126
saba,ilahi,duyek,git_ey,munir_nurettin_selcuk,saba--ilahi--duyek--git_ey--munir_nurettin_selcuk.txt,382,12,-1,354,312.8219895287958,318.0,57.99343557946538,355,53.125,0.0625,0.5,0.13907068062827224,0.125,0.08229994581028244,C5,94
saba,ilahi,duyek,ism-i_sultan,,saba--ilahi--duyek--ism-i_sultan--.txt,70,4,-1,324,278.45714285714286,312.0,101.2671435784086,325,8.0,0.03125,0.25,0.11428571428571428,0.125,0.0633738088490279,C5,24
saba,kupe,duyek,gayri,ahmet_avni_konuk,saba--kupe--duyek--gayri--ahmet_avni_konuk.txt,101,10,-1,354,298.1782178217822,318.0,89.08730504843032,355,16.0,0.0625,0.375,0.15841584158415842,0.125,0.0742485040019976,C5,22
saba,mehter,hafif,,zurnazen_dagi_ahmet_celebi,saba--mehter--hafif----zurnazen_dagi_ahmet_celebi.txt,289,11,0,358,316.8961937716263,318.0,23.590906161440213,358,48.125,0.125,0.5,0.16652249134948097,0.125,0.1087808082766771,C5,59
saba,miraciye,serbest,pes_heman,nayi_osman_dede,saba--miraciye--serbest--pes_heman--nayi_osman_dede.txt,1240,19,-1,349,319.325,318.0,28.581532061452243,350,203.21875,0.0625,0.5,0.1638860887096774,0.125,0.08324534863031857,C5,345
saba,nakis,yuruksemai,cefaya_ey,kara_ismail_aga,saba--nakis--yuruksemai--cefaya_ey--kara_ismail_aga.txt,612,12,-1,349,297.02941176470586,318.0,78.44991178389272,350,105.25,0.0625,0.75,0.17197712418300654,0.125,0.13242366078309714,C5,152
saba,nakis,yuruksemai,ey_bad-i,suphi_ziya_ozbekkan,saba--nakis--yuruksemai--ey_bad-i--suphi_ziya_ozbekkan.txt,425,13,-1,358,302.6941176470588,318.0,83.43885790067567,359,95.625,0.0625,1.25,0.225,0.125,0.19196722401060978,C5,89
saba,ornek_oz,sofyan,1,ruhi_ayangil,saba--ornek_oz--sofyan--1--ruhi_ayangil.txt,40,8,296,349,317.825,315.5,11.73180533465572,53,4.0,0.0625,0.375,0.1,0.0625,0.08105869984469787,B4b1,12
saba,ornek_oz,sofyan,2,ruhi_ayangil,saba--ornek_oz--sofyan--2--ruhi_ayangil.txt,28,8,305,354,330.85714285714283,336.0,15.020268493221604,49,4.0,0.0625,0.25,0.14285714285714285,0.1875,0.07386710503565985,F5,5
saba,ornek_oz,sofyan,3,ruhi_ayangil,saba--ornek_oz--sofyan--3--ruhi_ayangil.txt,28,8,305,354,327.92857142857144,324.0,15.092133274407786,49,4.0,0.0625,0.5,0.14285714285714285,0.08333333333333333,0.11726509409354924,D5b4,6
saba,ornek_oz,yuruksemai_ii,1,ruhi_ayangil,saba--ornek_oz--yuruksemai_ii--1--ruhi_ayangil.txt,47,9,296,358,326.1276595744681,324.0,14.561140992794,62,6.0,0.0625,0.375,0.1276595744680851,0.0625,0.09661162199323027,C5,9
saba,pesrev,cenber,,papaz_kapriyel,saba--pesrev--cenber----papaz_kapriyel.txt,499,15,-1,365,295.77354709418836,318.0,81.11404796180676,366,84.0,0.0625,0.5,0.1683366733466934,0.125,0.0874704800716105,C5,136
saba,pesrev,devrikebir,,giriftzen_asim_bey,saba--pesrev--devrikebir----giriftzen_asim_bey.txt,666,17,-1,389,319.35885885885887,327.0,63.01167373325172,390,84.0,0.0625,0.75,0.12612612612612611,0.125,0.0817281735019695,C5,93
saba,pesrev,devrikebir,,tanburi_buyuk_osman_bey,saba--pesrev--devrikebir----tanburi_buyuk_osman_bey.txt,701,20,-1,389,317.0870185449358,327.0,72.97143953893155,390,112.25,0.0625,0.75,0.1601283880171184,0.125,0.09307946639510671,C5,100
saba,pesrev,duyek,,reftar_kalfa,saba--pesrev--duyek----reftar_kalfa.txt,1043,16,-1,371,299.0287631831256,318.0,81.11075776992841,372,264.0,0.0625,0.75,0.25311601150527324,0.25,0.15099000857554404,C5,257
saba,pesrev,duyek,,tabi_mustafa_efendi,saba--pesrev--duyek----tabi_mustafa_efendi.txt,498,12,-1,365,317.4738955823293,318.0,36.99774751538822,366,73.125,0.0625,0.375,0.14683734939759036,0.125,0.06534067703240244,C5,140
saba,pesrev,fahte,,hasan_esen,saba--pesrev--fahte----hasan_esen.txt,410,14,-1,377,309.3048780487805,336.0,88.86044235628844,378,80.25,0.0625,0.75,0.19573170731707318,0.125,0.14138109372230295,E5,60
saba,pesrev,hafif,,zurnazen_dagi_ahmet_celebi,saba--pesrev--hafif----zurnazen_dagi_ahmet_celebi.txt,142,11,291,358,319.59859154929575,318.0,15.806031643017482,67,24.0,0.125,0.5,0.16901408450704225,0.125,0.10442045300559424,B4b1,28
saba,pesrev,nimcember,,edirneli_ahmed_celebi,saba--pesrev--nimcember----edirneli_ahmed_celebi.txt,476,16,296,362,321.99159663865544,318.0,14.875339280451254,66,60.0,0.0625,0.5,0.12605042016806722,0.0625,0.10457721690004916,C5,126
saba,pesrev,nimsofyan,mevlana,kemani_hamza,saba--pesrev--nimsofyan--mevlana--kemani_hamza.txt,511,10,-1,365,318.29745596868884,318.0,40.109526194589115,366,47.25,0.03125,0.5,0.09246575342465753,0.0625,0.06230776686578103,C5,151
saba,sarki,agiraksak,camlar_altinda,bimen_sen,saba--sarki--agiraksak--camlar_altinda--bimen_sen.txt,712,13,-1,365,307.5112359550562,318.0,71.27297330042775,366,80.875,0.0625,0.5,0.11358848314606741,0.125,0.07159289296996856,C5,181
saba,sarki,agiraksak,cun_bahar,sevki_bey,saba--sarki--agiraksak--cun_bahar--sevki_bey.txt,375,16,-1,365,287.2133333333333,318.0,99.35146564339249,366,47.125,0.03125,0.75,0.12566666666666668,0.125,0.08469473402975398,C5,74
saba,sarki,agiraksak,degilsem_de,numan_aga,saba--sarki--agiraksak--degilsem_de--numan_aga.txt,388,10,-1,354,301.87371134020617,318.0,73.34934307017357,355,63.875,0.0625,0.75,0.1646262886597938,0.125,0.10411970490993262,C5,104
saba,sarki,agiraksak,fasl-i_guldur,sivelioglu_yorgaki,saba--sarki--agiraksak--fasl-i_guldur--sivelioglu_yorgaki.txt,354,17,-1,380,315.06779661016947,324.0,68.87247263541525,381,45.25,0.0625,0.5,0.12782485875706215,0.125,0.08116189084026769,C5,71
saba,sarki,agiraksak,ince_kirpiklerinin,rakim_elkutlu,saba--sarki--agiraksak--ince_kirpiklerinin--rakim_elkutlu.txt,409,19,-1,371,317.76039119804403,318.0,47.77132308875809,372,54.25,0.0625,0.75,0.132640586797066,0.125,0.10000355181101432,C5,81
saba,sarki,agiraksak,mey_icerken,sevki_bey,saba--sarki--agiraksak--mey_icerken--sevki_bey.txt,344,12,-1,366,306.3779069767442,318.0,64.55234664980935,367,40.75,0.0625,0.625,0.1184593023255814,0.125,0.08142939366274018,C5,87
saba,sarki,agiraksak,sevdi_canim,komurcuzade,saba--sarki--agiraksak--sevdi_canim--komurcuzade.txt,375,13,-1,358,309.63466666666665,322.0,69.21780220869842,359,44.5,0.0625,0.5,0.11866666666666667,0.0625,0.0825311209060168,C5,70
saba,sarki,agirduyek,gus_eyle,dede_efendi,saba--sarki--agirduyek--gus_eyle--dede_efendi.txt,307,17,-1,389,319.0814332247557,336.0,72.88631500896594,390,40.25,0.03125,1.0,0.13110749185667753,0.125,0.10795215611620483,C5,48
saba,sarki,aksak,bakisin_ahuya,omer_dilek,saba--sarki--aksak--bakisin_ahuya--omer_dilek.txt,315,12,-1,365,311.815873015873,324.0,68.84144342786715,366,31.25,0.041666666666666664,0.25,0.0992063492063492,0.0625,0.05785010429357823,C5,73
saba,sarki,aksak,beni_aska,tanburi_ali_efendi,saba--sarki--aksak--beni_aska--tanburi_ali_efendi.txt,329,12,-1,367,301.43465045592706,318.0,84.30029158632271,368,48.875,0.0625,0.75,0.14855623100303952,0.125,0.10076627210874897,C5,72
saba,sarki,aksak,bir_esmere,tanburi_mustafa_cavus,saba--sarki--aksak--bir_esmere--tanburi_mustafa_cavus.txt,398,15,-1,371,318.678391959799,318.0,35.62641430029632,372,45.125,0.03125,1.0,0.11337939698492462,0.0625,0.09779064575553478,C5,103
saba,sarki,aksak,bir_nigah,zeki_arif_ataergin,saba--sarki--aksak--bir_nigah--zeki_arif_ataergin.txt,555,14,-1,366,311.0918918918919,318.0,61.74894309906128,367,39.875,0.03125,0.375,0.07184684684684685,0.0625,0.051541149724169504,C5,127
saba,sarki,aksak,can_verme,emin_ongan,saba--sarki--aksak--can_verme--emin_ongan.txt,308,13,0,363,325.62987012987014,324.0,23.34640743344092,363,35.375,0.03125,0.625,0.1148538961038961,0.0625,0.08994964978348487,C5,61
saba,sarki,aksak,gitti_de,denizoglu_ali_bey,saba--sarki--aksak--gitti_de--denizoglu_ali_bey.txt,260,11,-1,353,303.26153846153846,318.0,61.8291398164533,354,35.0,0.0625,0.375,0.1346153846153846,0.125,0.061139407713251326,C5,68
saba,sarki,aksak,goz_actim,omer_dilek,saba--sarki--aksak--goz_actim--omer_dilek.txt,548,11,-1,358,288.59124087591243,318.0,97.47983842503787,359,99.125,0.0625,0.625,0.18088503649635038,0.125,0.1181226607947624,C5,134
saba,sarki,aksak,semt-i_dildare,suphi_ziya_ozbekkan,saba--sarki--aksak--semt-i_dildare--suphi_ziya_ozbekkan.txt,360,12,-1,371,306.6222222222222,318.0,72.0834131149563,372,35.75,0.041666666666666664,0.625,0.09930555555555555,0.0625,0.06928331663163073,C5,81
saba,sarki,aksak,sen_sinemde,necip_mirkelamoglu,saba--sarki--aksak--sen_sinemde--necip_mirkelamoglu.txt,362,12,-1,371,320.27348066298345,318.0,29.03193033518715,372,40.25,0.0625,0.375,0.1111878453038674,0.0625,0.06465472383714896,C5,85
saba,sarki,curcuna,pervane,yesari_asim_arsoy,saba--sarki--curcuna--pervane--yesari_asim_arsoy.txt,269,9,-1,354,316.3085501858736,318.0,53.908691125460884,355,37.25,0.03125,1.5,0.13847583643122677,0.0625,0.18814001557010518,C5,62
saba,sarki,curcuna,suzdukce_guzel,cevdet_cagla,saba--sarki--curcuna--suzdukce_guzel--cevdet_cagla.txt,479,13,-1,354,293.7244258872651,318.0,97.03447629792404,355,78.875,0.041666666666666664,0.875,0.16466597077244258,0.125,0.10398162811782001,C5,95
saba,sarki,devrihindi,nigah-i_mestine,haci_arif_bey,saba--sarki--devrihindi--nigah-i_mestine--haci_arif_bey.txt,398,18,-1,371,323.6532663316583,324.0,36.82213189597606,372,35.125,0.03125,0.5,0.0882537688442211,0.0625,0.06857460671423442,C5,70
saba,sarki,devrihindi,oyle_bir,aleko_bacanos,saba--sarki--devrihindi--oyle_bir--aleko_bacanos.txt,552,11,-1,371,318.8985507246377,318.0,52.43750612598282,372,72.0,0.0625,0.5,0.13043478260869565,0.125,0.089550110534529,C5,140
saba,sarki,duyek,bu_aksam,safiye_ayla,saba--sarki--duyek--bu_aksam--safiye_ayla.txt,337,13,-1,380,311.00296735905044,318.0,61.93518590489041,381,37.625,0.03125,0.5,0.11164688427299703,0.09375,0.07439903781676865,C5,85
saba,sarki,duyek,donmem_kucagina,avni_anil,saba--sarki--duyek--donmem_kucagina--avni_anil.txt,410,10,-1,365,296.909756097561,324.0,99.04850088748303,366,62.125,0.03125,1.0,0.15152439024390243,0.125,0.12082957831321171,E5,79
saba,sarki,duyek,gordum_seni,nikogos_aga,saba--sarki--duyek--gordum_seni--nikogos_aga.txt,288,11,-1,358,319.37847222222223,318.0,30.153367932251985,359,23.5,0.03125,0.375,0.08159722222222222,0.0625,0.05255664725911323,C5,69
saba,sarki,duyek,gule_sorma,erol_sayan,saba--sarki--duyek--gule_sorma--erol_sayan.txt,735,10,-1,366,297.2272108843537,318.0,89.34736925099695,367,76.125,0.0625,0.5,0.10357142857142858,0.0625,0.06366422476545501,C5,172
saba,sarki,duyek,kinali_keklik,zeki_muren,saba--sarki--duyek--kinali_keklik--zeki_muren.txt,543,9,0,354,318.865561694291,318.0,18.730029266308122,354,64.125,0.03125,0.5,0.1180939226519337,0.125,0.060470399424347544,B4b1,126
saba,sarki,duyek,seni_herkesten,yesari_asim_arsoy,saba--sarki--duyek--seni_herkesten--yesari_asim_arsoy.txt,390,9,-1,354,315.21794871794873,318.0,41.102807788772246,355,47.125,0.03125,1.0,0.12083333333333333,0.0625,0.16261201728727864,C5,120
saba,sarki,kapali_curcuna,hicranimi_hic,yesari_asim_arsoy,saba--sarki--kapali_curcuna--hicranimi_hic--yesari_asim_arsoy.txt,343,11,-1,358,318.61224489795916,318.0,36.92712233906053,359,30.687499999999996,0.03125,0.8125,0.08946793002915451,0.0625,0.09749113990677602,C5,87
saba,sarki,nazliduyek,gelmis_degil,sakir_aga,saba--sarki--nazliduyek--gelmis_degil--sakir_aga.txt,215,9,-1,357,309.30232558139534,318.0,63.12897896545297,358,36.125,0.125,0.375,0.1680232558139535,0.125,0.06864118010474887,C5,44
saba,sarki,nimsofyan,gel_kulbe-i,,saba--sarki--nimsofyan--gel_kulbe-i--.txt,147,6,-1,340,310.9387755102041,318.0,37.55037246769941,341,26.0,0.0625,0.5,0.17687074829931973,0.1875,0.10932891633367857,C5,47
saba,sarki,senginsemai,hasretle_anarken,yesari_asim_arsoy,saba--sarki--senginsemai--hasretle_anarken--yesari_asim_arsoy.txt,421,11,0,371,321.2565320665083,318.0,20.46578413659626,371,47.25,0.03125,0.5,0.11223277909738717,0.0625,0.10578793247388615,C5,103
saba,sarki,senginsemai,neydin_guzelim,serif_icli,saba--sarki--senginsemai--neydin_guzelim--serif_icli.txt,535,13,-1,358,304.3607476635514,318.0,68.78261059337021,359,59.125,0.041666666666666664,0.5,0.11051401869158879,0.0625,0.08646079312715636,C5,127
saba,sarki,senginsemai,sahilde_saba_ruzgari,mustafa_nafiz_irmak,saba--sarki--senginsemai--sahilde_saba_ruzgari--mustafa_nafiz_irmak.txt,711,15,-1,349,313.41912798874824,312.0,19.578699976240816,350,82.0,0.03125,0.5,0.11533052039381153,0.0625,0.09258811653264225,C5,188
saba,sarki,senginsemai,yollarda_kalan,bimen_sen,saba--sarki--senginsemai--yollarda_kalan--bimen_sen.txt,403,16,0,371,321.72704714640196,318.0,22.038183462202415,371,54.25,0.03125,0.5,0.1346153846153846,0.125,0.10943435394073624,C5,81
saba,sarki,sofyan,asikina_eylemez,numan_aga,saba--sarki--sofyan--asikina_eylemez--numan_aga.txt,178,10,-1,349,298.7808988764045,318.0,77.94335387155712,350,17.0,0.0625,0.875,0.09550561797752809,0.0625,0.08114529740098257,C5,38
saba,sarki,turkaksagi,dus_ben_gibi,serif_icli,saba--sarki--turkaksagi--dus_ben_gibi--serif_icli.txt,513,14,-1,354,313.4463937621832,318.0,44.052631337866316,355,44.75,0.03125,0.375,0.08723196881091617,0.0625,0.0520917562176855,C5,107
saba,sazsemaisi,aksaksemai,,neyzen_aziz_dede,saba--sazsemaisi--aksaksemai----neyzen_aziz_dede.txt,550,19,-1,371,305.28727272727275,318.0,76.62254148240183,372,62.25,0.03125,1.5,0.11318181818181818,0.09375,0.09796550583580178,C5,90
saba,sazsemaisi,aksaksemai,,zaharya,saba--sazsemaisi--aksaksemai----zaharya.txt,406,16,-1,376,313.85714285714283,318.0,62.24423646848737,377,44.125,0.0625,1.25,0.10868226600985222,0.0625,0.09109274899407177,C5,79
saba,seyir,semai,1,rauf_yekta,saba--seyir--semai--1--rauf_yekta.txt,78,11,-1,371,306.03846153846155,324.0,90.7674983749071,372,24.0,0.25,0.5,0.3076923076923077,0.25,0.10601302391103294,C5,14
saba,seyir,sofyan,1,erol_bingol,saba--seyir--sofyan--1--erol_bingol.txt,52,10,296,365,322.5576923076923,318.0,14.59305967398774,69,8.0,0.0625,0.5,0.15384615384615385,0.125,0.09463353147291236,C5,14
saba,seyir,sofyan,1,sefik_gurmeric,saba--seyir--sofyan--1--sefik_gurmeric.txt,82,9,-1,354,308.609756097561,318.0,62.147525818586494,355,12.0,0.0625,0.5,0.14634146341463414,0.125,0.09066131785859209,C5,21
saba,sugul,duyek,in_nilte,zekai_dede,saba--sugul--duyek--in_nilte--zekai_dede.txt,423,10,-1,354,305.16312056737587,312.0,55.69117079019851,355,48.125,0.0625,0.5,0.11377068557919622,0.125,0.0566211061350395,B4b1,116
saba,taksim,serbest,-tanburi_cemil_bey,,saba--taksim--serbest---tanburi_cemil_bey.txt,590,16,-1,365,306.35593220338984,318.0,71.28373271993938,366,62.4375,0.03125,0.75,0.10582627118644068,0.0625,0.09324364107365908,C5,127
saba,tavsanca,semai,gelmis_degil,sakir_aga,saba--tavsanca--semai--gelmis_degil--sakir_aga.txt,388,12,-1,358,305.2628865979381,318.0,67.02140476411684,359,60.125,0.0625,0.625,0.15496134020618557,0.125,0.08866399162635924,C5,87
saba,turku,aksak,daracik_sokaklari,istanbul,saba--turku--aksak--daracik_sokaklari--istanbul.txt,392,5,-1,336,304.2933673469388,312.0,54.63441068205741,337,67.625,0.0625,0.375,0.1725127551020408,0.125,0.08251094535197093,B4b1,158
saba,turku,azeriyuruksemai,kar_etmez,,saba--turku--azeriyuruksemai--kar_etmez--.txt,483,7,0,336,313.85093167701865,318.0,16.170208961045308,336,72.125,0.0625,0.375,0.14932712215320912,0.125,0.07653723790211021,C5,190
saba,turku,curcuna,yesil_yaprak,,saba--turku--curcuna--yesil_yaprak--.txt,641,8,-1,349,316.2496099843994,318.0,39.82108546365732,350,97.625,0.03125,0.625,0.15230109204368175,0.125,0.08811254763590093,C5,180
saba,turku,duyek,hangi_bagin,,saba--turku--duyek--hangi_bagin--.txt,458,5,-1,336,304.7183406113537,318.0,58.55978758471448,337,42.125,0.0625,0.5,0.09197598253275109,0.0625,0.08269942061621652,C5,190
saba,turku,nimsofyan,pinar_basi,,saba--turku--nimsofyan--pinar_basi--.txt,329,8,-1,340,302.838905775076,312.0,62.63800524632027,341,34.25,0.0625,0.5,0.10410334346504559,0.0625,0.07132960863523263,C5,90
saba,turku,sofyan,bir_dalda,istanbul,saba--turku--sofyan--bir_dalda--istanbul.txt,649,5,-1,324,309.346687211094,318.0,41.420103728340884,325,56.25,0.03125,0.375,0.08667180277349769,0.0625,0.060785018154842226,C5,210
saba,turku,sofyan,mendilimin_yesili,,saba--turku--sofyan--mendilimin_yesili--.txt,673,8,-1,349,311.4769687964339,318.0,54.58185057532131,350,64.25,0.03125,0.375,0.09546805349182763,0.0625,0.06812521002388705,C5,146
saba-zemzeme,kupe,musemmen,bir,ahmet_avni_konuk,saba-zemzeme--kupe--musemmen--bir--ahmet_avni_konuk.txt,86,12,-1,358,303.86046511627904,318.0,77.53726433000536,359,8.0,0.03125,0.25,0.09302325581395349,0.0625,0.05589691967608739,C5,16
sabaasiran,seyir,sofyan,1,sefik_gurmeric,sabaasiran--seyir--sofyan--1--sefik_gurmeric.txt,117,15,-1,354,291.7521367521368,312.0,81.87742162598349,355,20.0,0.0625,0.5,0.17094017094017094,0.125,0.1013091709262475,C5,17
sababuselik,kupe,agiraksak,bak,ahmet_avni_konuk,sababuselik--kupe--agiraksak--bak--ahmet_avni_konuk.txt,107,11,-1,354,297.06542056074767,318.0,85.93264925554301,355,18.0,0.0625,0.5,0.16822429906542055,0.125,0.09061634431390055,C5,27
sabazemzeme,sarki,aksak,firakin_sinemi,mahmud_celaleddin_pasa,sabazemzeme--sarki--aksak--firakin_sinemi--mahmud_celaleddin_pasa.txt,309,15,-1,366,303.9482200647249,318.0,77.18726535841165,367,45.125,0.0625,0.625,0.14603559870550162,0.125,0.09100393541537197,C5,70
sabazemzeme,sarki,kapali_curcuna,hayal-i_yare,rifat_bey,sabazemzeme--sarki--kapali_curcuna--hayal-i_yare--rifat_bey.txt,336,15,-1,380,308.2827380952381,323.0,83.98045508012879,381,65.125,0.0625,0.875,0.19382440476190477,0.125,0.12960543612932096,C5,57
sazkar,agirsemai,aksaksemai,nice_bir,ilya_efendi,sazkar--agirsemai--aksaksemai--nice_bir--ilya_efendi.txt,312,17,-1,358,299.6442307692308,318.0,78.00122658808392,359,38.875,0.0625,0.375,0.12459935897435898,0.125,0.07764520511532742,D5,53
sazkar,kupe,devrirevanihindi,her_ne,ahmet_avni_konuk,sazkar--kupe--devrirevanihindi--her_ne--ahmet_avni_konuk.txt,115,12,-1,349,296.81739130434784,313.0,77.15291066909893,350,14.0,0.03125,0.5,0.12173913043478261,0.125,0.0892922180806566,B4b1,23
sazkar,sazsemaisi,aksaksemai,,gavsi_baykara,sazkar--sazsemaisi--aksaksemai----gavsi_baykara.txt,628,26,-1,380,298.3216560509554,313.0,74.21316151512283,381,90.5,0.03125,1.25,0.14410828025477707,0.125,0.1388328758018696,C5,97
sazkar,seyir,sofyan,1,sefik_gurmeric,sazkar--seyir--sofyan--1--sefik_gurmeric.txt,100,12,-1,349,299.82,313.0,63.284730952396195,350,16.0,0.0625,1.0,0.16,0.125,0.13035257162516178,B4b1,21
sedaraban,agirsemai,aksaksemai,nedir_murad-i,sadullah_aga,sedaraban--agirsemai--aksaksemai--nedir_murad-i--sadullah_aga.txt,355,16,-1,371,320.46478873239437,327.0,50.535111412540076,372,38.875,0.0625,0.375,0.10950704225352113,0.0625,0.0635666324275258,D5,78
sedaraban,aranagme,devrihindi,1,,sedaraban--aranagme--devrihindi--1--.txt,109,12,-1,344,305.0091743119266,322.0,54.942309038300124,345,14.25,0.0625,0.25,0.13073394495412843,0.125,0.07293714216667244,D5,28
sedaraban,beste,hafif,ey_safay-i,tanburi_isak,sedaraban--beste--hafif--ey_safay-i--tanburi_isak.txt,696,21,-1,380,309.41954022988506,327.0,73.29266743436496,381,128.5,0.0625,0.75,0.1846264367816092,0.125,0.12790088830085786,D5,149
sedaraban,kupe,yuruksemai,dinlese,ahmet_avni_konuk,sedaraban--kupe--yuruksemai--dinlese--ahmet_avni_konuk.txt,83,13,-1,362,297.6265060240964,327.0,86.90739546450432,363,12.0,0.0625,0.625,0.14457831325301204,0.125,0.10778027790109498,D5,11
sedaraban,pesrev,fahte,,tanburi_cemil_bey,sedaraban--pesrev--fahte----tanburi_cemil_bey.txt,627,25,-1,380,314.11802232854865,327.0,67.02459214819653,381,90.25,0.0625,0.75,0.14393939393939395,0.125,0.0926539219336416,D5,102
sedaraban,sarki,agiraksak,ates-i_askinla,hasim_bey,sedaraban--sarki--agiraksak--ates-i_askinla--hasim_bey.txt,661,20,-1,371,306.9667170953101,318.0,65.16830503764031,372,67.375,0.03125,0.625,0.10192889561270801,0.0625,0.07498146900455813,D5,91
sedaraban,sarki,agiraksak,gam_seni,muallim_kazim_uz,sedaraban--sarki--agiraksak--gam_seni--muallim_kazim_uz.txt,469,17,-1,375,310.4968017057569,322.0,57.5476993755986,376,49.75,0.03125,0.5,0.10607675906183368,0.0625,0.07866213481089006,D5,69
sedaraban,sarki,devrihindi,bade-i_vuslat,faize_ergin,sedaraban--sarki--devrihindi--bade-i_vuslat--faize_ergin.txt,476,24,-1,371,316.5504201680672,322.0,33.371711623247506,372,73.75,0.0625,0.875,0.15493697478991597,0.125,0.10429864115019048,D5,82
sedaraban,sarki,duyek,gozumden_gonlumden,dede_efendi,sedaraban--sarki--duyek--gozumden_gonlumden--dede_efendi.txt,335,17,0,371,322.31044776119404,327.0,30.203883709156926,371,31.5,0.03125,0.375,0.09402985074626866,0.0625,0.06105585328236382,D5,45
sedaraban,sarki,yuruksemai_ii,nevbahar-i_nusnune,rahmi_bey,sedaraban--sarki--yuruksemai_ii--nevbahar-i_nusnune--rahmi_bey.txt,305,17,-1,371,305.3967213114754,310.0,61.454492061020225,372,43.625,0.125,0.625,0.1430327868852459,0.125,0.08100052128103762,D5,39
sedaraban,sazsemaisi,aksaksemai,,tanburi_cemil_bey,sedaraban--sazsemaisi--aksaksemai----tanburi_cemil_bey.txt,730,24,-1,389,323.8493150684931,332.0,57.82317097011493,390,92.375,0.03125,0.75,0.12654109589041096,0.0625,0.1037299529750305,D5,108
sedaraban,seyir,semai,1,rauf_yekta,sedaraban--seyir--semai--1--rauf_yekta.txt,75,16,-1,363,305.81333333333333,322.0,67.31505059075597,364,24.0,0.125,0.5,0.32,0.25,0.11847853038488518,D5,10
sedaraban,seyir,sofyan,1,erol_bingol,sedaraban--seyir--sofyan--1--erol_bingol.txt,54,14,274,371,321.037037037037,324.5,23.505088138820003,97,8.0,0.0625,0.5,0.14814814814814814,0.125,0.11147085369243852,D5,11
sedaraban,seyir,sofyan,1,sefik_gurmeric,sedaraban--seyir--sofyan--1--sefik_gurmeric.txt,90,20,-1,371,294.1777777777778,322.0,88.90426333956128,372,15.0,0.0625,1.0,0.16666666666666666,0.125,0.1595508090676989,D5,16
sedaraban,taksim,serbest,-tanburi_cemil,,sedaraban--taksim--serbest---tanburi_cemil.txt,702,29,-1,380,309.1381766381766,327.0,86.8854953172735,381,80.46875,0.03125,0.5,0.114627849002849,0.0625,0.07292726637715094,D5,88
seddisaba,sazsemaisi,aksaksemai,,zeki_atkosar,seddisaba--sazsemaisi--aksaksemai----zeki_atkosar.txt,453,20,-1,380,320.9690949227373,332.0,70.6870763264209,381,67.5,0.03125,1.25,0.1490066225165563,0.125,0.14455192552966678,D5,101
segah,aranagme,yuruksemai_ii,1,,segah--aranagme--yuruksemai_ii--1--.txt,71,8,0,358,324.4507042253521,327.0,41.47246547233628,358,12.125,0.125,0.75,0.17077464788732394,0.125,0.12363439156100522,D5,22
segah,fantezi,aksak,gul_ne,omer_dilek,segah--fantezi--aksak--gul_ne--omer_dilek.txt,523,10,-1,358,309.131931166348,327.0,73.88369622917952,359,90.125,0.0625,0.625,0.17232313575525812,0.125,0.11092179418580123,B4b1,98
segah,fantezi,duyek,bir_ruzgardir,sadettin_kaynak,segah--fantezi--duyek--bir_ruzgardir--sadettin_kaynak.txt,343,17,-1,380,307.69679300291546,335.0,100.52177423299021,381,76.5,0.0625,1.25,0.2230320699708455,0.125,0.19271124568165302,G5,53
segah,fantezi,duyek,bu_seb,ali_rifat_cagatay,segah--fantezi--duyek--bu_seb--ali_rifat_cagatay.txt,1468,24,-1,380,322.4482288828338,335.0,64.85408647609128,381,203.4375,0.03125,0.75,0.13858140326975477,0.125,0.0976467637264096,D5,289
segah,ilahi,devrihindi,derdimin_dermani,ibrahim_aga,segah--ilahi--devrihindi--derdimin_dermani--ibrahim_aga.txt,167,10,296,358,322.8502994011976,318.0,15.454023822922544,62,28.0,0.0625,0.875,0.16766467065868262,0.125,0.1416092264699833,D5,35
segah,ilahi,duyek,ey_acep,seyh_huseyin_halis_efendi,segah--ilahi--duyek--ey_acep--seyh_huseyin_halis_efendi.txt,361,13,-1,358,297.6731301939058,318.0,90.9645753601502,359,46.375,0.0625,0.75,0.12846260387811634,0.125,0.07660974780507074,D5,74
segah,ilahi,frenkcin,bu_ask,yenikoylu_hadi_bey,segah--ilahi--frenkcin--bu_ask--yenikoylu_hadi_bey.txt,104,8,296,349,319.46153846153845,318.0,11.442488592215087,53,12.0,0.0625,0.5,0.11538461538461539,0.0625,0.09411104860617349,B4b1,28
segah,ilahi,sofyan,sevdim_seni,,segah--ilahi--sofyan--sevdim_seni--.txt,108,8,-1,362,319.5462962962963,335.0,78.94128709733762,363,16.25,0.0625,0.5,0.15046296296296297,0.125,0.07499855773391138,F5#4,26
segah,ilahi,sofyan,sordum_sari,,segah--ilahi--sofyan--sordum_sari--.txt,261,7,-1,349,316.33716475095787,327.0,61.21658678891115,350,32.25,0.0625,0.5,0.1235632183908046,0.125,0.07061096577772932,D5,64
segah,ilahi,yuruksemai,dinle_sozumu,,segah--ilahi--yuruksemai--dinle_sozumu--.txt,222,12,-1,358,311.5135135135135,318.0,58.53047546911,359,35.25,0.0625,0.625,0.15878378378378377,0.125,0.08077492671379033,B4b1,58
segah,ilahi,yuruksemai_ii,sol_cennetin,,segah--ilahi--yuruksemai_ii--sol_cennetin--.txt,153,6,-1,335,284.2091503267974,313.0,94.86296581986949,336,24.125,0.0625,0.25,0.1576797385620915,0.125,0.07278986099099995,B4b1,36
segah,kar,hafif,ses-agaz_kar,abdulkadir_meragi,segah--kar--hafif--ses-agaz_kar--abdulkadir_meragi.txt,6272,31,-1,389,319.80867346938777,331.0,65.71826620645002,390,1122.75,0.0625,0.5,0.17900988520408162,0.125,0.10185923229229692,D5,1056
segah,kupe,darb,verse,ahmet_avni_konuk,segah--kupe--darb--verse--ahmet_avni_konuk.txt,110,11,-1,358,299.8636363636364,318.0,85.55029394452714,359,24.0,0.0625,0.75,0.21818181818181817,0.25,0.14460516834560314,D5,25
segah,ornek_oz,aksak,1,ruhi_ayangil,segah--ornek_oz--aksak--1--ruhi_ayangil.txt,24,13,309,371,334.5416666666667,331.0,19.192342600442334,62,3.375,0.125,0.375,0.140625,0.125,0.05605340039330508,B4b1,4
segah,ornek_oz,duyek,1,ruhi_ayangil,segah--ornek_oz--duyek--1--ruhi_ayangil.txt,21,7,296,344,319.6190476190476,318.0,11.595154981612755,48,4.0,0.0625,0.5,0.19047619047619047,0.125,0.1225959293971945,B4b1,6
segah,pesrev,devrikebir,,cihat_hircin,segah--pesrev--devrikebir----cihat_hircin.txt,142,16,296,380,333.1478873239437,327.0,19.45423696603073,84,21.0,0.0625,0.5,0.14788732394366197,0.125,0.08271452646194255,D5,25
segah,pesrev,devrikebir,,nayi_osman_dede,segah--pesrev--devrikebir----nayi_osman_dede.txt,219,10,-1,349,313.4703196347032,318.0,49.30891935420017,350,56.0,0.0625,0.75,0.2557077625570776,0.25,0.1306200420999086,D5,63
segah,pesrev,devrikebir,,neyzen_yusuf_pasa,segah--pesrev--devrikebir----neyzen_yusuf_pasa.txt,765,17,-1,388,330.02091503267974,335.0,46.626673507850555,389,112.25,0.0625,0.75,0.14673202614379086,0.125,0.09376386505052986,D5,149
segah,pesrev,sakil,karabatak,hizir_aga,segah--pesrev--sakil--karabatak--hizir_aga.txt,480,21,-1,388,324.275,335.0,63.02085183635287,389,48.0,0.03125,0.375,0.1,0.0625,0.06035597039928402,F5#4,84
segah,pesrev,serbest,karabatak,tanburi_cemil_bey,segah--pesrev--serbest--karabatak--tanburi_cemil_bey.txt,672,25,-1,380,321.4925595238095,331.5,66.04816878835109,381,94.0625,0.03125,0.75,0.13997395833333334,0.125,0.10054188718832671,D5,90
segah,rumeliturkusu,raksaksagi,sana_da,rumeli,segah--rumeliturkusu--raksaksagi--sana_da--rumeli.txt,677,11,-1,371,336.00590841949776,344.0,31.765598050041618,372,76.625,0.0625,0.5,0.11318316100443132,0.125,0.06267537864911418,F5#4,190
segah,salatiummiye,aksaksemaievferi,allahumme_salli,itri,segah--salatiummiye--aksaksemaievferi--allahumme_salli--itri.txt,46,6,0,344,308.2391304347826,318.0,66.97302434815202,344,8.25,0.0625,1.625,0.1793478260869565,0.125,0.2775164833856264,D5,14
segah,sarki,agir_aksaksemai,cok_kildi,dellalzade_haci_ismail_efendi,segah--sarki--agir_aksaksemai--cok_kildi--dellalzade_haci_ismail_efendi.txt,779,22,-1,380,322.8587933247754,335.0,65.24307394877248,381,61.0,0.03125,0.375,0.07830551989730423,0.0625,0.04743696990165413,D5,121
segah,sarki,agir_aksaksemai,doldur_getir,kazasker_mustafa_izzet_efendi,segah--sarki--agir_aksaksemai--doldur_getir--kazasker_mustafa_izzet_efendi.txt,443,13,-1,358,323.69525959367945,327.0,45.74540651581,359,38.5,0.03125,0.375,0.08690744920993228,0.0625,0.06336181233108754,D5,101
segah,sarki,agiraksak,bensiz_ey,bimen_sen,segah--sarki--agiraksak--bensiz_ey--bimen_sen.txt,627,17,-1,371,321.1658692185008,327.0,57.24317208333046,372,71.875,0.03125,0.5,0.11463317384370016,0.125,0.08066457815735228,D5,131
segah,sarki,agiraksak,hatir-i_nasadi,tanburi_cemil_bey,segah--sarki--agiraksak--hatir-i_nasadi--tanburi_cemil_bey.txt,570,15,-1,380,321.17894736842106,344.0,84.76001216054613,381,78.875,0.0625,2.25,0.13837719298245615,0.125,0.14129041502165873,G5,77
segah,sarki,agiraksak,sun_da_icsin,bimen_sen,segah--sarki--agiraksak--sun_da_icsin--bimen_sen.txt,578,17,-1,380,312.7370242214533,327.0,69.48730327625327,381,81.25,0.041666666666666664,0.75,0.14057093425605535,0.125,0.10457790396788831,D5,133
segah,sarki,aksak,benim_sen,ahmet_rasim_bey,segah--sarki--aksak--benim_sen--ahmet_rasim_bey.txt,625,14,-1,358,314.7648,318.0,54.627503545281506,359,76.625,0.0625,0.5,0.1226,0.125,0.08049600842150417,B4b1,124
segah,sarki,aksak,bulbul_yetisir,haci_arif_bey,segah--sarki--aksak--bulbul_yetisir--haci_arif_bey.txt,447,17,-1,380,332.39821029082776,335.0,33.01756288209606,381,43.0,0.0625,0.375,0.09619686800894854,0.0625,0.061444626272701475,D5,67
segah,sarki,aksak,gece_sessiz,gultekin_ceki,segah--sarki--aksak--gece_sessiz--gultekin_ceki.txt,340,12,0,358,324.0558823529412,327.0,21.618571869150713,358,35.75,0.03125,0.625,0.10514705882352941,0.0625,0.07441136469550245,D5,87
segah,sarki,aksak,gel_ey,tanburi_cemil_bey,segah--sarki--aksak--gel_ey--tanburi_cemil_bey.txt,244,14,-1,371,309.4344262295082,327.0,81.26778250025616,372,31.625,0.03125,0.5,0.12961065573770492,0.125,0.08237997597440501,D5,38
segah,sarki,aksak,kirdin_ummidimi,fehmi_tokay,segah--sarki--aksak--kirdin_ummidimi--fehmi_tokay.txt,363,16,-1,380,320.42424242424244,327.0,61.50480973571214,381,35.75,0.03125,0.25,0.09848484848484848,0.0625,0.06631160484005864,D5,72
segah,sarki,aksak,seni_her_dem,misirli_udi_ibrahim_efendi,segah--sarki--aksak--seni_her_dem--misirli_udi_ibrahim_efendi.txt,375,10,-1,349,314.688,327.0,65.41211387588105,350,54.125,0.0625,0.375,0.14433333333333334,0.125,0.06810720813802681,D5,106
segah,sarki,aksak,suyi_kagithanede,lavtaci_hristo,segah--sarki--aksak--suyi_kagithanede--lavtaci_hristo.txt,441,16,-1,371,325.41950113378687,335.0,61.19319986526743,372,45.125,0.0625,0.625,0.10232426303854875,0.0625,0.0729812418362898,F5#4,79
segah,sarki,aksak,yine_hicran_ile,melahat_pars,segah--sarki--aksak--yine_hicran_ile--melahat_pars.txt,398,13,-1,358,323.98743718592965,327.0,26.058978697282342,359,54.5,0.0625,0.625,0.13693467336683418,0.125,0.09766880112976088,D5,100
segah,sarki,ciftesofyan,sema-i_maksudu,dellalzade_haci_ismail_efendi,segah--sarki--ciftesofyan--sema-i_maksudu--dellalzade_haci_ismail_efendi.txt,290,19,-1,380,316.2758620689655,327.0,73.52804542341065,381,41.375,0.0625,0.25,0.14267241379310344,0.125,0.05287140432726868,D5,61
segah,sarki,curcuna,bir_emele,neveser_kokdes,segah--sarki--curcuna--bir_emele--neveser_kokdes.txt,380,17,-1,380,309.19736842105266,327.0,85.89753049439437,381,77.625,0.0625,1.125,0.2042763157894737,0.125,0.20523082755136912,D5,72
segah,sarki,curcuna,gonul_muhabbeti,ismail_gokce,segah--sarki--curcuna--gonul_muhabbeti--ismail_gokce.txt,340,17,-1,388,306.18529411764706,327.0,93.7739597932788,389,80.125,0.0625,1.25,0.23566176470588235,0.125,0.2508307060081015,D5,61
segah,sarki,curcuna,olmaz_ilac,haci_arif_bey,segah--sarki--curcuna--olmaz_ilac--haci_arif_bey.txt,491,16,-1,380,324.36252545824846,335.0,56.52107193237364,381,87.625,0.0625,0.625,0.17846232179226068,0.125,0.09264799581467388,D5,76
segah,sarki,devrihindi,bakip_ahval-i,haci_arif_bey,segah--sarki--devrihindi--bakip_ahval-i--haci_arif_bey.txt,461,16,-1,371,330.30802603036875,332.0,34.12446082720058,372,73.75,0.0625,0.5,0.15997830802603036,0.125,0.11089878806868006,D5,93
segah,sarki,devrihindi,dil_harab-i,tanburi_ali_efendi,segah--sarki--devrihindi--dil_harab-i--tanburi_ali_efendi.txt,380,17,0,362,322.14736842105265,318.0,22.414525266545212,362,69.625,0.0625,0.5,0.18322368421052632,0.125,0.11620710956549758,B4b1,76
segah,sarki,duyek,askin_o_sihirli,erol_sayan,segah--sarki--duyek--askin_o_sihirli--erol_sayan.txt,504,15,-1,380,332.04761904761904,335.0,38.275158883541586,381,91.875,0.0625,1.0,0.18229166666666666,0.125,0.11451082861797546,D5,106
segah,sarki,duyek,ayrilik_yaman,sadettin_kaynak,segah--sarki--duyek--ayrilik_yaman--sadettin_kaynak.txt,377,14,-1,371,323.15119363395223,327.0,53.18135326416223,372,58.125,0.03125,1.0,0.15417771883289125,0.125,0.1334352788851787,D5,68
segah,sarki,duyek,donulmez_aksamin,munir_nurettin_selcuk,segah--sarki--duyek--donulmez_aksamin--munir_nurettin_selcuk.txt,432,23,-1,380,319.25,329.0,73.38853473235729,381,65.0,0.03125,1.0,0.15046296296296297,0.125,0.10989960078316346,B4b1,63
segah,sarki,duyek,gonul_bahcemizde,omer_sami_gupgup,segah--sarki--duyek--gonul_bahcemizde--omer_sami_gupgup.txt,433,12,-1,366,311.3741339491917,327.0,81.84687303553495,367,81.375,0.0625,1.0,0.18793302540415704,0.125,0.12188609928316121,D5,74
segah,sarki,duyek,issiz_gecelerin,omer_sami_gupgup,segah--sarki--duyek--issiz_gecelerin--omer_sami_gupgup.txt,265,13,-1,363,306.72830188679245,327.0,91.55786458399544,364,47.375,0.0625,0.625,0.17877358490566037,0.125,0.1297910337076984,D5,45
segah,sarki,duyek,leyla_bir,sadettin_kaynak,segah--sarki--duyek--leyla_bir--sadettin_kaynak.txt,468,15,-1,371,313.1688034188034,318.0,61.21425958999955,372,55.125,0.03125,1.0,0.11778846153846154,0.0625,0.10599932762798658,D5,94
segah,sarki,duyek,o_gece,omer_sami_gupgup,segah--sarki--duyek--o_gece--omer_sami_gupgup.txt,243,10,-1,363,305.81481481481484,335.0,95.63110654982981,364,42.125,0.0625,0.375,0.17335390946502058,0.125,0.07102857252414845,G5,55
segah,sarki,duyek,raki_ictim,,segah--sarki--duyek--raki_ictim--.txt,291,10,-1,358,298.4329896907216,327.0,100.70553597937403,359,34.125,0.0625,0.375,0.1172680412371134,0.125,0.06309484084006216,F5#4,44
segah,sarki,kapali_curcuna,hasta_kalbimde,kaptanzade_ali_riza_bey,segah--sarki--kapali_curcuna--hasta_kalbimde--kaptanzade_ali_riza_bey.txt,405,16,-1,371,301.49876543209876,327.0,94.27344955262473,372,90.125,0.125,1.25,0.22253086419753088,0.125,0.22658288575993737,D5,75
segah,sarki,murekkepnimsofyan,olursem_yaziktir,hayri_yenigun,segah--sarki--murekkepnimsofyan--olursem_yaziktir--hayri_yenigun.txt,363,16,-1,371,325.8787878787879,335.0,57.5487462523015,372,42.0625,0.03125,0.75,0.11587465564738292,0.09375,0.1023749884049664,D5,64
segah,sarki,murekkepsofyan,dustu_enginlere,refik_fersan,segah--sarki--murekkepsofyan--dustu_enginlere--refik_fersan.txt,236,11,-1,358,309.8813559322034,318.0,66.81370346020731,359,60.125,0.0625,1.375,0.2547669491525424,0.125,0.30728702835721877,D5,54
segah,sarki,musemmen,gozlerinden_icti,sukru_erozan,segah--sarki--musemmen--gozlerinden_icti--sukru_erozan.txt,307,14,-1,358,320.628664495114,335.0,63.79393059602407,359,45.125,0.03125,0.625,0.1469869706840391,0.125,0.09392049547465675,D5,55
segah,sarki,nimsofyan,gel_gitme,kaptanzade_ali_riza_bey,segah--sarki--nimsofyan--gel_gitme--kaptanzade_ali_riza_bey.txt,233,13,-1,366,306.2575107296137,327.0,92.9971391235028,367,24.25,0.0625,0.25,0.10407725321888411,0.0625,0.06112281338878802,D5,45
segah,sarki,raksaksagi,herkes_gitti,refik_fersan,segah--sarki--raksaksagi--herkes_gitti--refik_fersan.txt,204,15,-1,380,311.8186274509804,327.0,80.48395150176435,381,37.25,0.0625,0.5,0.18259803921568626,0.125,0.10029446888411753,D5,35
segah,sarki,semai,ben_seni,amir_ates,segah--sarki--semai--ben_seni--amir_ates.txt,527,13,-1,371,307.0626185958254,327.0,90.83902251026491,372,125.75,0.0625,1.5,0.23861480075901328,0.125,0.1982896870960715,B4b1,81
segah,sarki,semai,gurbet_icimde,teoman_alpay,segah--sarki--semai--gurbet_icimde--teoman_alpay.txt,325,7,0,358,331.3446153846154,335.0,22.220514036911418,358,144.25,0.125,1.5,0.44384615384615383,0.25,0.413087188909346,E5b1,77
segah,sarki,semai,kus_olup,neveser_kokdes,segah--sarki--semai--kus_olup--neveser_kokdes.txt,382,14,-1,371,325.8821989528796,327.0,40.60098711524102,372,123.25,0.125,1.25,0.3226439790575916,0.25,0.20402208709848194,D5,68
segah,sarki,semai,sensin_tek,gulen_ertek,segah--sarki--semai--sensin_tek--gulen_ertek.txt,992,12,-1,380,332.60987903225805,335.0,35.25865250364567,381,242.5,0.125,0.75,0.2444556451612903,0.125,0.18768063898182125,E5b1,216
segah,sarki,senginsemai,kactim_birakip,kirkor_cigercioglu,segah--sarki--senginsemai--kactim_birakip--kirkor_cigercioglu.txt,721,16,-1,371,326.0485436893204,327.0,29.019277619724754,372,71.0,0.03125,0.5,0.09847434119278779,0.0625,0.08543774218567153,D5,129
segah,sarki,senginsemai,ol_gozleri,ekrem_guyer,segah--sarki--senginsemai--ol_gozleri--ekrem_guyer.txt,186,13,0,366,327.741935483871,327.0,28.394861821380196,366,47.25,0.0625,0.5,0.2540322580645161,0.25,0.13764011645045643,B4b1,39
segah,sarki,senginsemai,ruhunda_olen,sadi_isilay,segah--sarki--senginsemai--ruhunda_olen--sadi_isilay.txt,570,18,-1,375,309.8666666666667,327.0,65.32670183816215,376,59.25,0.03125,0.5,0.10394736842105264,0.0625,0.08488835844580717,D5,123
segah,sarki,sofyan,dayanilmaz_hasretin,omer_sami_gupgup,segah--sarki--sofyan--dayanilmaz_hasretin--omer_sami_gupgup.txt,657,14,-1,371,322.51293759512936,335.0,72.44198835534316,372,116.25,0.03125,1.0,0.1769406392694064,0.125,0.1302774693947798,E5b1,114
segah,sarki,turkaksagi,sevda_yaratan,yesari_asim_arsoy,segah--sarki--turkaksagi--sevda_yaratan--yesari_asim_arsoy.txt,488,18,0,380,333.4836065573771,334.0,22.558155227179135,380,44.75,0.03125,0.375,0.09170081967213115,0.0625,0.06668938033164462,D5,88
segah,sarki,yuruksemai_ii,kapat_gozlerini,mustafa_seyran,segah--sarki--yuruksemai_ii--kapat_gozlerini--mustafa_seyran.txt,449,8,0,358,328.01781737193767,327.0,20.53306661679611,358,96.125,0.125,0.75,0.214086859688196,0.125,0.18297532042595935,D5,120
segah,sazeseri,sofyan,uc_turkoglu,aksehir,segah--sazeseri--sofyan--uc_turkoglu--aksehir.txt,449,11,-1,358,323.43429844097994,327.0,42.851339572222805,359,48.25,0.0625,0.25,0.10746102449888642,0.125,0.057306654124837667,D5,108
segah,sazsemaisi,aksaksemai,,hizir_aga,segah--sazsemaisi--aksaksemai----hizir_aga.txt,659,19,-1,388,318.7754172989378,327.0,69.54332975865725,389,78.125,0.03125,0.5,0.11855083459787556,0.125,0.07695199597120819,B4b1,98
segah,sazsemaisi,aksaksemai,,nayi_osman_dede,segah--sazsemaisi--aksaksemai----nayi_osman_dede.txt,431,14,-1,371,300.262180974478,318.0,88.78310877416031,372,77.25,0.0625,1.5,0.17923433874709976,0.125,0.11530190231983754,B4b1,83
segah,sazsemaisi,aksaksemai,,sadi_isilay,segah--sazsemaisi--aksaksemai----sadi_isilay.txt,737,20,-1,380,318.11804613297153,327.0,51.58536521992326,381,95.25,0.03125,1.5,0.12924016282225237,0.0625,0.14367000428300952,D5,149
segah,seyir,semai,1,rauf_yekta,segah--seyir--semai--1--rauf_yekta.txt,74,9,-1,371,298.8243243243243,335.0,105.94924581087575,372,24.0,0.125,0.5,0.32432432432432434,0.25,0.12226269809483031,D5,15
segah,seyir,sofyan,1,erol_bingol,segah--seyir--sofyan--1--erol_bingol.txt,54,11,309,371,330.462962962963,327.0,16.010271423533275,62,8.0,0.0625,0.5,0.14814814814814814,0.125,0.10743052294695807,D5,12
segah,seyir,sofyan,1,sefik_gurmeric,segah--seyir--sofyan--1--sefik_gurmeric.txt,100,14,-1,366,302.95,322.5,84.97918640003634,367,14.0,0.041666666666666664,0.75,0.14,0.125,0.1042751959879074,C5,17
segah,tekbir,durakevferi,allah_u_ekber,itri,segah--tekbir--durakevferi--allah_u_ekber--itri.txt,73,7,-1,344,288.13698630136986,313.0,95.12277374654253,345,13.25,0.0625,0.375,0.1815068493150685,0.125,0.10108159840331299,B4b1,30
segah,turku,33333,cemberli_cargat,huseng_azeroglu,segah--turku--33333--cemberli_cargat--huseng_azeroglu.txt,198,9,-1,349,307.1515151515151,327.0,79.12271053601336,350,27.0,0.0625,0.25,0.13636363636363635,0.125,0.05864618241269277,E5b1,47
segah,turku,aksak,beyaz_giyme,bolu,segah--turku--aksak--beyaz_giyme--bolu.txt,243,7,-1,358,319.5061728395062,335.0,71.08918681768526,359,24.875,0.0625,0.75,0.10236625514403293,0.0625,0.10322564954674712,F5#4,60
segah,turku,aksak,binnaz,usak,segah--turku--aksak--binnaz--usak.txt,545,8,-1,358,314.1211009174312,327.0,69.88940853417162,359,54.125,0.0625,0.25,0.09931192660550459,0.0625,0.05491248003971638,E5b1,156
segah,turku,aksak,bir_gemim,ankara,segah--turku--aksak--bir_gemim--ankara.txt,594,16,-1,371,337.2744107744108,344.0,31.488756285662127,372,60.875,0.041666666666666664,0.375,0.10248316498316498,0.0625,0.061324439662465716,G5,141
segah,turku,aksak,boyda_bosun,istanbul,segah--turku--aksak--boyda_bosun--istanbul.txt,377,8,-1,358,315.42175066312996,335.0,74.09711751156567,359,54.125,0.0625,0.625,0.14356763925729443,0.125,0.09423229171075596,E5b1,72
segah,turku,aksak,cemberim_de,biga,segah--turku--aksak--cemberim_de--biga.txt,397,6,-1,349,320.5944584382872,335.0,69.09084394251016,350,56.375,0.0625,1.0,0.14200251889168766,0.125,0.12526091957764457,F5#4,88
segah,turku,aksak,ey_su,usak,segah--turku--aksak--ey_su--usak.txt,687,11,0,358,329.9519650655022,327.0,19.088386363082126,358,74.375,0.041666666666666664,0.625,0.10826055312954876,0.0625,0.07909723286146508,D5,146
segah,turku,aksak,izmirin_kavaklari,,segah--turku--aksak--izmirin_kavaklari--.txt,519,10,-1,349,318.82851637764935,327.0,56.82900820587441,350,49.625,0.0625,0.375,0.09561657032755298,0.0625,0.060743108948585554,D5,100
segah,turku,aksak,yarim_istanbulu,kayseri,segah--turku--aksak--yarim_istanbulu--kayseri.txt,451,11,-1,358,319.5254988913525,339.0,72.29711008152016,359,48.125,0.03125,0.25,0.10670731707317073,0.09375,0.05761204765698189,G5,92
segah,turku,azeriyuruksemai,ayli_gece,azeri,segah--turku--azeriyuruksemai--ayli_gece--azeri.txt,499,9,-1,344,296.3687374749499,318.0,87.02697906367321,345,90.125,0.041666666666666664,0.75,0.18061122244488978,0.125,0.11243320412226428,C5,144
segah,turku,ciftesofyan,bir_findigin,,segah--turku--ciftesofyan--bir_findigin--.txt,257,6,-1,349,277.5875486381323,327.0,118.34483974537282,350,54.125,0.125,0.5,0.21060311284046693,0.25,0.07946922354139603,D5,104
segah,turku,curcuna,bahcada_yesil,diyarbakir,segah--turku--curcuna--bahcada_yesil--diyarbakir.txt,295,9,-1,358,307.4508474576271,335.0,90.58616819540936,359,47.625,0.0625,0.5,0.1614406779661017,0.125,0.08499475197613307,E5b1,56
segah,turku,curcuna,bala_kekligim,,segah--turku--curcuna--bala_kekligim--.txt,291,11,-1,349,300.6529209621993,318.0,78.29035138986735,350,55.125,0.0625,0.625,0.18943298969072164,0.125,0.10527069283516872,D5,79
segah,turku,curcuna,cayda_cira,elazig,segah--turku--curcuna--cayda_cira--elazig.txt,321,8,-1,349,303.82554517133957,318.0,72.98514897158861,350,60.125,0.125,0.625,0.18730529595015577,0.125,0.10556979446373506,D5,104
segah,turku,curcuna,havuz_basinin,erzincan,segah--turku--curcuna--havuz_basinin--erzincan.txt,281,8,-1,349,299.61565836298934,318.0,81.65376579329164,350,55.125,0.0625,0.375,0.19617437722419928,0.25,0.0896100172875303,B4b1,86
segah,turku,curcuna,yemenimin_uclari,,segah--turku--curcuna--yemenimin_uclari--.txt,750,18,-1,380,321.3946666666667,327.0,58.33482814284129,381,142.625,0.0625,1.25,0.19016666666666668,0.125,0.18236222250185657,D5,175
segah,turku,devrihindi,gemiciler,trabzon,segah--turku--devrihindi--gemiciler--trabzon.txt,388,8,-1,358,300.55670103092785,327.0,91.39207289788258,359,38.3125,0.0625,0.5,0.09874355670103092,0.125,0.042210979072301265,D5,90
segah,turku,iki_bir,ay_giz,kars,segah--turku--iki_bir--ay_giz--kars.txt,204,9,-1,349,299.8186274509804,318.0,85.54836989794428,350,29.5,0.0625,0.75,0.14460784313725492,0.125,0.08595145919178421,D5,52
segah,turku,iki_bir,pencereden_tas,kars,segah--turku--iki_bir--pencereden_tas--kars.txt,361,7,-1,344,285.54570637119116,318.0,100.12546983999731,345,42.125,0.0625,0.25,0.11668975069252077,0.125,0.05368553633267122,D5,102
segah,turku,kapali_curcuna,incecikten_bir,sadettin_kaynak,segah--turku--kapali_curcuna--incecikten_bir--sadettin_kaynak.txt,370,12,-1,358,292.24054054054056,327.0,104.56804415683413,359,79.5,0.0625,0.625,0.21486486486486486,0.25,0.10766829321486816,D5,59
segah,turku,nimsofyan,acilir_gonca_gul,erol_sayan,segah--turku--nimsofyan--acilir_gonca_gul--erol_sayan.txt,358,9,-1,358,290.55027932960894,322.5,102.70632844125302,359,36.25,0.0625,0.5,0.10125698324022346,0.0625,0.05616874729230013,D5,95
segah,turku,nimsofyan,ermenegin_keklikleri,konya,segah--turku--nimsofyan--ermenegin_keklikleri--konya.txt,711,12,-1,358,326.23628691983123,335.0,46.52157312378771,359,56.25,0.03125,0.375,0.07911392405063292,0.0625,0.03380891877813214,D5,162
segah,turku,nimsofyan,silifkenin_yogurdu,,segah--turku--nimsofyan--silifkenin_yogurdu--.txt,349,8,-1,358,329.43839541547277,335.0,45.61791357347704,359,35.25,0.0625,1.0,0.1010028653295129,0.0625,0.08479435904056135,E5b1,73
segah,turku,nimsofyan,zeytinyagli_yiyemem,,segah--turku--nimsofyan--zeytinyagli_yiyemem--.txt,423,10,-1,358,326.63829787234044,335.0,44.26781001733615,359,28.25,0.03125,0.25,0.06678486997635934,0.0625,0.03469087158731809,D5,90
segah,turku,oynak,entarine_pes,afyon-sandikli,segah--turku--oynak--entarine_pes--afyon-sandikli.txt,341,7,-1,349,306.3460410557185,318.0,71.11008795719958,350,31.625,0.0625,0.25,0.09274193548387097,0.0625,0.04356068418690321,C5,100
segah,turku,semai,baharin_gulsen,kars,segah--turku--semai--baharin_gulsen--kars.txt,474,7,0,340,322.12025316455697,327.0,17.48948011015508,340,47.5,0.0625,0.75,0.10021097046413502,0.0625,0.06173117233926208,D5,162
segah,turku,sofyan,acem_ulkesinde,erzurum,segah--turku--sofyan--acem_ulkesinde--erzurum.txt,341,7,-1,349,307.75953079178885,327.0,75.64083633945447,350,30.25,0.03125,0.25,0.08870967741935484,0.0625,0.04247515737825348,D5,122
segah,turku,sofyan,ana_beni,,segah--turku--sofyan--ana_beni--.txt,111,6,-1,349,303.8378378378378,327.0,79.85071759688265,350,10.25,0.0625,0.25,0.09234234234234234,0.0625,0.03658626058446617,D5,44
segah,turku,sofyan,kalaliyam,urfa,segah--turku--sofyan--kalaliyam--urfa.txt,369,9,-1,349,319.420054200542,318.0,30.526444861244816,350,50.25,0.03125,0.5,0.13617886178861788,0.125,0.08827990463764326,D5,134
segah,turku,sofyan,keten_koynek,kirsehir-mucur,segah--turku--sofyan--keten_koynek--kirsehir-mucur.txt,205,9,-1,358,305.74634146341464,327.0,81.58866251965145,359,24.25,0.0625,0.25,0.11829268292682926,0.125,0.05058614468837575,D5,50
segah,turku,sofyan,oy_kemence,ordu,segah--turku--sofyan--oy_kemence--ordu.txt,243,9,-1,358,323.59670781893004,327.0,49.03036996800454,359,24.25,0.0625,0.25,0.09979423868312758,0.125,0.042609349453904405,D5,52
segah,turku,sofyan,pancar_pezik,hacibektas,segah--turku--sofyan--pancar_pezik--hacibektas.txt,701,12,0,358,331.73038516405137,335.0,21.43728536905487,358,67.25,0.03125,0.375,0.09593437945791726,0.0625,0.05478721639808041,D5,133
segah,turku,turkaksagi,terazi,macka,segah--turku--turkaksagi--terazi--macka.txt,385,8,-1,349,292.374025974026,313.0,81.42139199002357,350,60.125,0.125,0.25,0.15616883116883118,0.125,0.05415001409024771,B4b1,102
segah,yuruksemai,yuruksemai,etti_o_guzel,ebubekir_aga,segah--yuruksemai--yuruksemai--etti_o_guzel--ebubekir_aga.txt,399,16,-1,366,324.65413533834584,327.0,36.278732182029266,367,72.25,0.0625,0.75,0.18107769423558898,0.125,0.10892143786615607,D5,80
segah,yuruksemai,yuruksemai,tuti_i_mucize,itri,segah--yuruksemai--yuruksemai--tuti_i_mucize--itri.txt,388,11,-1,358,305.74484536082474,318.0,72.57756680500661,359,96.75,0.0625,1.0,0.24935567010309279,0.25,0.16261917845970372,D5,87
segah,zeybek,agiraksak,antalya_zeybegi,antalya,segah--zeybek--agiraksak--antalya_zeybegi--antalya.txt,333,11,0,366,332.82282282282284,335.0,22.965436742608546,366,29.25,0.03125,0.25,0.08783783783783784,0.09375,0.053500210934254916,G5,68
segah-maye,kupe,darb,maye-i,ahmet_avni_konuk,segah-maye--kupe--darb--maye-i--ahmet_avni_konuk.txt,109,10,-1,349,299.0,318.0,79.75460047104679,350,24.0,0.0625,0.875,0.22018348623853212,0.125,0.1975684675103805,D5,25
segah_maye,ilahi,devrirevan,sem-i_ruhuna,sultan_veled,segah_maye--ilahi--devrirevan--sem-i_ruhuna--sultan_veled.txt,254,7,-1,349,313.62598425196853,318.0,54.458871180122614,350,35.125,0.0625,0.625,0.13828740157480315,0.125,0.0801931960605591,B4b1,64
segah_maye,seyir,sofyan,1,sefik_gurmeric,segah_maye--seyir--sofyan--1--sefik_gurmeric.txt,78,9,-1,349,305.4230769230769,318.0,72.65351310867884,350,12.0,0.0625,1.0,0.15384615384615385,0.125,0.14827618376977023,D5,18
segah_maye,turku,musemmen_ii,dun_gece,erzurum,segah_maye--turku--musemmen_ii--dun_gece--erzurum.txt,373,10,-1,358,311.4691689008043,318.0,60.33225424038764,359,28.125,0.015625,0.25,0.07540214477211796,0.0625,0.04450252358690056,D5,118
sehnaz,agirsemai,senginsemai,didem_yuzune,yahya_nazim_celebi,sehnaz--agirsemai--senginsemai--didem_yuzune--yahya_nazim_celebi.txt,594,15,-1,371,329.0286195286195,340.0,65.92927010649927,372,60.78125,0.03125,1.5,0.1023253367003367,0.0625,0.1016384802251479,A5,102
sehnaz,aranagme,devrihindi,1,,sehnaz--aranagme--devrihindi--1--.txt,255,15,-1,389,344.09411764705885,349.0,42.350326588021595,390,28.25,0.0625,0.5,0.11078431372549019,0.0625,0.07045879281718868,A5,38
sehnaz,aranagme,sofyan,1,,sehnaz--aranagme--sofyan--1--.txt,163,13,-1,371,311.8282208588957,341.0,101.25701287050242,372,16.25,0.0625,0.375,0.09969325153374232,0.0625,0.06388814794626811,A5,24
sehnaz,divan,sofyan,vardim_ki,nevres_pasa,sehnaz--divan--sofyan--vardim_ki--nevres_pasa.txt,709,14,-1,371,321.4076163610719,327.0,56.39050185067745,372,98.25,0.03125,1.0,0.13857545839210156,0.125,0.1247028174248479,D5,126
sehnaz,fantezi,yuruksemai,yuregimi_ezmezdim,ali_rifat_cagatay,sehnaz--fantezi--yuruksemai--yuregimi_ezmezdim--ali_rifat_cagatay.txt,256,18,-1,380,317.3203125,336.0,74.48141587855665,381,30.0,0.0625,0.375,0.1171875,0.0625,0.08448952829881856,E5,38
sehnaz,ilahi,duyek,zahid_bize,selahaddin_demirtas,sehnaz--ilahi--duyek--zahid_bize--selahaddin_demirtas.txt,149,16,-1,380,323.06040268456377,336.0,74.83316833878233,381,18.125,0.03125,0.5,0.12164429530201343,0.125,0.07817911467019123,A5,27
sehnaz,ilahi,evsat,yuruk_degirmenler,dede_efendi,sehnaz--ilahi--evsat--yuruk_degirmenler--dede_efendi.txt,420,13,-1,371,333.5952380952381,336.0,40.39173308209436,372,39.125,0.03125,0.5,0.0931547619047619,0.0625,0.07460128609198383,E5,71
sehnaz,kupe,duyek,lutfedip,ahmet_avni_konuk,sehnaz--kupe--duyek--lutfedip--ahmet_avni_konuk.txt,95,12,-1,367,312.1578947368421,340.0,96.50788919239598,368,16.0,0.0625,0.5,0.16842105263157894,0.125,0.08700166040814278,E5,17
sehnaz,longa,sofyan,,santuri_ethem_efendi,sehnaz--longa--sofyan----santuri_ethem_efendi.txt,509,19,-1,380,330.9666011787819,336.0,46.17674944611765,381,48.25,0.03125,0.375,0.09479371316306483,0.0625,0.06123272639090978,E5,78
sehnaz,pesrev,zencir,,kemani_ali_aga,sehnaz--pesrev--zencir----kemani_ali_aga.txt,874,23,-1,371,323.81464530892447,327.0,43.43332334501611,372,120.25,0.03125,0.75,0.1375858123569794,0.125,0.10565005541200817,D5,105
sehnaz,sarki,agiraksak,saki_ya_mey,alaeddin_yavasca,sehnaz--sarki--agiraksak--saki_ya_mey--alaeddin_yavasca.txt,491,19,-1,371,324.13645621181263,336.0,65.43752055819115,372,72.25,0.03125,0.875,0.14714867617107943,0.125,0.10726077658595491,E5,107
sehnaz,sarki,agirevfer,merami_andelibin,kemani_riza_efendi,sehnaz--sarki--agirevfer--merami_andelibin--kemani_riza_efendi.txt,342,16,-1,380,333.5730994152047,340.0,48.91424276429273,381,54.25,0.0625,0.5,0.15862573099415206,0.125,0.1036402425864776,G5#4,50
sehnaz,sarki,aksak,bir_nevcivane,iii_selim,sehnaz--sarki--aksak--bir_nevcivane--iii_selim.txt,615,17,-1,380,331.14146341463413,336.0,44.70210287125494,381,74.375,0.0625,0.375,0.1209349593495935,0.125,0.07804447698736434,E5,106
sehnaz,sarki,aksak,can_misin,zeki_arif_ataergin,sehnaz--sarki--aksak--can_misin--zeki_arif_ataergin.txt,369,19,-1,389,318.99728997289975,341.0,95.40472992800616,390,41.6484375,0.015625,0.375,0.11286839430894309,0.125,0.07129542471818898,A5,60
sehnaz,sarki,aksak,denizin_dalgasini,semseddin_ziya_bey,sehnaz--sarki--aksak--denizin_dalgasini--semseddin_ziya_bey.txt,547,15,-1,380,336.95612431444243,349.0,53.65124366551359,381,63.125,0.03125,0.5,0.11540219378427788,0.125,0.07067123577953811,A5,130
sehnaz,sarki,aksak,firsat_bulsam,tanburi_mustafa_cavus,sehnaz--sarki--aksak--firsat_bulsam--tanburi_mustafa_cavus.txt,677,21,-1,375,332.3057607090103,336.0,38.0041205242841,376,82.625,0.0625,0.5,0.12204579025110783,0.125,0.07686624420240878,E5,115
sehnaz,sarki,aksak,gonul_durmaz,dede_efendi,sehnaz--sarki--aksak--gonul_durmaz--dede_efendi.txt,571,16,-1,371,325.6602451838879,336.0,62.95615415991074,372,85.625,0.03125,0.5,0.14995621716287216,0.125,0.0798887767270947,A5,84
sehnaz,sarki,aksak,meclis_ara,tanburi_mustafa_cavus,sehnaz--sarki--aksak--meclis_ara--tanburi_mustafa_cavus.txt,309,14,-1,371,319.747572815534,336.0,79.04138137544788,372,42.875,0.0625,0.5,0.13875404530744337,0.125,0.0634101344742061,E5,62
sehnaz,sarki,aksaksemai,ey_verd-i_rana,dede_efendi,sehnaz--sarki--aksaksemai--ey_verd-i_rana--dede_efendi.txt,638,15,-1,380,332.3871473354232,341.0,54.27916927878699,381,59.9375,0.03125,0.375,0.09394592476489028,0.0625,0.057553490934893474,A5,106
sehnaz,sarki,aydin,ey_dilber-i,rahmi_bey,sehnaz--sarki--aydin--ey_dilber-i--rahmi_bey.txt,691,19,-1,380,326.25036179450075,341.0,68.86384052953778,381,105.875,0.0625,0.625,0.15321997105643995,0.125,0.07632902713376849,A5,117
sehnaz,sarki,curcuna,beni_ateslere,zeki_arif_ataergin,sehnaz--sarki--curcuna--beni_ateslere--zeki_arif_ataergin.txt,474,17,-1,380,330.1666666666667,340.0,58.24708312041595,381,69.375,0.03125,0.5,0.1463607594936709,0.125,0.09387689225143586,A5,88
sehnaz,sarki,devrihindi,etmedin_bir_lahza,dellalzade_haci_ismail_efendi,sehnaz--sarki--devrihindi--etmedin_bir_lahza--dellalzade_haci_ismail_efendi.txt,610,19,-1,389,338.21803278688526,342.0,47.54771178468544,390,70.25,0.03125,0.5,0.1151639344262295,0.09375,0.07456822739088687,A5,95
sehnaz,sarki,duyek,dalda_bir,sadettin_kaynak,sehnaz--sarki--duyek--dalda_bir--sadettin_kaynak.txt,387,17,-1,380,300.96640826873386,336.0,109.93423096607496,381,60.375,0.041666666666666664,1.0,0.1560077519379845,0.125,0.13975705521391796,A5,47
sehnaz,sarki,senginsemai,feryad_ki,tanburi_cemil_bey,sehnaz--sarki--senginsemai--feryad_ki--tanburi_cemil_bey.txt,469,16,-1,380,331.85714285714283,341.0,54.31105860403649,381,65.625,0.03125,1.25,0.13992537313432835,0.125,0.11038165156521403,E5,79
sehnaz,sarki,sofyan,gel_meclise,muallim_ismail_hakki_bey,sehnaz--sarki--sofyan--gel_meclise--muallim_ismail_hakki_bey.txt,559,18,-1,380,333.12343470483006,341.0,53.8647330611742,381,48.25,0.03125,0.5,0.08631484794275492,0.0625,0.061189154355038466,A5,80
sehnaz,sarki,sofyan,soyle_nicin,bimen_sen,sehnaz--sarki--sofyan--soyle_nicin--bimen_sen.txt,228,16,-1,380,311.24122807017545,341.0,99.00602332177476,381,32.25,0.03125,0.5,0.14144736842105263,0.125,0.08447722090643797,A5,34
sehnaz,sazsemaisi,aksaksemai,,arif_sami_toker,sehnaz--sazsemaisi--aksaksemai----arif_sami_toker.txt,511,19,-1,380,332.0430528375734,336.0,40.71914934291885,381,79.25,0.03125,1.5,0.1550880626223092,0.125,0.1729308415858741,E5,93
sehnaz,seyir,devrihindi,1,erol_bingol,sehnaz--seyir--devrihindi--1--erol_bingol.txt,77,14,305,380,345.1168831168831,341.0,17.020091862246705,75,14.0,0.0625,0.5,0.18181818181818182,0.125,0.10097276564457308,A5,12
sehnaz,seyir,sofyan,1,sefik_gurmeric,sehnaz--seyir--sofyan--1--sefik_gurmeric.txt,88,14,-1,389,333.03409090909093,353.0,75.5801240161095,390,13.0,0.0625,0.5,0.14772727272727273,0.125,0.11219699703735671,A5,17
sehnaz,turku,sofyan,arpa_bugday,orta_anadolu,sehnaz--turku--sofyan--arpa_bugday--orta_anadolu.txt,282,13,-1,363,322.9148936170213,340.0,75.83020828887753,364,26.75,0.03125,1.25,0.09485815602836879,0.0625,0.12373758359998865,A5,57
sehnaz,turku,sofyan,elmayi_top,hendek,sehnaz--turku--sofyan--elmayi_top--hendek.txt,407,14,-1,367,335.4103194103194,340.0,40.480685556196995,368,44.25,0.03125,0.375,0.10872235872235872,0.09375,0.060655758187655,E5,85
sehnaz,yuruksemai,yuruksemai,dem-i_visali,kara_ismail_aga,sehnaz--yuruksemai--yuruksemai--dem-i_visali--kara_ismail_aga.txt,528,14,-1,371,318.0246212121212,336.0,81.30952270078629,372,96.25,0.0625,1.0,0.18229166666666666,0.125,0.1272430780716226,E5,100
sehnazbuselik,agirsemai,aksaksemai,kimseyi_dil,kucuk_muezzin_mehmet_celebi,sehnazbuselik--agirsemai--aksaksemai--kimseyi_dil--kucuk_muezzin_mehmet_celebi.txt,741,17,-1,380,315.2941970310391,336.0,80.94517551561069,381,80.125,0.0625,0.375,0.10813090418353576,0.125,0.05812467729982141,C5,95
sehnazbuselik,aranagme,semai,1,,sehnazbuselik--aranagme--semai--1--.txt,129,13,0,371,329.70542635658916,336.0,33.9039090437904,371,24.25,0.08333333333333333,0.75,0.187984496124031,0.125,0.15634686919715385,E5,24
sehnazbuselik,kupe,agiraksak,ehl-i,ahmet_avni_konuk,sehnazbuselik--kupe--agiraksak--ehl-i--ahmet_avni_konuk.txt,107,15,-1,380,316.7289719626168,349.0,98.40804251661567,381,18.0,0.0625,0.5,0.16822429906542055,0.125,0.09222870040052658,A5,21
sehnazbuselik,ornek_oz,sofyan,1,huseyin_sadettin_arel,sehnazbuselik--ornek_oz--sofyan--1--huseyin_sadettin_arel.txt,33,13,-1,389,330.3030303030303,336.0,64.32363720305548,390,6.0,0.0625,0.5,0.18181818181818182,0.125,0.10289229944019576,E5,4
sehnazbuselik,sarki,aksak,kucuksuda_gordum,tanburi_mustafa_cavus,sehnazbuselik--sarki--aksak--kucuksuda_gordum--tanburi_mustafa_cavus.txt,635,17,-1,380,326.35590551181105,336.0,60.80884312965576,381,63.125,0.03125,0.375,0.09940944881889764,0.0625,0.06103080482599209,E5,88
sehnazbuselik,sarki,semai,yolun_bulamam,denizoglu_ali_bey,sehnazbuselik--sarki--semai--yolun_bulamam--denizoglu_ali_bey.txt,473,13,-1,371,322.2875264270613,336.0,56.81681268999371,372,96.25,0.08333333333333333,0.75,0.20348837209302326,0.125,0.16500991358281178,E5,92
sehnazbuselik,sazsemaisi,aksaksemai,,leon_hanciyan,sehnazbuselik--sazsemaisi--aksaksemai----leon_hanciyan.txt,647,21,-1,380,310.78516228748066,327.0,79.09205297953118,381,124.125,0.03125,1.75,0.1918469860896445,0.125,0.2194978853821574,E5,79
sehnazbuselik,sazsemaisi,aksaksemai,,seref_cakar,sehnazbuselik--sazsemaisi--aksaksemai----seref_cakar.txt,874,17,-1,380,325.5503432494279,336.0,68.53906909102076,381,79.125,0.03125,0.375,0.09053203661327232,0.0625,0.06323603919358113,E5,120
sehnazbuselik,seyir,sofyan,1,erol_bingol,sehnazbuselik--seyir--sofyan--1--erol_bingol.txt,46,11,300,371,340.04347826086956,340.0,21.132341219340276,71,8.0,0.0625,0.5,0.17391304347826086,0.125,0.11704777297932793,A5,7
selmek,sazsemaisi,aksaksemai,,mehmet_aga,selmek--sazsemaisi--aksaksemai----mehmet_aga.txt,334,13,-1,362,298.6946107784431,318.0,82.89344892555127,363,44.125,0.0625,0.25,0.13211077844311378,0.125,0.06404588260514088,B4b1,62
serefnuma,sazsemaisi,aksaksemai,,suphi_ezgi,serefnuma--sazsemaisi--aksaksemai----suphi_ezgi.txt,578,20,-1,380,304.8702422145329,305.0,33.60245895944928,381,76.375,0.0625,0.375,0.13213667820069205,0.125,0.06996815157000165,A4,90
sevk-icedid,kupe,musemmen,kesme,ahmet_avni_konuk,sevk-icedid--kupe--musemmen--kesme--ahmet_avni_konuk.txt,86,16,-1,371,327.66279069767444,332.0,54.08285810084076,372,8.0,0.03125,0.25,0.09302325581395349,0.0625,0.05464977568312739,D5,17
sevkaver,kupe,aksaksemai,halka-i,ahmet_avni_konuk,sevkaver--kupe--aksaksemai--halka-i--ahmet_avni_konuk.txt,101,18,-1,371,314.3168316831683,327.0,67.85571909471881,372,10.0,0.03125,0.25,0.09900990099009901,0.0625,0.052117150737450144,D5,13
sevkaver,pesrev,hafif,,i_mahmut,sevkaver--pesrev--hafif----i_mahmut.txt,141,16,-1,358,310.41843971631204,318.0,56.93795570974838,359,20.25,0.0625,0.375,0.14361702127659576,0.125,0.07535062418686089,C5,20
sevkefza,kupe,aksaksemai,sevkefza,ahmet_avni_konuk,sevkefza--kupe--aksaksemai--sevkefza--ahmet_avni_konuk.txt,103,16,-1,380,319.84466019417476,336.0,60.626590503745874,381,10.0,0.03125,0.25,0.0970873786407767,0.0625,0.05120197066445639,F5,15
sevkefza,pesrev,muhammes,,numan_aga,sevkefza--pesrev--muhammes----numan_aga.txt,550,22,-1,371,316.03818181818184,324.0,53.769531092613434,372,96.0,0.0625,0.75,0.17454545454545456,0.125,0.09670586508469091,C5,78
sevkefza,sarki,aksak,ey_serv-i,iii_selim,sevkefza--sarki--aksak--ey_serv-i--iii_selim.txt,326,18,-1,371,312.35276073619633,323.0,60.86915178075616,372,31.625,0.0625,0.5,0.09700920245398773,0.0625,0.07025139412561669,F5,45
sevkefza,sarki,ciftesofyan,gecip_de_karsima,ahmed_aga,sevkefza--sarki--ciftesofyan--gecip_de_karsima--ahmed_aga.txt,488,18,-1,371,313.36475409836066,323.0,66.4362576623458,372,63.125,0.0625,0.875,0.1293545081967213,0.125,0.10162750733229109,F5,76
sevkefza,sarki,curcuna,sebep_sensin,mustafa_nafiz_irmak,sevkefza--sarki--curcuna--sebep_sensin--mustafa_nafiz_irmak.txt,701,15,-1,371,305.33523537803137,323.0,82.53409875133137,372,127.625,0.125,0.625,0.18206134094151213,0.125,0.09377058907125803,F5,100
sevkefza,sarki,devrihindi,asiyan-i_murg-i,ali_rifat_cagatay,sevkefza--sarki--devrihindi--asiyan-i_murg-i--ali_rifat_cagatay.txt,293,21,-1,371,323.39590443686006,336.0,54.759126188948066,372,24.5,0.03125,0.25,0.08361774744027303,0.0625,0.0594522472811646,F5,43
sevkefza,sarki,semai,geldik_gidiyoruz,omer_dilek,sevkefza--sarki--semai--geldik_gidiyoruz--omer_dilek.txt,394,18,-1,371,308.1928934010152,318.0,71.75767356367577,372,120.25,0.125,1.5,0.3052030456852792,0.25,0.23703310210173698,B4b5,46
sevkefza,sazsemaisi,aksaksemai,,said_dede,sevkefza--sazsemaisi--aksaksemai----said_dede.txt,531,19,-1,380,308.1864406779661,323.0,79.30379303275976,381,74.125,0.0625,0.375,0.13959510357815444,0.125,0.0695887575943628,C5,82
sevkefza,seyir,semai,1,rauf_yekta,sevkefza--seyir--semai--1--rauf_yekta.txt,85,15,-1,371,314.6,336.0,73.58170062363786,372,24.0,0.125,0.5,0.2823529411764706,0.25,0.09673413563576654,G5,15
sevkefza,seyir,sofyan,1,sefik_gurmeric,sevkefza--seyir--sofyan--1--sefik_gurmeric.txt,93,16,-1,371,303.31182795698925,323.0,83.22193723315773,372,16.0,0.0625,1.0,0.17204301075268819,0.125,0.12856859647492652,F5,13
sevkefza,seyir,sofyan,2,sefik_gurmeric,sevkefza--seyir--sofyan--2--sefik_gurmeric.txt,92,19,-1,371,306.4891304347826,323.0,77.31162779713114,372,16.0,0.0625,1.0,0.17391304347826086,0.125,0.12899724438439497,F5,13
sevkefza,seyir,turkaksagi,1,erol_bingol,sevkefza--seyir--turkaksagi--1--erol_bingol.txt,82,17,283,371,330.2439024390244,336.0,19.75064366859211,88,10.0,0.0625,0.375,0.12195121951219512,0.125,0.08211049502686096,F5,15
sevkidil,kupe,devrirevan,dinleyenler,ahmet_avni_konuk,sevkidil--kupe--devrirevan--dinleyenler--ahmet_avni_konuk.txt,134,15,-1,366,313.3059701492537,327.0,70.62324348598206,367,14.0,0.03125,0.375,0.1044776119402985,0.0625,0.06239470425497922,D5,20
sevkidil,pesrev,muhammes,,seyyid_ahmed_aga,sevkidil--pesrev--muhammes----seyyid_ahmed_aga.txt,195,15,-1,367,313.2,332.0,78.92039575407223,368,32.25,0.0625,0.5,0.16538461538461538,0.125,0.07984064844136023,D5,29
sevkitarab,kupe,aksaksemai,verme,ahmet_avni_konuk,sevkitarab--kupe--aksaksemai--verme--ahmet_avni_konuk.txt,102,13,-1,354,301.3137254901961,318.0,70.7365745428948,355,10.0,0.03125,0.25,0.09803921568627451,0.125,0.05222449807684859,C5,21
sevkutarab,seyir,sofyan,1,erol_bingol,sevkutarab--seyir--sofyan--1--erol_bingol.txt,49,11,283,340,313.3673469387755,312.0,12.610666578917463,57,8.0,0.0625,0.5,0.16326530612244897,0.125,0.0794843473873431,C5,13
sevkutarab,seyir,sofyan,1,sefik_gurmeric,sevkutarab--seyir--sofyan--1--sefik_gurmeric.txt,87,13,-1,354,299.39080459770116,318.0,76.94325246899749,355,16.0,0.0625,1.0,0.1839080459770115,0.125,0.14116299602281543,C5,15
sipihr,kupe,duyek,her,ahmet_avni_konuk,sipihr--kupe--duyek--her--ahmet_avni_konuk.txt,79,15,-1,371,314.1645569620253,336.0,92.78669090843306,372,16.0,0.125,0.5,0.20253164556962025,0.125,0.11018595417992004,E5,12
sipihr,sazsemaisi,aksaksemai,,zeki_arif_ataergin,sipihr--sazsemaisi--aksaksemai----zeki_arif_ataergin.txt,800,21,-1,389,333.0825,341.0,59.89210736320361,390,70.25,0.03125,1.5,0.0878125,0.0625,0.08308368948027887,E5,164
sivenuma,beste,devrirevan,bir_goruste,abdulhalim_aga,sivenuma--beste--devrirevan--bir_goruste--abdulhalim_aga.txt,206,19,-1,380,300.40776699029124,318.0,84.66282472608093,381,28.0,0.0625,0.375,0.13592233009708737,0.125,0.0768209751997573,C5,31
sultaniirak,kupe,duyek,sah-i,ahmet_avni_konuk,sultaniirak--kupe--duyek--sah-i--ahmet_avni_konuk.txt,91,12,-1,349,298.34065934065933,318.0,81.30166320291633,350,16.0,0.0625,0.5,0.17582417582417584,0.125,0.08534656061632133,D5,16
sultanisegah,pesrev,cifteduyek,,santuri_ethem_efendi,sultanisegah--pesrev--cifteduyek----santuri_ethem_efendi.txt,493,27,-1,375,297.0872210953347,322.0,84.44047368726851,376,64.25,0.0625,0.5,0.13032454361054766,0.125,0.08217026459852549,D5,88
sultaniyegah,aranagme,nimsofyan,1,,sultaniyegah--aranagme--nimsofyan--1--.txt,79,6,0,349,326.40506329113924,336.0,39.0766895519835,349,16.25,0.0625,0.5,0.20569620253164558,0.25,0.10970161797072253,E5,24
sultaniyegah,aranagme,turkaksagi,1,,sultaniyegah--aranagme--turkaksagi--1--.txt,171,17,-1,362,301.1578947368421,318.0,67.31491998073223,363,20.125,0.0625,0.5,0.11769005847953216,0.125,0.07513174989151566,D5,20
sultaniyegah,kupe,yuruksemai,eyledin,ahmet_avni_konuk,sultaniyegah--kupe--yuruksemai--eyledin--ahmet_avni_konuk.txt,78,15,-1,362,290.5769230769231,327.0,95.21466099467911,363,12.0,0.0625,0.625,0.15384615384615385,0.125,0.11646699291885423,D5,16
sultaniyegah,medhal,sofyan,,ali_rifat_cagatay,sultaniyegah--medhal--sofyan----ali_rifat_cagatay.txt,359,20,-1,380,277.84958217270196,305.0,103.15930996795761,381,78.0,0.0625,1.0,0.21727019498607242,0.125,0.16488198158742667,A4,38
sultaniyegah,murabba,hafif,dergahina_vardim,erol_sayan,sultaniyegah--murabba--hafif--dergahina_vardim--erol_sayan.txt,421,17,-1,362,321.83847980997626,327.0,45.71727340084193,363,80.25,0.0625,0.5,0.19061757719714964,0.125,0.09478361233091405,E5,93
sultaniyegah,pesrev,muhammes,,kanuni_haci_arif_bey,sultaniyegah--pesrev--muhammes----kanuni_haci_arif_bey.txt,680,20,-1,371,306.9264705882353,322.0,66.24634175610664,372,96.25,0.0625,0.75,0.14154411764705882,0.125,0.08635883179995889,D5,92
sultaniyegah,sarki,agiraksak,guller_acmis,santuri_ethem_efendi,sultaniyegah--sarki--agiraksak--guller_acmis--santuri_ethem_efendi.txt,503,19,-1,367,310.3081510934394,327.0,70.05946871433507,368,71.875,0.0625,0.75,0.14289264413518887,0.125,0.09836507503658057,F5,73
sultaniyegah,sarki,agiraksak,yaradan_oyle,selanikli_ahmed_bey,sultaniyegah--sarki--agiraksak--yaradan_oyle--selanikli_ahmed_bey.txt,492,19,-1,380,316.5548780487805,327.0,54.50315333639286,381,71.875,0.0625,0.625,0.14608739837398374,0.125,0.10598767597217866,D5,67
sultaniyegah,sarki,aksak,askin_karanlik,mustafa_sunar,sultaniyegah--sarki--aksak--askin_karanlik--mustafa_sunar.txt,388,19,-1,380,307.3273195876289,309.0,31.32151477638436,381,54.125,0.0625,0.625,0.13949742268041238,0.125,0.09704968888256833,A4,50
sultaniyegah,sarki,aksak,biz_heybelide,yesari_asim_arsoy,sultaniyegah--sarki--aksak--biz_heybelide--yesari_asim_arsoy.txt,400,19,-1,389,334.185,336.0,39.30589215238266,390,67.625,0.041666666666666664,1.125,0.1690625,0.125,0.14408378124246377,D5,68
sultaniyegah,sarki,aksak,geldi_kuslarla,alaeddin_yavasca,sultaniyegah--sarki--aksak--geldi_kuslarla--alaeddin_yavasca.txt,406,17,-1,362,308.10591133004925,331.5,83.94555033925276,363,67.875,0.0625,1.125,0.16717980295566504,0.125,0.11210853288946272,D5,66
sultaniyegah,sarki,aksak,habide_olan,udi_sami_bey,sultaniyegah--sarki--aksak--habide_olan--udi_sami_bey.txt,503,22,-1,371,317.42147117296224,327.0,52.862571733331485,372,48.875,0.03125,0.375,0.09716699801192843,0.0625,0.07129625390614712,D5,61
sultaniyegah,sarki,aksak,sacinin_telleri,munir_nurettin_selcuk,sultaniyegah--sarki--aksak--sacinin_telleri--munir_nurettin_selcuk.txt,506,23,-1,371,319.197628458498,327.0,46.26767229194861,372,54.125,0.03125,0.625,0.10696640316205533,0.0625,0.07066363420494548,D5,66
sultaniyegah,sarki,curcuna,bu_gulzarin,santuri_ethem_efendi,sultaniyegah--sarki--curcuna--bu_gulzarin--santuri_ethem_efendi.txt,302,19,-1,371,306.6788079470199,327.0,76.94796629009933,372,53.875,0.125,0.625,0.17839403973509935,0.125,0.0876207493226663,E5,48
sultaniyegah,sarki,curcuna,gozumde_hep,,sultaniyegah--sarki--curcuna--gozumde_hep--.txt,439,15,-1,362,304.9134396355353,318.0,65.80177633419558,363,88.875,0.0625,0.625,0.2024487471526196,0.125,0.12542330240923963,D5,63
sultaniyegah,sarki,curcuna,peymaneme_mehtab,emin_ongan,sultaniyegah--sarki--curcuna--peymaneme_mehtab--emin_ongan.txt,213,18,0,371,321.1032863849765,327.0,31.828529958787104,371,49.5,0.0625,1.25,0.2323943661971831,0.125,0.2206829437591944,D5,30
sultaniyegah,sarki,curcuna,sevildim_sanma,arif_sami_toker,sultaniyegah--sarki--curcuna--sevildim_sanma--arif_sami_toker.txt,219,20,-1,362,281.51141552511416,305.0,87.42322244813707,363,50.125,0.125,1.125,0.2288812785388128,0.125,0.24809319528552506,A4,33
sultaniyegah,sarki,duyek,hayat_genclik,munir_nurettin_selcuk,sultaniyegah--sarki--duyek--hayat_genclik--munir_nurettin_selcuk.txt,464,17,-1,363,294.3125,327.0,100.2205525442153,364,78.125,0.03125,1.0,0.16837284482758622,0.125,0.10755115436516897,E5,67
sultaniyegah,sarki,duyek,her_sey,sinan_sipahi,sultaniyegah--sarki--duyek--her_sey--sinan_sipahi.txt,364,17,-1,349,294.0934065934066,322.0,86.90659981493613,350,63.125,0.0625,1.0,0.17342032967032966,0.125,0.11595770447641342,D5,55
sultaniyegah,sarki,duyek,kacinci_fasl-i,cevdet_cagla,sultaniyegah--sarki--duyek--kacinci_fasl-i--cevdet_cagla.txt,450,18,-1,362,314.24888888888887,322.0,38.19444229106201,363,47.25,0.041666666666666664,0.5,0.105,0.0625,0.0661683304793625,D5,85
sultaniyegah,sarki,nimsofyan,sen_sarki,munir_nurettin_selcuk,sultaniyegah--sarki--nimsofyan--sen_sarki--munir_nurettin_selcuk.txt,494,19,-1,371,319.36842105263156,336.0,61.27322091381343,372,81.75,0.0625,0.75,0.16548582995951416,0.125,0.10296557779784228,E5,88
sultaniyegah,sarki,senginsemai,al_sazini,bimen_sen,sultaniyegah--sarki--senginsemai--al_sazini--bimen_sen.txt,487,18,0,371,317.69404517453796,322.0,28.29268735703148,371,60.25,0.0625,0.5,0.12371663244353183,0.08333333333333333,0.09806436390973183,D5,70
sultaniyegah,sarki,sofyan,andikca_gecen,lemi_atli,sultaniyegah--sarki--sofyan--andikca_gecen--lemi_atli.txt,633,20,-1,380,307.5529225908373,318.0,60.78099924169037,381,87.5,0.03125,0.75,0.1382306477093207,0.125,0.11131122675470238,D5,97
sultaniyegah,sarki,turkaksagi,gonlum_sevdi,lemi_atli,sultaniyegah--sarki--turkaksagi--gonlum_sevdi--lemi_atli.txt,319,20,-1,380,300.87774294670845,314.0,70.0402452137817,381,40.125,0.0625,0.625,0.12578369905956113,0.125,0.08083543876986564,D5,36
sultaniyegah,sazsemaisi,aksaksemai,,kanuni_haci_arif_bey,sultaniyegah--sazsemaisi--aksaksemai----kanuni_haci_arif_bey.txt,703,20,-1,362,309.271692745377,327.0,65.8433899782331,363,79.125,0.0625,0.375,0.11255334281650071,0.125,0.06537713024473911,D5,112
sultaniyegah,seyir,semai,1,rauf_yekta,sultaniyegah--seyir--semai--1--rauf_yekta.txt,73,15,-1,371,307.06849315068496,327.0,78.70996844377522,372,24.0,0.125,0.5,0.3287671232876712,0.25,0.12238027261912687,D5,9
sultaniyegah,seyir,sofyan,1,erol_bingol,sultaniyegah--seyir--sofyan--1--erol_bingol.txt,83,16,-1,371,322.0,327.0,42.674605460619226,372,12.0,0.0625,0.5,0.14457831325301204,0.125,0.08616562617253794,D5,15
sultaniyegah,seyir,sofyan,1,sefik_gurmeric,sultaniyegah--seyir--sofyan--1--sefik_gurmeric.txt,107,15,-1,362,299.57943925233644,322.0,76.83160186385297,363,16.0,0.0625,0.75,0.14953271028037382,0.125,0.09816904632211025,D5,21
sultaniyegah,yuruksemai,yuruksemai,sadeyledi_can,dede_efendi,sultaniyegah--yuruksemai--yuruksemai--sadeyledi_can--dede_efendi.txt,584,19,-1,362,300.4349315068493,322.0,75.3552538559872,363,120.25,0.0625,1.0,0.20590753424657535,0.125,0.14209211738541005,D5,68
suzidil,agirsemai,aksaksemai,beni_ey,sadullah_aga,suzidil--agirsemai--aksaksemai--beni_ey--sadullah_aga.txt,565,18,-1,371,319.1716814159292,336.0,67.48882685176416,372,65.125,0.03125,0.375,0.11526548672566371,0.0625,0.07472864832974019,E5,83
suzidil,agirsemai,aksaksemai,bir_suhun,ali_rifat_cagatay,suzidil--agirsemai--aksaksemai--bir_suhun--ali_rifat_cagatay.txt,263,17,-1,389,306.1368821292776,331.0,81.26478895925912,390,51.5,0.0625,1.0,0.1958174904942966,0.125,0.1267966190151707,E5,47
suzidil,agirsemai,aksaksemai,kani_yad-i,tanburi_ali_efendi,suzidil--agirsemai--aksaksemai--kani_yad-i--tanburi_ali_efendi.txt,672,20,-1,371,318.95238095238096,321.0,45.213757520652145,372,60.125,0.03125,0.25,0.08947172619047619,0.0625,0.059584142720877066,B4,105
suzidil,aranagme,ciftesofyan,1,,suzidil--aranagme--ciftesofyan--1--.txt,131,16,-1,371,278.39694656488547,327.0,124.56327890732196,372,18.125,0.0625,0.25,0.1383587786259542,0.125,0.06713918593286294,G5#4,18
suzidil,aranagme,curcuna,1,,suzidil--aranagme--curcuna--1--.txt,143,12,-1,353,299.44055944055947,314.0,71.133837590763,354,20.125,0.125,0.375,0.14073426573426573,0.125,0.04659897101096762,E5,20
suzidil,beste,fer,hiraman_ol,abdulhalim_aga,suzidil--beste--fer--hiraman_ol--abdulhalim_aga.txt,675,15,-1,367,299.8977777777778,314.0,74.45098707046513,368,108.25,0.0625,1.0,0.16037037037037036,0.125,0.10520729789457599,E5,104
suzidil,kocekce,ciftesofyan,acep_ey,ali_rifat_cagatay,suzidil--kocekce--ciftesofyan--acep_ey--ali_rifat_cagatay.txt,382,17,-1,389,323.8979057591623,341.0,80.02107692044737,390,60.875,0.0625,0.5,0.1593586387434555,0.125,0.06781493781843326,E5,84
suzidil,kupe,aksaksemai,yandi,ahmet_avni_konuk,suzidil--kupe--aksaksemai--yandi--ahmet_avni_konuk.txt,101,13,-1,371,312.5742574257426,331.0,67.45477693012607,372,10.0,0.03125,0.25,0.09900990099009901,0.0625,0.059796090181466706,E5,18
suzidil,longa,nimsofyan,,sedat_oztoprak,suzidil--longa--nimsofyan----sedat_oztoprak.txt,606,31,-1,397,311.37458745874585,318.0,54.749164583186115,398,54.25,0.0625,0.25,0.08952145214521452,0.0625,0.04087167422458795,C5,73
suzidil,murabba,remel,ruhsarina_aybetme,ali_rifat_cagatay,suzidil--murabba--remel--ruhsarina_aybetme--ali_rifat_cagatay.txt,503,15,-1,358,296.78528827037775,318.0,85.85337740948773,359,79.5,0.0625,0.5,0.15805168986083498,0.125,0.09511642571622309,E5,83
suzidil,pesrev,devrikebir,,tanburi_ali_efendi,suzidil--pesrev--devrikebir----tanburi_ali_efendi.txt,621,25,-1,380,316.048309178744,327.0,62.523912209193725,381,84.25,0.03125,0.5,0.1356682769726248,0.125,0.07767977716021589,E5,85
suzidil,sarki,agiraksak,bir_nigah_ile,nikogos_aga,suzidil--sarki--agiraksak--bir_nigah_ile--nikogos_aga.txt,504,19,-1,371,323.06349206349205,331.0,38.42303940043438,372,61.75,0.03125,0.5,0.12251984126984126,0.0625,0.08537335422816805,E5,87
suzidil,sarki,agiraksak,ulfetin_gecti,ismet_aga,suzidil--sarki--agiraksak--ulfetin_gecti--ismet_aga.txt,702,17,-1,371,318.72934472934475,318.0,35.76214368330508,372,72.25,0.03125,0.5,0.10292022792022792,0.0625,0.06096032663415714,E5,91
suzidil,sarki,aksak,bitmezdi_guzelbahcede,akin_ozkan,suzidil--sarki--aksak--bitmezdi_guzelbahcede--akin_ozkan.txt,440,22,-1,389,317.5068181818182,336.0,71.05681225921039,390,51.125,0.03125,0.375,0.11619318181818182,0.125,0.06742618500384992,E5,67
suzidil,sarki,aksak,her_bir,tanburi_ali_efendi,suzidil--sarki--aksak--her_bir--tanburi_ali_efendi.txt,458,19,-1,371,305.64410480349346,321.0,78.12178380717107,372,71.375,0.0625,0.5,0.1558406113537118,0.125,0.09238291856460171,E5,67
suzidil,sarki,aksak,husnunde_bahar,suphi_ziya_ozbekkan,suzidil--sarki--aksak--husnunde_bahar--suphi_ziya_ozbekkan.txt,339,21,-1,380,330.85840707964604,336.0,37.09181011135416,381,35.375,0.03125,0.375,0.10435103244837758,0.0625,0.08103234650371027,E5,69
suzidil,sarki,aksak,sana_ben_arz-i,garbis_efendi,suzidil--sarki--aksak--sana_ben_arz-i--garbis_efendi.txt,683,18,-1,371,318.99121522693997,327.0,43.70669951550509,372,71.625,0.03125,0.375,0.10486822840409957,0.0625,0.07180289175754281,E5,133
suzidil,sarki,ciftesofyan,gul_olsam,bimen_sen,suzidil--sarki--ciftesofyan--gul_olsam--bimen_sen.txt,516,20,-1,380,304.4748062015504,318.0,84.2423073896442,381,72.125,0.0625,0.5,0.13977713178294573,0.125,0.08376906385148084,E5,71
suzidil,sarki,curcuna,cana_gam-i,leon_hanciyan,suzidil--sarki--curcuna--cana_gam-i--leon_hanciyan.txt,431,16,-1,367,308.46867749419954,318.0,61.78355555930102,368,70.125,0.0625,0.75,0.1627030162412993,0.125,0.0869979081020742,E5,72
suzidil,sarki,duyek,her_ne_kusur,atif_bastug,suzidil--sarki--duyek--her_ne_kusur--atif_bastug.txt,806,18,-1,371,313.1774193548387,327.0,68.42746196954018,372,119.125,0.03125,1.0,0.14779776674937964,0.125,0.10016467028378932,E5,122
suzidil,sarki,duyek,sevgi_cicegimsin,omer_sami_gupgup,suzidil--sarki--duyek--sevgi_cicegimsin--omer_sami_gupgup.txt,401,17,-1,367,308.6483790523691,327.0,68.32922913084825,368,64.125,0.0625,1.0,0.15991271820448877,0.125,0.13439460193590202,E5,59
suzidil,sarki,evfer,yandikca_oldu,tanburi_ali_efendi,suzidil--sarki--evfer--yandikca_oldu--tanburi_ali_efendi.txt,313,17,-1,371,326.80511182108626,336.0,51.78750690293394,372,36.0,0.03125,0.375,0.11501597444089456,0.0625,0.07587679534607927,E5,56
suzidil,sarki,semai,unutamiyorum,avni_anil,suzidil--sarki--semai--unutamiyorum--avni_anil.txt,372,14,-1,367,294.9059139784946,331.0,99.81905066660269,368,120.25,0.125,1.5,0.323252688172043,0.25,0.22200455452524173,E5,82
suzidil,sarki,senginsemai,ey_gonca,semseddin_ziya_bey,suzidil--sarki--senginsemai--ey_gonca--semseddin_ziya_bey.txt,349,18,-1,380,321.07163323782237,331.0,48.62444660823456,381,36.25,0.03125,0.5,0.10386819484240688,0.0625,0.08862739797234769,E5,62
suzidil,sarki,sofyan,hayal_sehir,ibrahim_kalyon,suzidil--sarki--sofyan--hayal_sehir--ibrahim_kalyon.txt,330,18,0,389,318.8272727272727,318.0,28.487460823146694,389,38.25,0.03125,0.75,0.1159090909090909,0.125,0.10525121594612391,E5,55
suzidil,sarki,sofyan,yuz_yil,yesari_asim_arsoy,suzidil--sarki--sofyan--yuz_yil--yesari_asim_arsoy.txt,319,17,-1,380,330.40752351097177,336.0,36.430127052417255,381,45.25,0.041666666666666664,1.0,0.14184952978056425,0.08333333333333333,0.15048245728319246,E5,48
suzidil,sarki,turkaksagi,sevda_elinin,nuri_halil_poyraz,suzidil--sarki--turkaksagi--sevda_elinin--nuri_halil_poyraz.txt,300,18,-1,380,321.03,331.0,57.12020798749876,381,34.75,0.03125,0.375,0.11583333333333333,0.078125,0.07890365863957931,E5,53
suzidil,sarki,turkaksagi,vadeyle_vaslin,eyyubi_mehmet_bey,suzidil--sarki--turkaksagi--vadeyle_vaslin--eyyubi_mehmet_bey.txt,411,17,-1,371,313.2360097323601,327.0,67.00757341717757,372,35.125,0.0625,0.25,0.08546228710462288,0.0625,0.053597976514638226,E5,61
suzidil,sazsemaisi,aksaksemai,,abdulhalim_aga,suzidil--sazsemaisi--aksaksemai----abdulhalim_aga.txt,545,17,-1,380,321.29908256880736,336.0,63.70988140098333,381,75.125,0.0625,0.375,0.1378440366972477,0.125,0.0680541893608136,E5,77
suzidil,sazsemaisi,aksaksemai,,fahri_kopuz-sedat_oztoprak,suzidil--sazsemaisi--aksaksemai----fahri_kopuz-sedat_oztoprak.txt,487,25,-1,398,310.5544147843942,322.0,71.90314570418195,399,68.125,0.03125,0.75,0.1398870636550308,0.125,0.13581779018219475,E5,69
suzidil,sazsemaisi,aksaksemai,,tanburi_cemil_bey,suzidil--sazsemaisi--aksaksemai----tanburi_cemil_bey.txt,715,25,-1,380,309.90909090909093,318.0,68.24856829342552,381,80.625,0.0625,1.25,0.11276223776223776,0.0625,0.08487030458309563,E5,88
suzidil,sazsemaisi,aksaksemai,yadigar,ali_rifat_cagatay,suzidil--sazsemaisi--aksaksemai--yadigar--ali_rifat_cagatay.txt,1364,18,-1,389,320.08431085043986,336.0,64.71654603787799,390,114.25,0.03125,1.5,0.08376099706744868,0.0625,0.08154672074644029,E5,211
suzidil,seyir,aksak,1,erol_bingol,suzidil--seyir--aksak--1--erol_bingol.txt,89,14,-1,367,311.3258426966292,318.0,61.06363582378983,368,16.0,0.0625,0.75,0.1797752808988764,0.125,0.124223520391213,D5,14
suzidil,seyir,sofyan,1,sefik_gurmeric,suzidil--seyir--sofyan--1--sefik_gurmeric.txt,120,19,-1,380,309.68333333333334,336.0,86.78322102215607,381,18.0,0.0625,0.5,0.15,0.125,0.10035389061388969,E5,17
suzidil,taksim,serbest,-tanburi_cemil_bey,,suzidil--taksim--serbest---tanburi_cemil_bey.txt,646,25,-1,384,315.2136222910217,336.0,76.16716133156255,385,75.453125,0.015625,0.5,0.11680050309597523,0.0625,0.08297928601580179,E5,127
suzidil,yuruksemai,yuruksemai,ceyhun_arayan,tanburi_ali_efendi,suzidil--yuruksemai--yuruksemai--ceyhun_arayan--tanburi_ali_efendi.txt,732,23,-1,380,317.551912568306,331.0,62.64403405893513,381,107.75,0.0625,1.0,0.14719945355191258,0.125,0.13296118688596023,E5,98
suzidil,yuruksemai,yuruksemai,hengam-i_visal,ali_rifat_cagatay,suzidil--yuruksemai--yuruksemai--hengam-i_visal--ali_rifat_cagatay.txt,625,16,-1,389,291.0928,331.0,105.62042447683434,390,129.625,0.0625,1.5,0.2074,0.125,0.19823752668750558,E5,104
suzidilara,kupe,devrirevanihindi,mitriba_meclisde,ahmet_avni_konuk,suzidilara--kupe--devrirevanihindi--mitriba_meclisde--ahmet_avni_konuk.txt,119,12,-1,349,301.2268907563025,314.0,64.71036342940697,350,14.0,0.0625,0.375,0.11764705882352941,0.125,0.07597201628379573,A4,25
suzidilara,pesrev,agirduyek,,iii_selim,suzidilara--pesrev--agirduyek----iii_selim.txt,747,20,-1,371,300.6131191432396,318.0,73.56115064324126,372,184.25,0.0625,1.0,0.2466532797858099,0.25,0.15637324393960028,D5,101
suzidilara,sarki,sofyan,ey_nevbahar-i,manok_aga,suzidilara--sarki--sofyan--ey_nevbahar-i--manok_aga.txt,304,15,-1,367,310.58223684210526,318.0,60.292902889763184,368,24.25,0.03125,0.25,0.07976973684210527,0.0625,0.04034988299879354,D5,49
suzidilara,sazsemaisi,aksaksemai,,tanburi_cemil_bey,suzidilara--sazsemaisi--aksaksemai----tanburi_cemil_bey.txt,676,18,-1,362,313.4230769230769,322.0,57.43042167121302,363,76.125,0.03125,0.5,0.11261094674556213,0.0625,0.07119750624007871,D5,104
suzidilara,seyir,sofyan,1,erol_bingol,suzidilara--seyir--sofyan--1--erol_bingol.txt,89,14,-1,367,311.3258426966292,318.0,61.06363582378983,368,16.0,0.0625,0.75,0.1797752808988764,0.125,0.124223520391213,D5,14
suzidilara,seyir,sofyan,1,sefik_gurmeric,suzidilara--seyir--sofyan--1--sefik_gurmeric.txt,110,17,-1,367,299.1636363636364,314.0,74.86250727720693,368,24.0,0.0625,1.0,0.21818181818181817,0.125,0.15923084516421354,D5,15
suzidilara,turku,cevher,menevse_buldum,adana,suzidilara--turku--cevher--menevse_buldum--adana.txt,83,6,292,327,308.89156626506025,305.0,12.767156843180093,35,11.25,0.0625,0.25,0.1355421686746988,0.125,0.05148266371830597,G4,25
suzidilara,turku,sofyan,hekimoglu,,suzidilara--turku--sofyan--hekimoglu--.txt,493,7,-1,336,305.3387423935091,314.0,32.58062014425626,337,40.25,0.03125,0.5,0.08164300202839757,0.0625,0.06600623074120021,B4,140
suzidilara,yuruksemai,yuruksemai,ab_u_tab,iii_selim,suzidilara--yuruksemai--yuruksemai--ab_u_tab--iii_selim.txt,593,20,-1,371,306.75548060708263,310.0,57.445237504714164,372,125.25,0.0625,0.75,0.21121416526138279,0.125,0.13081968261625326,A4,115
suzinak,agirsemai,aksaksemai,kapilir_her,kucuk_mehmet_aga,suzinak--agirsemai--aksaksemai--kapilir_her--kucuk_mehmet_aga.txt,454,13,-1,371,314.2753303964758,327.0,71.13818570305531,372,46.75,0.03125,0.375,0.10297356828193832,0.0625,0.059467862985633745,D5,106
suzinak,aranagme,-aksak,2,,suzinak--aranagme---aksak--2--.txt,53,8,-1,349,322.33962264150944,327.0,47.35907978747476,350,4.5,0.0625,0.25,0.08490566037735849,0.0625,0.04762120735996621,E5b4,11
suzinak,aranagme,aksak,1,,suzinak--aranagme--aksak--1--.txt,107,8,-1,349,319.32710280373834,327.0,56.31712359000232,350,9.125,0.0625,0.25,0.0852803738317757,0.0625,0.0473287966098672,E5b4,22
suzinak,aranagme,curcuna,1,,suzinak--aranagme--curcuna--1--.txt,105,11,-1,354,301.2190476190476,318.0,83.0074117349192,355,20.125,0.125,0.625,0.19166666666666668,0.125,0.14613064930625153,G4,14
suzinak,ilahi,cifteduyek,yandi_bu,ali_riza_sengel,suzinak--ilahi--cifteduyek--yandi_bu--ali_riza_sengel.txt,359,14,-1,362,318.1225626740947,332.0,66.59446617593638,363,28.0,0.03125,0.375,0.07799442896935933,0.0625,0.05223933107307735,D5,59
suzinak,kupe,devrirevan,perdebazim,ahmet_avni_konuk,suzinak--kupe--devrirevan--perdebazim--ahmet_avni_konuk.txt,138,11,-1,363,312.32608695652175,327.0,69.05664268153309,364,14.0,0.0625,0.375,0.10144927536231885,0.0625,0.062364313731558804,D5,28
suzinak,kupe,devrirevanihindi,nagmei_hungarey,ahmet_avni_konuk,suzinak--kupe--devrirevanihindi--nagmei_hungarey--ahmet_avni_konuk.txt,123,11,-1,358,308.3170731707317,327.0,71.96416652400417,359,14.0,0.0625,0.5,0.11382113821138211,0.125,0.08201192261587868,D5,27
suzinak,mersiye,devrirevan,ehl-i_aska,,suzinak--mersiye--devrirevan--ehl-i_aska--.txt,215,10,-1,365,309.7674418604651,327.0,74.4277976689842,366,28.125,0.0625,0.25,0.1308139534883721,0.125,0.07277405688699935,D5,38
suzinak,pesrev,cenber,,tatyos_efendi,suzinak--pesrev--cenber----tatyos_efendi.txt,886,21,-1,371,323.12076749435664,327.0,37.03292286781386,372,96.25,0.03125,0.5,0.10863431151241534,0.0625,0.07378420251508598,D5,179
suzinak,pesrev,devrikebir,,nayi_emin_dede,suzinak--pesrev--devrikebir----nayi_emin_dede.txt,182,14,-1,363,305.64285714285717,327.0,79.57038601083434,364,28.0,0.0625,1.0,0.15384615384615385,0.125,0.10317294101946516,D5,36
suzinak,sarki,agiraksak,gel_seninle,ahmet_rasim_bey,suzinak--sarki--agiraksak--gel_seninle--ahmet_rasim_bey.txt,420,13,-1,344,312.18333333333334,318.0,50.335032267291176,345,54.25,0.0625,1.0,0.12916666666666668,0.0625,0.1270026528328098,D5,95
suzinak,sarki,agiraksak,suzinak_etme,haci_arif_bey,suzinak--sarki--agiraksak--suzinak_etme--haci_arif_bey.txt,637,13,-1,358,319.8320251177394,327.0,43.68877614969877,359,63.0,0.03125,0.5,0.0989010989010989,0.0625,0.07440734280892483,C5,106
suzinak,sarki,aksak,beni_bigane-i,mehmet_cemil_bey,suzinak--sarki--aksak--beni_bigane-i--mehmet_cemil_bey.txt,247,14,-1,380,321.1417004048583,332.0,71.56389039507972,381,28.5,0.03125,0.5,0.11538461538461539,0.125,0.07808557739975305,D5,45
suzinak,sarki,aksak,beni_bigane-i,tanburi_cemil_bey,suzinak--sarki--aksak--beni_bigane-i--tanburi_cemil_bey.txt,440,14,-1,380,317.17727272727274,327.0,66.17709678076636,381,47.375,0.03125,0.5,0.10767045454545454,0.0625,0.08153766358521947,D5,80
suzinak,sarki,aksak,bir_sihr-i_tarab,rahmi_bey,suzinak--sarki--aksak--bir_sihr-i_tarab--rahmi_bey.txt,442,14,-1,371,315.8099547511312,327.0,59.64916393228892,372,42.875,0.0625,0.625,0.09700226244343892,0.0625,0.07904031087469901,D5,82
suzinak,sarki,aksak,cekme_elemi,haci_arif_bey,suzinak--sarki--aksak--cekme_elemi--haci_arif_bey.txt,548,17,-1,371,318.57664233576645,327.0,44.05945337250877,372,52.875,0.041666666666666664,0.375,0.09648722627737226,0.0625,0.07046393976987549,D5,121
suzinak,sarki,aksak,cevrin_yeter,osman_nihat_akin,suzinak--sarki--aksak--cevrin_yeter--osman_nihat_akin.txt,547,14,-1,366,311.6416819012797,327.0,76.62995342076485,367,56.375,0.03125,0.5,0.10306215722120658,0.0625,0.07046880251268858,D5,117
suzinak,sarki,aksak,edemem_kimseye,haci_arif_bey,suzinak--sarki--aksak--edemem_kimseye--haci_arif_bey.txt,360,12,-1,358,312.65555555555557,318.0,54.901768162080266,359,40.25,0.0625,0.375,0.11180555555555556,0.0625,0.07105112892626035,D5,82
suzinak,sarki,aksak,ellere_uzaktan,osman_nihat_akin,suzinak--sarki--aksak--ellere_uzaktan--osman_nihat_akin.txt,285,11,-1,358,310.6,327.0,77.22129349482618,359,35.25,0.0625,0.375,0.12368421052631579,0.125,0.07508373445289028,D5,63
suzinak,sarki,aksak,eski_hali,haci_arif_bey,suzinak--sarki--aksak--eski_hali--haci_arif_bey.txt,272,11,-1,349,313.75367647058823,327.0,63.09222723699965,350,31.5,0.0625,0.375,0.11580882352941177,0.0625,0.07022360330119375,D5,61
suzinak,sarki,aksak,hasreti_kadehlerden,rustu_eric,suzinak--sarki--aksak--hasreti_kadehlerden--rustu_eric.txt,479,12,-1,366,311.7098121085595,327.0,68.78963541972011,367,47.125,0.03125,0.625,0.0983820459290188,0.0625,0.0702631014241959,D5,95
suzinak,sarki,aksak,meclis_bezendi,haci_arif_bey,suzinak--sarki--aksak--meclis_bezendi--haci_arif_bey.txt,306,14,-1,366,313.26797385620915,327.0,59.694468704512886,367,40.5,0.0625,0.375,0.1323529411764706,0.125,0.07244315764571403,D5,73
suzinak,sarki,aksak,sazin_gibi,cevdet_cagla,suzinak--sarki--aksak--sazin_gibi--cevdet_cagla.txt,450,17,-1,362,319.03555555555556,327.0,48.375098766290435,363,42.875,0.0,0.375,0.09527777777777778,0.0625,0.0518259229228983,D5,99
suzinak,sarki,aksak,uslanmadi_hala,haci_arif_bey,suzinak--sarki--aksak--uslanmadi_hala--haci_arif_bey.txt,505,14,-1,366,313.33861386138614,327.0,58.96399050815876,367,48.375,0.03125,0.375,0.0957920792079208,0.0625,0.05428464794592262,D5,92
suzinak,sarki,aksak,yine_murg-i,haci_arif_bey,suzinak--sarki--aksak--yine_murg-i--haci_arif_bey.txt,268,12,-1,371,306.3619402985075,322.5,73.83349756386512,372,28.875,0.03125,0.375,0.10774253731343283,0.0625,0.06901518953134368,D5,64
suzinak,sarki,curcuna,gozumden_gitmiyor,haci_arif_bey,suzinak--sarki--curcuna--gozumden_gitmiyor--haci_arif_bey.txt,383,15,-1,371,293.38120104438644,318.0,96.07638138110063,372,65.125,0.0625,0.625,0.17003916449086162,0.125,0.0882208439672556,D5,80
suzinak,sarki,curcuna,gulup_gectin,muzaffer_ilkar,suzinak--sarki--curcuna--gulup_gectin--muzaffer_ilkar.txt,365,11,-1,362,310.9835616438356,332.0,86.25017759768087,363,68.875,0.0625,1.125,0.1886986301369863,0.125,0.16177941967378437,E5b4,58
suzinak,sarki,curcuna,ne_cok,sedat_oztoprak,suzinak--sarki--curcuna--ne_cok--sedat_oztoprak.txt,343,14,-1,371,299.0728862973761,327.0,95.98259433222434,372,59.25,0.041666666666666664,0.625,0.1727405247813411,0.125,0.10553947655368003,D5,81
suzinak,sarki,curcuna,ne_muskulmus,osman_nihat_akin,suzinak--sarki--curcuna--ne_muskulmus--osman_nihat_akin.txt,468,12,-1,366,301.93589743589746,327.0,87.6184310409596,367,87.625,0.0625,1.25,0.18723290598290598,0.125,0.15956707767193715,D5,79
suzinak,sarki,curcuna,pabusuna_ermek,haci_arif_bey,suzinak--sarki--curcuna--pabusuna_ermek--haci_arif_bey.txt,232,8,-1,349,317.9051724137931,327.0,44.7396467402944,350,40.0,0.125,0.375,0.1724137931034483,0.125,0.0747564089207579,D5,59
suzinak,sarki,curcuna,pek_revadir,ahmet_rasim_bey,suzinak--sarki--curcuna--pek_revadir--ahmet_rasim_bey.txt,751,13,-1,349,295.60852197070574,318.0,84.2985717985731,350,147.625,0.0625,1.25,0.19657123834886817,0.125,0.15875786988891116,C5,172
suzinak,sarki,curcuna,sen_bezmimize,hasan_ali_yucel,suzinak--sarki--curcuna--sen_bezmimize--hasan_ali_yucel.txt,523,10,0,358,323.92160611854683,327.0,19.919752122416245,358,89.125,0.0625,0.625,0.1704110898661568,0.125,0.09491614181158084,D5,129
suzinak,sarki,curcuna,sevdim_seveli,zeki_arif_ataergin,suzinak--sarki--curcuna--sevdim_seveli--zeki_arif_ataergin.txt,418,20,-1,380,325.5430622009569,327.0,33.27084279859012,381,70.125,0.0625,1.25,0.16776315789473684,0.125,0.1222078668341072,D5,81
suzinak,sarki,devrihindi,bir_dil,haci_arif_bey,suzinak--sarki--devrihindi--bir_dil--haci_arif_bey.txt,422,17,-1,358,318.90047393364927,327.0,47.1637320880986,359,44.375,0.0625,0.375,0.10515402843601895,0.0625,0.06486400881317084,D5,90
suzinak,sarki,devrihindi,durmadan_aylar,munir_nurettin_selcuk,suzinak--sarki--devrihindi--durmadan_aylar--munir_nurettin_selcuk.txt,382,17,-1,380,324.64659685863876,328.5,47.670877626597864,381,55.625,0.03125,0.5,0.1456151832460733,0.125,0.10429485832137671,D5,58
suzinak,sarki,senginsemai,gunden_gune,hafiz_mehmet_esref_efendi,suzinak--sarki--senginsemai--gunden_gune--hafiz_mehmet_esref_efendi.txt,540,16,-1,380,313.43518518518516,332.0,80.31023717869647,381,63.25,0.0625,0.5,0.11712962962962963,0.08333333333333333,0.082072114381477,D5,77
suzinak,sarki,senginsemai,sensiz_geceler,musa_sureyya_bey,suzinak--sarki--senginsemai--sensiz_geceler--musa_sureyya_bey.txt,485,12,-1,362,317.8680412371134,318.0,38.815668287772596,363,54.25,0.03125,0.5,0.11185567010309279,0.0625,0.09062225939893923,D5,102
suzinak,sarki,turkaksagi,beni_candan,haci_arif_bey,suzinak--sarki--turkaksagi--beni_candan--haci_arif_bey.txt,248,11,-1,362,310.10887096774195,318.0,65.70915120868841,363,25.0,0.03125,0.375,0.10080645161290322,0.0625,0.07093532273972737,C5,47
suzinak,sarki,turkaksagi,bir_gamli,cevdet_cagla,suzinak--sarki--turkaksagi--bir_gamli--cevdet_cagla.txt,371,15,-1,366,327.24528301886795,332.0,41.08786495559088,367,39.75,0.03125,0.375,0.10714285714285714,0.125,0.05908886295968747,D5,70
suzinak,sarki,turkaksagi,yandim_o,haci_arif_bey,suzinak--sarki--turkaksagi--yandim_o--haci_arif_bey.txt,384,17,-1,380,322.1666666666667,332.0,62.89531551446463,381,41.375,0.0625,0.5,0.10774739583333333,0.0625,0.07827512230120433,D5,62
suzinak,sazsemaisi,aksaksemai,,enise_can,suzinak--sazsemaisi--aksaksemai----enise_can.txt,563,20,-1,371,315.47069271758437,322.0,54.99560426351659,372,67.125,0.03125,1.0,0.11922735346358793,0.125,0.07894684091183428,D5,113
suzinak,sazsemaisi,aksaksemai,,nikolaki,suzinak--sazsemaisi--aksaksemai----nikolaki.txt,340,18,-1,371,315.15294117647056,327.0,67.4671568095257,372,37.125,0.03125,0.375,0.10919117647058824,0.09375,0.06528755297030046,D5,64
suzinak,seyir,semai,1,rauf_yekta,suzinak--seyir--semai--1--rauf_yekta.txt,71,11,-1,362,289.056338028169,327.0,105.25762779606774,363,24.0,0.125,0.5,0.3380281690140845,0.25,0.13593979463939027,D5,11
suzinak,seyir,sofyan,1,erol_bingol,suzinak--seyir--sofyan--1--erol_bingol.txt,54,10,296,358,326.5740740740741,327.0,13.743748976132306,62,8.0,0.0625,0.5,0.14814814814814814,0.125,0.11472915725659205,D5,13
suzinak,seyir,sofyan,1,sefik_gurmeric,suzinak--seyir--sofyan--1--sefik_gurmeric.txt,88,13,-1,362,312.5681818181818,327.0,78.96249589251696,363,12.0,0.0625,0.5,0.13636363636363635,0.125,0.0871325693383274,D5,15
suzinak,turku,oynak,a_benim,osman_pehlivan,suzinak--turku--oynak--a_benim--osman_pehlivan.txt,259,9,0,358,320.8030888030888,327.0,24.638861150516046,358,27.125,0.03125,0.25,0.10472972972972973,0.0625,0.06210592293094891,D5,64
suzinak-zirgule,seyir,aksak,,eb,suzinak-zirgule--seyir--aksak----eb.txt,66,10,-1,362,303.4848484848485,318.0,79.62802800410697,363,9.0,0.0625,0.5,0.13636363636363635,0.125,0.09100737693913971,C5,12
suzinak-zirgule,seyir,sofyan,,sefik_gurmeric,suzinak-zirgule--seyir--sofyan----sefik_gurmeric.txt,86,10,-1,366,313.30232558139534,327.0,71.22525490094448,367,12.0,0.0625,0.5,0.13953488372093023,0.125,0.09761607843388223,D5,17
suzinak_zirgule,longa,nimsofyan,,turhan_yalcin,suzinak_zirgule--longa--nimsofyan----turhan_yalcin.txt,750,17,0,380,330.476,327.0,21.232613023548083,380,60.25,0.03125,0.25,0.08033333333333334,0.0625,0.05676907191058944,D5,134
suzinak_zirgule,nakis,yuruksemai_ii,cana_firak-i,dede_efendi,suzinak_zirgule--nakis--yuruksemai_ii--cana_firak-i--dede_efendi.txt,771,10,-1,362,313.33852140077823,327.0,61.59767500581977,363,153.25,0.0625,1.0,0.19876783398184175,0.125,0.14220014905960893,D5,160
suzinak_zirgule,sarki,agiraksak,sonbahar_goncasi_mi,mustafa_nafiz_irmak,suzinak_zirgule--sarki--agiraksak--sonbahar_goncasi_mi--mustafa_nafiz_irmak.txt,617,12,-1,371,326.9837925445705,327.0,24.243282572270825,372,62.5,0.03125,0.75,0.1012965964343598,0.0625,0.07641200160982771,D5,124
suzinak_zirgule,sarki,aksak,beni_bizar,haci_arif_bey,suzinak_zirgule--sarki--aksak--beni_bizar--haci_arif_bey.txt,532,13,-1,362,323.0883458646617,327.0,45.05792145417856,363,48.875,0.03125,0.375,0.0918703007518797,0.0625,0.06512376382974143,D5,123
suzinak_zirgule,sarki,aksak,gozlerin_bir,ferit_sidal,suzinak_zirgule--sarki--aksak--gozlerin_bir--ferit_sidal.txt,749,10,-1,354,312.977303070761,318.0,49.6266355911473,355,108.125,0.0625,0.375,0.14435914552736984,0.125,0.07934285349029183,D5,186
suzinak_zirgule,sarki,aksak,hasretle_yanan,emin_ongan,suzinak_zirgule--sarki--aksak--hasretle_yanan--emin_ongan.txt,353,14,-1,371,315.4759206798867,327.0,72.83558784028,372,48.875,0.041666666666666664,0.75,0.13845609065155806,0.125,0.1214108321332771,D5,69
suzinak_zirgule,sarki,curcuna,benim_yarem,latif_aga,suzinak_zirgule--sarki--curcuna--benim_yarem--latif_aga.txt,364,14,-1,371,323.5412087912088,327.0,28.999020685855154,372,57.875,0.0625,0.875,0.15899725274725274,0.125,0.11154788712435745,D5,70
suzinak_zirgule,sarki,devrihindi,dogdugum_gunden,muallim_ismail_hakki_bey,suzinak_zirgule--sarki--devrihindi--dogdugum_gunden--muallim_ismail_hakki_bey.txt,289,12,0,362,324.87543252595157,327.0,24.531125040087552,362,28.125,0.03125,0.25,0.09731833910034603,0.0625,0.05884586483639224,D5,66
suzinak_zirgule,sarki,duyek,aylardir_gul,erol_sayan,suzinak_zirgule--sarki--duyek--aylardir_gul--erol_sayan.txt,361,8,-1,349,290.2437673130194,318.0,96.52605503864478,350,52.125,0.0625,0.375,0.14439058171745153,0.125,0.07345427390897005,D5,74
suzinak_zirgule,sarki,duyek,dokunma_kalbime,gavsi_baykara,suzinak_zirgule--sarki--duyek--dokunma_kalbime--gavsi_baykara.txt,443,15,-1,362,320.97968397291197,327.0,34.36656328901816,363,43.5,0.03125,0.375,0.0981941309255079,0.0625,0.07683523359491158,D5,96
suzinak_zirgule,sarki,duyek,kuzucagim_ne,haci_faik_bey,suzinak_zirgule--sarki--duyek--kuzucagim_ne--haci_faik_bey.txt,497,14,-1,371,319.4949698189135,327.0,55.64410667546727,372,40.125,0.03125,0.5,0.08073440643863179,0.0625,0.0465684569866998,D5,88
suzinak_zirgule,sarki,duyek,sen_ayrilik,omer_dilek,suzinak_zirgule--sarki--duyek--sen_ayrilik--omer_dilek.txt,336,11,-1,366,282.7202380952381,320.5,111.2180284749446,367,58.125,0.0625,0.5,0.17299107142857142,0.125,0.08705194834745182,D5,61
suzinak_zirgule,sarki,evfer,dil-i_mahzununu,tanburi_ali_efendi,suzinak_zirgule--sarki--evfer--dil-i_mahzununu--tanburi_ali_efendi.txt,283,17,-1,371,315.5017667844523,327.0,68.46505422001557,372,22.625,0.03125,0.375,0.0799469964664311,0.0625,0.054777018062777655,D5,50
suzinak_zirgule,sarki,kapali_curcuna,ayri_dustum,yesari_asim_arsoy,suzinak_zirgule--sarki--kapali_curcuna--ayri_dustum--yesari_asim_arsoy.txt,395,14,-1,371,322.76962025316453,327.0,33.52800312440705,372,75.125,0.03125,1.25,0.1901898734177215,0.125,0.21990874107744832,D5,74
suzinak_zirgule,sarki,semai,simdi_uzaklardasin,zeki_muren,suzinak_zirgule--sarki--semai--simdi_uzaklardasin--zeki_muren.txt,396,14,-1,371,316.1489898989899,327.0,53.78221930063098,372,106.75,0.0625,1.5,0.26957070707070707,0.25,0.26876757100539517,D5,75
suzinak_zirgule,sarki,senginsemai,hal-i_dilimi,sekerci_cemil_bey,suzinak_zirgule--sarki--senginsemai--hal-i_dilimi--sekerci_cemil_bey.txt,659,13,-1,371,320.15933232169954,327.0,44.719970823279695,372,57.5,0.03125,0.5,0.08725341426403642,0.0625,0.06206933094286495,D5,138
suzinak_zirgule,sarki,sofyan,gecti_alam-i,klarnet_ibrahim_efendi,suzinak_zirgule--sarki--sofyan--gecti_alam-i--klarnet_ibrahim_efendi.txt,442,12,0,362,328.81674208144796,327.0,21.647566469076853,362,39.625,0.03125,0.375,0.08964932126696833,0.0625,0.06161485495407904,D5,89
suzinak_zirgule,sarki,yuruksemai,husn_alemini,haci_arif_bey,suzinak_zirgule--sarki--yuruksemai--husn_alemini--haci_arif_bey.txt,328,13,-1,366,318.2743902439024,327.0,58.97667877026301,367,59.25,0.0625,1.0,0.18064024390243902,0.125,0.11199815759707436,D5,63
suzinak_zirgule,sarki,yuruksemai_ii,nihal-i_gulsen-i,emin_ongan,suzinak_zirgule--sarki--yuruksemai_ii--nihal-i_gulsen-i--emin_ongan.txt,376,16,-1,371,318.5531914893617,327.0,49.70056837153778,372,48.125,0.03125,0.625,0.12799202127659576,0.125,0.08429476418795859,D5,77
suzinak_zirgule,turku,nimsofyan,yarim_gitti,istanbul,suzinak_zirgule--turku--nimsofyan--yarim_gitti--istanbul.txt,435,8,0,349,320.57011494252873,327.0,20.447223933253618,349,40.25,0.03125,0.25,0.0925287356321839,0.0625,0.05122912389934523,D5,134
suzinak_zirgule,turku,oynak,uzun_da_kavak,izmir,suzinak_zirgule--turku--oynak--uzun_da_kavak--izmir.txt,627,11,0,358,327.5406698564593,327.0,20.36518488649486,358,54.125,0.03125,0.375,0.0863237639553429,0.0625,0.056738093935044136,D5,136
suzinak_zirgule,turku,semai,gokyuzunde_tuten,necmi_piskin,suzinak_zirgule--turku--semai--gokyuzunde_tuten--necmi_piskin.txt,518,13,-1,349,314.5694980694981,327.0,51.053069026268766,350,131.5,0.0625,0.75,0.25386100386100385,0.25,0.1396737563236799,D5,99
tahir,aranagme,duyek,1,,tahir--aranagme--duyek--1--.txt,142,11,-1,371,322.67605633802816,327.0,57.993952887963,372,18.125,0.0625,0.25,0.12764084507042253,0.125,0.06817060799952918,C5,28
tahir,kupe,duyek,al_al,ahmet_avni_konuk,tahir--kupe--duyek--al_al--ahmet_avni_konuk.txt,88,13,-1,371,313.875,336.0,87.02434756414733,372,16.0,0.0625,0.5,0.18181818181818182,0.125,0.08971757032065918,E5,16
tahir,pesrev,fahte,,dede_salih_efendi,tahir--pesrev--fahte----dede_salih_efendi.txt,646,23,-1,393,325.79566563467495,340.0,73.28662037077571,394,100.25,0.0625,0.75,0.15518575851393188,0.125,0.08427206349529193,E5,91
tahir,sarki,aksak,ben_sana,dellalzade_haci_ismail_efendi,tahir--sarki--aksak--ben_sana--dellalzade_haci_ismail_efendi.txt,385,16,-1,380,327.4025974025974,336.0,54.34847526903826,381,46.625,0.0625,0.375,0.1211038961038961,0.125,0.0693293457917053,D5,60
tahir,sarki,aksak,efem_simdi,lavtaci_hristo,tahir--sarki--aksak--efem_simdi--lavtaci_hristo.txt,275,12,-1,380,323.46909090909094,343.0,82.29736200490365,381,36.125,0.0625,0.375,0.13136363636363638,0.125,0.07254469139435582,D5,49
tahir,sarki,duyek,gonul_vermisken,fehmi_tokay,tahir--sarki--duyek--gonul_vermisken--fehmi_tokay.txt,294,13,-1,371,328.9183673469388,327.0,47.505560688212654,372,41.875,0.0625,0.5,0.14243197278911565,0.125,0.0809178076954521,D5,51
tahir,seyir,sofyan,1,sefik_gurmeric,tahir--seyir--sofyan--1--sefik_gurmeric.txt,79,11,-1,365,321.873417721519,327.0,54.558218043830415,366,12.0,0.0625,0.5,0.1518987341772152,0.125,0.09686778524819267,D5,17
tahir,seyir,turkaksagi,1,erol_bingol,tahir--seyir--turkaksagi--1--erol_bingol.txt,37,11,305,371,341.9189189189189,343.0,18.178709125388014,66,5.0,0.0625,0.375,0.13513513513513514,0.125,0.08528128691511344,A5,9
tahir,tesbih,sofyan,allahumme,ali_ufki,tahir--tesbih--sofyan--allahumme--ali_ufki.txt,310,14,-1,389,331.69032258064516,336.0,52.20157194150587,390,36.25,0.03125,0.5,0.11693548387096774,0.0625,0.08420148838473843,A5,40
tahir,turku,aksak,gimildan,manisa,tahir--turku--aksak--gimildan--manisa.txt,391,10,-1,358,312.3785166240409,312.0,50.985366918805596,359,54.125,0.0625,0.375,0.13842710997442456,0.125,0.07033815160250592,A4,120
tahir,turku,aksak,havuzun_basinda,cankiri,tahir--turku--aksak--havuzun_basinda--cankiri.txt,249,10,0,371,324.41767068273094,327.0,26.860494003290228,371,45.125,0.125,0.625,0.18122489959839358,0.125,0.09446050987527611,D5,52
tahir,turku,aksak,islamoglu,afyon,tahir--turku--aksak--islamoglu--afyon.txt,811,14,-1,371,309.7977805178792,318.0,66.26870885150544,372,72.125,0.0625,0.1875,0.08893341553637485,0.0625,0.03329956445863105,C5,194
tahir,turku,bektasidevrirevani,asamadim_su,eskisehir,tahir--turku--bektasidevrirevani--asamadim_su--eskisehir.txt,322,13,-1,371,322.8726708074534,327.0,58.175044148603085,372,33.625,0.03125,0.625,0.10442546583850931,0.0625,0.09050427626564386,D5,48
tahir,turku,ciftesofyan,yayla_yollarinda,,tahir--turku--ciftesofyan--yayla_yollarinda--.txt,383,12,0,371,321.18276762402087,318.0,24.872407716556815,371,33.8125,0.0625,0.3125,0.08828328981723238,0.0625,0.043000289572105166,A4,113
tahir,turku,devrihindi,yoru_bire,sarkisla,tahir--turku--devrihindi--yoru_bire--sarkisla.txt,667,12,-1,380,321.0164917541229,318.0,29.891415567193665,381,73.625,0.03125,0.25,0.11038230884557722,0.0625,0.08041461871307565,A4,188
tahir,turku,devrituran,asagidan_gelir,sivas,tahir--turku--devrituran--asagidan_gelir--sivas.txt,541,11,-1,371,323.7929759704251,327.0,53.96577813606419,372,42.125,0.03125,0.25,0.07786506469500924,0.0625,0.037102751463378214,D5,96
tahir,turku,evfer,bugun_ayin_ondordu,,tahir--turku--evfer--bugun_ayin_ondordu--.txt,129,12,-1,371,312.9922480620155,336.0,88.2225963228128,372,9.125,0.03125,0.25,0.07073643410852713,0.0625,0.03695886002111101,E5,24
tahir,turku,kapali_curcuna,don_beri,urfa,tahir--turku--kapali_curcuna--don_beri--urfa.txt,297,12,-1,371,313.85185185185185,327.0,75.78908057718297,372,50.125,0.0625,1.25,0.16877104377104377,0.125,0.11269279922223067,C5,48
tahir,turku,musemmen_ii,alli_durnam,kirikkale-keskin,tahir--turku--musemmen_ii--alli_durnam--kirikkale-keskin.txt,647,10,-1,371,320.4945904173107,318.0,57.275253749357965,372,48.0625,0.03125,0.25,0.07428516228748068,0.0625,0.037695838220285924,A4,184
tahir,turku,musemmen_ii,gonul_gurbet,gaziantep,tahir--turku--musemmen_ii--gonul_gurbet--gaziantep.txt,413,11,-1,365,327.409200968523,336.0,46.149920453399965,366,33.0625,0.03125,0.5,0.0800544794188862,0.0625,0.04402424514641162,D5,76
tahir,turku,musemmen_ii,hem_okudum,corum,tahir--turku--musemmen_ii--hem_okudum--corum.txt,363,12,-1,371,326.39669421487605,336.0,55.949782042368646,372,30.0625,0.03125,0.5,0.0828168044077135,0.0625,0.05817585190142137,C5,52
tahir,turku,nimsofyan,bagda_gulu,ankara,tahir--turku--nimsofyan--bagda_gulu--ankara.txt,501,9,-1,358,321.18562874251495,327.0,41.8657314883413,359,45.25,0.03125,0.25,0.09031936127744511,0.0625,0.0423656441517324,D5,114
tahir,turku,nimsofyan,bagisla_sevdigim,kirsehir,tahir--turku--nimsofyan--bagisla_sevdigim--kirsehir.txt,772,10,-1,358,315.8704663212435,318.0,51.24088032658574,359,71.75,0.03125,0.25,0.09294041450777202,0.0625,0.04128209766516234,D5,170
tahir,turku,nimsofyan,basinda_altin,diyarbakir,tahir--turku--nimsofyan--basinda_altin--diyarbakir.txt,491,10,-1,371,319.4297352342159,318.0,51.4542857512827,372,48.25,0.0625,0.25,0.09826883910386966,0.0625,0.05605715948081684,C5,114
tahir,turku,nimsofyan,gidin_bulutlar,kutahya,tahir--turku--nimsofyan--gidin_bulutlar--kutahya.txt,634,11,-1,358,318.8296529968454,318.0,43.47891941719189,359,84.25,0.03125,1.0,0.1328864353312303,0.125,0.11474000211718346,D5,129
tahir,turku,raksan,top_yatagin,aydin,tahir--turku--raksan--top_yatagin--aydin.txt,443,12,0,371,338.8442437923251,343.0,25.74185513772038,371,41.125,0.03125,0.25,0.09283295711060949,0.0625,0.059653403881332515,A5,98
tahir,turku,senginsemai,gele_gele,urfa,tahir--turku--senginsemai--gele_gele--urfa.txt,508,14,0,380,338.09842519685037,336.0,26.707602162945967,380,71.625,0.0625,0.5,0.14099409448818898,0.125,0.08152936550962059,A5,72
tahir,turku,sofyan,bahcalarda_mor,gaziantep,tahir--turku--sofyan--bahcalarda_mor--gaziantep.txt,216,8,-1,349,300.49074074074076,318.0,83.43179867500416,350,21.25,0.03125,0.25,0.09837962962962964,0.0625,0.059646307138087135,C5,57
tahir,turku,sofyan,bulbulun_kanadi,yozgat,tahir--turku--sofyan--bulbulun_kanadi--yozgat.txt,125,12,-1,371,313.336,327.0,79.12127726553099,372,13.1875,0.03125,0.5,0.1055,0.0625,0.07249513331830428,D5,23
tahir,turku,sofyan,gine_gordum,yozgat,tahir--turku--sofyan--gine_gordum--yozgat.txt,418,12,-1,371,334.2631578947368,336.0,33.908504788005956,372,46.0,0.0625,0.5,0.11004784688995216,0.0625,0.0753486944992353,A5,102
tahir,turku,sofyan,hele_yar,diyarbakir,tahir--turku--sofyan--hele_yar--diyarbakir.txt,425,10,-1,371,312.5317647058824,318.0,70.34875756865887,372,42.25,0.0625,0.25,0.09941176470588235,0.0625,0.05984655972001953,B4b1,84
tahir,turku,sofyan,karanfil_ocak,nevsehir,tahir--turku--sofyan--karanfil_ocak--nevsehir.txt,435,10,-1,371,317.9126436781609,327.0,62.95167996388951,372,44.25,0.0625,0.5,0.10172413793103448,0.0625,0.05721215060095593,D5,82
tahir,turku,sofyan,kayada_yatan,ankara,tahir--turku--sofyan--kayada_yatan--ankara.txt,275,11,-1,371,313.1636363636364,327.0,72.37855764773539,372,28.25,0.0625,0.25,0.10272727272727272,0.125,0.04154649780379948,D5,64
tahir,turku,yuruksemai,cay_icinde,urfa,tahir--turku--yuruksemai--cay_icinde--urfa.txt,491,13,-1,380,330.18329938900206,349.0,76.22227837397928,381,84.0,0.0625,0.75,0.1710794297352342,0.125,0.11781343693713142,A5,78
tahir,zeybek,aksak,sari_zeybek,osman_pehlivan,tahir--zeybek--aksak--sari_zeybek--osman_pehlivan.txt,345,12,-1,371,328.168115942029,327.0,32.49777493614712,372,36.125,0.03125,0.5,0.10471014492753623,0.0625,0.07156101738234837,A4,53
tahirbuselik,beste,berefsan,bin_cefa,ahmed_irsoy,tahirbuselik--beste--berefsan--bin_cefa--ahmed_irsoy.txt,407,15,-1,380,328.995085995086,344.0,64.845211493414,381,52.125,0.041666666666666664,0.5,0.12807125307125308,0.0625,0.09399856888904133,G5,67
tahirbuselik,kupe,agiraksak,bak,ahmet_avni_konuk,tahirbuselik--kupe--agiraksak--bak--ahmet_avni_konuk.txt,104,14,-1,371,309.97115384615387,336.0,91.7233553523982,372,18.0,0.0625,0.5,0.17307692307692307,0.125,0.10239500351012584,E5,16
tahirbuselik,sazsemaisi,aksaksemai,,kemani_riza_efendi,tahirbuselik--sazsemaisi--aksaksemai----kemani_riza_efendi.txt,580,22,-1,393,328.69310344827585,340.0,65.03174955177475,394,63.125,0.03125,0.5,0.10883620689655173,0.08333333333333333,0.06413591414330073,E5,85
tarzicedid,kupe,aksaksemai,kuse-yi,ahmet_avni_konuk,tarzicedid--kupe--aksaksemai--kuse-yi--ahmet_avni_konuk.txt,88,14,-1,362,302.96590909090907,321.5,77.3155125419461,363,10.0,0.03125,0.25,0.11363636363636363,0.125,0.057482080029831066,D5,15
tarzinevin,kupe,devrirevan,dilrubamiz,ahmet_avni_konuk,tarzinevin--kupe--devrirevan--dilrubamiz--ahmet_avni_konuk.txt,131,15,-1,371,321.2671755725191,336.0,53.48095626949566,372,14.0,0.0625,0.375,0.10687022900763359,0.125,0.0587778931423613,F5,22
tarzinevin,seyir,sofyan,1,sefik_gurmeric,tarzinevin--seyir--sofyan--1--sefik_gurmeric.txt,85,16,-1,371,311.5529411764706,327.0,72.62255747590922,372,16.0,0.0625,1.0,0.18823529411764706,0.125,0.14417448894761278,F5,13
ussak,agirsemai,agir_aksaksemai,padisah-i_isvesin,tahir_aga,ussak--agirsemai--agir_aksaksemai--padisah-i_isvesin--tahir_aga.txt,409,15,-1,358,304.9877750611247,312.0,52.95408061808023,359,86.75,0.03125,0.75,0.21210268948655256,0.125,0.12953712312406332,B4b1,74
ussak,aranagme,aksak,1,,ussak--aranagme--aksak--1--.txt,113,9,-1,358,321.43362831858406,327.0,55.31999059145971,359,9.125,0.0625,0.375,0.08075221238938053,0.0625,0.06343135082420252,E5,22
ussak,aranagme,curcuna,1,,ussak--aranagme--curcuna--1--.txt,69,10,-1,358,304.04347826086956,318.0,66.81436856356059,359,10.125,0.125,0.625,0.14673913043478262,0.125,0.08827524670928809,B4b1,14
ussak,aranagme,duyek,1,,ussak--aranagme--duyek--1--.txt,67,7,-1,340,287.9850746268657,318.0,99.97476841339783,341,8.125,0.0625,0.25,0.12126865671641791,0.125,0.0520423289516688,D5,14
ussak,beste,agircenber,cam-i_lalin,zaharya,ussak--beste--agircenber--cam-i_lalin--zaharya.txt,455,18,-1,358,297.0659340659341,312.0,77.50699871735362,359,72.0,0.03125,1.125,0.15824175824175823,0.125,0.11308462540730152,C5,86
ussak,beste,nimdevir,bakilmaz_aziz-i,basmaci_abdi_efendi,ussak--beste--nimdevir--bakilmaz_aziz-i--basmaci_abdi_efendi.txt,601,15,-1,349,291.1630615640599,312.0,83.28673383725568,350,108.0,0.0625,0.5,0.17970049916805325,0.125,0.08756101291718678,C5,105
ussak,beste,zencir,bahar_geldi,hafiz_post,ussak--beste--zencir--bahar_geldi--hafiz_post.txt,472,18,-1,362,304.7436440677966,318.0,68.22163177701705,363,90.0,0.0625,0.75,0.1906779661016949,0.125,0.1296500929609064,A4,68
ussak,fantezi,sofyan,soyle_sevgili,munir_nurettin_selcuk,ussak--fantezi--sofyan--soyle_sevgili--munir_nurettin_selcuk.txt,434,14,-1,362,293.0783410138249,318.0,93.45779124602464,363,102.0,0.0625,1.0,0.2350230414746544,0.125,0.1911707262658912,D5,93
ussak,gazel,,aheste_cek,munir_nurettin_selcuk,ussak--gazel----aheste_cek--munir_nurettin_selcuk.txt,479,21,-1,389,324.66388308977037,327.0,66.5249958556406,390,63.75,0.041666666666666664,1.0,0.13308977035490605,0.0625,0.10672662656072396,A4,66
ussak,ilahi,dolap,benim_adim,,ussak--ilahi--dolap--benim_adim--.txt,73,5,0,327,307.7808219178082,312.0,37.16937455581711,327,12.125,0.0625,0.25,0.1660958904109589,0.125,0.06606103330833996,B4b1,28
ussak,ilahi,duyek,allah_emrin,zekai_dede,ussak--ilahi--duyek--allah_emrin--zekai_dede.txt,181,8,-1,349,309.34806629834253,312.0,41.88761894927933,350,24.125,0.0625,0.875,0.13328729281767956,0.125,0.1091334316018057,A4,46
ussak,ilahi,duyek,dostun_senden,ali_rifat_cagatay,ussak--ilahi--duyek--dostun_senden--ali_rifat_cagatay.txt,222,9,-1,349,309.009009009009,318.0,65.03003072309033,350,31.125,0.0625,1.0,0.14020270270270271,0.125,0.10068447972362671,D5,54
ussak,ilahi,sofyan,askinla_cak,haci_nafiz_bey,ussak--ilahi--sofyan--askinla_cak--haci_nafiz_bey.txt,119,9,-1,358,315.3613445378151,318.0,43.660037014130005,359,15.0,0.0625,0.375,0.12605042016806722,0.125,0.07185459054246536,B4b1,24
ussak,ilahi,sofyan,ey_enbiyalar,,ussak--ilahi--sofyan--ey_enbiyalar--.txt,349,12,-1,358,305.9971346704871,312.0,52.01179677016117,359,48.25,0.0625,0.5,0.13825214899713467,0.125,0.08609226891492791,A4,87
ussak,ilahi,sofyan,ey_sehinsah-i,tiznam_yusuf_celebi,ussak--ilahi--sofyan--ey_sehinsah-i--tiznam_yusuf_celebi.txt,380,14,-1,349,296.8342105263158,318.0,77.06349633719468,350,48.375,0.03125,0.75,0.12730263157894736,0.125,0.08481705941763372,D5,69
ussak,ilahi,sofyan,hak_taala,ali_ufki,ussak--ilahi--sofyan--hak_taala--ali_ufki.txt,151,8,-1,349,310.7615894039735,312.0,37.91177628992018,350,31.25,0.125,0.5,0.20695364238410596,0.125,0.10512528003915736,A4,45
ussak,ilahi,sofyan,seyyah_olup,,ussak--ilahi--sofyan--seyyah_olup--.txt,365,7,-1,349,309.68219178082194,318.0,55.787792941975624,350,42.25,0.0625,0.5,0.11575342465753424,0.0625,0.09426432628196811,C5,82
ussak,kalenderi,yuruksemai,ey_nur-i,numan_aga,ussak--kalenderi--yuruksemai--ey_nur-i--numan_aga.txt,297,9,-1,349,311.8686868686869,318.0,53.599991137676966,350,30.0,0.03125,0.5,0.10101010101010101,0.0625,0.06764530393343295,D5,74
ussak,kanto,sofyan,telgirafin_tellerine,,ussak--kanto--sofyan--telgirafin_tellerine--.txt,221,6,-1,336,293.63800904977376,312.0,80.14353716142914,337,20.25,0.0625,0.5,0.0916289592760181,0.0625,0.06376496525453433,B4b1,56
ussak,kupe,agirduyek,sanma,ahmet_avni_konuk,ussak--kupe--agirduyek--sanma--ahmet_avni_konuk.txt,103,8,-1,349,296.7378640776699,318.0,81.77827042093864,350,16.0,0.0625,0.5,0.1553398058252427,0.125,0.08524046762853048,B4b1,19
ussak,kurthavasi,sofyan,karsida_kurt,,ussak--kurthavasi--sofyan--karsida_kurt--.txt,140,9,-1,349,291.26428571428573,318.0,90.77013506847632,350,22.25,0.08333333333333333,0.375,0.15892857142857142,0.125,0.06565968246969552,A4,25
ussak,nefes,duyek,ben_melamet,,ussak--nefes--duyek--ben_melamet--.txt,459,8,-1,349,299.921568627451,312.0,70.2494180378168,350,46.125,0.0625,0.25,0.10049019607843138,0.0625,0.04968272054011481,A4,100
ussak,ornek_oz,semai,1,ruhi_ayangil,ussak--ornek_oz--semai--1--ruhi_ayangil.txt,21,10,296,358,322.4761904761905,318.0,16.351204994186354,62,6.0,0.125,0.75,0.2857142857142857,0.25,0.1588181799597083,C5,4
ussak,ornek_oz,senginsemai,1,ruhi_ayangil,ussak--ornek_oz--senginsemai--1--ruhi_ayangil.txt,34,9,296,358,323.4117647058824,318.0,13.850101513814222,62,6.0,0.125,0.5,0.17647058823529413,0.125,0.11145409037020379,C5,8
ussak,ornek_oz,sofyan,1,huseyin_sadettin_arel,ussak--ornek_oz--sofyan--1--huseyin_sadettin_arel.txt,35,9,-1,358,301.25714285714287,312.0,77.16077289626887,359,8.0,0.125,0.5,0.22857142857142856,0.25,0.11133264563097958,A4,7
ussak,ornek_oz,turkaksagi,1,ruhi_ayangil,ussak--ornek_oz--turkaksagi--1--ruhi_ayangil.txt,27,6,0,336,302.4074074074074,312.0,61.17708171885389,336,5.125,0.125,0.625,0.18981481481481483,0.125,0.11164402117618061,B4b1,8
ussak,oyunhavasi,aksak,bandirma_dortlemesi,,ussak--oyunhavasi--aksak--bandirma_dortlemesi--.txt,501,12,-1,371,306.0,318.0,69.066142211651,372,38.375,0.041666666666666664,0.125,0.07659680638722555,0.0625,0.028437565116944157,B4b1,100
ussak,oyunhavasi,ikizaksak,ata_bari,artvin,ussak--oyunhavasi--ikizaksak--ata_bari--artvin.txt,141,6,0,336,317.21985815602835,318.0,28.656361098511933,336,24.125,0.125,0.375,0.17109929078014185,0.125,0.0796355363035282,C5,40
ussak,pesrev,cenber,,zurnazen_ibrahim_aga,ussak--pesrev--cenber----zurnazen_ibrahim_aga.txt,299,11,0,367,319.685618729097,318.0,23.858675638502493,367,66.25,0.125,0.5,0.22157190635451504,0.25,0.09836518051780277,B4b1,64
ussak,pesrev,devrikebir,,iii_selim,ussak--pesrev--devrikebir----iii_selim.txt,423,13,-1,349,300.806146572104,312.0,61.23403368684284,350,56.25,0.0625,0.5,0.13297872340425532,0.125,0.07346791072586258,B4b1,89
ussak,pesrev,devrikebir,,tatyos_efendi,ussak--pesrev--devrikebir----tatyos_efendi.txt,406,15,-1,358,311.0073891625616,318.0,58.849063636938816,359,56.25,0.03125,0.75,0.13854679802955666,0.125,0.09040728469279752,D5,71
ussak,pesrev,hafif,,kanposoglu_mehmet_celebi,ussak--pesrev--hafif----kanposoglu_mehmet_celebi.txt,1004,21,-1,380,320.6663346613546,327.0,52.358218771200335,381,104.25,0.0625,0.5,0.10383466135458168,0.0625,0.061869343030001286,E5,168
ussak,rumeliturkusu,nimsofyan,alisimin_kaslari,,ussak--rumeliturkusu--nimsofyan--alisimin_kaslari--.txt,672,12,-1,349,313.5520833333333,318.0,38.83409200768829,350,76.25,0.0625,0.875,0.1134672619047619,0.125,0.07464517436698138,D5,152
ussak,sarki,agir_aksaksemai,pur-atesim,dede_efendi,ussak--sarki--agir_aksaksemai--pur-atesim--dede_efendi.txt,631,18,-1,371,329.28843106180665,327.0,20.514010138901906,372,62.5,0.0625,0.375,0.09904912836767037,0.0625,0.06115689524935547,D5,131
ussak,sarki,agiraksak,kaldi_atesler,haci_karabet_efendi,ussak--sarki--agiraksak--kaldi_atesler--haci_karabet_efendi.txt,585,17,-1,380,323.98974358974357,327.0,46.15099433584899,381,71.5,0.0625,0.5,0.12222222222222222,0.125,0.09066132230169394,D5,93
ussak,sarki,agiraksak,kimseler_gelmez,sevki_bey,ussak--sarki--agiraksak--kimseler_gelmez--sevki_bey.txt,569,18,-1,371,314.2671353251318,327.0,61.840085047773094,372,71.875,0.0625,0.625,0.12631810193321616,0.125,0.08437093502866765,D5,125
ussak,sarki,agiraksak,na-umid-i,sekerci_cemil_bey,ussak--sarki--agiraksak--na-umid-i--sekerci_cemil_bey.txt,513,11,-1,358,309.7465886939571,327.0,68.5869523472619,359,62.875,0.0625,0.5,0.12256335282651072,0.125,0.08554688716932721,D5,103
ussak,sarki,agiraksak,reng-i_ruhsarina,sevki_bey,ussak--sarki--agiraksak--reng-i_ruhsarina--sevki_bey.txt,355,13,-1,362,313.5492957746479,327.0,58.21443623072251,363,40.375,0.0625,0.5,0.11373239436619718,0.0625,0.09491751663728776,D5,88
ussak,sarki,aksak,aglamaz_mi,haci_arif_bey,ussak--sarki--aksak--aglamaz_mi--haci_arif_bey.txt,353,13,-1,371,311.0254957507082,318.0,62.87638419175439,372,34.75,0.03125,0.5,0.09844192634560907,0.0625,0.0785448441713386,C5,72
ussak,sarki,aksak,aglatirlar_guldururler,dede_efendi,ussak--sarki--aksak--aglatirlar_guldururler--dede_efendi.txt,383,17,-1,371,308.05744125326373,318.0,70.8496072602598,372,53.0,0.03125,1.0,0.13838120104438642,0.125,0.10912081834581097,B4b1,57
ussak,sarki,aksak,aman_felek,dede_efendi,ussak--sarki--aksak--aman_felek--dede_efendi.txt,371,9,296,358,321.7601078167116,318.0,13.800670723583568,62,45.0,0.0625,0.375,0.12129380053908356,0.125,0.0765255473282958,B4b1,73
ussak,sarki,aksak,aman_saki,ahmet_rasim_bey,ussak--sarki--aksak--aman_saki--ahmet_rasim_bey.txt,658,11,-1,336,295.8328267477204,312.0,66.8867327970594,337,121.625,0.0625,0.75,0.1848404255319149,0.125,0.1275614767757127,C5,154
ussak,sarki,aksak,bag-i_husnun,kemal_emin_bara,ussak--sarki--aksak--bag-i_husnun--kemal_emin_bara.txt,475,14,-1,358,301.78736842105263,327.0,83.77944125389865,359,58.625,0.041666666666666664,0.5,0.12342105263157895,0.125,0.09312659769694336,D5,101
ussak,sarki,aksak,bekliyorum_gunlerdir,refik_fersan,ussak--sarki--aksak--bekliyorum_gunlerdir--refik_fersan.txt,278,16,-1,380,308.9856115107914,327.0,78.96240348460232,381,36.125,0.03125,0.5,0.12994604316546762,0.125,0.07346878105250618,A4,39
ussak,sarki,aksak,ben_aglarim,sevki_bey,ussak--sarki--aksak--ben_aglarim--sevki_bey.txt,275,9,-1,349,314.2581818181818,318.0,35.38240877465451,350,27.125,0.03125,0.5,0.09863636363636363,0.0625,0.06034165862252552,C5,59
ussak,sarki,aksak,bir_melek,haci_arif_bey,ussak--sarki--aksak--bir_melek--haci_arif_bey.txt,394,12,-1,371,317.9467005076142,327.0,51.18026517900262,372,38.75,0.03125,0.5,0.0983502538071066,0.0625,0.08683972614193923,D5,82
ussak,sarki,aksak,bu_aksam_gun,tatyos_efendi,ussak--sarki--aksak--bu_aksam_gun--tatyos_efendi.txt,377,12,-1,358,306.55172413793105,312.0,38.46230682397469,359,63.125,0.0625,0.875,0.16744031830238726,0.125,0.16118635618363164,A4,86
ussak,sarki,aksak,canim_tezdir,tanburi_mustafa_cavus,ussak--sarki--aksak--canim_tezdir--tanburi_mustafa_cavus.txt,234,13,-1,358,309.9145299145299,318.0,53.391030197703266,359,23.625,0.0625,0.25,0.10096153846153846,0.0625,0.06281901088122194,B4b1,38
ussak,sarki,aksak,daglar_dayanmaz,sevki_bey,ussak--sarki--aksak--daglar_dayanmaz--sevki_bey.txt,451,11,-1,358,303.30155210643017,327.0,80.96832012739476,359,54.5,0.0625,0.625,0.12084257206208426,0.125,0.08630153626309207,D5,100
ussak,sarki,aksak,ducar-i_hicr-i,sevki_bey,ussak--sarki--aksak--ducar-i_hicr-i--sevki_bey.txt,346,11,-1,358,314.90751445086704,327.0,53.85097634689907,359,53.375,0.0625,0.625,0.15426300578034682,0.125,0.11411632212478164,B4b1,62
ussak,sarki,aksak,gitti_de,dede_efendi,ussak--sarki--aksak--gitti_de--dede_efendi.txt,403,13,-1,358,310.6873449131514,318.0,52.36716446474123,359,48.5,0.0625,1.0,0.12034739454094293,0.0625,0.0920379932468442,A4,75
ussak,sarki,aksak,gulzara_nazar,sevki_bey,ussak--sarki--aksak--gulzara_nazar--sevki_bey.txt,418,13,-1,371,323.8421052631579,327.0,45.77328079661513,372,40.5,0.03125,0.625,0.09688995215311005,0.0625,0.07697033262909599,D5,68
ussak,sarki,aksak,meyhane_mi,haci_arif_bey,ussak--sarki--aksak--meyhane_mi--haci_arif_bey.txt,615,18,-1,371,320.40813008130084,327.0,50.02944669292265,372,63.1875,0.03125,0.375,0.10274390243902438,0.0625,0.07673393623481196,D5,105
ussak,sarki,aksak,muntazirdir_sana,dellalzade_haci_ismail_efendi,ussak--sarki--aksak--muntazirdir_sana--dellalzade_haci_ismail_efendi.txt,616,18,-1,371,302.52272727272725,318.0,75.32122733671589,372,89.875,0.041666666666666664,0.5,0.14590097402597402,0.125,0.08739263603838758,C5,119
ussak,sarki,aksak,olmaz_dilim,haci_arif_bey,ussak--sarki--aksak--olmaz_dilim--haci_arif_bey.txt,311,11,-1,358,300.8617363344051,318.0,82.53298567674231,359,40.625,0.0625,0.5,0.13062700964630225,0.125,0.08456177801101261,D5,54
ussak,sarki,aksak,siyah_ebrulerin,lemi_atli,ussak--sarki--aksak--siyah_ebrulerin--lemi_atli.txt,316,10,-1,349,309.2879746835443,312.0,37.4500214806473,350,54.125,0.03125,1.0,0.17128164556962025,0.125,0.13947541666014696,A4,74
ussak,sarki,aksak,zeybeklerle_gezer,sevki_bey,ussak--sarki--aksak--zeybeklerle_gezer--sevki_bey.txt,402,10,-1,358,313.047263681592,318.0,49.15871039760132,359,45.125,0.0625,0.375,0.11225124378109452,0.0625,0.07446777281465679,C5,93
ussak,sarki,curcuna,akibet_bezdirdi,haci_arif_bey,ussak--sarki--curcuna--akibet_bezdirdi--haci_arif_bey.txt,224,12,-1,362,309.2455357142857,327.0,68.83878272374238,363,40.125,0.0625,0.375,0.17912946428571427,0.125,0.08136979600535985,D5,51
ussak,sarki,curcuna,bu_yaz,yesari_asim_arsoy,ussak--sarki--curcuna--bu_yaz--yesari_asim_arsoy.txt,297,12,-1,371,324.010101010101,327.0,36.96085263294974,372,57.625,0.0625,1.25,0.19402356902356901,0.125,0.17743852984923222,D5,64
ussak,sarki,curcuna,derdimi_anlatirdim,tahsin_karakus,ussak--sarki--curcuna--derdimi_anlatirdim--tahsin_karakus.txt,421,13,-1,371,310.0688836104513,327.0,79.7718323955938,372,66.375,0.0625,0.5,0.1576603325415677,0.125,0.08166307709633243,D5,80
ussak,sarki,curcuna,esiri_zulfunum,sevki_bey,ussak--sarki--curcuna--esiri_zulfunum--sevki_bey.txt,418,13,-1,362,306.4569377990431,318.0,72.42298025666655,363,69.125,0.0625,0.625,0.1653708133971292,0.125,0.08794199805212041,D5,85
ussak,sarki,curcuna,gecti_muhabbet,sukru_tunar,ussak--sarki--curcuna--gecti_muhabbet--sukru_tunar.txt,299,12,0,371,329.12709030100336,327.0,24.053433985019357,371,42.625,0.0625,0.375,0.14255852842809363,0.125,0.08959627429919734,D5,71
ussak,sarki,curcuna,gezer_dolasirsin,sukru_tunar,ussak--sarki--curcuna--gezer_dolasirsin--sukru_tunar.txt,311,11,-1,365,317.45659163987136,327.0,50.28573721941884,366,42.75,0.041666666666666664,1.25,0.13745980707395497,0.125,0.10318596711484089,D5,72
ussak,sarki,curcuna,gordumse_seni,fehmi_tokay,ussak--sarki--curcuna--gordumse_seni--fehmi_tokay.txt,231,10,-1,358,309.17316017316017,318.0,57.08342764125357,359,24.75,0.03125,0.3125,0.10714285714285714,0.0625,0.06537450343029585,A4,48
ussak,sarki,curcuna,hastasin_zannim,sevki_bey,ussak--sarki--curcuna--hastasin_zannim--sevki_bey.txt,348,10,-1,358,317.2471264367816,327.0,50.86113623424788,359,68.875,0.0625,1.25,0.19791666666666666,0.125,0.17305466381079324,D5,83
ussak,sarki,curcuna,omrumun_gulusun,haydar_tatliyay,ussak--sarki--curcuna--omrumun_gulusun--haydar_tatliyay.txt,609,16,-1,349,303.9819376026273,318.0,69.36598212268592,350,85.0,0.0625,1.125,0.13957307060755336,0.125,0.13666034898294893,D5,140
ussak,sarki,curcuna,sonmez_artik,kadri_sencalar,ussak--sarki--curcuna--sonmez_artik--kadri_sencalar.txt,470,15,-1,358,314.1085106382979,318.0,41.31684906871333,359,51.375,0.0625,0.625,0.10930851063829787,0.0625,0.08010221702685362,D5,95
ussak,sarki,curcuna,yad_ile,sevki_bey,ussak--sarki--curcuna--yad_ile--sevki_bey.txt,412,13,-1,371,321.5364077669903,327.0,45.4756011661165,372,75.125,0.125,1.125,0.18234223300970873,0.125,0.14252173390536207,D5,77
ussak,sarki,devrihindi,bezm-i_gamda,mustafa_coskun,ussak--sarki--devrihindi--bezm-i_gamda--mustafa_coskun.txt,425,14,0,371,323.00235294117647,318.0,22.61787767844334,371,70.25,0.0625,0.5,0.1652941176470588,0.125,0.09879090071647753,D5,90
ussak,sarki,devrihindi,gozlerin_hayran,serif_icli,ussak--sarki--devrihindi--gozlerin_hayran--serif_icli.txt,388,10,0,349,316.91494845360825,318.0,20.6975384135352,349,55.625,0.0625,0.5,0.14336340206185566,0.125,0.09491391802799257,D5,89
ussak,sarki,duyek,aksam_oldu,semahat_ozdenses,ussak--sarki--duyek--aksam_oldu--semahat_ozdenses.txt,224,12,-1,371,309.5267857142857,327.0,75.92118403408716,372,29.125,0.03125,0.5,0.13002232142857142,0.125,0.09909144185698039,D5,49
ussak,sarki,duyek,anar_omrumce,sukru_tunar,ussak--sarki--duyek--anar_omrumce--sukru_tunar.txt,589,10,-1,358,310.00679117147706,318.0,56.326972623761854,359,58.125,0.03125,0.5,0.09868421052631579,0.0625,0.08234744248436159,C5,147
ussak,sarki,duyek,bahari_beklerken,selcuk_tekay,ussak--sarki--duyek--bahari_beklerken--selcuk_tekay.txt,1062,11,-1,358,296.32015065913373,312.0,83.03105234723142,359,168.125,0.0625,1.0,0.15830979284369115,0.125,0.09823289156260881,B4b1,238
ussak,sarki,duyek,ben_hala,namik_uyumaz,ussak--sarki--duyek--ben_hala--namik_uyumaz.txt,406,17,0,371,318.4926108374384,318.0,22.40918450554893,371,52.125,0.0625,0.5,0.12838669950738915,0.125,0.07208907878070174,D5,79
ussak,sarki,duyek,bir_gonul,zeki_muren,ussak--sarki--duyek--bir_gonul--zeki_muren.txt,418,13,-1,362,302.17464114832535,318.0,84.52091324075228,363,56.125,0.03125,0.75,0.13427033492822968,0.125,0.10951371504127576,D5,66
ussak,sarki,duyek,bir_hatirayi,yesari_asim_arsoy,ussak--sarki--duyek--bir_hatirayi--yesari_asim_arsoy.txt,403,13,-1,358,319.0223325062035,327.0,47.26675645935177,359,53.125,0.03125,1.0,0.13182382133995038,0.0625,0.15624054790367842,D5,105
ussak,sarki,duyek,bir_tatli,zeki_muren,ussak--sarki--duyek--bir_tatli--zeki_muren.txt,516,15,-1,371,303.0736434108527,318.0,80.91850390890282,372,47.625,0.03125,0.75,0.09229651162790697,0.0625,0.08391528379932672,D5,84
ussak,sarki,duyek,dalinda_solarken,arif_sami_toker,ussak--sarki--duyek--dalinda_solarken--arif_sami_toker.txt,312,14,-1,358,303.4775641025641,312.0,65.36112503185636,359,48.125,0.0625,1.0,0.15424679487179488,0.125,0.11841296698706687,C5,55
ussak,sarki,duyek,gun_gelir_de,sekip_ayhan_ozisik,ussak--sarki--duyek--gun_gelir_de--sekip_ayhan_ozisik.txt,519,9,-1,358,304.8670520231214,318.0,72.59093387383093,359,64.125,0.0625,0.5,0.12355491329479769,0.125,0.07053355926486121,C5,114
ussak,sarki,duyek,hem_bakarsin,ugur_uzunhekim,ussak--sarki--duyek--hem_bakarsin--ugur_uzunhekim.txt,610,9,-1,358,295.8885245901639,318.0,82.46942429550724,359,84.125,0.0625,0.5,0.13790983606557378,0.125,0.07871437256466536,D5,135
ussak,sarki,duyek,her_gunum,nasibin_mehmet_yuru,ussak--sarki--duyek--her_gunum--nasibin_mehmet_yuru.txt,428,13,-1,344,298.31775700934577,318.0,73.6390460181967,345,37.125,0.03125,0.5,0.08674065420560748,0.0625,0.06839068662513449,C5,101
ussak,sarki,duyek,her_mevsim,semahat_ozdenses,ussak--sarki--duyek--her_mevsim--semahat_ozdenses.txt,364,13,-1,380,313.8076923076923,327.0,73.59154151115268,381,46.125,0.03125,1.0,0.12671703296703296,0.125,0.09891506818775611,E5,66
ussak,sarki,duyek,kalbimi_bezlederim,sukru_tunar,ussak--sarki--duyek--kalbimi_bezlederim--sukru_tunar.txt,440,11,-1,358,287.375,318.0,101.70618638273368,359,58.125,0.03125,0.875,0.13210227272727273,0.125,0.13519056249489278,D5,103
ussak,sarki,duyek,mehtapli_gecelerde,sevim_sengul,ussak--sarki--duyek--mehtapli_gecelerde--sevim_sengul.txt,592,15,-1,358,308.0506756756757,322.5,74.165344155167,359,73.625,0.03125,1.0,0.12436655405405406,0.125,0.10571832453147971,C5,104
ussak,sarki,duyek,menekse_gozler,yesari_asim_arsoy,ussak--sarki--duyek--menekse_gozler--yesari_asim_arsoy.txt,559,9,-1,349,318.8407871198569,327.0,32.32930997176246,350,52.125,0.03125,1.0,0.09324686940966011,0.0625,0.07843079823098566,D5,170
ussak,sarki,duyek,mevsimler_yas,erol_sayan,ussak--sarki--duyek--mevsimler_yas--erol_sayan.txt,689,12,-1,371,308.63134978229317,327.0,78.46194421616924,372,69.125,0.041666666666666664,0.5,0.10032656023222061,0.0625,0.08702746039226444,D5,129
ussak,sarki,duyek,ne_yesili,avni_anil,ussak--sarki--duyek--ne_yesili--avni_anil.txt,399,14,-1,371,288.2105263157895,318.0,99.41803416412425,372,56.125,0.03125,0.75,0.14066416040100252,0.125,0.08400091225715652,B4b1,62
ussak,sarki,duyek,neyle_konustum,munir_nurettin_selcuk,ussak--sarki--duyek--neyle_konustum--munir_nurettin_selcuk.txt,298,14,-1,371,303.2751677852349,327.0,85.44688302679813,372,44.125,0.03125,0.75,0.1480704697986577,0.125,0.09904690833618683,D5,55
ussak,sarki,duyek,seninle_dogan,safiye_ayla,ussak--sarki--duyek--seninle_dogan--safiye_ayla.txt,181,6,-1,336,309.30939226519337,318.0,47.65877988560096,337,21.0,0.03125,0.5,0.11602209944751381,0.0625,0.08132544485659694,C5,53
ussak,sarki,duyek,sevgi_dolu,bilge_ozgen,ussak--sarki--duyek--sevgi_dolu--bilge_ozgen.txt,556,13,-1,358,295.6726618705036,318.0,89.32445590347152,359,100.125,0.0625,0.5,0.18008093525179855,0.125,0.09931844036653739,C5,104
ussak,sarki,evfer,yavrucagim_guzellendi,tanburi_mustafa_cavus,ussak--sarki--evfer--yavrucagim_guzellendi--tanburi_mustafa_cavus.txt,379,14,-1,362,321.598944591029,327.0,40.09746853618255,363,41.625,0.0625,0.375,0.10982849604221635,0.0625,0.06678959603267802,D5,74
ussak,sarki,kapali_curcuna,cana_rakibi,giriftzen_asim_bey,ussak--sarki--kapali_curcuna--cana_rakibi--giriftzen_asim_bey.txt,360,13,-1,358,292.14444444444445,318.0,91.02484415351884,359,67.625,0.0625,0.625,0.18784722222222222,0.125,0.12306956835552445,D5,72
ussak,sarki,muasser,dilber_sana,erol_basara,ussak--sarki--muasser--dilber_sana--erol_basara.txt,223,10,-1,358,308.7488789237668,318.0,65.72786981455545,359,20.0,0.03125,0.25,0.08968609865470852,0.0625,0.04494568929343832,D5,46
ussak,sarki,musemmen,gelmedin_bir,fehmi_tokay,ussak--sarki--musemmen--gelmedin_bir--fehmi_tokay.txt,279,11,-1,358,310.5376344086022,318.0,55.607286763035276,359,40.125,0.0625,0.625,0.14381720430107528,0.125,0.11224927580512338,B4b1,55
ussak,sarki,musemmen,gonlumun_bir,emin_ongan,ussak--sarki--musemmen--gonlumun_bir--emin_ongan.txt,294,16,-1,380,324.4353741496599,327.0,31.73516003778836,381,31.75,0.041666666666666664,0.375,0.10799319727891156,0.0625,0.07608635264859981,D5,54
ussak,sarki,musemmen,neler_cektim,lemi_atli,ussak--sarki--musemmen--neler_cektim--lemi_atli.txt,324,13,-1,358,297.87654320987656,318.0,83.75570886190968,359,40.125,0.0625,0.5,0.12384259259259259,0.125,0.07759700754304488,D5,62
ussak,sarki,nimsofyan,gordum_seni,sadettin_kaynak,ussak--sarki--nimsofyan--gordum_seni--sadettin_kaynak.txt,439,17,-1,371,292.29612756264237,318.0,97.85276311791188,372,43.75,0.03125,0.5,0.09965831435079726,0.0625,0.0835823305887663,D5,75
ussak,sarki,nimsofyan,nicin_baktin,sadettin_kaynak,ussak--sarki--nimsofyan--nicin_baktin--sadettin_kaynak.txt,517,18,-1,358,279.30560928433266,312.0,103.50139228488214,359,55.75,0.03125,0.75,0.10783365570599614,0.0625,0.07740697491997138,C5,87
ussak,sarki,nimsofyan,yillar_sonra,cahit_deniz,ussak--sarki--nimsofyan--yillar_sonra--cahit_deniz.txt,675,14,-1,380,326.1837037037037,327.0,45.479561730778045,381,72.25,0.03125,0.375,0.10703703703703704,0.0625,0.05979444562918858,E5,124
ussak,sarki,raksaksagi,gemim_gidiyor,sadettin_kaynak,ussak--sarki--raksaksagi--gemim_gidiyor--sadettin_kaynak.txt,199,8,-1,349,298.7788944723618,312.0,73.35000744860923,350,36.125,0.125,0.5,0.1815326633165829,0.125,0.09620993296144986,B4b1,51
ussak,sarki,semai,gonlume_gir,yilmaz_yuksel,ussak--sarki--semai--gonlume_gir--yilmaz_yuksel.txt,399,9,-1,349,314.56140350877195,318.0,49.55059962960443,350,66.125,0.0625,0.75,0.16572681704260653,0.125,0.12176145662417279,D5,86
ussak,sarki,semai,imza_attim,gulen_ertek,ussak--sarki--semai--imza_attim--gulen_ertek.txt,534,15,-1,371,293.47940074906364,327.0,98.95420580712967,372,108.25,0.125,0.5,0.20271535580524344,0.25,0.09117805945227679,D5,124
ussak,sarki,senginsemai,bir_merhaleden,munir_nurettin_selcuk,ussak--sarki--senginsemai--bir_merhaleden--munir_nurettin_selcuk.txt,285,15,-1,358,290.58245614035087,312.0,85.40045090673054,359,53.5,0.0625,1.125,0.18771929824561404,0.125,0.13043828533523408,A4,56
ussak,sarki,senginsemai,ey_suh-i_cefa,haci_arif_bey,ussak--sarki--senginsemai--ey_suh-i_cefa--haci_arif_bey.txt,339,13,-1,358,305.0914454277286,312.0,62.748256421985396,359,48.0,0.03125,0.875,0.1415929203539823,0.125,0.11448498419677167,B4b1,62
ussak,sarki,sofyan,bir_perikizi,,ussak--sarki--sofyan--bir_perikizi--.txt,246,11,-1,349,305.3861788617886,318.0,64.31797009844297,350,44.25,0.0625,0.5,0.1798780487804878,0.125,0.09701717376822067,C5,53
ussak,sarki,sofyan,dudagindan_dokuldu,sahap_aksahin,ussak--sarki--sofyan--dudagindan_dokuldu--sahap_aksahin.txt,357,14,-1,371,314.9719887955182,318.0,46.58403424861653,372,40.25,0.03125,0.75,0.11274509803921569,0.0625,0.09865121243621637,D5,76
ussak,sarki,sofyan,gamzedeyim_deva,tatyos_efendi,ussak--sarki--sofyan--gamzedeyim_deva--tatyos_efendi.txt,514,11,-1,358,319.5817120622568,318.0,28.08053955921117,359,60.25,0.041666666666666664,0.875,0.11721789883268482,0.125,0.08000945073316415,D5,117
ussak,sarki,sofyan,gurubun_kizil,akin_ozkan,ussak--sarki--sofyan--gurubun_kizil--akin_ozkan.txt,587,19,-1,380,303.79216354344123,327.0,92.99622587622765,381,108.25,0.03125,0.75,0.184412265758092,0.125,0.12748352203422242,D5,74
ussak,sarki,turkaksagi,hala_aciyor,serif_icli,ussak--sarki--turkaksagi--hala_aciyor--serif_icli.txt,458,14,-1,371,319.4344978165939,327.0,48.36523461013984,372,39.75,0.03125,0.375,0.08679039301310043,0.0625,0.06410820444271757,D5,88
ussak,sarki,turkaksagi,hasret_dolu,serif_icli,ussak--sarki--turkaksagi--hasret_dolu--serif_icli.txt,478,9,0,340,315.72803347280336,318.0,18.14457686196968,340,44.75,0.03125,0.625,0.09361924686192469,0.0625,0.07839630083859715,D5,104
ussak,sarki,turkaksagi,hoy_deniz,sadettin_kaynak,ussak--sarki--turkaksagi--hoy_deniz--sadettin_kaynak.txt,232,8,-1,336,255.89655172413794,309.0,121.39559170343712,337,37.625,0.125,0.625,0.16217672413793102,0.125,0.06500834959061028,A4,49
ussak,sarki,turkaksagi,saki_icelim,haci_arif_bey,ussak--sarki--turkaksagi--saki_icelim--haci_arif_bey.txt,380,18,-1,365,309.13684210526316,327.0,71.32653523425778,366,40.125,0.0625,0.5,0.10559210526315789,0.0625,0.06865758170733353,D5,57
ussak,sarki,turkaksagi,yalniz_birakip,misirli_udi_ibrahim_efendi,ussak--sarki--turkaksagi--yalniz_birakip--misirli_udi_ibrahim_efendi.txt,424,11,-1,358,317.66037735849056,327.0,46.173511138168074,359,69.5,0.0625,0.75,0.16391509433962265,0.125,0.12367386484817387,D5,88
ussak,sarki,yuruksemai,affeyle_guhanim,enderuni_ali_bey,ussak--sarki--yuruksemai--affeyle_guhanim--enderuni_ali_bey.txt,485,14,0,365,327.51958762886596,327.0,21.511723880070804,365,54.25,0.03125,0.5,0.11185567010309279,0.0625,0.10489772769364641,D5,95
ussak,sarki,yuruksemai,askin_ile,enderuni_ali_bey,ussak--sarki--yuruksemai--askin_ile--enderuni_ali_bey.txt,217,14,-1,358,317.52073732718895,327.0,46.60015879215254,359,47.5,0.0625,0.75,0.21889400921658986,0.125,0.1401579724184924,D5,52
ussak,sarki,yuruksemai_ii,tifl-i_nazim,tanburi_ali_efendi,ussak--sarki--yuruksemai_ii--tifl-i_nazim--tanburi_ali_efendi.txt,398,19,-1,363,313.2889447236181,318.0,50.42104263044866,364,64.625,0.03125,0.75,0.16237437185929648,0.125,0.13004153055466516,B4b1,69
ussak,sazsemaisi,aksaksemai,,corci,ussak--sazsemaisi--aksaksemai----corci.txt,803,14,-1,362,308.47571606475714,318.0,63.89455423138977,363,137.25,0.0625,1.5,0.17092154420921543,0.125,0.10366803349482794,A4,168
ussak,sazsemaisi,aksaksemai,,dede_salih_efendi,ussak--sazsemaisi--aksaksemai----dede_salih_efendi.txt,824,12,-1,371,309.2245145631068,318.0,69.8103616342274,372,89.75,0.0625,1.5,0.10891990291262135,0.0625,0.09257070932809668,B4b1,137
ussak,sazsemaisi,aksaksemai,,kantemiroglu,ussak--sazsemaisi--aksaksemai----kantemiroglu.txt,546,12,-1,362,300.3663003663004,318.0,77.87813038668897,363,67.125,0.0625,0.25,0.12293956043956043,0.125,0.06229361528675716,C5,93
ussak,sazsemaisi,aksaksemai,,murat_karabag,ussak--sazsemaisi--aksaksemai----murat_karabag.txt,345,11,-1,358,308.4782608695652,318.0,63.00327803756135,359,38.875,0.0625,0.25,0.11268115942028986,0.125,0.059388108774131844,B4b1,60
ussak,sazsemaisi,aksaksemai,,neyzen_aziz_dede,ussak--sazsemaisi--aksaksemai----neyzen_aziz_dede.txt,682,15,-1,371,309.19794721407624,327.0,70.75089469426041,372,75.375,0.03125,1.25,0.11052052785923754,0.0625,0.09050128253453887,D5,104
ussak,seyir,semai,1,rauf_yekta,ussak--seyir--semai--1--rauf_yekta.txt,91,12,-1,358,284.25274725274727,305.0,90.18728580097374,359,30.25,0.25,0.5,0.3324175824175824,0.25,0.11817445352190745,A4,24
ussak,seyir,sofyan,1,erol_bingol,ussak--seyir--sofyan--1--erol_bingol.txt,54,11,-1,358,314.55555555555554,318.0,46.185298104551514,359,8.0,0.0625,0.5,0.14814814814814814,0.125,0.1032321815055399,C5,10
ussak,seyir,sofyan,1,sefik_gurmeric,ussak--seyir--sofyan--1--sefik_gurmeric.txt,110,12,-1,349,300.42727272727274,312.0,67.56491395686322,350,16.0,0.0625,1.0,0.14545454545454545,0.125,0.12758482599112636,A4,23
ussak,taksim,serbest,,tanburi_cemil_bey,ussak--taksim--serbest----tanburi_cemil_bey.txt,601,22,-1,371,310.96173044925126,318.0,56.19027376987843,372,98.53125,0.03125,1.5,0.1639455074875208,0.125,0.16035774457246219,A4,94
ussak,tevsihilahi,evsat,bir_ismi_mustafa,dede_efendi,ussak--tevsihilahi--evsat--bir_ismi_mustafa--dede_efendi.txt,152,13,-1,358,313.6513157894737,318.0,39.50693792174479,359,19.5,0.0625,0.875,0.12828947368421054,0.125,0.1063946409532088,E5,29
ussak,turku,aksak,findikli_bizim,,ussak--turku--aksak--findikli_bizim--.txt,391,8,-1,349,306.78772378516624,318.0,58.08763011162573,350,60.875,0.0625,0.625,0.15569053708439898,0.125,0.08222735661068575,C5,108
ussak,turku,aksak,kizilciklar_oldu,edirne-kesan,ussak--turku--aksak--kizilciklar_oldu--edirne-kesan.txt,207,5,-1,336,311.1111111111111,327.0,59.32960607906733,337,33.875,0.0625,1.0,0.1636473429951691,0.125,0.1558459728781066,D5,74
ussak,turku,aksak,sari_gulum,,ussak--turku--aksak--sari_gulum--.txt,494,12,-1,358,305.5748987854251,318.0,69.65869748556366,359,60.875,0.03125,0.5,0.12322874493927126,0.125,0.07994412224285315,E5,87
ussak,turku,aksak,su_dalmanin,aydin,ussak--turku--aksak--su_dalmanin--aydin.txt,92,9,-1,349,305.45652173913044,312.0,58.02356721715684,350,9.125,0.03125,0.5,0.09918478260869565,0.0625,0.07677175452833428,A4,26
ussak,turku,aksak,yangin_olur,,ussak--turku--aksak--yangin_olur--.txt,211,8,0,349,313.9526066350711,312.0,24.713166537616257,349,40.625,0.0625,0.625,0.19253554502369669,0.125,0.12659917030143228,A4,60
ussak,turku,bulgardarbi,oklavayim_paziyim,,ussak--turku--bulgardarbi--oklavayim_paziyim--.txt,197,4,-1,327,274.1522842639594,312.0,105.37899123271632,328,28.125,0.125,1.0,0.14276649746192893,0.125,0.12372445642132067,C5,60
ussak,turku,curcuna,kayalar_golgelendi,kerkuk,ussak--turku--curcuna--kayalar_golgelendi--kerkuk.txt,181,6,-1,340,316.5359116022099,318.0,25.89584013940223,341,31.25,0.0625,0.375,0.17265193370165746,0.125,0.08265144590464774,D5,46
ussak,turku,curcuna,su_karsi,erzincan,ussak--turku--curcuna--su_karsi--erzincan.txt,79,6,296,336,319.746835443038,318.0,7.700263655876318,40,11.25,0.0625,0.625,0.14240506329113925,0.125,0.09277630513524035,D5,33
ussak,turku,devrihindi,menteseli,konya,ussak--turku--devrihindi--menteseli--konya.txt,573,11,-1,358,310.13961605584643,312.0,45.928015101689304,359,49.125,0.0625,0.5,0.08573298429319372,0.0625,0.059466482105892664,A4,130
ussak,turku,devrisureyyasofyani,su_dereden,,ussak--turku--devrisureyyasofyani--su_dereden--.txt,80,9,-1,358,287.6,318.0,97.53955380747865,359,6.875,0.0625,0.3125,0.0859375,0.0625,0.0470395319204086,D5,20
ussak,turku,duyek,bahceye_indim_ki,,ussak--turku--duyek--bahceye_indim_ki--.txt,463,11,-1,349,303.5464362850972,318.0,71.28539603234941,350,44.125,0.0625,0.875,0.09530237580993521,0.0625,0.08201048749567567,D5,88
ussak,turku,musemmen,su_kislanin,adana,ussak--turku--musemmen--su_kislanin--adana.txt,307,7,-1,349,313.9804560260586,318.0,49.20225972333856,350,48.125,0.0625,0.375,0.1567589576547231,0.125,0.08277460068868592,D5,88
ussak,turku,nimsofyan,altin_yuzugum,anonim,ussak--turku--nimsofyan--altin_yuzugum--anonim.txt,139,5,-1,336,305.45323741007195,318.0,71.47354056091523,337,12.25,0.03125,0.25,0.08812949640287769,0.0625,0.03932237802463971,D5,40
ussak,turku,nimsofyan,ayva_cicek,,ussak--turku--nimsofyan--ayva_cicek--.txt,425,10,0,340,313.52,312.0,21.236098671659366,340,40.25,0.0625,0.5,0.09470588235294118,0.0625,0.05855398322202659,A4,102
ussak,turku,nimsofyan,kadifeden_kesesi,,ussak--turku--nimsofyan--kadifeden_kesesi--.txt,442,9,0,349,321.22850678733033,327.0,18.932145263964998,349,46.5,0.03125,0.5,0.10520361990950226,0.0625,0.07053358625213686,D5,139
ussak,turku,nimsofyan,sabahtan_kalktim,,ussak--turku--nimsofyan--sabahtan_kalktim--.txt,471,7,-1,336,300.0552016985138,312.0,65.9920137778749,337,40.25,0.015625,0.375,0.08545647558386411,0.0625,0.06742290684590854,C5,142
ussak,turku,nimsofyan,sarardim_ben,,ussak--turku--nimsofyan--sarardim_ben--.txt,717,7,-1,349,316.8535564853556,327.0,48.0381834776353,350,61.25,0.0625,0.25,0.08542538354253836,0.0625,0.042593066980153874,D5,158
ussak,turku,nimsofyan,urfaliyam_ezelden,,ussak--turku--nimsofyan--urfaliyam_ezelden--.txt,323,6,-1,336,303.6965944272446,318.0,63.233282627460646,337,27.25,0.0625,0.25,0.08436532507739938,0.0625,0.036772757420754754,D5,84
ussak,turku,nimsofyan,yine_gam,,ussak--turku--nimsofyan--yine_gam--.txt,453,5,-1,336,301.91169977924943,318.0,76.88703453526142,337,40.25,0.03125,0.25,0.08885209713024282,0.0625,0.05146397895073671,D5,132
ussak,turku,s-turkaksagi,carsamba_dedikleri,samsun,ussak--turku--s-turkaksagi--carsamba_dedikleri--samsun.txt,204,7,-1,340,298.6078431372549,318.0,81.9839173057915,341,21.0,0.03125,1.25,0.10294117647058823,0.0625,0.11283033699494276,D5,64
ussak,turku,sofyan,dereboyu_kavaklar,giresun,ussak--turku--sofyan--dereboyu_kavaklar--giresun.txt,202,6,-1,336,308.03960396039605,312.0,50.245154374833305,337,17.25,0.0625,0.25,0.0853960396039604,0.0625,0.0344000330347871,D5,63
ussak,turku,sofyan,eledim_eledim,erzurum,ussak--turku--sofyan--eledim_eledim--erzurum.txt,268,5,-1,327,293.60820895522386,312.0,81.89711875091513,328,24.25,0.03125,0.5,0.09048507462686567,0.0625,0.082237824031844,B4b1,72
ussak,turku,sofyan,kalenin_burcu_muyam,,ussak--turku--sofyan--kalenin_burcu_muyam--.txt,413,5,0,327,313.77239709443097,312.0,17.6394998420274,327,48.25,0.0625,0.5,0.11682808716707022,0.125,0.07054821380681575,B4b1,112
ussak,turku,sofyan,mevlam_bircok,malatya,ussak--turku--sofyan--mevlam_bircok--malatya.txt,385,8,-1,340,311.0025974025974,318.0,43.96331915058201,341,36.25,0.03125,0.5,0.09415584415584416,0.0625,0.06483541662015432,C5,94
ussak,turku,sofyan,nesini_soyleyim,asik_seyrani,ussak--turku--sofyan--nesini_soyleyim--asik_seyrani.txt,285,8,-1,349,313.2736842105263,318.0,43.22234736895978,350,23.25,0.03125,0.25,0.08157894736842106,0.0625,0.03879833304119378,D5,70
ussak,turku,sofyan,niye_cattin,neset_ertas,ussak--turku--sofyan--niye_cattin--neset_ertas.txt,347,7,-1,340,300.492795389049,318.0,77.34516010633244,341,36.25,0.0625,0.25,0.10446685878962536,0.0625,0.05567378584466562,C5,75
ussak,turku,sofyan,sigaramin_dumani,,ussak--turku--sofyan--sigaramin_dumani--.txt,225,5,-1,327,309.9866666666667,312.0,30.851528093666374,328,21.25,0.03125,0.25,0.09444444444444444,0.0625,0.05202749983506128,A4,61
ussak,turku,sofyan,uzun_ince,asik_veysel,ussak--turku--sofyan--uzun_ince--asik_veysel.txt,265,8,-1,349,316.9358490566038,318.0,42.22683646157841,350,20.25,0.015625,0.5,0.07641509433962264,0.0625,0.04315479711135399,A4,55
ussak,turku,turkaksagi,drama_koprusu,,ussak--turku--turkaksagi--drama_koprusu--.txt,283,8,0,349,320.81272084805653,318.0,23.161250517825184,349,70.125,0.0625,1.25,0.247791519434629,0.25,0.22167955516026266,D5,61
ussak,turku,yuruksemai_ii,cilveloy,artvin,ussak--turku--yuruksemai_ii--cilveloy--artvin.txt,105,5,305,336,320.85714285714283,318.0,9.762987968134247,31,18.75,0.125,0.375,0.17857142857142858,0.125,0.09149063183892499,D5,35
ussak,yuruksemai,yuruksemai,dila_cunem,diyarbakirli_mahmut_celebi,ussak--yuruksemai--yuruksemai--dila_cunem--diyarbakirli_mahmut_celebi.txt,387,16,-1,371,296.7105943152455,318.0,86.24389422802513,372,72.25,0.0625,0.5,0.1866925064599483,0.125,0.10204234247961624,D5,67
ussak,yuruksemai,yuruksemai,ol_sim-beden,tabi_mustafa_efendi,ussak--yuruksemai--yuruksemai--ol_sim-beden--tabi_mustafa_efendi.txt,659,12,-1,358,308.3353566009105,327.0,73.8003641455172,359,136.75,0.0625,1.5,0.2075113808801214,0.125,0.19286033328020952,E5,107
ussak,yuruksemai,yuruksemai,omrun_su,suleyman_erguner,ussak--yuruksemai--yuruksemai--omrun_su--suleyman_erguner.txt,555,11,0,358,317.34414414414414,318.0,19.041057125098877,358,60.125,0.0625,0.25,0.10833333333333334,0.0625,0.06571885658401239,B4b1,122
ussak,yuruksemai,yuruksemai_4,kah_ki,kara_ismail_aga,ussak--yuruksemai--yuruksemai_4--kah_ki--kara_ismail_aga.txt,530,12,-1,349,299.36037735849055,312.0,62.693875750093056,350,137.91666666666666,0.125,1.3333333333333333,0.2602201257861635,0.25,0.17849593836910366,A4,105
ussak_ruyi_nikriz,pesrev,havi,,kantemiroglu,ussak_ruyi_nikriz--pesrev--havi----kantemiroglu.txt,822,19,-1,365,304.345498783455,318.0,66.73099302711061,366,128.25,0.0625,1.0,0.15602189781021897,0.125,0.08212365980893337,D5,125
vecdidil,pesrev,muhammes,,ruhi_ayangil,vecdidil--pesrev--muhammes----ruhi_ayangil.txt,843,31,-1,380,309.3867141162515,322.0,62.21375239584205,381,96.25,0.041666666666666664,0.5,0.11417556346381968,0.125,0.06995058500658934,E5,113
vecdidil,turku,nimsofyan,gozlerin_tahrirlidir,ruhi_ayangil,vecdidil--turku--nimsofyan--gozlerin_tahrirlidir--ruhi_ayangil.txt,764,24,-1,389,312.3743455497382,327.0,56.93829795041186,390,71.25,0.0625,0.25,0.09325916230366492,0.0625,0.052235066856663924,E5,147
vechiarazbar,kupe,darb,vechi,ahmet_avni_konuk,vechiarazbar--kupe--darb--vechi--ahmet_avni_konuk.txt,112,11,-1,371,323.4732142857143,334.0,64.17907938741979,372,24.0,0.0625,0.875,0.21428571428571427,0.125,0.17146409434612148,D5,21
vechisehnaz,kupe,duyek,vech-i,ahmet_avni_konuk,vechisehnaz--kupe--duyek--vech-i--ahmet_avni_konuk.txt,92,15,-1,371,314.20652173913044,339.5,92.09807696784632,372,16.0,0.0625,0.5,0.17391304347826086,0.125,0.08683325591898874,E5,15
yegah,agirsemai,aksaksemai,piyale_elde,dellalzade_haci_ismail_efendi,yegah--agirsemai--aksaksemai--piyale_elde--dellalzade_haci_ismail_efendi.txt,562,20,-1,371,310.2562277580071,327.0,69.11749668466851,372,60.125,0.03125,1.125,0.10698398576512455,0.0625,0.08024594248294815,D5,92
yegah,aranagme,aksak,1,,yegah--aranagme--aksak--1--.txt,70,12,-1,336,291.85714285714283,305.0,64.37712387700267,337,11.375,0.125,0.25,0.1625,0.125,0.05769579142213137,A4,13
yegah,beste,zencir,gonul_ki,dellalzade_haci_ismail_efendi,yegah--beste--zencir--gonul_ki--dellalzade_haci_ismail_efendi.txt,794,18,-1,358,298.9937027707808,327.0,90.13363322997486,359,104.25,0.03125,0.75,0.13129722921914358,0.125,0.0763029020081175,D5,140
yegah,kupe,yuruksemai,cevr-i,ahmet_avni_konuk,yegah--kupe--yuruksemai--cevr-i--ahmet_avni_konuk.txt,88,17,-1,365,310.1931818181818,327.0,71.86223377152446,366,12.0,0.0625,0.625,0.13636363636363635,0.125,0.09407055090486295,D5,14
yegah,medhal,sofyan,neside-i_garam,ali_rifat_cagatay,yegah--medhal--sofyan--neside-i_garam--ali_rifat_cagatay.txt,331,23,-1,389,306.81268882175226,327.0,78.36222007750675,390,67.0,0.0625,1.0,0.20241691842900303,0.125,0.15517223046292394,F5#4,52
yegah,nakis,yuruksemai,her_dilberi,ismail_baha_surelsan,yegah--nakis--yuruksemai--her_dilberi--ismail_baha_surelsan.txt,446,19,-1,371,291.9775784753363,327.0,99.2706636659836,372,91.0,0.0625,0.75,0.2040358744394619,0.125,0.14192881128994725,D5,76
yegah,pesrev,devrikebir,,rauf_yekta,yegah--pesrev--devrikebir----rauf_yekta.txt,346,25,-1,380,315.4393063583815,327.0,65.21867842688435,381,77.0,0.0625,0.5,0.22254335260115607,0.25,0.11997251315282907,D5,45
yegah,sarki,agiraksak,bais_oldu,bolahenk_nuri_bey,yegah--sarki--agiraksak--bais_oldu--bolahenk_nuri_bey.txt,485,20,-1,366,316.039175257732,327.0,48.44717357511755,367,53.875,0.03125,0.75,0.11108247422680412,0.0625,0.08189264857458066,D5,81
yegah,sarki,agiraksak,ne_gulun,bimen_sen,yegah--sarki--agiraksak--ne_gulun--bimen_sen.txt,638,18,-1,367,310.141065830721,321.0,62.424300204368166,368,80.875,0.03125,0.5,0.12676332288401254,0.125,0.08758075076395527,D5,110
yegah,sarki,agirduyek,yok_mu,hatipzade_ibrahim_efendi,yegah--sarki--agirduyek--yok_mu--hatipzade_ibrahim_efendi.txt,519,21,-1,371,301.6608863198459,318.0,77.73460338672659,372,88.25,0.0625,1.0,0.17003853564547206,0.125,0.09643266296435671,D5,66
yegah,sarki,aksak,a_benim,dellalzade_haci_ismail_efendi,yegah--sarki--aksak--a_benim--dellalzade_haci_ismail_efendi.txt,287,19,-1,358,285.1637630662021,305.0,79.61465987435166,359,47.375,0.0625,0.5,0.16506968641114983,0.125,0.08508425701127126,D5,31
yegah,sarki,aksak,dem_bezm-i,suphi_ziya_ozbekkan,yegah--sarki--aksak--dem_bezm-i--suphi_ziya_ozbekkan.txt,416,24,-1,371,306.59375,327.0,80.74323939396614,372,46.625,0.03125,0.625,0.11207932692307693,0.0625,0.0841450824284775,D5,60
yegah,sarki,aksak,dilerim_buse,huseyin_sadettin_arel,yegah--sarki--aksak--dilerim_buse--huseyin_sadettin_arel.txt,356,25,-1,380,304.6573033707865,321.0,72.11724005193007,381,53.375,0.0625,0.625,0.14992977528089887,0.125,0.06953058389551153,D5,57
yegah,sarki,aksak,du_cesmim,sevki_bey,yegah--sarki--aksak--du_cesmim--sevki_bey.txt,181,17,-1,358,296.0773480662983,312.0,67.21511557541999,359,20.375,0.0625,0.375,0.11256906077348067,0.125,0.06017187820182427,D5,28
yegah,sarki,aksaksemai,benim_afet-i,dellalzade_haci_ismail_efendi,yegah--sarki--aksaksemai--benim_afet-i--dellalzade_haci_ismail_efendi.txt,181,13,-1,344,300.35911602209944,318.0,63.74862340381092,345,21.25,0.0625,0.375,0.11740331491712708,0.125,0.06609881315168516,D5,40
yegah,sarki,curcuna,ne_yapsam,haci_faik_bey,yegah--sarki--curcuna--ne_yapsam--haci_faik_bey.txt,399,19,-1,371,307.11027568922304,321.0,64.85823636048973,372,68.875,0.125,0.625,0.17261904761904762,0.125,0.0925319189155081,D5,61
yegah,sarki,devrihindi,sad_ol,rifat_bey,yegah--sarki--devrihindi--sad_ol--rifat_bey.txt,399,20,-1,371,311.43107769423557,314.0,46.25154770292621,372,40.875,0.03125,0.5,0.10244360902255639,0.0625,0.0674856672146356,F4#4,42
yegah,sarki,devrihindi,vadin_unutma,latif_aga,yegah--sarki--devrihindi--vadin_unutma--latif_aga.txt,535,16,-1,358,305.5102803738318,318.0,64.32454714979433,359,56.125,0.03125,0.375,0.10490654205607476,0.0625,0.06649066060082302,D5,78
yegah,sarki,duyek,ay_buyurken,alaeddin_yavasca,yegah--sarki--duyek--ay_buyurken--alaeddin_yavasca.txt,324,17,-1,371,300.0308641975309,314.0,76.48419354212706,372,47.875,0.03125,0.625,0.14776234567901234,0.125,0.107582176821781,A4,47
yegah,sarki,duyek,bahcemde_guller,avni_anil,yegah--sarki--duyek--bahcemde_guller--avni_anil.txt,400,18,-1,375,306.59,336.0,94.27117553282578,376,70.125,0.03125,1.0,0.1753125,0.125,0.1847063709036073,F5#4,73
yegah,sarki,duyek,doldur_ey,ismail_hakki_nebiloglu,yegah--sarki--duyek--doldur_ey--ismail_hakki_nebiloglu.txt,465,19,-1,371,283.7010752688172,312.0,97.22292027752293,372,73.5,0.041666666666666664,0.75,0.15806451612903225,0.125,0.1146923567860358,D5,66
yegah,sarki,duyek,meclisi_vaslinda,ali_rifat_cagatay,yegah--sarki--duyek--meclisi_vaslinda--ali_rifat_cagatay.txt,482,19,-1,380,307.0622406639004,327.0,89.06651644077107,381,62.125,0.0625,0.375,0.12889004149377592,0.125,0.04837308817367084,D5,85
yegah,sarki,kapali_curcuna,mutad_edeli,sevki_bey,yegah--sarki--kapali_curcuna--mutad_edeli--sevki_bey.txt,356,18,-1,358,302.7949438202247,318.0,62.86197782485986,359,67.625,0.0625,0.625,0.18995786516853932,0.125,0.10885036506839815,D5,57
yegah,sarki,kapali_curcuna,ruhlerin_ey,tanburi_ali_efendi,yegah--sarki--kapali_curcuna--ruhlerin_ey--tanburi_ali_efendi.txt,250,18,-1,358,291.224,318.0,95.4054012430396,359,48.875,0.0625,0.625,0.1955,0.125,0.10788329444767404,C5,33
yegah,sarki,nimsofyan,edersen_de,sevki_bey,yegah--sarki--nimsofyan--edersen_de--sevki_bey.txt,306,19,-1,367,312.9967320261438,321.0,49.84161789640494,368,24.25,0.03125,0.375,0.07924836601307189,0.0625,0.04727813583961273,D5,52
yegah,sarki,senginsemai,ah_nolurdu,bimen_sen,yegah--sarki--senginsemai--ah_nolurdu--bimen_sen.txt,390,19,0,380,321.91282051282053,327.0,27.61528934108542,380,48.25,0.03125,0.5,0.12371794871794872,0.0625,0.09947120275889251,D5,73
yegah,sazsemaisi,aksaksemai,,neyzen_aziz_dede,yegah--sazsemaisi--aksaksemai----neyzen_aziz_dede.txt,410,24,-1,380,311.20975609756096,327.0,72.07175114355694,381,47.125,0.0625,0.25,0.11493902439024391,0.0625,0.06723900871104803,D5,81
yegah,seyir,semai,1,rauf_yekta,yegah--seyir--semai--1--rauf_yekta.txt,68,13,-1,365,308.20588235294116,327.0,71.1803592781817,366,24.0,0.25,0.75,0.35294117647058826,0.25,0.1312631949134782,E5,9
yegah,seyir,sofyan,1,erol_bingol,yegah--seyir--sofyan--1--erol_bingol.txt,50,13,274,358,314.92,318.0,22.274575971135285,84,8.0,0.0625,0.5,0.16,0.125,0.11720599343872815,D5,10
yegah,seyir,sofyan,1,sefik_gurmeric,yegah--seyir--sofyan--1--sefik_gurmeric.txt,103,17,-1,367,312.22330097087377,327.0,66.66052893885953,368,16.0,0.0625,0.75,0.1553398058252427,0.125,0.11168827447348216,D5,22
yeni_cargah,pesrev,devrikebir,,,yeni_cargah--pesrev--devrikebir----.txt,79,12,-1,362,311.8607594936709,318.0,64.1943631556092,363,21.0,0.125,0.75,0.26582278481012656,0.25,0.14484613936719645,C5,16
yeni_cargah,sazeseri,sofyan,sinsin,bunyan,yeni_cargah--sazeseri--sofyan--sinsin--bunyan.txt,545,9,0,358,318.7449541284404,318.0,18.534226517914828,358,52.25,0.0625,0.25,0.09587155963302753,0.0625,0.05554229656794014,C5,216
yeni_cargah,seyir,sofyan,1,erol_bingol,yeni_cargah--seyir--sofyan--1--erol_bingol.txt,69,9,314,371,341.71014492753625,340.0,14.560322242389299,57,12.0,0.0625,0.5,0.17391304347826086,0.125,0.11286173726790862,E5,14
yeni_cargah,turku,kapali_curcuna,giderim_yolum,,yeni_cargah--turku--kapali_curcuna--giderim_yolum--.txt,353,7,-1,349,281.38243626062325,327.0,113.85064692075775,350,80.125,0.125,0.5,0.22698300283286119,0.25,0.11559642642047654,D5,100
yeni_cargah,turku,sofyan,bilmem_su,,yeni_cargah--turku--sofyan--bilmem_su--.txt,351,8,0,358,325.5441595441595,327.0,19.99436102841181,358,32.25,0.0625,0.25,0.09188034188034189,0.0625,0.03229258978947577,C5,108
yeni_cargah,turku,sofyan,halkali_seker,eskisehir,yeni_cargah--turku--sofyan--halkali_seker--eskisehir.txt,487,8,-1,358,322.9240246406571,327.0,40.5331797458841,359,48.25,0.03125,0.4375,0.09907597535934291,0.0625,0.057280340656670745,D5,158
zavil,agirsemai,aksaksemai,bulunmaz_nev-civansin,kucuk_mehmet_aga,zavil--agirsemai--aksaksemai--bulunmaz_nev-civansin--kucuk_mehmet_aga.txt,586,17,-1,358,312.58361774744026,327.0,67.1907401374837,359,50.125,0.03125,0.375,0.08553754266211604,0.0625,0.054808954116887375,D5,107
zavil,kupe,devrirevan,sanma_ki_mihr-i,ahmet_avni_konuk,zavil--kupe--devrirevan--sanma_ki_mihr-i--ahmet_avni_konuk.txt,126,18,-1,371,315.1111111111111,336.0,79.64754582255222,372,14.0,0.03125,0.375,0.1111111111111111,0.125,0.06818581638108878,G5,19
zavil,pesrev,hafif,,zeki_mehmet_aga,zavil--pesrev--hafif----zeki_mehmet_aga.txt,675,22,-1,380,325.4014814814815,336.0,59.54767930458416,381,128.25,0.0625,0.75,0.19,0.125,0.1292382383630823,G5,97
zavil,sarki,semai,hub_sada,muallim_ismail_hakki_bey,zavil--sarki--semai--hub_sada--muallim_ismail_hakki_bey.txt,188,16,-1,371,309.8723404255319,327.0,86.86749809629123,372,48.25,0.125,0.5,0.2566489361702128,0.25,0.12313721813830626,G5,33
zavil,seyir,duyek,1,erol_bingol,zavil--seyir--duyek--1--erol_bingol.txt,75,15,-1,371,319.05333333333334,336.0,69.22112888912376,372,8.0,0.03125,0.375,0.10666666666666667,0.125,0.06251970410119437,G5,13
zavil,seyir,sofyan,1,sefik_gurmeric,zavil--seyir--sofyan--1--sefik_gurmeric.txt,106,16,-1,371,309.24528301886795,327.0,85.32925711850143,372,16.0,0.0625,0.5,0.1509433962264151,0.125,0.10091395016015983,G5,18
zavil,turku,aksak,bahceye_bar,,zavil--turku--aksak--bahceye_bar--.txt,401,13,0,358,327.56109725685786,327.0,24.09474803339967,358,38.375,0.03125,0.375,0.09569825436408977,0.0625,0.05384261181392612,F5#5,66
zavil,turku,sofyan,ela_gozlum_yiktin,sadettin_kaynak,zavil--turku--sofyan--ela_gozlum_yiktin--sadettin_kaynak.txt,316,16,-1,358,306.06962025316454,327.0,77.70645758449889,359,54.25,0.0625,0.5,0.17167721518987342,0.125,0.08120395791334091,D5,42
zavil,turku,sofyan,uc_gun,,zavil--turku--sofyan--uc_gun--.txt,191,16,-1,358,314.9109947643979,327.0,55.376676018879756,359,32.25,0.0625,0.875,0.168848167539267,0.125,0.12776461903908828,D5,25
zevk-itarab,kupe,musemmen,meclis-i,ahmet_avni_konuk,zevk-itarab--kupe--musemmen--meclis-i--ahmet_avni_konuk.txt,75,13,-1,371,318.25333333333333,327.0,68.60267375873076,372,8.0,0.0625,0.25,0.10666666666666667,0.0625,0.06059019038731576,D5,11
zevkidil,kupe,devrirevan,gel,ahmet_avni_konuk,zevkidil--kupe--devrirevan--gel--ahmet_avni_konuk.txt,137,16,-1,362,314.3065693430657,327.0,69.96633245436438,363,14.0,0.03125,0.375,0.10218978102189781,0.0625,0.0617491257197831,D5,26
zirefkend,kupe,aksaksemai,pertev-i,ahmet_avni_konuk,zirefkend--kupe--aksaksemai--pertev-i--ahmet_avni_konuk.txt,94,16,-1,380,314.9468085106383,336.0,73.35337463505024,381,10.0,0.03125,0.25,0.10638297872340426,0.125,0.04856802543091089,A5,15
zirefkend,pesrev,darbifetih,,gazi_giray_han,zirefkend--pesrev--darbifetih----gazi_giray_han.txt,205,20,-1,380,329.35121951219514,345.0,66.01740383262293,381,44.0,0.0625,1.0,0.2146341463414634,0.125,0.1304246469582884,G5,35
