Sira	Kod	Nota53	NotaAE	Koma53	KomaAE	Pay	Payda	Ms	LNS	Bas	Soz1	Offset
1	9	Sol4	G4	296	296	1	2	1500	95	96		0.25
2	9	Sol4	G4	296	296	1	4	750	99	96		0.375
3	9	La4	A4	305	305	1	4	750	95	96		0.5
4	9	Sol4	G4	296	296	1	4	750	99	96		0.625
5	9	Fa4#4	F4#4	291	291	1	8	375	95	96		0.6875
6	9	Sol4	G4	296	296	1	8	375	95	96		0.75
7	9	Fa4#4	F4#4	291	291	1	4	750	99	96		0.875
8	9	Sol4	G4	296	296	1	4	750	99	96		1
9	9	Sol4	G4	296	296	1	8	375	95	96		1.0625
10	9			-1	-1	1	8	375	100	0	)	1.125
11	9	Si4b1	B4b1	313	313	1	8	375	99	96	[segah@si4b	1.1875
12	9	Do5	C5	318	318	1	8	375	99	96		1.25
13	9	Re5	D5	327	327	1	4	750	99	96		1.375
14	8	Fa5	F5	340	340	0	0	0	99	96		1.375
15	9	Mi5	E5	336	336	1	8	375	99	96		1.4375
16	9	Re5	D5	327	327	1	8	375	99	96		1.5
17	9	Mi5	E5	336	336	1	8	375	99	96		1.5625
18	9	Re5	D5	327	327	1	16	188	99	96		1.59375
19	9	Mi5	E5	336	336	1	16	188	99	96		1.625
20	9	Re5	D5	327	327	1	8	375	95	96		1.6875
21	9	Do5	C5	318	318	1	8	375	95	96		1.75
22	9	Si4b1	B4b1	313	313	3	8	1125	95	96	)	1.9375
23	9	Mi5	E5	336	336	1	8	375	95	96		2
24	9	Re5	D5	327	327	3	8	1125	99	96		2.1875
25	9	Do5	C5	318	318	1	16	188	99	96		2.21875
26	9	Si4b1	B4b1	313	313	1	16	188	99	96		2.25
27	9	La4	A4	305	305	1	8	375	99	96		2.3125
28	9	Si4b1	B4b1	313	313	1	8	375	99	96		2.375
29	9	Do5	C5	318	318	1	8	375	99	96		2.4375
30	9	Re5	D5	327	327	1	16	188	99	96		2.46875
31	9	Mi5	E5	336	336	1	16	188	95	96		2.5
32	9	Re5	D5	327	327	1	8	375	99	96		2.5625
33	9	Do5	C5	318	318	1	4	750	99	96		2.6875
34	8	Re5	D5	327	327	0	0	0	99	96		2.6875
35	9	Do5	C5	318	318	1	16	188	99	96		2.71875
36	9	Si4b1	B4b1	313	313	1	16	188	99	96		2.75
37	9	Si4b1	B4b1	313	313	1	8	375	99	96		2.8125
38	8	Do5	C5	318	318	0	0	0	99	96		2.8125
39	9	Si4b1	B4b1	313	313	1	16	188	99	96		2.84375
40	9	La4#4	A4#4	309	309	1	16	188	99	96		2.875
41	9	Si4b1	B4b1	313	313	1	4	750	95	96	)]	3
42	9			-1	-1	1	4	750	100	0		3.125
43	9	La4	A4	305	305	1	8	375	99	96		3.1875
44	9	Si4b1	B4b1	313	313	1	8	375	99	96		3.25
45	9	Do5	C5	318	318	1	4	750	95	96		3.375
46	9	Re5	D5	327	327	1	4	750	95	96		3.5
47	9	Do5	C5	318	318	1	4	750	99	96		3.625
48	9	Si4b1	B4b1	313	313	1	8	375	99	96		3.6875
49	8	Re5	D5	327	327	0	0	0	99	96		3.6875
50	9	Do5	C5	318	318	1	16	188	99	96		3.71875
51	9	Si4b1	B4b1	313	313	1	16	188	95	96		3.75
52	8	Do5	C5	318	318	0	0	0	95	96		3.75
53	9	Si4b1	B4b1	313	313	3	16	562	99	96		3.84375
54	9	La4	A4	305	305	1	16	188	99	96		3.875
55	9	Sol4	G4	296	296	1	4	750	95	96	)	4
56	9			-1	-1	1	8	375	100	0		4.0625
57	9	La4	A4	305	305	1	4	750	99	96		4.1875
58	9	Do5	C5	318	318	1	8	375	99	96		4.25
59	9	Si4b1	B4b1	313	313	3	16	562	99	96		4.34375
60	9	La4	A4	305	305	1	16	188	99	96		4.375
61	9	Sol4	G4	296	296	1	4	750	95	96	)	4.5
62	9			-1	-1	1	8	375	100	0		4.5625
63	9	La4	A4	305	305	1	4	750	99	96		4.6875
64	9	Sol4	G4	296	296	1	8	375	99	96		4.75
65	9	La4	A4	305	305	1	8	375	99	96		4.8125
66	8	Si4b1	B4b1	313	313	0	0	0	99	96		4.8125
67	9	La4	A4	305	305	1	16	188	99	96		4.84375
68	9	Sol4	G4	296	296	1	16	188	99	96		4.875
69	9	La4	A4	305	305	1	8	375	95	96		4.9375
70	9	Do5	C5	318	318	1	8	375	95	96		5
71	9	Si4b1	B4b1	313	313	3	8	1125	99	96		5.1875
72	9	La4	A4	305	305	1	16	188	99	96		5.21875
73	9	Sol4	G4	296	296	1	16	188	99	96		5.25
74	9	Sol4	G4	296	296	3	8	1125	95	96		5.4375
75	9			-1	-1	1	8	375	100	0	)	5.5
76	9			-1	-1	1	8	375	100	0		5.5625
77	9	Mi5	E5	336	336	1	16	188	99	96		5.59375
78	9	Fa5	F5	340	340	1	16	188	99	96		5.625
79	9	Mi5	E5	336	336	1	8	375	99	96		5.6875
80	9	Re5	D5	327	327	1	8	375	95	96		5.75
81	9	Re5	D5	327	327	3	8	1125	95	96		5.9375
82	9			-1	-1	1	8	375	100	0	)	6
83	9	Re5	D5	327	327	1	4	750	95	96		6.125
84	9	Do5	C5	318	318	1	8	375	99	96		6.1875
85	9	Re5	D5	327	327	1	8	375	99	96		6.25
86	9	Mi5	E5	336	336	3	16	562	95	96		6.34375
87	9	Re5	D5	327	327	1	16	188	95	96		6.375
88	9	Sol5	G5	349	349	3	16	562	99	96		6.46875
89	9	Fa5	F5	340	340	1	16	188	95	96		6.5
90	9	Fa5	F5	340	340	3	16	562	99	96		6.59375
91	9	Mi5	E5	336	336	1	16	188	99	96		6.625
92	9	Mi5	E5	336	336	3	16	562	99	96		6.71875
93	9	Re5	D5	327	327	1	16	188	95	96		6.75
94	9	Re5	D5	327	327	3	16	562	99	96		6.84375
95	9	Do5	C5	318	318	1	16	188	99	96		6.875
96	8	Re5	D5	327	327	0	0	0	99	96		6.875
97	9	Do5	C5	318	318	3	32	281	99	96		6.921875
98	9	Si4b1	B4b1	313	313	1	32	94	99	96		6.9375
99	9	La4	A4	305	305	1	16	188	99	96		6.96875
100	9	Do5	C5	318	318	1	16	188	99	96		7
101	9	Si4b1	B4b1	313	313	1	4	750	95	96	)	7.125
102	9	La4	A4	305	305	1	8	375	99	96		7.1875
103	9	Si4b1	B4b1	313	313	1	8	375	99	96		7.25
104	9	Do5	C5	318	318	1	8	375	99	96		7.3125
105	8	Re5	D5	327	327	0	0	0	99	96		7.3125
106	9	Do5	C5	318	318	1	16	188	99	96		7.34375
107	9	Si4b1	B4b1	313	313	1	16	188	99	96		7.375
108	9	Do5	C5	318	318	1	8	375	95	96		7.4375
109	9	Re5	D5	327	327	1	8	375	95	96	)	7.5
110	9			-1	-1	1	8	375	100	0		7.5625
111	9	Si4b1	B4b1	313	313	1	16	188	99	96		7.59375
112	9	Do5	C5	318	318	1	16	188	99	96		7.625
113	9	Si4b1	B4b1	313	313	1	8	375	99	96		7.6875
114	9	Do5	C5	318	318	1	8	375	99	96		7.75
115	9	Si4b1	B4b1	313	313	1	4	750	99	96		7.875
116	9	La4	A4	305	305	1	4	750	95	96		8
117	9			-1	-1	1	8	375	100	0		8.0625
118	9	Sol4	G4	296	296	1	4	750	99	96		8.1875
119	9	Si4b1	B4b1	313	313	1	8	375	99	96		8.25
120	9	La4	A4	305	305	3	16	562	99	96		8.34375
121	9	Sol4	G4	296	296	1	16	188	99	96		8.375
122	9	Fa4#4	F4#4	291	291	1	8	375	99	96		8.4375
123	9	Si4b1	B4b1	313	313	1	8	375	95	96		8.5
124	9	La4	A4	305	305	1	8	375	99	96		8.5625
125	9	Sol4	G4	296	296	1	8	375	99	96		8.625
126	9	Fa4#4	F4#4	291	291	1	8	375	99	96		8.6875
127	8	Si4b1	B4b1	313	313	0	0	0	99	96		8.6875
128	9	La4	A4	305	305	1	16	188	99	96		8.71875
129	9	Sol4	G4	296	296	1	16	188	99	96		8.75
130	9	Sol4	G4	296	296	1	2	1500	95	96	)	9
131	9			-1	-1	1	8	375	100	0	[segah@si4b	9.0625
132	9	Re5	D5	327	327	1	4	750	95	96		9.1875
133	9	Mi5	E5	336	336	1	8	375	95	96		9.25
134	9	Sol5	G5	349	349	1	8	375	99	96		9.3125
135	9	Fa5	F5	340	340	1	8	375	99	96		9.375
136	9	Mi5	E5	336	336	1	8	375	99	96		9.4375
137	9	Re5	D5	327	327	1	8	375	95	96		9.5
138	9	Mi5	E5	336	336	1	8	375	99	96		9.5625
139	9	Re5	D5	327	327	1	16	188	99	96		9.59375
140	9	Mi5	E5	336	336	1	16	188	99	96		9.625
141	9	Re5	D5	327	327	1	8	375	95	96		9.6875
142	9	Do5	C5	318	318	1	8	375	95	96		9.75
143	8	Re5	D5	327	327	0	0	0	95	96		9.75
144	9	Do5	C5	318	318	1	8	375	99	96		9.8125
145	9	Si4b1	B4b1	313	313	1	8	375	99	96		9.875
146	9	La4#4	A4#4	309	309	1	8	375	99	96		9.9375
147	8	Re5	D5	327	327	0	0	0	99	96		9.9375
148	9	Do5	C5	318	318	1	16	188	99	96		9.96875
149	9	Si4b1	B4b1	313	313	1	16	188	99	96		10
150	9	Si4b1	B4b1	313	313	3	8	1125	95	96	)]	10.1875
151	9			-1	-1	1	8	375	100	0		10.25
152	9	Do5	C5	318	318	1	4	750	99	96		10.375
153	8	Mi5	E5	336	336	0	0	0	99	96		10.375
154	9	Re5	D5	327	327	1	8	375	99	96		10.4375
155	9	Do5	C5	318	318	1	8	375	99	96		10.5
156	9	Si4b1	B4b1	313	313	1	4	750	99	96		10.625
157	8	Do5	C5	318	318	0	0	0	99	96		10.625
158	9	Si4b1	B4b1	313	313	1	16	188	99	96		10.65625
159	9	La4	A4	305	305	1	16	188	99	96		10.6875
160	9	Sol4	G4	296	296	1	8	375	95	96	)	10.75
161	9			-1	-1	1	8	375	100	0		10.8125
162	9	La4	A4	305	305	1	4	750	95	96		10.9375
163	9	Do5	C5	318	318	1	8	375	95	96		11
164	8	Do5	C5	318	318	0	0	0	95	96		11
165	9	Si4b1	B4b1	313	313	1	24	125	95	96		11.02083
166	9	La4	A4	305	305	1	24	125	95	96		11.04167
167	9	Si4b1	B4b1	313	313	1	24	125	99	96		11.0625
168	9	Si4b1	B4b1	313	313	1	4	750	99	96		11.1875
169	9	La4	A4	305	305	1	16	188	99	96		11.21875
170	9	Sol4	G4	296	296	1	16	188	99	96		11.25
171	9	Sol4	G4	296	296	1	4	750	95	96	)	11.375
172	9	Mi5	E5	336	336	1	8	375	99	96		11.4375
173	8	Fa5#4	F5#4	344	344	0	0	0	99	96		11.4375
174	9	Mi5	E5	336	336	1	16	188	95	96		11.46875
175	9	Re5	D5	327	327	1	16	188	95	96		11.5
176	9	Re5	D5	327	327	1	2	1500	95	96		11.75
177	9			-1	-1	1	4	750	100	0		11.875
178	9			-1	-1	1	4	750	100	0	)	12
179	9	Sol4	G4	296	296	1	4	750	95	96		12.125
180	9	Sol4	G4	296	296	1	8	375	99	96		12.1875
181	9	Sol4	G4	296	296	1	8	375	99	96		12.25
182	9	Sol4	G4	296	296	1	4	750	99	96		12.375
183	9	Sol4	G4	296	296	1	4	750	95	96		12.5
184	9	Sol4	G4	296	296	1	4	750	95	96		12.625
185	9	Re4	D4	274	274	1	4	750	99	96		12.75
186	9	Re4	D4	274	274	1	4	750	95	96		12.875
187	9	Fa4#4	F4#4	291	291	1	8	375	99	96		12.9375
188	9	Sol4	G4	296	296	1	8	375	99	96		13
189	9	La4	A4	305	305	1	4	750	99	96		13.125
190	9	Si4b1	B4b1	313	313	1	4	750	95	96		13.25
191	9	Si4b1	B4b1	313	313	3	16	562	99	96		13.34375
192	9	La4	A4	305	305	1	16	188	99	96		13.375
193	9	Sol4	G4	296	296	1	8	375	99	96		13.4375
194	9	La4	A4	305	305	1	8	375	99	96		13.5
195	9	Sol4	G4	296	296	1	8	375	99	96		13.5625
196	9	La4	A4	305	305	1	8	375	99	96		13.625
197	9	Sol4	G4	296	296	1	4	750	95	96	)	13.75
198	9			-1	-1	1	4	750	100	0		13.875
199	9	Fa4#4	F4#4	291	291	1	8	375	99	96		13.9375
200	9	Sol4	G4	296	296	1	8	375	99	96		14
201	9	La4	A4	305	305	1	8	375	99	96		14.0625
202	9	Si4b1	B4b1	313	313	1	8	375	99	96		14.125
203	9	Do5	C5	318	318	3	16	562	99	96		14.21875
204	9	Si4b1	B4b1	313	313	1	16	188	95	96		14.25
205	9	La4	A4	305	305	1	8	375	95	96		14.3125
206	9	Si4b1	B4b1	313	313	1	8	375	95	96		14.375
207	9	Do5	C5	318	318	1	4	750	99	96		14.5
208	9	Do5	C5	318	318	1	16	188	95	96		14.53125
209	9			-1	-1	1	16	188	100	0	)[buselik@la4	14.5625
210	9	Do5	C5	318	318	1	8	375	99	96		14.625
211	9	Si4	B4	314	314	1	8	375	99	96		14.6875
212	9	La4	A4	305	305	1	8	375	99	96		14.75
213	9	La4	A4	305	305	1	8	375	99	96		14.8125
214	9	Sol4#4	G4#4	300	300	1	16	188	99	96		14.84375
215	9	La4	A4	305	305	1	16	188	99	96		14.875
216	9	Si4	B4	314	314	1	16	188	99	96		14.90625
217	9	Do5	C5	318	318	1	16	188	99	96		14.9375
218	9	Si4	B4	314	314	1	16	188	99	96		14.96875
219	9	La4	A4	305	305	1	16	188	95	96		15
220	9	Sol4#4	G4#4	300	300	1	8	375	99	96		15.0625
221	9	La4	A4	305	305	3	8	1125	95	96		15.25
222	9			-1	-1	1	4	750	100	0		15.375
223	9			-1	-1	1	4	750	100	0	)]	15.5
224	9			-1	-1	1	4	750	100	0		15.625
225	9	Sol4	G4	296	296	1	8	375	99	96		15.6875
226	9	Re5	D5	327	327	1	8	375	99	96		15.75
227	9	Re5	D5	327	327	1	4	750	99	96		15.875
228	8	Mi5	E5	336	336	0	0	0	99	96		15.875
229	9	Re5	D5	327	327	1	8	375	99	96		15.9375
230	9	Do5#4	C5#4	322	322	1	8	375	95	96		16
231	9	Mi5	E5	336	336	1	16	188	99	96		16.03125
232	9	Re5	D5	327	327	1	16	188	99	96		16.0625
233	8	Mi5	E5	336	336	0	0	0	99	96		16.0625
234	9	Re5	D5	327	327	1	16	188	99	96		16.09375
235	9	Do5#4	C5#4	322	322	1	16	188	95	96		16.125
236	9	Re5	D5	327	327	1	4	750	95	96	)	16.25
237	9			-1	-1	1	8	375	100	0		16.3125
238	9	Sol4	G4	296	296	1	4	750	99	96		16.4375
239	9	La4	A4	305	305	1	8	375	99	96		16.5
240	9	Si4b1	B4b1	313	313	3	16	562	99	96		16.59375
241	9	La4	A4	305	305	1	16	188	99	96		16.625
242	9	Sol4	G4	296	296	1	8	375	99	96		16.6875
243	9	La4	A4	305	305	1	16	188	99	96		16.71875
244	9	Si4b1	B4b1	313	313	1	16	188	95	96		16.75
245	9	La4	A4	305	305	1	8	375	99	96		16.8125
246	9	Si4b1	B4b1	313	313	1	4	750	99	96		16.9375
247	8	Do5	C5	318	318	0	0	0	99	96		16.9375
248	9	Si4b1	B4b1	313	313	1	16	188	99	96		16.96875
249	9	La4	A4	305	305	1	16	188	99	96		17
250	9	Do5	C5	318	318	1	16	188	99	96		17.03125
251	9	Si4b1	B4b1	313	313	1	16	188	99	96		17.0625
252	8	Do5	C5	318	318	0	0	0	99	96		17.0625
253	9	Si4b1	B4b1	313	313	1	16	188	99	96		17.09375
254	9	La4	A4	305	305	1	16	188	99	96		17.125
255	9	Si4b1	B4b1	313	313	1	4	750	95	96	)	17.25
256	9			-1	-1	1	4	750	100	0		17.375
257	9	Si4b1	B4b1	313	313	1	8	375	99	96		17.4375
258	8	Re5	D5	327	327	0	0	0	99	96		17.4375
259	9	Do5	C5	318	318	1	8	375	99	96		17.5
260	9	Si4b1	B4b1	313	313	3	16	562	99	96		17.59375
261	9	La4	A4	305	305	1	16	188	99	96		17.625
262	9	Sol4	G4	296	296	1	4	750	99	96		17.75
263	9	Sol4	G4	296	296	1	8	375	95	96		17.8125
264	9	Re4	D4	274	274	1	4	750	95	96		17.9375
265	9	Re4	D4	274	274	1	8	375	95	96		18
266	9	Sol4	G4	296	296	1	2	1500	95	96		18.25
267	9			-1	-1	1	4	750	100	0		18.375
268	9			-1	-1	1	4	750	100	0	)	18.5
269	9			-1	-1	1	8	375	100	0	[byti@la4	18.5625
270	9	Mi5	E5	336	336	1	16	188	99	96		18.59375
271	9	Fa5	F5	340	340	1	16	188	99	96		18.625
272	9	Mi5	E5	336	336	1	8	375	99	96		18.6875
273	9	Re5	D5	327	327	1	8	375	95	96		18.75
274	9	Re5	D5	327	327	1	4	750	99	96		18.875
275	9	Re5	D5	327	327	1	4	750	95	96		19
276	9	Re5	D5	327	327	1	4	750	95	96		19.125
277	9	Do5	C5	318	318	1	8	375	99	96		19.1875
278	9	Re5	D5	327	327	1	8	375	99	96		19.25
279	9	Mi5	E5	336	336	1	8	375	99	96		19.3125
280	9	Re5	D5	327	327	1	16	188	99	96		19.34375
281	9	Mi5	E5	336	336	1	16	188	99	96		19.375
282	9	Re5	D5	327	327	1	8	375	99	96		19.4375
283	9	Do5	C5	318	318	1	8	375	95	96		19.5
284	9	Mi5	E5	336	336	1	16	188	99	96		19.53125
285	9	Re5	D5	327	327	1	16	188	99	96		19.5625
286	8	Mi5	E5	336	336	0	0	0	99	96		19.5625
287	9	Re5	D5	327	327	1	16	188	95	96		19.59375
288	9	Do5	C5	318	318	1	16	188	95	96		19.625
289	9	Re5	D5	327	327	1	4	750	95	96	)	19.75
290	9			-1	-1	1	8	375	100	0		19.8125
291	9	Do5	C5	318	318	1	16	188	99	96		19.84375
292	9	Re5	D5	327	327	1	16	188	99	96		19.875
293	9	Do5	C5	318	318	1	8	375	99	96		19.9375
294	9	Re5	D5	327	327	1	8	375	99	96		20
295	9	Mi5	E5	336	336	1	8	375	99	96		20.0625
296	8	Sol5	G5	349	349	0	0	0	99	96		20.0625
297	9	Fa5	F5	340	340	1	8	375	99	96		20.125
298	9	Mi5	E5	336	336	1	8	375	99	96		20.1875
299	9	Re5	D5	327	327	1	8	375	95	96		20.25
300	9	Mi5	E5	336	336	3	16	562	99	96		20.34375
301	9	Re5	D5	327	327	1	16	188	99	96		20.375
302	9	Do5	C5	318	318	1	8	375	99	96		20.4375
303	9	Re5	D5	327	327	1	8	375	99	96		20.5
304	9	Do5	C5	318	318	1	8	375	99	96		20.5625
305	9	Mi5	E5	336	336	1	8	375	99	96		20.625
306	9	Re5	D5	327	327	1	4	750	95	96	)	20.75
307	9			-1	-1	1	4	750	100	0		20.875
308	8	Mi5	E5	336	336	0	0	0	95	96		20.875
309	9	Re5	D5	327	327	1	8	375	99	96		20.9375
310	9	Do5	C5	318	318	1	8	375	99	96		21
311	9	Re5	D5	327	327	1	8	375	99	96		21.0625
312	9	Mi5	E5	336	336	1	8	375	99	96		21.125
313	9	Re5	D5	327	327	1	8	375	99	96		21.1875
314	9	Do5	C5	318	318	1	8	375	99	96		21.25
315	9	Re5	D5	327	327	1	8	375	99	96		21.3125
316	9	Do5	C5	318	318	1	8	375	95	96		21.375
317	9	Sol5	G5	349	349	1	8	375	99	96		21.4375
318	9	Fa5	F5	340	340	1	16	188	99	96		21.46875
319	9	Sol5	G5	349	349	1	16	188	95	96		21.5
320	9	Fa5	F5	340	340	1	8	375	99	96		21.5625
321	9	Mi5	E5	336	336	1	16	188	99	96		21.59375
322	9	Fa5	F5	340	340	1	16	188	99	96		21.625
323	9	Mi5	E5	336	336	1	8	375	99	96		21.6875
324	9	Re5	D5	327	327	1	8	375	99	96	)	21.75
325	9	Mi5	E5	336	336	1	8	375	99	96		21.8125
326	9	Re5	D5	327	327	1	16	188	99	96		21.84375
327	9	Mi5	E5	336	336	1	16	188	99	96		21.875
328	9	Re5	D5	327	327	1	8	375	99	96		21.9375
329	9	Do5	C5	318	318	1	8	375	95	96		22
330	8	Mi5	E5	336	336	0	0	0	95	96		22
331	9	Re5	D5	327	327	1	8	375	99	96		22.0625
332	9	Do5	C5	318	318	1	8	375	99	96		22.125
333	9	Si4b1	B4b1	313	313	1	8	375	99	96		22.1875
334	8	Mi5	E5	336	336	0	0	0	99	96		22.1875
335	9	Re5	D5	327	327	1	16	188	99	96		22.21875
336	9	Do5	C5	318	318	1	16	188	99	96		22.25
337	9	Do5	C5	318	318	1	4	750	99	96		22.375
338	9	Do5	C5	318	318	1	8	375	95	96		22.4375
339	9			-1	-1	1	8	375	100	0	)	22.5
340	9			-1	-1	1	4	750	100	0		22.625
341	9	La4	A4	305	305	1	8	375	99	96		22.6875
342	9	Si4b1	B4b1	313	313	1	8	375	99	96		22.75
343	9	Do5	C5	318	318	1	8	375	99	96		22.8125
344	9	Re5	D5	327	327	1	8	375	99	96		22.875
345	9	Do5	C5	318	318	1	8	375	99	96		22.9375
346	9	Si4b1	B4b1	313	313	1	8	375	95	96		23
347	9	Re5	D5	327	327	1	16	188	99	96		23.03125
348	9	Do5	C5	318	318	1	16	188	99	96		23.0625
349	8	Re5	D5	327	327	0	0	0	99	96		23.0625
350	9	Do5	C5	318	318	1	16	188	99	96		23.09375
351	9	Si4b1	B4b1	313	313	1	16	188	95	96		23.125
352	9	Do5	C5	318	318	1	4	750	95	96	)	23.25
353	9			-1	-1	1	8	375	100	0		23.3125
354	9	Si4b1	B4b1	313	313	1	16	188	99	96		23.34375
355	9	Do5	C5	318	318	1	16	188	99	96		23.375
356	9	Si4b1	B4b1	313	313	1	8	375	99	96		23.4375
357	9	Do5	C5	318	318	1	16	188	99	96		23.46875
358	9	Re5	D5	327	327	1	16	188	99	96		23.5
359	9	Do5	C5	318	318	1	8	375	99	96		23.5625
360	8	Mi5	E5	336	336	0	0	0	99	96		23.5625
361	9	Re5	D5	327	327	1	8	375	99	96		23.625
362	9	Do5	C5	318	318	1	8	375	95	96		23.6875
363	9	Si4b1	B4b1	313	313	1	8	375	95	96		23.75
364	9	Si4b1	B4b1	313	313	1	8	375	99	96		23.8125
365	8	Re5	D5	327	327	0	0	0	99	96		23.8125
366	9	Do5	C5	318	318	1	8	375	99	96		23.875
367	9	Si4b1	B4b1	313	313	1	8	375	99	96		23.9375
368	9	La4	A4	305	305	1	8	375	99	96		24
369	9	La4	A4	305	305	1	2	1500	99	96		24.25
370	9	La4	A4	305	305	1	4	750	95	96	)]	24.375
371	9	La4	A4	305	305	1	8	375	99	96		24.4375
372	8	Re5	D5	327	327	0	0	0	99	96		24.4375
373	9	Do5	C5	318	318	1	8	375	99	96		24.5
374	9	Si4b1	B4b1	313	313	3	16	562	99	96		24.59375
375	9	La4	A4	305	305	1	16	188	99	96		24.625
376	9	Sol4	G4	296	296	1	4	750	95	96	)	24.75
377	9			-1	-1	1	8	375	100	0		24.8125
378	9	Re4	D4	274	274	1	4	750	95	96		24.9375
379	9	Sol4	G4	296	296	1	8	375	95	96		25
380	9	Sol4	G4	296	296	1	2	1500	99	96		25.25
381	9	Sol4	G4	296	296	1	4	750	95	96		25.375
382	9			-1	-1	1	4	750	100	0	)	25.5
383	9			-1	-1	1	8	375	100	0		25.5625
384	9	Mi5	E5	336	336	1	16	188	99	96		25.59375
385	9	Fa5	F5	340	340	1	16	188	99	96		25.625
386	9	Mi5	E5	336	336	1	8	375	99	96		25.6875
387	9	Re5	D5	327	327	1	8	375	95	96		25.75
388	9	Re5	D5	327	327	1	4	750	99	96		25.875
389	9	Re5	D5	327	327	1	8	375	95	96		25.9375
390	9			-1	-1	1	8	375	100	0	)	26
391	9	Re5	D5	327	327	1	2	1500	95	96		26.25
392	9	Re5	D5	327	327	3	16	562	99	96		26.34375
393	9	Do5#4	C5#4	322	322	1	16	188	99	96		26.375
394	9	Si4	B4	314	314	1	8	375	99	96		26.4375
395	9	Do5#4	C5#4	322	322	1	8	375	99	96		26.5
396	9	Re5	D5	327	327	1	4	750	99	96		26.625
397	8	Mi5	E5	336	336	0	0	0	99	96		26.625
398	9	Re5	D5	327	327	1	8	375	95	96		26.6875
399	9	Do5#4	C5#4	322	322	1	8	375	95	96		26.75
400	9	Re5	D5	327	327	3	8	1125	95	96		26.9375
401	9			-1	-1	1	8	375	100	0	)	27
402	9	Mi5	E5	336	336	3	16	562	99	96		27.09375
403	9	Re5	D5	327	327	1	16	188	99	96		27.125
404	9	Do5#4	C5#4	322	322	1	8	375	99	96		27.1875
405	9	Re5	D5	327	327	1	8	375	99	96		27.25
406	9	Mi5	E5	336	336	1	4	750	99	96		27.375
407	8	Sol5	G5	349	349	0	0	0	99	96		27.375
408	9	Fa5	F5	340	340	1	8	375	99	96		27.4375
409	9	Mi5	E5	336	336	1	8	375	95	96		27.5
410	9	Mi5	E5	336	336	3	16	562	99	96		27.59375
411	9	Re5	D5	327	327	1	16	188	99	96		27.625
412	9	Do5#4	C5#4	322	322	1	8	375	99	96		27.6875
413	9	Re5	D5	327	327	1	8	375	99	96		27.75
414	9	Do5#4	C5#4	322	322	1	8	375	99	96		27.8125
415	9	Re5	D5	327	327	1	8	375	99	96		27.875
416	9	Mi5	E5	336	336	1	16	188	99	96		27.90625
417	9	Fa5	F5	340	340	1	16	188	99	96		27.9375
418	9	Mi5	E5	336	336	1	16	188	99	96		27.96875
419	9	Re5	D5	327	327	1	16	188	99	96		28
420	9	Re5	D5	327	327	1	2	1500	95	96	)	28.25
421	9	Sol4	G4	296	296	1	4	750	99	96		28.375
422	9	Re5	D5	327	327	1	4	750	99	96		28.5
423	9	Re5	D5	327	327	1	4	750	99	96		28.625
424	9	Re5	D5	327	327	1	4	750	95	96		28.75
425	9	Re5	D5	327	327	1	8	375	99	96		28.8125
426	9	Do5#4	C5#4	322	322	1	8	375	99	96		28.875
427	9	Si4b4	B4b4	310	310	1	16	188	99	96		28.90625
428	9	La4	A4	305	305	1	16	188	99	96		28.9375
429	9	Si4b4	B4b4	310	310	1	8	375	95	96		29
430	9	Do5#4	C5#4	322	322	1	4	750	99	96		29.125
431	9	Do5#4	C5#4	322	322	1	4	750	99	96		29.25
432	9	Do5#4	C5#4	322	322	1	4	750	99	96		29.375
433	9	Fa5	F5	340	340	1	4	750	95	96	)	29.5
434	9	Fa5	F5	340	340	1	8	375	99	96		29.5625
435	9	Mi5	E5	336	336	1	8	375	99	96		29.625
436	9	Re5	D5	327	327	1	8	375	99	96		29.6875
437	9	Do5#4	C5#4	322	322	1	8	375	99	96		29.75
438	9	Si4b4	B4b4	310	310	1	8	375	99	96		29.8125
439	9	La4	A4	305	305	1	8	375	99	96		29.875
440	9	Sol4	G4	296	296	1	8	375	99	96		29.9375
441	9	Fa4#4	F4#4	291	291	1	8	375	99	96		30
442	9	Sol4	G4	296	296	3	8	1125	95	96		30.1875
443	9			-1	-1	1	8	375	100	0	)	30.25
444	9	Do5#4	C5#4	322	322	1	8	375	99	96		30.3125
445	9	Re5	D5	327	327	1	8	375	99	96		30.375
446	9	Mi5	E5	336	336	1	8	375	99	96		30.4375
447	9	Fa5	F5	340	340	1	8	375	99	96		30.5
448	9	Mi5	E5	336	336	1	8	375	99	96		30.5625
449	9	Re5	D5	327	327	1	8	375	99	96		30.625
450	8	Mi5	E5	336	336	0	0	0	99	96		30.625
451	9	Re5	D5	327	327	1	8	375	99	96		30.6875
452	9	Do5#4	C5#4	322	322	1	8	375	95	96		30.75
453	9	Re5	D5	327	327	3	16	562	99	96		30.84375
454	9	Do5#4	C5#4	322	322	1	16	188	99	96		30.875
455	9	Re5	D5	327	327	1	8	375	95	96		30.9375
456	9	Mi5	E5	336	336	1	8	375	95	96		31
457	9	Re5	D5	327	327	1	4	750	99	96		31.125
458	9	Mi5	E5	336	336	1	4	750	99	96		31.25
459	9	Mi5	E5	336	336	3	8	1125	95	96		31.4375
460	9			-1	-1	1	8	375	100	0	)	31.5
461	9	Mi5	E5	336	336	1	4	750	99	96		31.625
462	8	Sol5	G5	349	349	0	0	0	99	96		31.625
463	9	Fa5	F5	340	340	1	8	375	99	96		31.6875
464	9	Mi5	E5	336	336	1	8	375	99	96		31.75
465	8	Mi5	E5	336	336	0	0	0	99	96		31.75
466	9	Re5	D5	327	327	3	16	562	99	96		31.84375
467	9	Do5#4	C5#4	322	322	1	16	188	99	96		31.875
468	9	Re5	D5	327	327	1	8	375	99	96		31.9375
469	9	Mi5	E5	336	336	1	8	375	99	96		32
470	9	Re5	D5	327	327	1	4	750	95	96	)	32.125
471	9	Mi5	E5	336	336	1	8	375	99	96		32.1875
472	9	Fa5#4	F5#4	344	344	1	8	375	99	96		32.25
473	9	Mi5	E5	336	336	1	4	750	99	96		32.375
474	9	Re5#4	D5#4	331	331	1	4	750	99	96		32.5
475	9	Re5	D5	327	327	1	8	375	99	96		32.5625
476	9	Mi5	E5	336	336	1	8	375	99	96		32.625
477	9	Re5	D5	327	327	1	8	375	99	96		32.6875
478	9	Do5#4	C5#4	322	322	1	8	375	95	96		32.75
479	9			-1	-1	1	8	375	100	0		32.8125
480	9	Re5	D5	327	327	1	16	188	99	96		32.84375
481	9	Mi5	E5	336	336	1	16	188	99	96		32.875
482	9	Re5	D5	327	327	1	8	375	95	96		32.9375
483	9	Mi5	E5	336	336	1	8	375	95	96		33
484	9	Mi5	E5	336	336	1	8	375	99	96		33.0625
485	9	Sol5	G5	349	349	1	8	375	99	96		33.125
486	9	Fa5#4	F5#4	344	344	1	8	375	99	96		33.1875
487	9	Mi5	E5	336	336	1	8	375	99	96		33.25
488	9	Mi5	E5	336	336	1	2	1500	99	96	)	33.5
489	9	Mi5	E5	336	336	1	8	375	99	96	[mahur@sol5	33.5625
490	9	Fa5#5	F5#5	345	345	1	8	375	99	96		33.625
491	9	Sol5	G5	349	349	1	4	750	99	96		33.75
492	9	Mi5	E5	336	336	1	8	375	99	96		33.8125
493	9	Fa5#5	F5#5	345	345	1	8	375	99	96		33.875
494	9	Sol5	G5	349	349	1	4	750	95	96	)	34
495	9	Sol5	G5	349	349	1	2	1500	95	96		34.25
496	9	Sol5	G5	349	349	3	16	562	99	96		34.34375
497	9	Fa5#5	F5#5	345	345	1	16	188	99	96		34.375
498	9	Mi5	E5	336	336	1	8	375	99	96		34.4375
499	9	Fa5#5	F5#5	345	345	1	8	375	99	96		34.5
500	9	Sol5	G5	349	349	1	4	750	99	96		34.625
501	8	La5	A5	358	358	0	0	0	99	96		34.625
502	9	Sol5	G5	349	349	1	8	375	95	96		34.6875
503	9	Fa5#5	F5#5	345	345	1	8	375	95	96		34.75
504	9	Sol5	G5	349	349	3	8	1125	95	96		34.9375
505	9			-1	-1	1	8	375	100	0	)	35
506	9	Sol5	G5	349	349	3	16	562	99	96		35.09375
507	9	Fa5#5	F5#5	345	345	1	16	188	99	96		35.125
508	9	Mi5	E5	336	336	1	8	375	99	96		35.1875
509	9	Fa5#5	F5#5	345	345	1	8	375	99	96		35.25
510	9	Mi5	E5	336	336	1	4	750	99	96		35.375
511	9	Sol5	G5	349	349	1	4	750	95	96	)]	35.5
512	9	Fa5#4	F5#4	344	344	1	4	750	99	96		35.625
513	8	Sol5	G5	349	349	0	0	0	99	96		35.625
514	9	Fa5#4	F5#4	344	344	1	8	375	99	96		35.6875
515	9	Mi5	E5	336	336	1	8	375	99	96		35.75
516	9	Mi5	E5	336	336	1	8	375	99	96		35.8125
517	9	Re5	D5	327	327	1	8	375	99	96		35.875
518	8	Mi5	E5	336	336	0	0	0	99	96		35.875
519	9	Re5	D5	327	327	1	8	375	99	96		35.9375
520	9	Do5#4	C5#4	322	322	1	8	375	99	96		36
521	9	Re5	D5	327	327	1	4	750	95	96		36.125
522	9			-1	-1	1	4	750	100	0	)	36.25
523	9	Mi5	E5	336	336	1	4	750	99	96		36.375
524	8	Sol5	G5	349	349	0	0	0	99	96		36.375
525	9	Fa5	F5	340	340	1	8	375	99	96		36.4375
526	9	Mi5	E5	336	336	1	8	375	99	96		36.5
527	8	Mi5	E5	336	336	0	0	0	99	96		36.5
528	9	Re5	D5	327	327	3	16	562	99	96		36.59375
529	9	Do5#4	C5#4	322	322	1	16	188	99	96		36.625
530	9	Re5	D5	327	327	1	8	375	99	96		36.6875
531	9	Mi5	E5	336	336	1	8	375	99	96		36.75
532	9	Re5	D5	327	327	1	4	750	95	96	)	36.875
533	9	Sol5	G5	349	349	1	8	375	99	96		36.9375
534	9	Fa5	F5	340	340	1	16	188	99	96		36.96875
535	9	Sol5	G5	349	349	1	16	188	95	96		37
536	9	Fa5	F5	340	340	1	8	375	99	96		37.0625
537	9	Mi5	E5	336	336	1	8	375	99	96		37.125
538	8	Fa5	F5	340	340	0	0	0	99	96		37.125
539	9	Mi5	E5	336	336	1	8	375	99	96		37.1875
540	9	Fa5	F5	340	340	1	8	375	99	96		37.25
541	9	Mi5	E5	336	336	1	8	375	99	96		37.3125
542	9	Re5	D5	327	327	1	8	375	99	96		37.375
543	8	Mi5	E5	336	336	0	0	0	99	96		37.375
544	9	Re5	D5	327	327	1	8	375	99	96		37.4375
545	9	Do5#4	C5#4	322	322	1	8	375	95	96		37.5
546	8	Mi5	E5	336	336	0	0	0	95	96		37.5
547	9	Re5	D5	327	327	3	16	562	99	96		37.59375
548	9	Do5#4	C5#4	322	322	1	16	188	99	96		37.625
549	9	Re5	D5	327	327	1	8	375	99	96		37.6875
550	9	Mi5	E5	336	336	1	8	375	99	96		37.75
551	8	Mi5	E5	336	336	0	0	0	99	96		37.75
552	9	Re5	D5	327	327	3	16	562	99	96		37.84375
553	9	Do5#4	C5#4	322	322	1	16	188	99	96		37.875
554	9	Do5#4	C5#4	322	322	1	16	188	99	96		37.90625
555	9	Si4b4	B4b4	310	310	1	16	188	99	96		37.9375
556	8	Do5#4	C5#4	322	322	0	0	0	99	96		37.9375
557	9	Si4b4	B4b4	310	310	1	16	188	99	96		37.96875
558	9	La4	A4	305	305	1	16	188	99	96		38
559	9	Si4b4	B4b4	310	310	3	8	1125	95	96	)	38.1875
560	9			-1	-1	1	8	375	100	0		38.25
561	9	Re5	D5	327	327	1	4	750	99	96		38.375
562	8	Mi5	E5	336	336	0	0	0	99	96		38.375
563	9	Re5	D5	327	327	1	8	375	99	96		38.4375
564	9	Do5#4	C5#4	322	322	1	8	375	99	96		38.5
565	9	Mi5	E5	336	336	1	16	188	99	96		38.53125
566	9	Re5	D5	327	327	3	16	562	99	96		38.625
567	8	Mi5	E5	336	336	0	0	0	99	96		38.625
568	9	Re5	D5	327	327	1	8	375	99	96		38.6875
569	9	Do5#4	C5#4	322	322	1	8	375	95	96	)	38.75
570	9			-1	-1	1	8	375	100	0		38.8125
571	9	Re5	D5	327	327	1	4	750	95	96		38.9375
572	9	Mi5	E5	336	336	1	8	375	95	96		39
573	9	Mi5	E5	336	336	1	4	750	99	96		39.125
574	8	Sol5	G5	349	349	0	0	0	99	96		39.125
575	9	Fa5	F5	340	340	1	8	375	99	96		39.1875
576	9	Mi5	E5	336	336	1	8	375	99	96		39.25
577	8	Mi5	E5	336	336	0	0	0	99	96		39.25
578	9	Re5	D5	327	327	3	16	562	99	96		39.34375
579	9	Do5#4	C5#4	322	322	1	16	188	99	96		39.375
580	9	Si4b4	B4b4	310	310	1	8	375	99	96		39.4375
581	9	Do5#4	C5#4	322	322	1	8	375	95	96		39.5
582	9	Re5	D5	327	327	1	16	188	99	96		39.53125
583	9	Do5#4	C5#4	322	322	1	16	188	99	96		39.5625
584	9	Re5	D5	327	327	1	16	188	99	96		39.59375
585	9	Mi5	E5	336	336	1	16	188	99	96		39.625
586	9	Re5	D5	327	327	1	8	375	99	96		39.6875
587	9	Do5#4	C5#4	322	322	1	8	375	99	96		39.75
588	9	Si4b4	B4b4	310	310	1	4	750	99	96		39.875
589	9	La4	A4	305	305	1	8	375	99	96		39.9375
590	8	Re5	D5	327	327	0	0	0	99	96		39.9375
591	9	Do5#4	C5#4	322	322	1	16	188	99	96		39.96875
592	9	Si4b4	B4b4	310	310	1	16	188	99	96		40
593	9	Si4b4	B4b4	310	310	1	4	750	95	96	)	40.125
594	9	Do5#4	C5#4	322	322	1	8	375	99	96		40.1875
595	9	Re5	D5	327	327	1	8	375	99	96		40.25
596	9	Do5#4	C5#4	322	322	1	4	750	99	96		40.375
597	9	Si4b4	B4b4	310	310	1	8	375	99	96		40.4375
598	9	La4	A4	305	305	1	8	375	99	96		40.5
599	9	Fa5	F5	340	340	1	8	375	99	96		40.5625
600	9	Mi5	E5	336	336	1	8	375	99	96		40.625
601	9	Re5	D5	327	327	1	8	375	99	96		40.6875
602	9	Do5#4	C5#4	322	322	1	8	375	99	96		40.75
603	9	Do5#4	C5#4	322	322	1	8	375	99	96		40.8125
604	9	Si4b4	B4b4	310	310	1	4	750	95	96		40.9375
605	9	La4	A4	305	305	1	8	375	95	96		41
606	9	Re5	D5	327	327	1	8	375	99	96		41.0625
607	9	Do5#4	C5#4	322	322	1	8	375	99	96		41.125
608	9	Si4b4	B4b4	310	310	1	8	375	99	96		41.1875
609	9	La4	A4	305	305	1	16	188	99	96		41.21875
610	9	Sol4	G4	296	296	1	16	188	99	96		41.25
611	9	Sol4	G4	296	296	1	2	1500	95	96	)	41.5
612	9			-1	-1	1	4	750	100	0		41.625
613	9			-1	-1	1	4	750	100	0		41.75
614	9			-1	-1	1	4	750	100	0		41.875
615	9			-1	-1	1	4	750	100	0		42
616	9	Re5	D5	327	327	1	1	3000	95	96	)	42.5
617	9	Mi5	E5	336	336	1	4	750	99	96	[nihavend@sol4	42.625
618	8	Sol5	G5	349	349	0	0	0	99	96		42.625
619	9	Fa5	F5	340	340	1	8	375	99	96		42.6875
620	9	Mi5	E5	336	336	1	8	375	95	96		42.75
621	9	Re5	D5	327	327	1	2	1500	99	96		43
622	9	Re5	D5	327	327	1	4	750	95	96		43.125
623	9			-1	-1	1	4	750	100	0	)	43.25
624	9	Re5	D5	327	327	3	8	1125	99	96		43.4375
625	9	Do5	C5	318	318	1	8	375	95	96		43.5
626	9	Do5	C5	318	318	1	2	1500	99	96		43.75
627	8	Mi5b5	E5b5	331	331	0	0	0	99	96		43.75
628	9	Re5	D5	327	327	1	4	750	99	96		43.875
629	9	Do5	C5	318	318	1	4	750	99	96		44
630	9	Si4b5	B4b5	309	309	3	8	1125	99	96		44.1875
631	9	La4	A4	305	305	1	8	375	99	96		44.25
632	9	Sol4	G4	296	296	1	4	750	95	96		44.375
633	9	Re5	D5	327	327	1	4	750	95	96	)]	44.5
634	9			-1	-1	1	4	750	100	0		44.625
635	9	Do5#4	C5#4	322	322	1	8	375	99	96		44.6875
636	9	Re5	D5	327	327	1	8	375	99	96		44.75
637	9	Mi5	E5	336	336	1	8	375	99	96		44.8125
638	9	Fa5	F5	340	340	1	8	375	99	96		44.875
639	9	Mi5	E5	336	336	1	8	375	99	96		44.9375
640	9	Re5	D5	327	327	1	8	375	95	96		45
641	9	Mi5	E5	336	336	3	16	562	99	96		45.09375
642	9	Re5	D5	327	327	1	16	188	99	96		45.125
643	9	Do5#4	C5#4	322	322	1	8	375	99	96		45.1875
644	9	Re5	D5	327	327	1	8	375	99	96		45.25
645	9	Do5#4	C5#4	322	322	1	8	375	99	96		45.3125
646	9	Re5	D5	327	327	1	8	375	99	96		45.375
647	9	Mi5	E5	336	336	1	8	375	99	96		45.4375
648	9	Re5	D5	327	327	1	8	375	99	96		45.5
649	9	Re5	D5	327	327	1	2	1500	99	96		45.75
650	9	Re5	D5	327	327	1	4	750	95	96		45.875
651	9			-1	-1	1	4	750	100	0	)	46
652	9	Re5	D5	327	327	1	4	750	99	96		46.125
653	9	Mi5	E5	336	336	1	4	750	99	96		46.25
654	9	Mi5	E5	336	336	1	2	1500	95	96		46.5
655	9	Fa5	F5	340	340	3	16	562	99	96		46.59375
656	9	Mi5	E5	336	336	1	16	188	99	96		46.625
657	9	Fa5	F5	340	340	1	8	375	99	96		46.6875
658	9	Sol5	G5	349	349	1	8	375	95	96		46.75
659	8	Sol5	G5	349	349	0	0	0	95	96		46.75
660	9	Fa5	F5	340	340	3	16	562	99	96		46.84375
661	9	Mi5	E5	336	336	1	16	188	99	96		46.875
662	9	Re5	D5	327	327	1	8	375	99	96		46.9375
663	9	Mi5	E5	336	336	1	8	375	99	96		47
664	9	Mi5	E5	336	336	1	8	375	99	96		47.0625
665	8	Sol5	G5	349	349	0	0	0	99	96		47.0625
666	9	Fa5	F5	340	340	1	8	375	99	96		47.125
667	9	Mi5	E5	336	336	1	8	375	99	96		47.1875
668	9	Re5	D5	327	327	1	8	375	95	96	)	47.25
669	8	La5	A5	358	358	0	0	0	95	96		47.25
670	9	Sol5	G5	349	349	1	4	750	99	96		47.375
671	9	Fa5	F5	340	340	1	8	375	99	96		47.4375
672	9	Mi5	E5	336	336	1	8	375	95	96		47.5
673	9	Mi5	E5	336	336	1	8	375	99	96		47.5625
674	9	Re5	D5	327	327	1	8	375	99	96		47.625
675	8	Mi5	E5	336	336	0	0	0	99	96		47.625
676	9	Re5	D5	327	327	1	8	375	99	96		47.6875
677	9	Do5	C5	318	318	1	8	375	99	96		47.75
678	9	Re5	D5	327	327	1	2	1500	95	96	)	48
679	9			-1	-1	1	4	750	100	0		48.125
680	9	Re5	D5	327	327	1	8	375	99	96		48.1875
681	9	Mi5	E5	336	336	1	8	375	99	96		48.25
682	9	Re5	D5	327	327	1	4	750	99	96		48.375
683	9	Do5	C5	318	318	1	8	375	99	96		48.4375
684	9	Si4b1	B4b1	313	313	1	8	375	99	96		48.5
685	9	Do5	C5	318	318	1	8	375	99	96		48.5625
686	9	Re5	D5	327	327	1	8	375	99	96		48.625
687	9	Do5	C5	318	318	1	8	375	99	96		48.6875
688	9	Si4b1	B4b1	313	313	1	8	375	95	96		48.75
689	9			-1	-1	1	8	375	100	0		48.8125
690	9	Sol5	G5	349	349	1	8	375	99	96		48.875
691	9	Fa5#4	F5#4	344	344	1	8	375	95	96		48.9375
692	9	Sol5	G5	349	349	1	8	375	95	96		49
693	9	Sol5	G5	349	349	3	16	562	99	96		49.09375
694	9	Fa5#4	F5#4	344	344	1	16	188	99	96		49.125
695	9	Mi5	E5	336	336	1	8	375	99	96		49.1875
696	9	Fa5	F5	340	340	1	8	375	99	96		49.25
697	9	Mi5	E5	336	336	1	8	375	99	96		49.3125
698	9	Fa5	F5	340	340	1	8	375	99	96		49.375
699	9	Mi5	E5	336	336	1	8	375	99	96		49.4375
700	9	Re5	D5	327	327	1	8	375	99	96		49.5
701	9	Re5	D5	327	327	1	2	1500	95	96		49.75
702	9			-1	-1	1	4	750	100	0		49.875
703	9			-1	-1	1	4	750	100	0	)	50
704	9	Re5	D5	327	327	1	1	3000	95	96	)	50.5
705	8	Fa5#4	F5#4	344	344	0	0	0	95	96		50.5
706	9	Mi5	E5	336	336	1	4	750	99	96		50.625
707	9	Re5	D5	327	327	1	8	375	99	96		50.6875
708	9	Mi5	E5	336	336	1	8	375	95	96		50.75
709	9	Fa5#4	F5#4	344	344	1	2	1500	99	96		51
710	9	Fa5#4	F5#4	344	344	3	8	1125	95	96		51.1875
711	9			-1	-1	1	8	375	100	0	)	51.25
712	9	Fa5#4	F5#4	344	344	1	8	375	99	96		51.3125
713	9	Sol5	G5	349	349	1	8	375	99	96		51.375
714	9	Fa5#4	F5#4	344	344	1	8	375	99	96		51.4375
715	9	Mi5	E5	336	336	1	8	375	95	96		51.5
716	9	Sol5	G5	349	349	1	8	375	99	96		51.5625
717	9	Fa5#4	F5#4	344	344	1	8	375	99	96		51.625
718	8	Sol5	G5	349	349	0	0	0	99	96		51.625
719	9	Fa5#4	F5#4	344	344	1	8	375	99	96		51.6875
720	9	Mi5	E5	336	336	1	8	375	99	96		51.75
721	9	Fa5#4	F5#4	344	344	1	2	1500	95	96	)	52
722	9			-1	-1	1	4	750	100	0		52.125
723	9	Re5	D5	327	327	1	8	375	99	96		52.1875
724	9	Mi5	E5	336	336	1	8	375	99	96		52.25
725	9	Fa5#4	F5#4	344	344	1	4	750	99	96		52.375
726	9	Sol5	G5	349	349	1	8	375	99	96		52.4375
727	9	La5	A5	358	358	1	8	375	99	96		52.5
728	9	Fa5#4	F5#4	344	344	1	4	750	95	96		52.625
729	9	Fa5#4	F5#4	344	344	1	8	375	99	96		52.6875
730	9	Sol5	G5	349	349	1	8	375	99	96		52.75
731	9	Fa5#4	F5#4	344	344	1	4	750	99	96		52.875
732	9	Mi5	E5	336	336	1	4	750	95	96		53
733	8	Mi5	E5	336	336	0	0	0	95	96		53
734	9	Re5	D5	327	327	3	8	1125	99	96	)	53.1875
735	9	Si4b1	B4b1	313	313	1	8	375	99	96		53.25
736	9	Do5	C5	318	318	1	8	375	99	96		53.3125
737	9	Re5	D5	327	327	1	8	375	99	96		53.375
738	9	Do5	C5	318	318	1	8	375	95	96		53.4375
739	9	Si4b1	B4b1	313	313	1	8	375	95	96		53.5
740	9	Re5	D5	327	327	1	2	1500	95	96		53.75
741	9			-1	-1	1	4	750	100	0		53.875
742	9			-1	-1	1	4	750	100	0	)	54
743	9	Fa5#4	F5#4	344	344	1	1	3000	95	96	)	54.5
744	9	Sol5	G5	349	349	1	4	750	99	96		54.625
745	9	La5	A5	358	358	1	4	750	95	96		54.75
746	9	La5	A5	358	358	1	2	1500	99	96		55
747	9	La5	A5	358	358	1	4	750	99	96		55.125
748	9	Sol5	G5	349	349	1	8	375	99	96		55.1875
749	9	Fa5	F5	340	340	1	8	375	95	96		55.25
750	9	Si5b5	B5b5	362	362	1	4	750	99	96		55.375
751	9	La5	A5	358	358	1	8	375	99	96		55.4375
752	9	Sol5	G5	349	349	1	8	375	95	96		55.5
753	9	Sol5	G5	349	349	1	8	375	99	96		55.5625
754	9	Fa5	F5	340	340	1	8	375	99	96		55.625
755	8	Sol5	G5	349	349	0	0	0	99	96		55.625
756	9	Fa5	F5	340	340	1	8	375	99	96		55.6875
757	9	Mi5	E5	336	336	1	8	375	99	96		55.75
758	9	Re5	D5	327	327	1	2	1500	95	96	)	56
759	9			-1	-1	1	4	750	100	0		56.125
760	9	Do5#4	C5#4	322	322	1	8	375	99	96		56.1875
761	9	Re5	D5	327	327	1	8	375	99	96		56.25
762	9	Mi5	E5	336	336	1	4	750	99	96		56.375
763	8	Fa5	F5	340	340	0	0	0	99	96		56.375
764	9	Mi5	E5	336	336	1	8	375	99	96		56.4375
765	9	Re5	D5	327	327	1	8	375	99	96		56.5
766	9	Re5	D5	327	327	1	2	1500	99	96		56.75
767	9	Re5	D5	327	327	1	4	750	95	96	)[nihvnd@sol4	56.875
768	8	Mi5b4	E5b4	332	332	0	0	0	95	96		56.875
769	9	Re5	D5	327	327	1	8	375	95	96		56.9375
770	9	Do5	C5	318	318	1	8	375	95	96		57
771	9	Do5	C5	318	318	1	2	1500	99	96		57.25
772	8	Mi5b4	E5b4	332	332	0	0	0	99	96		57.25
773	9	Re5	D5	327	327	1	4	750	99	96		57.375
774	9	Do5	C5	318	318	1	4	750	99	96		57.5
775	9	Si4b5	B4b5	309	309	1	16	188	99	96		57.53125
776	9	La4	A4	305	305	1	16	188	99	96		57.5625
777	9	Si4b5	B4b5	309	309	1	16	188	99	96		57.59375
778	9	Do5	C5	318	318	1	16	188	99	96		57.625
779	9	Si4b5	B4b5	309	309	1	8	375	99	96		57.6875
780	9	La4	A4	305	305	1	8	375	99	96		57.75
781	9	Sol4	G4	296	296	3	8	1125	95	96		57.9375
782	9			-1	-1	1	8	375	100	0	]	58
783	9	Re5	D5	327	327	1	4	750	99	96		58.125
784	9	Mi5	E5	336	336	1	8	375	95	96	[nuhuft@mi4	58.1875
785	9	Do5	C5	318	318	1	8	375	95	96		58.25
786	9	Re5	D5	327	327	1	2	1500	99	96		58.5
787	9	Re5	D5	327	327	3	8	1125	95	96		58.6875
788	9			-1	-1	1	8	375	100	0	)	58.75
789	9	Re5	D5	327	327	1	8	375	95	96		58.8125
790	9	Mi5	E5	336	336	1	4	750	95	96		58.9375
791	9	Re5	D5	327	327	1	8	375	95	96		59
792	9	Re5	D5	327	327	1	2	1500	99	96		59.25
793	9	Re5	D5	327	327	1	4	750	95	96		59.375
794	9			-1	-1	1	4	750	100	0	)	59.5
795	9			-1	-1	1	4	750	100	0		59.625
796	9	Do5	C5	318	318	1	8	375	99	96		59.6875
797	9	Re5	D5	327	327	1	8	375	99	96		59.75
798	9	Do5	C5	318	318	1	4	750	99	96		59.875
799	9	Re5	D5	327	327	1	4	750	99	96		60
800	9	Re5	D5	327	327	1	8	375	99	96		60.0625
801	9	Mi5	E5	336	336	1	8	375	99	96		60.125
802	9	Re5	D5	327	327	1	8	375	99	96		60.1875
803	9	Do5	C5	318	318	1	8	375	95	96		60.25
804	9	Do5	C5	318	318	1	8	375	95	96		60.3125
805	9	Si4b1	B4b1	313	313	1	8	375	95	96		60.375
806	9	Re5	D5	327	327	1	4	750	95	96	)	60.5
807	9			-1	-1	1	8	375	100	0		60.5625
808	9	Mi5	E5	336	336	1	8	375	99	96		60.625
809	9	Re5	D5	327	327	1	8	375	99	96		60.6875
810	9	Do5	C5	318	318	1	8	375	99	96		60.75
811	9	Do5	C5	318	318	1	8	375	99	96		60.8125
812	9	Re5	D5	327	327	1	8	375	99	96		60.875
813	9	Do5	C5	318	318	1	8	375	99	96		60.9375
814	9	Si4b1	B4b1	313	313	1	8	375	99	96		61
815	9	Do5	C5	318	318	1	8	375	99	96		61.0625
816	9	Re5	D5	327	327	1	8	375	99	96		61.125
817	9	Do5	C5	318	318	1	8	375	99	96		61.1875
818	9	Si4b1	B4b1	313	313	1	8	375	99	96		61.25
819	9	La4	A4	305	305	3	16	562	99	96		61.34375
820	9	Sol4	G4	296	296	1	16	188	99	96		61.375
821	9	Fa4#4	F4#4	291	291	1	8	375	99	96		61.4375
822	9	Si4b1	B4b1	313	313	1	8	375	99	96		61.5
823	9	La4	A4	305	305	1	4	750	95	96		61.625
824	9	Fa4#4	F4#4	291	291	1	8	375	99	96		61.6875
825	9	Sol4	G4	296	296	1	8	375	99	96		61.75
826	9	Fa4#4	F4#4	291	291	1	4	750	95	96		61.875
827	9	Mi4	E4	283	283	1	4	750	95	96		62
828	9	Re4	D4	274	274	1	8	375	99	96		62.0625
829	9	Mi4	E4	283	283	3	8	1125	95	96	]	62.25
830	9			-1	-1	1	4	750	100	0		62.375
831	9			-1	-1	1	4	750	100	0	)	62.5
832	9			-1	-1	1	4	750	100	0		62.625
833	9	Re5	D5	327	327	1	8	375	99	96		62.6875
834	9	Re5	D5	327	327	1	8	375	99	96		62.75
835	9	Re5	D5	327	327	1	4	750	95	96		62.875
836	9	Mi5	E5	336	336	1	4	750	95	96		63
837	9	Sol5	G5	349	349	3	16	562	99	96		63.09375
838	9	Fa5#4	F5#4	344	344	1	16	188	99	96		63.125
839	9	Mi5#4	E5#4	340	340	1	8	375	99	96		63.1875
840	8	La5	A5	358	358	0	0	0	99	96		63.1875
841	9	Sol5	G5	349	349	1	16	188	99	96		63.21875
842	9	Fa5#4	F5#4	344	344	1	16	188	95	96		63.25
843	9	Fa5#4	F5#4	344	344	1	2	1500	95	96	)	63.5
844	9			-1	-1	1	4	750	100	0		63.625
845	9	Fa5#4	F5#4	344	344	1	8	375	99	96		63.6875
846	9	Sol5	G5	349	349	1	8	375	99	96		63.75
847	9	Fa5#4	F5#4	344	344	1	4	750	99	96		63.875
848	9	Mi5	E5	336	336	1	4	750	99	96		64
849	9	Re5	D5	327	327	1	8	375	99	96		64.0625
850	8	Mi5	E5	336	336	0	0	0	99	96		64.0625
851	9	Re5	D5	327	327	1	8	375	99	96		64.125
852	9	Do5	C5	318	318	1	8	375	99	96		64.1875
853	9	Si4b1	B4b1	313	313	1	8	375	95	96	)	64.25
854	9			-1	-1	1	8	375	100	0		64.3125
855	9	Sol5	G5	349	349	1	8	375	99	96		64.375
856	9	Fa5#4	F5#4	344	344	1	8	375	95	96		64.4375
857	9	Sol5	G5	349	349	1	8	375	95	96		64.5
858	8	La5	A5	358	358	0	0	0	95	96		64.5
859	9	Sol5	G5	349	349	3	16	562	99	96		64.59375
860	9	Fa5#4	F5#4	344	344	1	16	188	99	96		64.625
861	9	Mi5	E5	336	336	1	8	375	99	96		64.6875
862	9	Fa5	F5	340	340	1	8	375	99	96		64.75
863	9	Mi5	E5	336	336	1	8	375	99	96		64.8125
864	8	Sol5	G5	349	349	0	0	0	99	96		64.8125
865	9	Fa5	F5	340	340	1	8	375	99	96		64.875
866	9	Mi5	E5	336	336	1	8	375	99	96		64.9375
867	9	Re5	D5	327	327	1	8	375	99	96		65
868	9	Re5	D5	327	327	1	2	1500	95	96		65.25
869	9			-1	-1	1	4	750	100	0		65.375
870	9			-1	-1	1	4	750	100	0	)	65.5
871	9	La4	A4	305	305	1	4	750	95	96	[yegah@re4	65.625
872	9	Fa4#4	F4#4	291	291	1	8	375	99	96		65.6875
873	9	Sol4	G4	296	296	1	8	375	99	96		65.75
874	9	La4	A4	305	305	1	4	750	99	96		65.875
875	9	La4	A4	305	305	1	4	750	95	96	)	66
876	9	La4	A4	305	305	1	8	375	95	96		66.0625
877	9	La4	A4	305	305	1	8	375	95	96		66.125
878	9	La4	A4	305	305	1	4	750	95	96		66.25
879	9			-1	-1	1	8	375	100	0		66.3125
880	9	La4	A4	305	305	1	4	750	99	96		66.4375
881	9	Re5	D5	327	327	1	8	375	99	96		66.5
882	9	Do5	C5	318	318	1	8	375	99	96		66.5625
883	9	Si4b1	B4b1	313	313	1	8	375	99	96		66.625
884	9	La4	A4	305	305	1	8	375	95	96		66.6875
885	9	Sol4	G4	296	296	1	8	375	95	96		66.75
886	9	La4	A4	305	305	1	8	375	99	96		66.8125
887	9	Sol4	G4	296	296	1	4	750	99	96	)	66.9375
888	8	La4	A4	305	305	0	0	0	99	96		66.9375
889	9	Sol4	G4	296	296	1	16	188	99	96		66.96875
890	9	Fa4#4	F4#4	291	291	1	16	188	99	96		67
891	9	La4	A4	305	305	1	16	188	99	96		67.03125
892	9	Sol4	G4	296	296	1	16	188	99	96		67.0625
893	9	Fa4#4	F4#4	291	291	1	16	188	99	96		67.09375
894	9	Sol4	G4	296	296	1	16	188	99	96		67.125
895	9	La4	A4	305	305	1	4	750	95	96		67.25
896	9			-1	-1	1	4	750	100	0		67.375
897	9	La4	A4	305	305	1	8	375	99	96		67.4375
898	9	Si4b1	B4b1	313	313	1	8	375	99	96		67.5
899	8	Si4b1	B4b1	313	313	0	0	0	99	96		67.5
900	9	La4	A4	305	305	1	4	750	99	96		67.625
901	9	Sol4	G4	296	296	1	8	375	99	96		67.6875
902	9	Fa4#4	F4#4	291	291	1	8	375	95	96		67.75
903	9	Mi4	E4	283	283	1	8	375	99	96		67.8125
904	9	Fa4#4	F4#4	291	291	1	8	375	95	96		67.875
905	9	La4	A4	305	305	1	8	375	99	96		67.9375
906	9	Sol4	G4	296	296	1	8	375	99	96		68
907	9	Sol4	G4	296	296	1	8	375	95	96		68.0625
908	9	Fa4#4	F4#4	291	291	1	4	750	99	96		68.1875
909	9	Re4	D4	274	274	1	8	375	99	96		68.25
910	9	Mi4	E4	283	283	1	16	188	99	96		68.28125
911	9	Re4	D4	274	274	1	16	188	99	96		68.3125
912	9	Mi4	E4	283	283	1	16	188	99	96		68.34375
913	9	Fa4#4	F4#4	291	291	1	16	188	99	96		68.375
914	9	Mi4	E4	283	283	1	8	375	95	96		68.4375
915	9	Re4	D4	274	274	1	8	375	95	96		68.5
916	9	Do4#4	C4#4	269	269	1	8	375	99	96		68.5625
917	9	Re4	D4	274	274	3	8	1125	95	96	)]	68.75
918	9	Do5	C5	318	318	1	4	750	99	96		68.875
919	9	Re5	D5	327	327	1	4	750	99	96		69
920	9	Re5	D5	327	327	1	2	1500	95	96	)	69.25
921	8	La5	A5	358	358	0	0	0	95	96		69.25
922	9	Sol5	G5	349	349	1	4	750	99	96		69.375
923	9	Fa5	F5	340	340	1	8	375	99	96		69.4375
924	9	Mi5	E5	336	336	1	8	375	95	96		69.5
925	9	Mi5	E5	336	336	3	16	562	99	96		69.59375
926	9	Re5	D5	327	327	1	16	188	99	96		69.625
927	9	Do5	C5	318	318	1	8	375	99	96		69.6875
928	9	Re5	D5	327	327	1	8	375	99	96		69.75
929	9	Do5	C5	318	318	1	8	375	99	96		69.8125
930	8	Mi5	E5	336	336	0	0	0	99	96		69.8125
931	9	Re5	D5	327	327	1	8	375	99	96		69.875
932	9	Do5	C5	318	318	1	8	375	99	96		69.9375
933	9	Si4b1	B4b1	313	313	1	8	375	95	96	)	70
934	9			-1	-1	1	8	375	100	0		70.0625
935	9	Mi5	E5	336	336	1	8	375	99	96		70.125
936	9	Re5	D5	327	327	1	8	375	99	96		70.1875
937	9	Do5	C5	318	318	1	8	375	95	96		70.25
938	9	Do5	C5	318	318	1	8	375	99	96		70.3125
939	9	Si4b1	B4b1	313	313	1	8	375	99	96		70.375
940	8	Do5	C5	318	318	0	0	0	99	96		70.375
941	9	Si4b1	B4b1	313	313	1	8	375	99	96		70.4375
942	9	La4	A4	305	305	1	8	375	99	96		70.5
943	9	La4	A4	305	305	1	2	1500	95	96	)	70.75
944	9			-1	-1	1	4	750	100	0		70.875
945	9	La4	A4	305	305	1	8	375	99	96		70.9375
946	9	Re5	D5	327	327	1	8	375	99	96		71
947	8	Re5	D5	327	327	0	0	0	99	96		71
948	9	Do5	C5	318	318	1	4	750	99	96		71.125
949	9	Si4b1	B4b1	313	313	1	8	375	99	96		71.1875
950	9	La4	A4	305	305	1	8	375	99	96		71.25
951	9	La4	A4	305	305	1	8	375	95	96		71.3125
952	9			-1	-1	1	8	375	100	0	)[nuhuft@mi4	71.375
953	9	Fa4#4	F4#4	291	291	1	8	375	99	96		71.4375
954	9	Sol4	G4	296	296	1	8	375	99	96		71.5
955	9	Fa4#4	F4#4	291	291	1	4	750	95	96		71.625
956	9	Mi4	E4	283	283	1	4	750	95	96		71.75
957	9	Re4	D4	274	274	1	8	375	99	96		71.8125
958	9	Mi4	E4	283	283	3	8	1125	95	96		72
959	9			-1	-1	1	4	750	100	0		72.125
960	9			-1	-1	1	4	750	100	0	]	72.25
961	9	Re5b1	D5b1	326	326	3	16	562	99	96	[saba@la4	72.34375
962	9	Do5	C5	318	318	1	16	188	95	96		72.375
963	9	Do5	C5	318	318	1	8	375	99	96		72.4375
964	9	Si4b1	B4b1	313	313	1	8	375	95	96		72.5
965	9	Do5	C5	318	318	1	4	750	95	96		72.625
966	9			-1	-1	1	4	750	100	0	)	72.75
967	9	Do5	C5	318	318	1	4	750	95	96		72.875
968	9	Si4b1	B4b1	313	313	1	8	375	99	96		72.9375
969	9	Do5	C5	318	318	1	8	375	99	96		73
970	9	Do5	C5	318	318	1	4	750	99	96		73.125
971	9	Do5	C5	318	318	1	8	375	99	96		73.1875
972	9	Re5b1	D5b1	326	326	1	8	375	99	96		73.25
973	8	Mi5	E5	336	336	0	0	0	99	96		73.25
974	9	Re5b1	D5b1	326	326	1	8	375	99	96		73.3125
975	9	Do5	C5	318	318	1	8	375	99	96		73.375
976	9	Do5	C5	318	318	1	8	375	99	96		73.4375
977	9	Si4b1	B4b1	313	313	1	8	375	95	96	)	73.5
978	9			-1	-1	1	8	375	100	0		73.5625
979	9	Re5b1	D5b1	326	326	1	8	375	99	96		73.625
980	9	Do5	C5	318	318	1	8	375	95	96		73.6875
981	9	Re5b1	D5b1	326	326	1	8	375	95	96		73.75
982	9	Re5b1	D5b1	326	326	1	8	375	99	96		73.8125
983	9	Do5	C5	318	318	1	4	750	99	96		73.9375
984	9	Re5b1	D5b1	326	326	1	8	375	99	96		74
985	8	Re5b1	D5b1	326	326	0	0	0	99	96		74
986	9	Do5	C5	318	318	3	16	562	99	96		74.09375
987	9	Si4b1	B4b1	313	313	1	16	188	99	96		74.125
988	9	La4	A4	305	305	1	4	750	95	96	)	74.25
989	8	Do5	C5	318	318	0	0	0	95	96		74.25
990	9	Si4b1	B4b1	313	313	1	8	375	99	96		74.3125
991	9	La4	A4	305	305	1	8	375	99	96		74.375
992	9	Si4b1	B4b1	313	313	1	8	375	99	96		74.4375
993	9	Do5	C5	318	318	1	8	375	99	96		74.5
994	9	Si4b1	B4b1	313	313	1	8	375	99	96		74.5625
995	9	La4	A4	305	305	1	8	375	99	96		74.625
996	9	Si4b1	B4b1	313	313	1	4	750	95	96	)	74.75
997	9			-1	-1	1	4	750	100	0		74.875
998	9	Do5	C5	318	318	1	8	375	99	96		74.9375
999	9	Re5b1	D5b1	326	326	1	8	375	99	96		75
1000	9	Do5	C5	318	318	1	4	750	99	96		75.125
1001	9	Re5b1	D5b1	326	326	1	4	750	99	96		75.25
1002	8	Mi5	E5	336	336	0	0	0	99	96		75.25
1003	9	Re5b1	D5b1	326	326	1	8	375	99	96		75.3125
1004	9	Do5	C5	318	318	1	4	750	99	96		75.4375
1005	9	Si4b1	B4b1	313	313	1	8	375	95	96	)	75.5
1006	9			-1	-1	1	8	375	100	0		75.5625
1007	9	Do5	C5	318	318	1	16	188	99	96		75.59375
1008	9	Re5b1	D5b1	326	326	1	16	188	99	96		75.625
1009	9	Do5	C5	318	318	1	8	375	95	96		75.6875
1010	9	Re5b1	D5b1	326	326	1	8	375	95	96		75.75
1011	8	Mi5	E5	336	336	0	0	0	95	96		75.75
1012	9	Re5b1	D5b1	326	326	1	8	375	99	96		75.8125
1013	9	Do5	C5	318	318	1	4	750	99	96		75.9375
1014	9	Si4b1	B4b1	313	313	1	8	375	99	96		76
1015	8	Do5	C5	318	318	0	0	0	99	96		76
1016	9	Si4b1	B4b1	313	313	3	16	562	99	96		76.09375
1017	9	La4	A4	305	305	1	16	188	99	96		76.125
1018	9	La4	A4	305	305	1	4	750	95	96	)	76.25
1019	9	Do5	C5	318	318	1	8	375	99	96		76.3125
1020	9	Si4b1	B4b1	313	313	1	16	188	99	96		76.34375
1021	9	La4	A4	305	305	1	16	188	99	96		76.375
1022	9	La4	A4	305	305	1	4	750	95	96		76.5
1023	9			-1	-1	1	4	750	100	0		76.625
1024	9			-1	-1	1	4	750	100	0	)]	76.75
1025	9			-1	-1	1	4	750	100	0		76.875
1026	9	Do5	C5	318	318	1	8	375	99	96		76.9375
1027	9	Re5b1	D5b1	326	326	1	8	375	99	96		77
1028	9	Do5	C5	318	318	1	8	375	99	96		77.0625
1029	9	Re5b1	D5b1	326	326	1	8	375	99	96		77.125
1030	9	Do5	C5	318	318	1	8	375	99	96		77.1875
1031	9	Re5b1	D5b1	326	326	1	8	375	99	96		77.25
1032	9	Mi5	E5	336	336	1	8	375	99	96		77.3125
1033	8	Sol5	G5	349	349	0	0	0	99	96		77.3125
1034	9	Fa5	F5	340	340	1	8	375	99	96		77.375
1035	9	Mi5	E5	336	336	1	8	375	99	96		77.4375
1036	9	Re5b1	D5b1	326	326	1	8	375	95	96	)	77.5
1037	9			-1	-1	1	8	375	100	0		77.5625
1038	9	Fa5	F5	340	340	1	8	375	99	96		77.625
1039	9	Mi5	E5	336	336	1	8	375	95	96		77.6875
1040	9	Fa5	F5	340	340	1	8	375	95	96		77.75
1041	9	Sol5	G5	349	349	1	4	750	99	96		77.875
1042	8	Si5b1	B5b1	366	366	0	0	0	99	96		77.875
1043	9	La5b1	A5b1	357	357	1	8	375	99	96		77.9375
1044	9	Sol5	G5	349	349	1	8	375	99	96		78
1045	9	Fa5	F5	340	340	1	4	750	99	96		78.125
1046	9	Mi5	E5	336	336	1	4	750	95	96	)	78.25
1047	9	Fa5	F5	340	340	1	16	188	99	96		78.28125
1048	9	Mi5	E5	336	336	1	16	188	99	96		78.3125
1049	9	Fa5	F5	340	340	1	16	188	99	96		78.34375
1050	9	Sol5	G5	349	349	1	16	188	99	96		78.375
1051	9	Mi5	E5	336	336	1	8	375	99	96		78.4375
1052	9	Re5b1	D5b1	326	326	1	8	375	99	96		78.5
1053	8	Mi5	E5	336	336	0	0	0	99	96		78.5
1054	9	Re5b1	D5b1	326	326	3	16	562	99	96		78.59375
1055	9	Do5	C5	318	318	1	16	188	99	96		78.625
1056	9	Si4b1	B4b1	313	313	1	8	375	99	96		78.6875
1057	8	Mi5	E5	336	336	0	0	0	99	96		78.6875
1058	9	Re5b1	D5b1	326	326	1	16	188	99	96		78.71875
1059	9	Do5	C5	318	318	1	16	188	99	96		78.75
1060	9	Do5	C5	318	318	1	4	750	95	96	)	78.875
1061	9	Do5	C5	318	318	1	8	375	99	96		78.9375
1062	9	Re5b1	D5b1	326	326	1	8	375	99	96		79
1063	9	Mi5	E5	336	336	1	8	375	99	96		79.0625
1064	9	Fa5	F5	340	340	1	8	375	99	96		79.125
1065	9	Sol5	G5	349	349	1	8	375	99	96		79.1875
1066	9	La5b1	A5b1	357	357	1	8	375	99	96		79.25
1067	9	Sol5	G5	349	349	1	8	375	99	96		79.3125
1068	9	Fa5	F5	340	340	1	8	375	99	96		79.375
1069	9	Mi5	E5	336	336	1	8	375	99	96		79.4375
1070	9	Re5b1	D5b1	326	326	1	8	375	99	96		79.5
1071	9	Do5	C5	318	318	1	16	188	95	96		79.53125
1072	9			-1	-1	1	16	188	100	0	)	79.5625
1073	9	La5b1	A5b1	357	357	1	8	375	99	96		79.625
1074	9	Sol5	G5	349	349	1	8	375	95	96		79.6875
1075	9	Fa5	F5	340	340	1	8	375	95	96		79.75
1076	9	Fa5	F5	340	340	3	16	562	99	96		79.84375
1077	9	Mi5	E5	336	336	1	16	188	99	96		79.875
1078	9	Mi5	E5	336	336	3	16	562	99	96		79.96875
1079	9	Re5b1	D5b1	326	326	1	16	188	99	96		80
1080	9	Re5b1	D5b1	326	326	1	8	375	99	96		80.0625
1081	9	Do5	C5	318	318	1	8	375	99	96		80.125
1082	9	Si4b1	B4b1	313	313	1	8	375	99	96		80.1875
1083	8	Mi5	E5	336	336	0	0	0	99	96		80.1875
1084	9	Re5b1	D5b1	326	326	1	16	188	99	96		80.21875
1085	9	Do5	C5	318	318	1	16	188	99	96		80.25
1086	9	Do5	C5	318	318	1	2	1500	95	96		80.5
1087	9			-1	-1	1	4	750	100	0		80.625
1088	9			-1	-1	1	4	750	100	0	)	80.75
1089	9	Sol5	G5	349	349	1	4	750	95	96		80.875
1090	9	Mi5	E5	336	336	1	8	375	99	96		80.9375
1091	9	Fa5	F5	340	340	1	8	375	99	96		81
1092	9	Sol5	G5	349	349	1	4	750	99	96		81.125
1093	9	Sol5	G5	349	349	1	4	750	99	96		81.25
1094	9	Sol5	G5	349	349	1	4	750	99	96		81.375
1095	9	Sol5	G5	349	349	1	8	375	99	96		81.4375
1096	9	Sol5	G5	349	349	1	8	375	95	96		81.5
1097	9	Sol5	G5	349	349	1	4	750	95	96		81.625
1098	9	Sol5	G5	349	349	1	4	750	95	96	)	81.75
1099	9			-1	-1	1	8	375	100	0		81.8125
1100	9	Sol5	G5	349	349	1	8	375	99	96		81.875
1101	8	Si5b1	B5b1	366	366	0	0	0	99	96		81.875
1102	9	La5b1	A5b1	357	357	1	8	375	99	96		81.9375
1103	9	Sol5	G5	349	349	1	8	375	99	96		82
1104	9	Fa5	F5	340	340	1	4	750	99	96		82.125
1105	9	Mi5	E5	336	336	1	8	375	99	96		82.1875
1106	9	Fa5	F5	340	340	1	8	375	95	96		82.25
1107	9	Sol5	G5	349	349	1	8	375	99	96		82.3125
1108	9	La5b1	A5b1	357	357	1	8	375	99	96		82.375
1109	9	Sol5	G5	349	349	1	8	375	99	96		82.4375
1110	9	Fa5	F5	340	340	1	8	375	99	96		82.5
1111	9	Sol5	G5	349	349	1	16	188	99	96		82.53125
1112	9	Fa5	F5	340	340	1	16	188	99	96		82.5625
1113	9	Mi5	E5	336	336	1	16	188	99	96		82.59375
1114	9	Fa5	F5	340	340	1	16	188	99	96		82.625
1115	9	Sol5	G5	349	349	1	4	750	95	96	)	82.75
1116	9			-1	-1	1	4	750	100	0	[acm@la4	82.875
1117	9	Sol5	G5	349	349	1	8	375	99	96		82.9375
1118	9	Si5b1	B5b1	366	366	1	8	375	99	96		83
1119	9	La5	A5	358	358	1	4	750	99	96		83.125
1120	9	Sol5	G5	349	349	1	4	750	99	96		83.25
1121	9	Fa5	F5	340	340	1	4	750	99	96		83.375
1122	9	Mi5	E5	336	336	1	4	750	95	96		83.5
1123	9	Re5	D5	327	327	1	4	750	95	96		83.625
1124	9	Sol5	G5	349	349	1	4	750	95	96	)	83.75
1125	9			-1	-1	1	8	375	100	0		83.8125
1126	9	Fa5	F5	340	340	1	16	188	99	96		83.84375
1127	9	Sol5	G5	349	349	1	16	188	99	96		83.875
1128	9	Fa5	F5	340	340	1	8	375	99	96		83.9375
1129	9	Mi5	E5	336	336	1	8	375	99	96		84
1130	8	Mi5	E5	336	336	0	0	0	99	96		84
1131	9	Re5	D5	327	327	1	8	375	99	96		84.0625
1132	9	Do5	C5	318	318	1	8	375	99	96		84.125
1133	9	Re5	D5	327	327	1	8	375	99	96		84.1875
1134	9	Mi5	E5	336	336	1	8	375	95	96		84.25
1135	9	Fa5	F5	340	340	1	4	750	99	96		84.375
1136	9	Mi5	E5	336	336	1	8	375	99	96		84.4375
1137	8	La5	A5	358	358	0	0	0	99	96		84.4375
1138	9	Sol5	G5	349	349	1	16	188	99	96		84.46875
1139	9	Fa5	F5	340	340	1	16	188	99	96		84.5
1140	9	Fa5	F5	340	340	1	2	1500	95	96	)	84.75
1141	9			-1	-1	1	4	750	100	0		84.875
1142	9	Do5	C5	318	318	1	8	375	99	96		84.9375
1143	9	Re5	D5	327	327	1	8	375	99	96		85
1144	9	Do5	C5	318	318	1	4	750	99	96		85.125
1145	9	Re5	D5	327	327	1	4	750	99	96		85.25
1146	8	Mi5	E5	336	336	0	0	0	99	96		85.25
1147	9	Re5	D5	327	327	1	8	375	99	96		85.3125
1148	9	Mi5	E5	336	336	1	8	375	99	96		85.375
1149	9	Re5	D5	327	327	1	8	375	99	96		85.4375
1150	9	Do5	C5	318	318	1	8	375	95	96		85.5
1151	8	Re5	D5	327	327	0	0	0	95	96		85.5
1152	9	Do5	C5	318	318	1	8	375	99	96		85.5625
1153	9	Si4b1	B4b1	313	313	1	8	375	99	96		85.625
1154	9	Do5	C5	318	318	1	8	375	95	96		85.6875
1155	9	Re5	D5	327	327	1	8	375	95	96	)	85.75
1156	9			-1	-1	1	8	375	100	0		85.8125
1157	9	Mi5	E5	336	336	1	8	375	99	96		85.875
1158	9	Re5	D5	327	327	1	8	375	99	96		85.9375
1159	9	Do5	C5	318	318	1	8	375	99	96		86
1160	9	Do5	C5	318	318	1	8	375	99	96		86.0625
1161	9	Re5	D5	327	327	1	8	375	99	96		86.125
1162	9	Do5	C5	318	318	1	8	375	95	96		86.1875
1163	9	Si4b1	B4b1	313	313	1	8	375	95	96		86.25
1164	9	Do5	C5	318	318	3	16	562	99	96		86.34375
1165	9	Si4b1	B4b1	313	313	1	16	188	99	96		86.375
1166	9	La4	A4	305	305	1	4	750	99	96	)]	86.5
1167	9	Si4b1	B4b1	313	313	1	8	375	99	96		86.5625
1168	9	Do5	C5	318	318	1	8	375	99	96		86.625
1169	9	Si4b1	B4b1	313	313	1	4	750	95	96	)	86.75
1170	9			-1	-1	1	4	750	100	0		86.875
1171	9	Do5	C5	318	318	1	8	375	99	96		86.9375
1172	9	Re5b1	D5b1	326	326	1	8	375	99	96		87
1173	9	Do5	C5	318	318	1	4	750	99	96		87.125
1174	9	Re5b1	D5b1	326	326	1	4	750	99	96		87.25
1175	8	Mi5	E5	336	336	0	0	0	99	96		87.25
1176	9	Re5b1	D5b1	326	326	1	8	375	99	96		87.3125
1177	9	Do5	C5	318	318	1	8	375	99	96		87.375
1178	8	Re5b1	D5b1	326	326	0	0	0	99	96		87.375
1179	9	Do5	C5	318	318	1	8	375	99	96		87.4375
1180	9	Si4b1	B4b1	313	313	1	8	375	95	96	)	87.5
1181	9			-1	-1	1	8	375	100	0		87.5625
1182	9	Do5	C5	318	318	1	16	188	99	96		87.59375
1183	9	Re5b1	D5b1	326	326	1	16	188	99	96		87.625
1184	9	Do5	C5	318	318	1	8	375	95	96		87.6875
1185	9	Re5b1	D5b1	326	326	1	8	375	95	96		87.75
1186	9	Re5b1	D5b1	326	326	1	8	375	99	96		87.8125
1187	9	Do5	C5	318	318	1	4	750	99	96		87.9375
1188	9	Si4b1	B4b1	313	313	1	8	375	99	96		88
1189	9	Do5	C5	318	318	1	8	375	99	96		88.0625
1190	9	Si4b1	B4b1	313	313	1	16	188	99	96		88.09375
1191	9	La4	A4	305	305	1	16	188	99	96		88.125
1192	9	La4	A4	305	305	1	4	750	95	96		88.25
1193	9	Do5	C5	318	318	3	16	562	99	96		88.34375
1194	9	Si4b1	B4b1	313	313	1	16	188	99	96		88.375
1195	9	La4	A4	305	305	1	4	750	95	96		88.5
1196	9			-1	-1	1	4	750	100	0		88.625
1197	9			-1	-1	1	4	750	100	0	)	88.75
1198	9	La4	A4	305	305	1	4	750	95	96	huseyni@la4	88.875
1199	9	La4	A4	305	305	1	8	375	99	96		88.9375
1200	9	La4	A4	305	305	1	8	375	99	96		89
1201	9	La4	A4	305	305	1	4	750	95	96		89.125
1202	9	Mi5	E5	336	336	1	8	375	95	96		89.1875
1203	9	Re5	D5	327	327	1	8	375	95	96		89.25
1204	9	Do5	C5	318	318	3	8	1125	95	96		89.4375
1205	9			-1	-1	1	8	375	100	0		89.5
1206	9	Re5	D5	327	327	1	8	375	99	96		89.5625
1207	9	Mi5	E5	336	336	1	8	375	99	96		89.625
1208	9	Re5	D5	327	327	1	8	375	99	96		89.6875
1209	9	Mi5	E5	336	336	1	8	375	99	96		89.75
1210	9	Do5	C5	318	318	1	4	750	95	96		89.875
1211	9	Re5	D5	327	327	1	8	375	99	96		89.9375
1212	9	Mi5	E5	336	336	1	8	375	99	96		90
1213	9	Re5	D5	327	327	1	4	750	95	96		90.125
1214	9	Mi5	E5	336	336	1	4	750	95	96		90.25
1215	9	Mi5	E5	336	336	1	8	375	99	96		90.3125
1216	9	Fa5#4	F5#4	344	344	1	8	375	99	96		90.375
1217	9	Sol5	G5	349	349	1	8	375	99	96		90.4375
1218	9	La5	A5	358	358	1	8	375	95	96		90.5
1219	9	La5	A5	358	358	1	8	375	99	96		90.5625
1220	9	Sol5	G5	349	349	1	8	375	99	96		90.625
1221	9	Fa5	F5	340	340	1	8	375	99	96		90.6875
1222	9	Mi5	E5	336	336	1	8	375	95	96		90.75
1223	9	Mi5	E5	336	336	1	4	750	99	96		90.875
1224	9	Mi5	E5	336	336	1	8	375	99	96		90.9375
1225	9	Mi5	E5	336	336	1	8	375	99	96		91
1226	9	Mi5	E5	336	336	1	8	375	99	96		91.0625
1227	9	Fa5	F5	340	340	1	8	375	95	96		91.125
1228	9	Re5	D5	327	327	1	4	750	95	96	)	91.25
1229	9	Sol5	G5	349	349	1	4	750	95	96		91.375
1230	9	Fa5	F5	340	340	1	8	375	95	96		91.4375
1231	9	Mi5	E5	336	336	1	8	375	95	96		91.5
1232	9	La5	A5	358	358	1	4	750	99	96		91.625
1233	9	Sol5	G5	349	349	1	8	375	99	96		91.6875
1234	9	Fa5	F5	340	340	1	8	375	95	96		91.75
1235	9	Fa5	F5	340	340	1	16	188	99	96		91.78125
1236	9	Mi5	E5	336	336	1	16	188	99	96		91.8125
1237	9	Fa5	F5	340	340	1	16	188	99	96		91.84375
1238	9	Sol5	G5	349	349	1	16	188	99	96		91.875
1239	9	Mi5	E5	336	336	1	8	375	99	96		91.9375
1240	9	Re5	D5	327	327	1	8	375	95	96		92
1241	9	Re5	D5	327	327	1	8	375	99	96		92.0625
1242	9	Do5	C5	318	318	1	8	375	99	96		92.125
1243	9	Si4b1	B4b1	313	313	1	8	375	99	96		92.1875
1244	9	Mi5	E5	336	336	1	8	375	95	96		92.25
1245	9	Re5	D5	327	327	1	8	375	99	96		92.3125
1246	9	Do5	C5	318	318	1	8	375	99	96		92.375
1247	9	Si4b1	B4b1	313	313	1	8	375	99	96		92.4375
1248	8	Mi5	E5	336	336	0	0	0	99	96		92.4375
1249	9	Re5	D5	327	327	1	16	188	99	96		92.46875
1250	9	Do5	C5	318	318	1	16	188	99	96		92.5
1251	9	Do5	C5	318	318	3	8	1125	95	96		92.6875
1252	9			-1	-1	1	8	375	100	0	)	92.75
1253	9	Sol5	G5	349	349	1	4	750	95	96		92.875
1254	9	Sol5	G5	349	349	1	8	375	99	96		92.9375
1255	9	Sol5	G5	349	349	1	8	375	99	96		93
1256	9	Sol5	G5	349	349	1	4	750	95	96		93.125
1257	9	Sol5	G5	349	349	1	4	750	95	96		93.25
1258	9	Sol5	G5	349	349	1	8	375	99	96		93.3125
1259	9	Si5b5	B5b5	362	362	1	8	375	99	96		93.375
1260	9	La5	A5	358	358	1	8	375	99	96		93.4375
1261	9	Sol5	G5	349	349	1	8	375	95	96		93.5
1262	9	Sol5	G5	349	349	1	16	188	99	96		93.53125
1263	9	Fa5	F5	340	340	1	16	188	99	96		93.5625
1264	8	Sol5	G5	349	349	0	0	0	99	96		93.5625
1265	9	Fa5	F5	340	340	1	16	188	99	96		93.59375
1266	9	Mi5	E5	336	336	1	16	188	99	96		93.625
1267	9	Fa5	F5	340	340	1	4	750	99	96		93.75
1268	9	Fa5	F5	340	340	1	4	750	95	96	)	93.875
1269	9	Re5	D5	327	327	1	8	375	99	96		93.9375
1270	9	Mi5	E5	336	336	1	8	375	99	96		94
1271	9	Re5	D5	327	327	1	4	750	95	96		94.125
1272	9	Sol5	G5	349	349	1	8	375	95	96		94.1875
1273	9	Fa5	F5	340	340	1	8	375	95	96		94.25
1274	9	Fa5	F5	340	340	1	8	375	99	96		94.3125
1275	9	Mi5	E5	336	336	1	8	375	99	96		94.375
1276	8	Fa5	F5	340	340	0	0	0	99	96		94.375
1277	9	Mi5	E5	336	336	1	8	375	99	96		94.4375
1278	9	Re5	D5	327	327	1	8	375	95	96		94.5
1279	9	Re5	D5	327	327	1	8	375	99	96		94.5625
1280	9	Do5	C5	318	318	1	8	375	99	96		94.625
1281	9	Si4b1	B4b1	313	313	1	8	375	99	96		94.6875
1282	8	Mi5	E5	336	336	0	0	0	99	96		94.6875
1283	9	Re5	D5	327	327	1	16	188	99	96		94.71875
1284	9	Do5	C5	318	318	1	16	188	99	96		94.75
1285	9	Do5	C5	318	318	3	16	562	99	96		94.84375
1286	9	Si4b1	B4b1	313	313	1	16	188	95	96		94.875
1287	9	La4	A4	305	305	1	8	375	95	96		94.9375
1288	9	La4	A4	305	305	1	8	375	95	96		95
1289	9	La4	A4	305	305	1	4	750	95	96		95.125
1290	9	La4	A4	305	305	1	4	750	95	96		95.25
1291	9	La4	A4	305	305	1	8	375	95	96		95.3125
1292	9	Do5	C5	318	318	1	8	375	95	96		95.375
1293	9	Si4b1	B4b1	313	313	1	8	375	95	96		95.4375
1294	9	La4	A4	305	305	1	8	375	95	96		95.5
1295	8	Si4b1	B4b1	313	313	0	0	0	95	96		95.5
1296	9	La4	A4	305	305	1	8	375	95	96		95.5625
1297	9	Sol4	G4	296	296	1	8	375	95	96		95.625
1298	9	Fa4#4	F4#4	291	291	1	8	375	95	96		95.6875
1299	9	Sol4	G4	296	296	1	8	375	95	96		95.75
1300	9	Sol4	G4	296	296	1	4	750	95	96		95.875
1301	9	Si4b1	B4b1	313	313	1	8	375	95	96		95.9375
1302	8	Re5	D5	327	327	0	0	0	95	96		95.9375
1303	9	Do5	C5	318	318	1	8	375	95	96		96
1304	9	Si4b1	B4b1	313	313	1	4	750	95	96		96.125
1305	9	La4	A4	305	305	1	4	750	95	96		96.25
1306	9	La4	A4	305	305	1	8	375	95	96		96.3125
1307	8	Re5	D5	327	327	0	0	0	95	96		96.3125
1308	9	Do5	C5	318	318	1	8	375	95	96		96.375
1309	9	Si4b1	B4b1	313	313	1	8	375	95	96		96.4375
1310	9	La4	A4	305	305	1	8	375	95	96		96.5
1311	9	La4	A4	305	305	1	2	1500	95	96	)	96.75
1312	9	Mi5	E5	336	336	1	4	750	95	96	hisar@la4	96.875
1313	9	Mi5	E5	336	336	1	2	1500	95	96		97.125
1314	9	Mi5	E5	336	336	1	4	750	95	96		97.25
1315	9	Mi5	E5	336	336	1	4	750	99	96		97.375
1316	9	Fa5	F5	340	340	1	8	375	99	96		97.4375
1317	9	Sol5	G5	349	349	1	8	375	95	96		97.5
1318	9	Mi5	E5	336	336	1	4	750	99	96		97.625
1319	8	Fa5	F5	340	340	0	0	0	99	96		97.625
1320	9	Mi5	E5	336	336	1	8	375	99	96		97.6875
1321	9	Re5	D5	327	327	1	8	375	95	96		97.75
1322	9	Re5	D5	327	327	1	4	750	99	96	)	97.875
1323	9	Mi5	E5	336	336	1	8	375	99	96		97.9375
1324	9	Do5	C5	318	318	1	8	375	99	96		98
1325	9	Do5	C5	318	318	3	16	562	99	96		98.09375
1326	9	Si4b1	B4b1	313	313	1	16	188	99	96		98.125
1327	9	La4	A4	305	305	1	4	750	95	96	)	98.25
1328	8	Re5	D5	327	327	0	0	0	95	96		98.25
1329	9	Do5	C5	318	318	1	8	375	99	96		98.3125
1330	9	Si4b1	B4b1	313	313	1	8	375	99	96		98.375
1331	8	Re5	D5	327	327	0	0	0	99	96		98.375
1332	9	Do5	C5	318	318	1	8	375	99	96		98.4375
1333	9	Si4b1	B4b1	313	313	1	8	375	95	96		98.5
1334	9	Do5	C5	318	318	3	16	562	99	96		98.59375
1335	9	Si4b1	B4b1	313	313	1	16	188	99	96		98.625
1336	9	La4	A4	305	305	1	4	750	95	96	)	98.75
1337	9			-1	-1	1	4	750	100	0		98.875
1338	9	La4	A4	305	305	1	8	375	99	96		98.9375
1339	9	La4	A4	305	305	1	8	375	99	96		99
1340	9	La4	A4	305	305	1	4	750	95	96		99.125
1341	9	Mi5	E5	336	336	1	4	750	95	96		99.25
1342	9	Mi5	E5	336	336	1	4	750	95	96		99.375
1343	9	Mi5	E5	336	336	1	8	375	99	96		99.4375
1344	9	Re5#4	D5#4	331	331	1	8	375	99	96		99.5
1345	9	Fa5#1	F5#1	341	341	3	8	1125	99	96		99.6875
1346	9	Mi5	E5	336	336	1	8	375	95	96		99.75
1347	9	La5	A5	358	358	3	8	1125	99	96		99.9375
1348	9	Sol5#4	G5#4	353	353	1	8	375	95	96		100
1349	9	Sol5#4	G5#4	353	353	1	8	375	99	96		100.0625
1350	9	Fa5#1	F5#1	341	341	1	8	375	99	96		100.125
1351	8	Sol5#4	G5#4	353	353	0	0	0	99	96		100.125
1352	9	Fa5#1	F5#1	341	341	1	8	375	99	96		100.1875
1353	9	Mi5	E5	336	336	1	8	375	95	96		100.25
1354	9	Mi5	E5	336	336	1	2	1500	99	96		100.5
1355	9	Mi5	E5	336	336	1	4	750	95	96		100.625
1356	9			-1	-1	1	4	750	100	0	)	100.75
1357	9			-1	-1	1	4	750	100	0		100.875
1358	9	La5	A5	358	358	1	2	1500	95	96		101.125
1359	8	Si5	B5	367	367	0	0	0	95	96		101.125
1360	9	La5	A5	358	358	1	8	375	99	96		101.1875
1361	9	Sol5#4	G5#4	353	353	1	8	375	95	96		101.25
1362	9	Sol5#4	G5#4	353	353	1	8	375	99	96		101.3125
1363	9	Fa5#1	F5#1	341	341	1	8	375	99	96		101.375
1364	8	Sol5#4	G5#4	353	353	0	0	0	99	96		101.375
1365	9	Fa5#1	F5#1	341	341	1	8	375	99	96		101.4375
1366	9	Mi5	E5	336	336	1	8	375	95	96		101.5
1367	9	Mi5	E5	336	336	1	4	750	99	96		101.625
1368	8	Fa5	F5	340	340	0	0	0	99	96		101.625
1369	9	Mi5	E5	336	336	1	8	375	99	96		101.6875
1370	9	Re5	D5	327	327	1	8	375	95	96		101.75
1371	9	Re5	D5	327	327	1	4	750	99	96		101.875
1372	9	Mi5	E5	336	336	1	8	375	99	96		101.9375
1373	9	Re5	D5	327	327	1	8	375	99	96		102
1374	9	Do5	C5	318	318	3	16	562	99	96		102.0938
1375	9	Si4b1	B4b1	313	313	1	16	188	99	96		102.125
1376	9	La4	A4	305	305	1	4	750	95	96	)	102.25
1377	9	Si4b1	B4b1	313	313	1	8	375	99	96		102.3125
1378	9	Re5	D5	327	327	1	8	375	99	96		102.375
1379	9	Do5	C5	318	318	1	8	375	99	96		102.4375
1380	9	Si4b1	B4b1	313	313	1	8	375	95	96		102.5
1381	9	Do5	C5	318	318	3	16	562	99	96		102.5938
1382	9	Si4b1	B4b1	313	313	1	16	188	99	96		102.625
1383	9	La4	A4	305	305	1	4	750	95	96	)	102.75
1384	9			-1	-1	1	4	750	100	0		102.875
1385	9	La4	A4	305	305	1	8	375	99	96		102.9375
1386	9	La4	A4	305	305	1	8	375	99	96		103
1387	9	La4	A4	305	305	1	4	750	95	96		103.125
1388	9	La4	A4	305	305	1	4	750	95	96		103.25
1389	9	La4	A4	305	305	3	8	1125	99	96		103.4375
1390	9	Sol4	G4	296	296	1	8	375	95	96		103.5
1391	9	Re5	D5	327	327	1	8	375	99	96		103.5625
1392	9	Do5	C5	318	318	1	8	375	99	96		103.625
1393	9	Re5	D5	327	327	1	8	375	99	96		103.6875
1394	9	Mi5	E5	336	336	1	8	375	99	96		103.75
1395	9	Do5	C5	318	318	1	4	750	95	96		103.875
1396	9	Si4b1	B4b1	313	313	1	8	375	99	96		103.9375
1397	9	Do5	C5	318	318	1	8	375	99	96		104
1398	9	Si4b1	B4b1	313	313	1	4	750	95	96		104.125
1399	9	La4	A4	305	305	1	4	750	95	96		104.25
1400	9	La4	A4	305	305	1	8	375	99	96		104.3125
1401	8	Re5	D5	327	327	0	0	0	99	96		104.3125
1402	9	Do5	C5	318	318	1	8	375	99	96		104.375
1403	9	Si4b1	B4b1	313	313	1	8	375	99	96		104.4375
1404	9	La4	A4	305	305	1	8	375	99	96		104.5
1405	9	La4	A4	305	305	1	2	1500	95	96	)	104.75
1406	9	Re5	D5	327	327	1	4	750	95	96	buselik@la4	104.875
1407	9	Do5	C5	318	318	1	8	375	95	96		104.9375
1408	9	Re5	D5	327	327	1	8	375	95	96		105
1409	9	Do5	C5	318	318	1	4	750	99	96		105.125
1410	9	Si4	B4	314	314	1	8	375	99	96		105.1875
1411	9	Do5	C5	318	318	1	8	375	99	96		105.25
1412	9	Si4	B4	314	314	1	8	375	99	96		105.3125
1413	9	Do5	C5	318	318	1	8	375	99	96		105.375
1414	9	Si4	B4	314	314	1	8	375	99	96		105.4375
1415	9	Do5	C5	318	318	1	8	375	95	96		105.5
1416	9	Si4	B4	314	314	1	4	750	99	96		105.625
1417	8	Re5	D5	327	327	0	0	0	99	96		105.625
1418	9	Do5	C5	318	318	1	8	375	99	96		105.6875
1419	9	Si4	B4	314	314	1	8	375	99	96		105.75
1420	9	La4	A4	305	305	1	1	3000	95	96	)	106.25
1421	9			-1	-1	1	4	750	100	0		106.375
1422	9	Si4	B4	314	314	1	4	750	95	96		106.5
1423	9	La4	A4	305	305	1	4	750	95	96		106.625
1424	9	Sol4	G4	296	296	1	4	750	95	96		106.75
1425	9	La4	A4	305	305	1	4	750	99	96		106.875
1426	9	Si4	B4	314	314	1	4	750	99	96		107
1427	9	Do5	C5	318	318	1	4	750	99	96		107.125
1428	9	Re5	D5	327	327	1	4	750	95	96		107.25
1429	9	Mi5	E5	336	336	1	4	750	99	96		107.375
1430	9	Re5	D5	327	327	1	4	750	99	96		107.5
1431	8	Re5	D5	327	327	0	0	0	99	96		107.5
1432	9	Do5	C5	318	318	1	4	750	99	96		107.625
1433	9	Si4	B4	314	314	1	8	375	95	96		107.6875
1434	9	Do5	C5	318	318	1	8	375	95	96		107.75
1435	9	Mi5	E5	336	336	1	8	375	99	96		107.8125
1436	9	Re5	D5	327	327	1	8	375	99	96		107.875
1437	9	Do5	C5	318	318	1	8	375	95	96		107.9375
1438	9	Si4	B4	314	314	1	8	375	95	96		108
1439	9	La4	A4	305	305	3	4	2250	95	96		108.375
1440	9			-1	-1	1	4	750	100	0	)	108.5
1441	9	Re5	D5	327	327	1	8	375	99	96		108.5625
1442	9	Do5	C5	318	318	1	8	375	99	96		108.625
1443	9	Si4	B4	314	314	1	8	375	95	96		108.6875
1444	9	Do5	C5	318	318	1	8	375	95	96		108.75
1445	9	Re5	D5	327	327	1	1	3000	95	96	)	109.25
1446	9			-1	-1	1	4	750	100	0		109.375
1447	9	Re5	D5	327	327	1	8	375	99	96		109.4375
1448	9	Mi5b5	E5b5	331	331	1	8	375	99	96		109.5
1449	9	Re5	D5	327	327	1	4	750	99	96		109.625
1450	9	Do5	C5	318	318	1	4	750	99	96		109.75
1451	9	Re5	D5	327	327	1	4	750	99	96		109.875
1452	9	Mi5b5	E5b5	331	331	1	4	750	99	96		110
1453	9	Re5	D5	327	327	1	4	750	99	96		110.125
1454	9	Mi5b5	E5b5	331	331	1	4	750	95	96		110.25
1455	9	Sol5	G5	349	349	1	8	375	99	96		110.3125
1456	9	Fa5#4	F5#4	344	344	1	8	375	99	96		110.375
1457	9	Mi5b5	E5b5	331	331	1	8	375	99	96		110.4375
1458	9	Re5	D5	327	327	1	8	375	99	96		110.5
1459	9	Do5	C5	318	318	1	8	375	99	96		110.5625
1460	9	Si4	B4	314	314	1	8	375	99	96		110.625
1461	9	Do5	C5	318	318	1	4	750	95	96	)	110.75
1462	9	Re5	D5	327	327	1	4	750	95	96		110.875
1463	9	Mi5	E5	336	336	1	4	750	95	96		111
1464	9	Mi5	E5	336	336	1	2	1500	99	96		111.25
1465	9	Mi5	E5	336	336	1	4	750	99	96		111.375
1466	9	La5	A5	358	358	1	8	375	99	96		111.4375
1467	9	Mi5	E5	336	336	1	8	375	95	96		111.5
1468	9	Mi5	E5	336	336	3	8	1125	99	96		111.6875
1469	9	Re5	D5	327	327	1	8	375	95	96		111.75
1470	9	Re5	D5	327	327	1	4	750	99	96		111.875
1471	8	Fa5	F5	340	340	0	0	0	99	96		111.875
1472	9	Mi5	E5	336	336	1	8	375	99	96		111.9375
1473	9	Re5	D5	327	327	1	8	375	99	96		112
1474	8	Re5	D5	327	327	0	0	0	99	96		112
1475	9	Do5	C5	318	318	1	8	375	99	96		112.0625
1476	9	Si4	B4	314	314	1	8	375	99	96		112.125
1477	9	Do5	C5	318	318	1	4	750	95	96	)	112.25
1478	9			-1	-1	1	4	750	100	0		112.375
1479	9	Si4	B4	314	314	1	8	375	99	96		112.4375
1480	9	Do5	C5	318	318	1	8	375	99	96		112.5
1481	9	Si4	B4	314	314	1	4	750	95	96		112.625
1482	9	Do5	C5	318	318	1	4	750	95	96		112.75
1483	9	Re5	D5	327	327	1	4	750	99	96		112.875
1484	8	Fa5	F5	340	340	0	0	0	99	96		112.875
1485	9	Mi5	E5	336	336	1	8	375	99	96		112.9375
1486	9	Re5	D5	327	327	1	8	375	99	96		113
1487	9	Do5	C5	318	318	1	4	750	99	96		113.125
1488	9	Si4	B4	314	314	1	8	375	99	96		113.1875
1489	9	Do5	C5	318	318	1	8	375	95	96		113.25
1490	9	Mi5	E5	336	336	1	8	375	99	96		113.3125
1491	9	Re5	D5	327	327	1	8	375	99	96		113.375
1492	9	Do5	C5	318	318	1	8	375	99	96		113.4375
1493	9	Si4	B4	314	314	1	8	375	99	96		113.5
1494	9	La4	A4	305	305	1	4	750	99	96		113.625
1495	9	Si4	B4	314	314	1	4	750	95	96		113.75
1496	9	Sol4	G4	296	296	1	4	750	99	96	)	113.875
1497	9	Re5	D5	327	327	1	4	750	95	96		114
1498	9	Re5	D5	327	327	3	4	2250	99	96		114.375
1499	9	Do5	C5	318	318	1	4	750	95	96		114.5
1500	9	Mi5	E5	336	336	3	8	1125	99	96		114.6875
1501	9	Re5	D5	327	327	1	8	375	95	96		114.75
1502	9	Re5	D5	327	327	1	8	375	99	96		114.8125
1503	9	Do5	C5	318	318	1	8	375	99	96		114.875
1504	9	Do5	C5	318	318	1	8	375	99	96		114.9375
1505	9	Si4	B4	314	314	1	8	375	99	96		115
1506	9	Si4	B4	314	314	1	8	375	99	96		115.0625
1507	9	La4	A4	305	305	1	8	375	99	96		115.125
1508	9	Sol4	G4	296	296	1	4	750	95	96	)	115.25
1509	9			-1	-1	1	4	750	100	0		115.375
1510	9	Si4	B4	314	314	1	8	375	99	96		115.4375
1511	9	Do5	C5	318	318	1	8	375	99	96		115.5
1512	9	Si4	B4	314	314	1	4	750	99	96		115.625
1513	9	La4	A4	305	305	1	4	750	99	96		115.75
1514	9	Si4	B4	314	314	1	4	750	99	96		115.875
1515	9	Do5	C5	318	318	1	8	375	99	96		115.9375
1516	9	Si4	B4	314	314	1	8	375	99	96		116
1517	9	Si4	B4	314	314	1	8	375	99	96		116.0625
1518	9	La4	A4	305	305	1	8	375	95	96		116.125
1519	9	La4	A4	305	305	1	8	375	99	96		116.1875
1520	9	Sol4#4	G4#4	300	300	1	8	375	95	96		116.25
1521	9	La4	A4	305	305	3	4	2250	95	96	]	116.625
1522	9			-1	-1	1	4	750	100	0		116.75
1523	9			-1	-1	1	8	375	100	0	[acmkrdila	116.8125
1524	9	Re5	D5	327	327	1	4	750	99	96		116.9375
1525	9	Mi5	E5	336	336	1	8	375	95	96		117
1526	9	Mi5	E5	336	336	1	2	1500	95	96	)	117.25
1527	9	Sol5	G5	349	349	1	16	188	99	96		117.2813
1528	9	Fa5	F5	340	340	1	16	188	99	96		117.3125
1529	9	Mi5	E5	336	336	1	16	188	99	96		117.3438
1530	9	Re5	D5	327	327	1	16	188	99	96		117.375
1531	9	Do5#4	C5#4	322	322	1	4	750	99	96		117.5
1532	9	Fa5	F5	340	340	1	16	188	99	96		117.5313
1533	9	Mi5	E5	336	336	1	16	188	99	96		117.5625
1534	9	Re5	D5	327	327	1	16	188	99	96		117.5938
1535	9	Do5#4	C5#4	322	322	1	16	188	99	96		117.625
1536	9	Si4b4	B4b4	310	310	1	16	188	99	96		117.6563
1537	9	La4	A4	305	305	1	16	188	99	96		117.6875
1538	9	Sol4	G4	296	296	1	8	375	95	96	)]	117.75
1539	9			-1	-1	1	8	375	100	0	[hicaz@la4	117.8125
1540	9	Si4b5	B4b5	309	309	3	8	1125	99	96		118
1541	9	Si4b5	B4b5	309	309	1	4	750	99	96		118.125
1542	9	Si4b5	B4b5	309	309	1	16	188	99	96		118.1563
1543	9	La4	A4	305	305	1	16	188	99	96		118.1875
1544	9	Sol4	G4	296	296	1	8	375	95	96	)	118.25
1545	9			-1	-1	1	8	375	100	0		118.3125
1546	9	Si4b5	B4b5	309	309	1	4	750	99	96		118.4375
1547	9	La4	A4	305	305	1	8	375	99	96		118.5
1548	9	Si4b5	B4b5	309	309	1	8	375	99	96		118.5625
1549	8	Do5#4	C5#4	322	322	0	0	0	99	96		118.5625
1550	9	Si4b5	B4b5	309	309	1	16	188	99	96		118.5938
1551	9	La4	A4	305	305	1	16	188	99	96		118.625
1552	9	Si4b5	B4b5	309	309	1	8	375	95	96		118.6875
1553	9	Mi5	E5	336	336	1	16	188	99	96		118.7188
1554	9	Re5	D5	327	327	1	16	188	95	96		118.75
1555	9	Re5	D5	327	327	1	16	188	99	96		118.7813
1556	9	Do5#4	C5#4	322	322	1	16	188	99	96		118.8125
1557	8	Re5	D5	327	327	0	0	0	99	96		118.8125
1558	9	Do5#4	C5#4	322	322	1	16	188	99	96		118.8438
1559	9	Si4b4	B4b4	310	310	1	16	188	99	96		118.875
1560	9	Si4b4	B4b4	310	310	1	16	188	99	96		118.9063
1561	9	La4	A4	305	305	1	16	188	99	96		118.9375
1562	8	Do5#4	C5#4	322	322	0	0	0	99	96		118.9375
1563	9	Si4b4	B4b4	310	310	1	16	188	99	96		118.9688
1564	9	La4	A4	305	305	1	16	188	95	96		119
1565	9	La4	A4	305	305	1	4	750	95	96		119.125
1566	9			-1	-1	1	4	750	100	0	)]	119.25
1567	9			-1	-1	1	4	750	100	0		119.375
1568	9	Sol5	G5	349	349	1	8	375	99	96		119.4375
1569	9	Sol5	G5	349	349	1	8	375	99	96		119.5
1570	9	Sol5	G5	349	349	1	4	750	95	96		119.625
1571	9	Sol5	G5	349	349	1	4	750	95	96	)	119.75
1572	9	Sol5	G5	349	349	1	8	375	99	96		119.8125
1573	9	Si5b4	B5b4	363	363	1	8	375	99	96		119.875
1574	9	La5	A5	358	358	1	8	375	99	96		119.9375
1575	9	Sol5	G5	349	349	1	8	375	95	96		120
1576	9	Sol5	G5	349	349	1	16	188	99	96		120.0313
1577	9	Fa5	F5	340	340	1	16	188	99	96		120.0625
1578	9	Fa5	F5	340	340	1	16	188	99	96		120.0938
1579	9	Mi5	E5	336	336	1	16	188	99	96		120.125
1580	9	Fa5	F5	340	340	1	4	750	95	96	)	120.25
1581	9	La5	A5	358	358	1	8	375	99	96		120.3125
1582	9	Sol5	G5	349	349	1	8	375	99	96		120.375
1583	9	Fa5	F5	340	340	1	8	375	99	96		120.4375
1584	9	Mi5	E5	336	336	1	8	375	99	96		120.5
1585	9	Re5	D5	327	327	1	8	375	99	96		120.5625
1586	9	Do5	C5	318	318	1	8	375	99	96		120.625
1587	9	Re5	D5	327	327	1	8	375	95	96		120.6875
1588	9	La5	A5	358	358	1	8	375	95	96		120.75
1589	8	La5	A5	358	358	0	0	0	95	96		120.75
1590	9	Sol5	G5	349	349	3	16	562	99	96		120.8438
1591	9	Fa5	F5	340	340	1	16	188	99	96		120.875
1592	9	Mi5	E5	336	336	1	8	375	99	96		120.9375
1593	9	Fa5	F5	340	340	1	8	375	99	96		121
1594	9	Mi5	E5	336	336	1	8	375	99	96		121.0625
1595	9	Fa5	F5	340	340	1	8	375	99	96		121.125
1596	9	Sol5	G5	349	349	1	8	375	99	96		121.1875
1597	8	La5	A5	358	358	0	0	0	99	96		121.1875
1598	9	Sol5	G5	349	349	1	16	188	99	96		121.2188
1599	9	Fa5	F5	340	340	1	16	188	99	96		121.25
1600	8	Sol5	G5	349	349	0	0	0	99	96		121.25
1601	9	Fa5#4	F5#4	344	344	1	2	1500	99	96		121.5
1602	9	Fa5#4	F5#4	344	344	1	4	750	95	96		121.625
1603	9			-1	-1	1	4	750	100	0	)	121.75
1604	9			-1	-1	1	4	750	100	0		121.875
1605	9	Mi5	E5	336	336	1	8	375	99	96		121.9375
1606	9	Fa5	F5	340	340	1	8	375	99	96		122
1607	9	Mi5	E5	336	336	1	4	750	95	96		122.125
1608	9	Fa5	F5	340	340	1	4	750	95	96		122.25
1609	9	Sol5	G5	349	349	1	4	750	99	96		122.375
1610	8	Si5b4	B5b4	363	363	0	0	0	99	96		122.375
1611	9	La5	A5	358	358	1	8	375	99	96		122.4375
1612	9	Sol5	G5	349	349	1	8	375	95	96		122.5
1613	9	Sol5	G5	349	349	1	16	188	99	96		122.5313
1614	9	Fa5	F5	340	340	1	16	188	99	96		122.5625
1615	9	Fa5	F5	340	340	1	16	188	99	96		122.5938
1616	9	Mi5	E5	336	336	1	16	188	99	96		122.625
1617	9	Mi5	E5	336	336	1	16	188	99	96		122.6563
1618	9	Re5	D5	327	327	1	16	188	99	96		122.6875
1619	9	Re5	D5	327	327	1	16	188	99	96		122.7188
1620	9	Do5#4	C5#4	322	322	1	16	188	99	96		122.75
1621	9	Re5	D5	327	327	1	4	750	95	96	)	122.875
1622	9	Re5	D5	327	327	1	8	375	99	96		122.9375
1623	9	Re5	D5	327	327	1	8	375	99	96		123
1624	9	Re5	D5	327	327	1	8	375	99	96		123.0625
1625	9	Re5	D5	327	327	1	4	750	95	96		123.1875
1626	8	Mi5	E5	336	336	0	0	0	95	96		123.1875
1627	9	Re5	D5	327	327	1	16	188	99	96		123.2188
1628	9	Do5	C5	318	318	1	16	188	95	96		123.25
1629	9			-1	-1	1	8	375	100	0		123.3125
1630	9	Do5	C5	318	318	1	4	750	99	96		123.4375
1631	9	Si4b5	B4b5	309	309	1	8	375	99	96		123.5
1632	9	Do5	C5	318	318	1	8	375	99	96		123.5625
1633	9	Mi5b5	E5b5	331	331	1	8	375	99	96		123.625
1634	9	Re5	D5	327	327	1	8	375	95	96		123.6875
1635	9	Do5	C5	318	318	1	8	375	95	96		123.75
1636	9	Do5	C5	318	318	1	8	375	99	96		123.8125
1637	9	Si4b5	B4b5	309	309	1	4	750	99	96		123.9375
1638	9	Do5	C5	318	318	1	8	375	99	96		124
1639	9	Do5	C5	318	318	1	16	188	99	96		124.0313
1640	9	Si4b5	B4b5	309	309	1	16	188	99	96		124.0625
1641	9	La4	A4	305	305	1	16	188	99	96		124.0938
1642	9	Sol4#4	G4#4	300	300	1	16	188	99	96		124.125
1643	9	La4	A4	305	305	1	4	750	95	96	)	124.25
1644	9			-1	-1	1	4	750	100	0		124.375
1645	9	La4	A4	305	305	1	8	375	95	96		124.4375
1646	9	Si4b5	B4b5	309	309	1	8	375	99	96		124.5
1647	9	La4	A4	305	305	1	4	750	99	96		124.625
1648	9	Si4b5	B4b5	309	309	1	4	750	95	96	)	124.75
1649	9			-1	-1	1	8	375	100	0		124.8125
1650	9	Do5	C5	318	318	1	4	750	99	96		124.9375
1651	9	Fa5	F5	340	340	1	8	375	95	96		125
1652	9	Fa5	F5	340	340	1	8	375	99	96		125.0625
1653	9	Mi5b4	E5b4	332	332	1	8	375	99	96		125.125
1654	9	Re5	D5	327	327	1	8	375	99	96		125.1875
1655	9	Do5	C5	318	318	1	8	375	95	96	)	125.25
1656	9			-1	-1	1	8	375	100	0		125.3125
1657	9	Si4b5	B4b5	309	309	1	4	750	99	96		125.4375
1658	8	Do5	C5	318	318	0	0	0	99	96		125.4375
1659	9	Si4b5	B4b5	309	309	1	16	188	99	96		125.4688
1660	9	La4	A4	305	305	1	16	188	99	96		125.5
1661	9	La4	A4	305	305	1	4	750	99	96		125.625
1662	9	Sol4	G4	296	296	1	4	750	95	96	)	125.75
1663	9			-1	-1	1	8	375	100	0		125.8125
1664	9	La4	A4	305	305	1	16	188	99	96		125.8438
1665	9	Si4b5	B4b5	309	309	1	16	188	99	96		125.875
1666	9	Do5	C5	318	318	1	8	375	99	96		125.9375
1667	9	Si4b5	B4b5	309	309	1	16	188	99	96		125.9688
1668	9	La4	A4	305	305	1	16	188	99	96		126
1669	9	La4	A4	305	305	1	16	188	99	96		126.0313
1670	9	Sol4	G4	296	296	1	16	188	99	96		126.0625
1671	8	La4	A4	305	305	0	0	0	99	96		126.0625
1672	9	Sol4	G4	296	296	1	16	188	99	96		126.0938
1673	9	La4	A4	305	305	1	16	188	99	96		126.125
1674	9	Si4b5	B4b5	309	309	1	8	375	95	96		126.1875
1675	8	Do5	C5	318	318	0	0	0	95	96		126.1875
1676	9	Si4b5	B4b5	309	309	1	16	188	99	96		126.2188
1677	9	La4	A4	305	305	1	16	188	95	96		126.25
1678	9	La4	A4	305	305	1	2	1500	95	96		126.5
1679	9			-1	-1	1	4	750	100	0		126.625
1680	9			-1	-1	1	4	750	100	0	)	126.75
1681	9	Re5	D5	327	327	1	4	750	95	96	hicaz@la	126.875
1682	9	Re5	D5	327	327	1	8	375	99	96		126.9375
1683	9	Re5	D5	327	327	1	8	375	99	96		127
1684	9	Re5	D5	327	327	1	4	750	99	96		127.125
1685	9	Fa5	F5	340	340	1	8	375	99	96		127.1875
1686	9	Mi5	E5	336	336	1	8	375	95	96		127.25
1687	9	Mi5	E5	336	336	1	8	375	99	96		127.3125
1688	9	Re5	D5	327	327	1	8	375	99	96		127.375
1689	8	Mi5	E5	336	336	0	0	0	99	96		127.375
1690	9	Re5	D5	327	327	1	8	375	99	96		127.4375
1691	9	Do5#4	C5#4	322	322	1	8	375	99	96		127.5
1692	9	Re5	D5	327	327	3	8	1125	95	96		127.6875
1693	9			-1	-1	1	8	375	100	0	)	127.75
1694	9	Mi5	E5	336	336	1	4	750	99	96		127.875
1695	9	Re5	D5	327	327	1	8	375	99	96		127.9375
1696	9	Mi5	E5	336	336	1	8	375	99	96		128
1697	9	Do5#4	C5#4	322	322	1	8	375	99	96		128.0625
1698	8	Mi5	E5	336	336	0	0	0	99	96		128.0625
1699	9	Re5	D5	327	327	1	8	375	99	96		128.125
1700	9	Do5#4	C5#4	322	322	1	8	375	95	96		128.1875
1701	9	Si4b4	B4b4	310	310	1	8	375	95	96		128.25
1702	9	Do5#4	C5#4	322	322	1	8	375	99	96		128.3125
1703	9	Si4b4	B4b4	310	310	1	8	375	99	96		128.375
1704	9	Si4b4	B4b4	310	310	1	8	375	99	96		128.4375
1705	9	La4	A4	305	305	1	8	375	99	96		128.5
1706	9	La4	A4	305	305	1	2	1500	95	96	)	128.75
1707	9			-1	-1	1	4	750	100	0		128.875
1708	9	La4	A4	305	305	1	4	750	95	96		129
1709	9	Si4b4	B4b4	310	310	1	8	375	99	96		129.0625
1710	9	La4	A4	305	305	1	8	375	99	96		129.125
1711	9	Si4b4	B4b4	310	310	1	4	750	95	96	)	129.25
1712	9			-1	-1	1	4	750	100	0		129.375
1713	9	Re5	D5	327	327	1	8	375	99	96		129.4375
1714	9	Re5	D5	327	327	1	8	375	99	96		129.5
1715	9	Re5	D5	327	327	1	4	750	99	96		129.625
1716	9	Mi5	E5	336	336	1	4	750	95	96	)	129.75
1717	9			-1	-1	1	4	750	100	0		129.875
1718	9	Mi5	E5	336	336	1	4	750	99	96		130
1719	9	Mi5	E5	336	336	1	8	375	99	96		130.0625
1720	9	Sol5	G5	349	349	1	8	375	99	96		130.125
1721	9	Fa5#4	F5#4	344	344	1	8	375	99	96		130.1875
1722	9	Mi5	E5	336	336	1	8	375	95	96		130.25
1723	9	Mi5	E5	336	336	3	16	562	99	96		130.3438
1724	9	Re5	D5	327	327	1	16	188	99	96		130.375
1725	9	Do5#4	C5#4	322	322	1	8	375	99	96		130.4375
1726	9	Re5	D5	327	327	1	8	375	99	96		130.5
1727	9	Do5#4	C5#4	322	322	1	8	375	99	96		130.5625
1728	9	Re5	D5	327	327	1	8	375	99	96		130.625
1729	9	Do5#4	C5#4	322	322	1	8	375	95	96		130.6875
1730	8	Mi5	E5	336	336	0	0	0	95	96		130.6875
1731	9	Re5	D5	327	327	1	8	375	95	96		130.75
1732	9	Do5#4	C5#4	322	322	1	8	375	99	96		130.8125
1733	9	Si4b4	B4b4	310	310	1	8	375	99	96		130.875
1734	8	Do5#4	C5#4	322	322	0	0	0	99	96		130.875
1735	9	Si4b4	B4b4	310	310	1	8	375	99	96		130.9375
1736	9	La4	A4	305	305	1	8	375	95	96		131
1737	9	Si4b4	B4b4	310	310	1	2	1500	95	96	)	131.25
1738	9			-1	-1	1	4	750	100	0		131.375
1739	9	Do5#4	C5#4	322	322	1	8	375	99	96		131.4375
1740	9	Re5	D5	327	327	1	8	375	99	96		131.5
1741	9	Mi5	E5	336	336	1	4	750	99	96		131.625
1742	8	Sol5	G5	349	349	0	0	0	99	96		131.625
1743	9	Fa5	F5	340	340	1	4	750	99	96		131.75
1744	9	Mi5	E5	336	336	1	8	375	99	96		131.8125
1745	9	Re5	D5	327	327	1	8	375	99	96		131.875
1746	9	Re5	D5	327	327	1	8	375	99	96		131.9375
1747	9	Do5#4	C5#4	322	322	1	8	375	95	96	)	132
1748	9			-1	-1	1	8	375	100	0		132.0625
1749	9	Sol5	G5	349	349	1	8	375	99	96		132.125
1750	9	Fa5	F5	340	340	1	8	375	95	96		132.1875
1751	9	Mi5	E5	336	336	1	8	375	95	96		132.25
1752	9	Mi5	E5	336	336	3	16	562	99	96		132.3438
1753	9	Re5	D5	327	327	1	16	188	99	96		132.375
1754	9	Do5#4	C5#4	322	322	1	8	375	99	96		132.4375
1755	9	Re5	D5	327	327	1	8	375	99	96		132.5
1756	9	Do5#4	C5#4	322	322	1	8	375	99	96		132.5625
1757	9	Re5	D5	327	327	1	8	375	99	96		132.625
1758	9	Mi5	E5	336	336	1	16	188	99	96		132.6563
1759	9	Fa5	F5	340	340	1	16	188	99	96		132.6875
1760	9	Mi5	E5	336	336	1	16	188	99	96		132.7188
1761	9	Re5	D5	327	327	1	16	188	99	96		132.75
1762	9	Re5	D5	327	327	1	2	1500	95	96	)	133
1763	9			-1	-1	1	4	750	100	0	[ecv@fa5#	133.125
1764	9	Re5	D5	327	327	1	8	375	99	96		133.1875
1765	9	Mi5	E5	336	336	1	8	375	99	96		133.25
1766	9	Fa5#4	F5#4	344	344	1	8	375	99	96		133.3125
1767	9	Sol5	G5	349	349	1	8	375	99	96		133.375
1768	9	Mi5	E5	336	336	1	8	375	99	96		133.4375
1769	8	La5	A5	358	358	0	0	0	99	96		133.4375
1770	9	Sol5	G5	349	349	1	8	375	99	96		133.5
1771	9	Fa5#4	F5#4	344	344	1	8	375	99	96		133.5625
1772	9	Mi5#4	E5#4	340	340	1	8	375	99	96		133.625
1773	9	Fa5#4	F5#4	344	344	1	4	750	95	96	)]	133.75
1774	9			-1	-1	1	4	750	100	0		133.875
1775	9	Fa5#4	F5#4	344	344	1	8	375	99	96		133.9375
1776	9	Fa5#4	F5#4	344	344	1	8	375	99	96		134
1777	9	Fa5#4	F5#4	344	344	1	4	750	99	96		134.125
1778	9	La5	A5	358	358	1	4	750	99	96		134.25
1779	9	La5	A5	358	358	1	8	375	99	96		134.3125
1780	9	Sol5	G5	349	349	1	8	375	99	96		134.375
1781	9	Fa5#4	F5#4	344	344	1	8	375	95	96		134.4375
1782	9	Mi5	E5	336	336	1	8	375	95	96		134.5
1783	8	Mi5	E5	336	336	0	0	0	95	96		134.5
1784	9	Re5	D5	327	327	1	8	375	99	96		134.5625
1785	9	Do5#4	C5#4	322	322	1	8	375	99	96		134.625
1786	9	Re5	D5	327	327	1	4	750	95	96	)	134.75
1787	9			-1	-1	1	4	750	100	0		134.875
1788	9	Mi5	E5	336	336	1	8	375	99	96		134.9375
1789	9	Fa5#4	F5#4	344	344	1	8	375	99	96		135
1790	9	Sol5	G5	349	349	1	8	375	99	96		135.0625
1791	9	Mi5	E5	336	336	1	8	375	99	96		135.125
1792	9	Fa5	F5	340	340	1	8	375	95	96		135.1875
1793	9	Re5	D5	327	327	1	8	375	95	96		135.25
1794	9	Sol5	G5	349	349	1	8	375	99	96		135.3125
1795	9	Fa5	F5	340	340	1	8	375	99	96		135.375
1796	9	Mi5	E5	336	336	1	8	375	95	96		135.4375
1797	9	Re5	D5	327	327	1	8	375	95	96		135.5
1798	9	Do5#4	C5#4	322	322	1	8	375	99	96		135.5625
1799	9	Si4b4	B4b4	310	310	1	8	375	99	96		135.625
1800	9	La4	A4	305	305	1	4	750	95	96	)	135.75
1801	9			-1	-1	1	4	750	100	0		135.875
1802	9	Do5#4	C5#4	322	322	1	8	375	99	96		135.9375
1803	9	Re5	D5	327	327	1	8	375	99	96		136
1804	9	Mi5	E5	336	336	1	4	750	95	96		136.125
1805	9	Re5	D5	327	327	1	8	375	95	96		136.1875
1806	9	Do5#4	C5#4	322	322	1	8	375	95	96		136.25
1807	9	Do5#4	C5#4	322	322	1	8	375	99	96		136.3125
1808	9	Si4b4	B4b4	310	310	1	8	375	99	96		136.375
1809	8	Do5#4	C5#4	322	322	0	0	0	99	96		136.375
1810	9	Si4b4	B4b4	310	310	1	8	375	95	96		136.4375
1811	9	La4	A4	305	305	1	8	375	95	96		136.5
1812	9	La4	A4	305	305	1	8	375	99	96		136.5625
1813	9	Sol4	G4	296	296	1	8	375	99	96		136.625
1814	8	La4	A4	305	305	0	0	0	99	96		136.625
1815	9	Sol4	G4	296	296	1	8	375	99	96		136.6875
1816	9	Fa4#4	F4#4	291	291	1	8	375	95	96	)	136.75
1817	9			-1	-1	1	8	375	100	0		136.8125
1818	9	Sol4	G4	296	296	1	4	750	99	96		136.9375
1819	9	Si4b4	B4b4	310	310	1	8	375	99	96		137
1820	9	La4	A4	305	305	3	8	1125	99	96		137.1875
1821	9	Do5#4	C5#4	322	322	1	8	375	95	96		137.25
1822	9	Si4b4	B4b4	310	310	3	8	1125	99	96		137.4375
1823	9	Re5	D5	327	327	1	8	375	99	96		137.5
1824	9	Do5#4	C5#4	322	322	1	8	375	99	96		137.5625
1825	9	Mi5	E5	336	336	1	8	375	99	96		137.625
1826	9	Re5	D5	327	327	1	4	750	95	96	)	137.75
1827	9			-1	-1	1	4	750	100	0		137.875
1828	9	Re5	D5	327	327	1	8	375	99	96		137.9375
1829	9	Re5	D5	327	327	1	8	375	99	96		138
1830	9	Re5	D5	327	327	1	4	750	99	96		138.125
1831	8	Mi5	E5	336	336	0	0	0	99	96		138.125
1832	9	Re5	D5	327	327	1	8	375	95	96		138.1875
1833	9	Do5#4	C5#4	322	322	1	8	375	95	96		138.25
1834	9			-1	-1	1	4	750	100	0		138.375
1835	9	Do5#4	C5#4	322	322	1	8	375	99	96		138.4375
1836	9	Re5	D5	327	327	1	8	375	99	96		138.5
1837	9	Do5#4	C5#4	322	322	1	8	375	99	96		138.5625
1838	9	Re5	D5	327	327	1	8	375	99	96		138.625
1839	9	Do5#4	C5#4	322	322	1	8	375	99	96		138.6875
1840	9	Si4b4	B4b4	310	310	1	8	375	95	96	)	138.75
1841	9			-1	-1	1	4	750	100	0		138.875
1842	9	Si4b4	B4b4	310	310	1	8	375	99	96		138.9375
1843	9	Si4b4	B4b4	310	310	1	8	375	99	96		139
1844	9	Si4b4	B4b4	310	310	1	4	750	99	96		139.125
1845	8	Do5#4	C5#4	322	322	0	0	0	99	96		139.125
1846	9	Si4b4	B4b4	310	310	1	8	375	99	96		139.1875
1847	9	La4	A4	305	305	1	8	375	99	96		139.25
1848	9	Si4b4	B4b4	310	310	3	16	562	99	96		139.3438
1849	9	La4	A4	305	305	1	16	188	99	96		139.375
1850	9	Sol4	G4	296	296	1	8	375	99	96		139.4375
1851	9	La4	A4	305	305	1	8	375	99	96		139.5
1852	9	Si4b4	B4b4	310	310	1	4	750	95	96	)	139.625
1853	9	Mi5	E5	336	336	1	8	375	99	96		139.6875
1854	9	Re5	D5	327	327	1	8	375	95	96		139.75
1855	9	Re5	D5	327	327	1	8	375	99	96		139.8125
1856	9	Do5#4	C5#4	322	322	1	4	750	99	96		139.9375
1857	9	Si4b4	B4b4	310	310	1	8	375	99	96		140
1858	9	Si4b4	B4b4	310	310	1	16	188	99	96		140.0313
1859	9	La4	A4	305	305	1	16	188	99	96		140.0625
1860	9	Si4b4	B4b4	310	310	1	16	188	99	96		140.0938
1861	9	Do5#4	C5#4	322	322	1	16	188	99	96		140.125
1862	9	Si4b4	B4b4	310	310	1	8	375	99	96		140.1875
1863	9	La4	A4	305	305	1	8	375	99	96		140.25
1864	9	La4	A4	305	305	1	2	1500	95	96		140.5
1865	9			-1	-1	1	4	750	100	0		140.625
1866	9			-1	-1	1	4	750	100	0	)	140.75
1867	9			-1	-1	1	4	750	100	0		140.875
1868	9	La5	A5	358	358	1	8	375	99	96	sehnaz@la5	140.9375
1869	9	La5	A5	358	358	1	8	375	99	96		141
1870	9	La5	A5	358	358	1	4	750	99	96		141.125
1871	8	Si5	B5	367	367	0	0	0	99	96		141.125
1872	9	La5	A5	358	358	1	8	375	99	96		141.1875
1873	9	Sol5#4	G5#4	353	353	1	8	375	99	96		141.25
1874	9	Fa5#1	F5#1	341	341	3	16	562	99	96		141.3438
1875	9	Mi5	E5	336	336	1	16	188	99	96		141.375
1876	9	Re5	D5	327	327	1	4	750	95	96	)	141.5
1877	9	Do6	C6	371	371	1	4	750	99	96		141.625
1878	9	Si5	B5	367	367	1	8	375	99	96		141.6875
1879	9	La5	A5	358	358	1	8	375	95	96		141.75
1880	9	Si5b1	B5b1	366	366	3	16	562	99	96		141.8438
1881	9	La5	A5	358	358	1	16	188	99	96		141.875
1882	9	Sol5#4	G5#4	353	353	1	8	375	99	96		141.9375
1883	9	La5	A5	358	358	1	8	375	99	96		142
1884	9	Sol5#4	G5#4	353	353	1	8	375	99	96		142.0625
1885	9	La5	A5	358	358	1	8	375	99	96		142.125
1886	9	Si5	B5	367	367	1	8	375	99	96		142.1875
1887	9	La5	A5	358	358	1	8	375	99	96		142.25
1888	9	La5	A5	358	358	1	2	1500	99	96		142.5
1889	9	La5	A5	358	358	1	2	1500	95	96	)	142.75
1890	9			-1	-1	1	2	1500	100	0		143
1891	9			-1	-1	1	4	750	100	0		143.125
1892	9	La5	A5	358	358	1	4	750	95	96		143.25
1893	9	La5	A5	358	358	1	4	750	99	96		143.375
1894	8	Do6	C6	371	371	0	0	0	99	96		143.375
1895	9	Si5	B5	367	367	1	8	375	99	96		143.4375
1896	9	La5	A5	358	358	1	8	375	99	96		143.5
1897	8	La5	A5	358	358	0	0	0	99	96		143.5
1898	9	Sol5	G5	349	349	1	4	750	99	96		143.625
1899	9	Fa5#4	F5#4	344	344	1	4	750	99	96		143.75
1900	8	Sol5	G5	349	349	0	0	0	99	96		143.75
1901	9	Fa5#4	F5#4	344	344	3	16	562	99	96		143.8438
1902	9	Mi5	E5	336	336	1	16	188	99	96		143.875
1903	9	Fa5#4	F5#4	344	344	1	8	375	99	96		143.9375
1904	9	Sol5	G5	349	349	1	8	375	99	96		144
1905	9	Fa5#4	F5#4	344	344	1	8	375	99	96		144.0625
1906	9	Mi5	E5	336	336	1	8	375	99	96		144.125
1907	9	Re5	D5	327	327	1	8	375	99	96		144.1875
1908	9	Do5#4	C5#4	322	322	1	8	375	99	96		144.25
1909	9	Re5	D5	327	327	1	4	750	95	96		144.375
1910	8	La5	A5	358	358	0	0	0	95	96	)	144.375
1911	9	Sol5	G5	349	349	1	4	750	99	96		144.5
1912	9	Fa5#4	F5#4	344	344	1	8	375	99	96		144.5625
1913	9	Mi5	E5	336	336	1	8	375	99	96		144.625
1914	8	Fa5#4	F5#4	344	344	0	0	0	99	96		144.625
1915	9	Mi5	E5	336	336	1	8	375	95	96		144.6875
1916	9	Fa5	F5	340	340	1	8	375	95	96		144.75
1917	9	Mi5	E5	336	336	1	8	375	99	96		144.8125
1918	9	Re5	D5	327	327	3	8	1125	99	96		145
1919	9	Re5	D5	327	327	3	8	1125	95	96		145.1875
1920	9			-1	-1	1	8	375	100	0	)	145.25
1921	9	Do5#4	C5#4	322	322	1	8	375	99	96		145.3125
1922	9	Re5	D5	327	327	1	8	375	99	96		145.375
1923	9	Mi5	E5	336	336	1	8	375	99	96		145.4375
1924	9	Fa5#4	F5#4	344	344	1	8	375	99	96		145.5
1925	9	Sol5	G5	349	349	1	8	375	99	96		145.5625
1926	9	Si5	B5	367	367	1	8	375	99	96		145.625
1927	9	La5	A5	358	358	1	8	375	99	96		145.6875
1928	9	Sol5	G5	349	349	1	8	375	99	96		145.75
1929	8	Sol5	G5	349	349	0	0	0	99	96		145.75
1930	9	Fa5#4	F5#4	344	344	3	16	562	99	96		145.8438
1931	9	Mi5	E5	336	336	1	16	188	99	96		145.875
1932	9	Re5	D5	327	327	1	4	750	95	96	)	146
1933	9	Si5	B5	367	367	1	4	750	99	96		146.125
1934	9	La5	A5	358	358	1	8	375	95	96		146.1875
1935	9	Sol5	G5	349	349	1	8	375	95	96		146.25
1936	9	Sol5	G5	349	349	3	8	1125	99	96		146.4375
1937	9	Fa5#4	F5#4	344	344	1	8	375	99	96		146.5
1938	9	Fa5#4	F5#4	344	344	1	16	188	99	96		146.5313
1939	9	Mi5	E5	336	336	1	16	188	99	96		146.5625
1940	9	Fa5#4	F5#4	344	344	1	16	188	99	96		146.5938
1941	9	Sol5	G5	349	349	1	16	188	99	96		146.625
1942	9	Fa5#4	F5#4	344	344	1	8	375	99	96		146.6875
1943	9	Mi5	E5	336	336	1	8	375	95	96		146.75
1944	9	Mi5	E5	336	336	1	2	1500	95	96		147
1945	9	Mi5	E5	336	336	1	4	750	95	96		147.125
1946	9			-1	-1	1	4	750	100	0	)	147.25
1947	8	Si5	B5	367	367	0	0	0	95	96		147.25
1948	9	La5	A5	358	358	1	4	750	99	96		147.375
1949	9	Sol5	G5	349	349	1	8	375	99	96		147.4375
1950	9	Fa5#4	F5#4	344	344	1	8	375	99	96		147.5
1951	8	La5	A5	358	358	0	0	0	99	96		147.5
1952	9	Sol5	G5	349	349	1	4	750	99	96		147.625
1953	9	Fa5#4	F5#4	344	344	1	8	375	99	96		147.6875
1954	9	Mi5	E5	336	336	1	8	375	99	96		147.75
1955	9	Fa5#4	F5#4	344	344	1	4	750	99	96		147.875
1956	9	Mi5	E5	336	336	1	8	375	99	96		147.9375
1957	9	Re5	D5	327	327	1	8	375	99	96		148
1958	9	Mi5	E5	336	336	1	8	375	99	96		148.0625
1959	8	Fa5	F5	340	340	0	0	0	99	96		148.0625
1960	9	Mi5	E5	336	336	1	8	375	99	96		148.125
1961	9	Re5	D5	327	327	1	8	375	95	96		148.1875
1962	9	Do5#4	C5#4	322	322	1	8	375	95	96	)	148.25
1963	9			-1	-1	1	4	750	100	0		148.375
1964	9	Re5	D5	327	327	1	8	375	99	96		148.4375
1965	9	Re5	D5	327	327	1	8	375	99	96		148.5
1966	9	Re5	D5	327	327	1	8	375	99	96		148.5625
1967	9	Re5	D5	327	327	1	8	375	99	96		148.625
1968	8	Mi5	E5	336	336	0	0	0	99	96		148.625
1969	9	Re5	D5	327	327	1	8	375	99	96		148.6875
1970	9	Do5#4	C5#4	322	322	1	8	375	99	96		148.75
1971	9	Mi5	E5	336	336	1	8	375	99	96		148.8125
1972	9	Re5	D5	327	327	1	8	375	99	96		148.875
1973	8	Mi5	E5	336	336	0	0	0	99	96		148.875
1974	9	Re5	D5	327	327	1	8	375	99	96		148.9375
1975	9	Do5#4	C5#4	322	322	1	8	375	99	96		149
1976	9	Re5	D5	327	327	3	8	1125	95	96		149.1875
1977	9			-1	-1	1	8	375	100	0	)	149.25
1978	9	Do5#4	C5#4	322	322	1	8	375	99	96		149.3125
1979	9	Re5	D5	327	327	1	8	375	99	96		149.375
1980	9	Mi5	E5	336	336	1	8	375	99	96		149.4375
1981	9	Fa5#4	F5#4	344	344	1	8	375	99	96		149.5
1982	9	Sol5	G5	349	349	1	2	1500	99	96	)	149.75
1983	9	Sol5	G5	349	349	1	8	375	99	96		149.8125
1984	9	Fa5#4	F5#4	344	344	1	8	375	99	96		149.875
1985	8	Sol5	G5	349	349	0	0	0	99	96		149.875
1986	9	Fa5#4	F5#4	344	344	1	8	375	99	96		149.9375
1987	9	Mi5	E5	336	336	1	8	375	99	96		150
1988	8	Sol5	G5	349	349	0	0	0	99	96		150
1989	9	Fa5#4	F5#4	344	344	3	16	562	99	96		150.0938
1990	9	Mi5	E5	336	336	1	16	188	99	96		150.125
1991	9	Re5	D5	327	327	1	4	750	95	96	)	150.25
1992	9	Mi5	E5	336	336	1	8	375	99	96		150.3125
1993	9	Fa5	F5	340	340	1	8	375	99	96		150.375
1994	9	Mi5	E5	336	336	1	8	375	99	96		150.4375
1995	9	Re5	D5	327	327	1	8	375	99	96		150.5
1996	9	Mi5	E5	336	336	1	8	375	99	96		150.5625
1997	9	Sol5	G5	349	349	1	8	375	99	96		150.625
1998	9	Fa5#4	F5#4	344	344	1	8	375	99	96		150.6875
1999	9	Mi5	E5	336	336	1	8	375	95	96		150.75
2000	9	Mi5	E5	336	336	1	8	375	99	96		150.8125
2001	9	Re5	D5	327	327	1	8	375	99	96		150.875
2002	8	Mi5	E5	336	336	0	0	0	99	96		150.875
2003	9	Re5	D5	327	327	1	8	375	99	96		150.9375
2004	9	Do5#4	C5#4	322	322	1	8	375	99	96		151
2005	9	Re5	D5	327	327	1	2	1500	95	96	)	151.25
2006	9			-1	-1	1	4	750	100	0		151.375
2007	9			-1	-1	1	4	750	100	0		151.5
2008	9			-1	-1	1	4	750	100	0		151.625
2009	9			-1	-1	1	4	750	100	0	)	151.75
2010	9	Re5	D5	327	327	1	2	1500	95	96		152
2011	9	Si5	B5	367	367	1	8	375	99	96		152.0625
2012	9	Do6	C6	371	371	1	8	375	99	96		152.125
2013	9	Si5	B5	367	367	1	8	375	99	96		152.1875
2014	9	La5	A5	358	358	1	8	375	95	96		152.25
2015	9	La5	A5	358	358	1	2	1500	99	96		152.5
2016	9	La5	A5	358	358	1	4	750	95	96		152.625
2017	9			-1	-1	1	4	750	100	0	)	152.75
2018	9			-1	-1	1	4	750	100	0		152.875
2019	9	La5	A5	358	358	1	8	375	99	96		152.9375
2020	9	La5	A5	358	358	1	8	375	99	96		153
2021	9	La5	A5	358	358	1	4	750	99	96		153.125
2022	8	Si5b1	B5b1	366	366	0	0	0	99	96		153.125
2023	9	La5	A5	358	358	1	8	375	99	96		153.1875
2024	9	Sol5	G5	349	349	1	8	375	99	96		153.25
2025	9	Sol5	G5	349	349	1	4	750	99	96		153.375
2026	9	Fa5#4	F5#4	344	344	1	4	750	95	96	)	153.5
2027	9	Sol5	G5	349	349	1	8	375	99	96		153.5625
2028	9	Do6	C6	371	371	1	8	375	99	96		153.625
2029	9	Si5b1	B5b1	366	366	1	8	375	95	96		153.6875
2030	9	La5	A5	358	358	1	8	375	95	96		153.75
2031	9	La5	A5	358	358	1	4	750	99	96		153.875
2032	9	Sol5	G5	349	349	1	4	750	99	96		154
2033	9	Sol5	G5	349	349	1	4	750	99	96		154.125
2034	8	La5	A5	358	358	0	0	0	99	96		154.125
2035	9	Sol5	G5	349	349	1	8	375	99	96		154.1875
2036	9	Fa5#4	F5#4	344	344	1	8	375	99	96		154.25
2037	9	Sol5	G5	349	349	1	2	1500	99	96		154.5
2038	9	Sol5	G5	349	349	1	2	1500	95	96	)	154.75
2039	9			-1	-1	1	4	750	100	0		154.875
2040	9			-1	-1	1	4	750	100	0		155
2041	9			-1	-1	1	4	750	100	0		155.125
2042	9	Si5b1	B5b1	366	366	1	8	375	99	96		155.1875
2043	9	La5	A5	358	358	1	8	375	95	96		155.25
2044	9	La5	A5	358	358	1	8	375	99	96		155.3125
2045	9	Sol5	G5	349	349	1	4	750	99	96		155.4375
2046	9	Fa5#4	F5#4	344	344	1	8	375	99	96		155.5
2047	8	Sol5	G5	349	349	0	0	0	99	96		155.5
2048	9	Fa5#4	F5#4	344	344	3	16	562	99	96		155.5938
2049	9	Mi5	E5	336	336	1	16	188	99	96		155.625
2050	9	Fa5#4	F5#4	344	344	3	16	562	99	96		155.7188
2051	9	Mi5	E5	336	336	1	16	188	99	96		155.75
2052	9	Re5	D5	327	327	1	2	1500	99	96	)	156
2053	9	Re5	D5	327	327	1	4	750	95	96		156.125
2054	9	La5	A5	358	358	1	8	375	99	96		156.1875
2055	9	Si5b1	B5b1	366	366	1	8	375	95	96		156.25
2056	9	La5	A5	358	358	1	8	375	99	96		156.3125
2057	9	Sol5	G5	349	349	1	4	750	99	96		156.4375
2058	9	Fa5#4	F5#4	344	344	1	8	375	99	96		156.5
2059	9	Fa5#4	F5#4	344	344	1	8	375	99	96		156.5625
2060	9	Mi5	E5	336	336	1	8	375	99	96		156.625
2061	8	Sol5	G5	349	349	0	0	0	99	96		156.625
2062	9	Fa5#4	F5#4	344	344	1	8	375	99	96		156.6875
2063	9	Mi5	E5	336	336	1	8	375	95	96		156.75
2064	9	Mi5	E5	336	336	1	2	1500	99	96		157
2065	9	Mi5	E5	336	336	1	4	750	95	96		157.125
2066	9			-1	-1	1	4	750	100	0	)	157.25
2067	9	Fa5#4	F5#4	344	344	1	4	750	99	96		157.375
2068	9	Sol5	G5	349	349	1	4	750	99	96		157.5
2069	9	Sol5	G5	349	349	1	4	750	99	96		157.625
2070	9	Sol5	G5	349	349	1	4	750	99	96		157.75
2071	9	Sol5	G5	349	349	1	8	375	99	96		157.8125
2072	9	Fa5#4	F5#4	344	344	3	8	1125	99	96		158
2073	9	Fa5#4	F5#4	344	344	3	16	562	99	96		158.0938
2074	9	Mi5	E5	336	336	1	16	188	99	96		158.125
2075	9	Re5	D5	327	327	1	4	750	95	96	)	158.25
2076	9			-1	-1	1	4	750	100	0		158.375
2077	9	Mi5	E5	336	336	1	8	375	99	96		158.4375
2078	9	Fa5	F5	340	340	1	8	375	99	96		158.5
2079	9	Fa5	F5	340	340	1	4	750	99	96		158.625
2080	8	Sol5	G5	349	349	0	0	0	99	96		158.625
2081	9	Fa5	F5	340	340	1	8	375	99	96		158.6875
2082	9	Mi5	E5	336	336	1	8	375	99	96		158.75
2083	9	Mi5	E5	336	336	1	8	375	99	96		158.8125
2084	9	Re5	D5	327	327	1	8	375	99	96		158.875
2085	8	Mi5	E5	336	336	0	0	0	99	96		158.875
2086	9	Re5	D5	327	327	1	8	375	99	96		158.9375
2087	9	Do5#4	C5#4	322	322	1	8	375	99	96		159
2088	9	Si4b4	B4b4	310	310	1	4	750	95	96		159.125
2089	9	Do5#4	C5#4	322	322	1	4	750	95	96	)	159.25
2090	9			-1	-1	1	4	750	100	0		159.375
2091	9	Re5	D5	327	327	1	8	375	99	96		159.4375
2092	9	Re5	D5	327	327	1	8	375	99	96		159.5
2093	9	Re5	D5	327	327	1	4	750	99	96		159.625
2094	8	Mi5	E5	336	336	0	0	0	99	96		159.625
2095	9	Re5	D5	327	327	1	8	375	99	96		159.6875
2096	9	Do5#4	C5#4	322	322	1	8	375	99	96		159.75
2097	9	Do5#4	C5#4	322	322	1	4	750	99	96		159.875
2098	8	Re5	D5	327	327	0	0	0	99	96		159.875
2099	9	Do5#4	C5#4	322	322	1	8	375	99	96		159.9375
2100	9	Si4b4	B4b4	310	310	1	8	375	99	96		160
2101	9	Si4b4	B4b4	310	310	1	4	750	95	96		160.125
2102	9	Si4b4	B4b4	310	310	1	8	375	99	96		160.1875
2103	9	La4	A4	305	305	1	8	375	95	96		160.25
2104	9	Re5	D5	327	327	1	8	375	99	96		160.3125
2105	9	Do5#4	C5#4	322	322	1	8	375	99	96		160.375
2106	9	Si4b4	B4b4	310	310	1	8	375	99	96		160.4375
2107	9	La4	A4	305	305	1	8	375	99	96		160.5
2108	9	Sol4	G4	296	296	1	2	1500	95	96	)	160.75
2109	9			-1	-1	1	4	750	100	0		160.875
2110	9	La4	A4	305	305	1	8	375	99	96		160.9375
2111	9	Si4b4	B4b4	310	310	1	8	375	99	96		161
2112	9	Si4b4	B4b4	310	310	1	4	750	99	96		161.125
2113	8	Do5#4	C5#4	322	322	0	0	0	99	96		161.125
2114	9	Si4b4	B4b4	310	310	1	8	375	99	96		161.1875
2115	9	La4	A4	305	305	1	8	375	99	96		161.25
2116	9	La4	A4	305	305	1	2	1500	99	96		161.5
2117	9	Sol4#4	G4#4	300	300	1	2	1500	95	96	)	161.75
2118	9			-1	-1	1	4	750	100	0		161.875
2119	9	Si4b4	B4b4	310	310	1	4	750	99	96		162
2120	9	Si4b4	B4b4	310	310	1	4	750	99	96		162.125
2121	9	La4	A4	305	305	1	4	750	99	96		162.25
2122	9	Si4b4	B4b4	310	310	3	16	562	99	96		162.3438
2123	9	La4	A4	305	305	1	16	188	99	96		162.375
2124	9	Sol4#4	G4#4	300	300	1	8	375	99	96		162.4375
2125	9	La4	A4	305	305	1	8	375	99	96		162.5
2126	9	Si4b4	B4b4	310	310	1	4	750	95	96	)	162.625
2127	9	Mi5	E5	336	336	1	8	375	99	96		162.6875
2128	9	Re5	D5	327	327	1	8	375	95	96		162.75
2129	9	Re5	D5	327	327	1	8	375	99	96		162.8125
2130	9	Do5#4	C5#4	322	322	1	4	750	99	96		162.9375
2131	9	Si4b4	B4b4	310	310	1	8	375	99	96		163
2132	9	Si4b4	B4b4	310	310	1	16	188	99	96		163.0313
2133	9	La4	A4	305	305	1	16	188	99	96		163.0625
2134	9	Si4b4	B4b4	310	310	1	16	188	99	96		163.0938
2135	9	Do5#4	C5#4	322	322	1	16	188	99	96		163.125
2136	9	Si4b4	B4b4	310	310	1	8	375	99	96		163.1875
2137	9	La4	A4	305	305	1	8	375	99	96		163.25
2138	9	La4	A4	305	305	1	2	1500	95	96	)	163.5
2139	9			-1	-1	1	4	750	100	0		163.625
2140	9			-1	-1	1	4	750	100	0		163.75
2141	9	La4	A4	305	305	1	2	1500	95	96		164
2142	9	Mi5	E5	336	336	1	8	375	99	96		164.0625
2143	9	Fa5	F5	340	340	1	8	375	99	96		164.125
2144	9	Mi5	E5	336	336	1	8	375	99	96		164.1875
2145	9	Re5	D5	327	327	1	8	375	95	96		164.25
2146	9	Do5	C5	318	318	1	4	750	99	96		164.375
2147	9	Re5	D5	327	327	1	4	750	99	96		164.5
2148	9	Re5	D5	327	327	1	4	750	95	96		164.625
2149	9			-1	-1	1	4	750	100	0		164.75
2150	9	Mi5	E5	336	336	1	8	375	99	96	[neva@la5	164.8125
2151	9	Re5	D5	327	327	1	8	375	99	96		164.875
2152	8	Mi5	E5	336	336	0	0	0	99	96		164.875
2153	9	Re5	D5	327	327	1	8	375	99	96		164.9375
2154	9	Do5	C5	318	318	1	8	375	99	96		165
2155	9	Re5	D5	327	327	1	4	750	95	96		165.125
2156	9	Mi5	E5	336	336	3	8	1125	95	96		165.3125
2157	9			-1	-1	1	8	375	100	0		165.375
2158	9	Re5	D5	327	327	1	8	375	99	96		165.4375
2159	9	Mi5	E5	336	336	1	8	375	99	96		165.5
2160	9	Fa5#4	F5#4	344	344	1	8	375	99	96		165.5625
2161	9	Sol5	G5	349	349	1	8	375	99	96		165.625
2162	9	La5	A5	358	358	1	4	750	99	96		165.75
2163	9	Sol5	G5	349	349	1	8	375	99	96		165.8125
2164	9	Fa5#4	F5#4	344	344	1	8	375	95	96		165.875
2165	9	La5	A5	358	358	1	8	375	99	96		165.9375
2166	9	Sol5	G5	349	349	1	8	375	99	96		166
2167	9	Fa5#4	F5#4	344	344	1	8	375	99	96		166.0625
2168	9	Mi5	E5	336	336	1	8	375	99	96		166.125
2169	9	Re5	D5	327	327	1	4	750	99	96		166.25
2170	9	Do5	C5	318	318	1	8	375	99	96		166.3125
2171	9	Si4b1	B4b1	313	313	1	8	375	95	96		166.375
2172	9	La5	A5	358	358	1	8	375	99	96		166.4375
2173	9	Sol5	G5	349	349	1	8	375	99	96		166.5
2174	9	Fa5	F5	340	340	1	8	375	99	96		166.5625
2175	9	Mi5	E5	336	336	1	8	375	99	96		166.625
2176	9	Re5	D5	327	327	1	4	750	95	96	)	166.75
2177	9	Mi5	E5	336	336	1	8	375	99	96		166.8125
2178	9	Fa5	F5	340	340	1	8	375	99	96		166.875
2179	9	Mi5	E5	336	336	1	8	375	99	96		166.9375
2180	9	Re5	D5	327	327	1	8	375	95	96		167
2181	9			-1	-1	1	4	750	100	0		167.125
2182	9	Do5	C5	318	318	1	4	750	99	96		167.25
2183	9	Re5	D5	327	327	1	4	750	99	96		167.375
2184	9	Re5	D5	327	327	1	4	750	95	96		167.5
2185	9	Mi5	E5	336	336	1	4	750	99	96		167.625
2186	9	Re5	D5	327	327	1	8	375	99	96		167.6875
2187	9	Mi5	E5	336	336	1	8	375	99	96		167.75
2188	9	Re5	D5	327	327	1	4	750	99	96		167.875
2189	9	Do5	C5	318	318	1	8	375	99	96		167.9375
2190	9	Si4b1	B4b1	313	313	1	8	375	95	96		168
2191	9	Do5	C5	318	318	1	8	375	99	96		168.0625
2192	9	Re5	D5	327	327	1	8	375	99	96		168.125
2193	9	Do5	C5	318	318	1	8	375	95	96		168.1875
2194	9	Si4b1	B4b1	313	313	1	8	375	95	96		168.25
2195	9	Do5	C5	318	318	1	4	750	99	96		168.375
2196	9	Do5	C5	318	318	3	8	1125	95	96		168.5625
2197	9			-1	-1	1	8	375	100	0	)	168.625
2198	9			-1	-1	1	4	750	100	0		168.75
2199	9	Sol5	G5	349	349	1	4	750	99	96		168.875
2200	9	Sol5	G5	349	349	1	4	750	99	96		169
2201	9	La5	A5	358	358	1	8	375	99	96		169.0625
2202	9	Si5b5	B5b5	362	362	1	8	375	95	96		169.125
2203	9	La5	A5	358	358	1	4	750	99	96		169.25
2204	9	Sol5	G5	349	349	1	8	375	99	96		169.3125
2205	9	Fa5	F5	340	340	1	8	375	99	96		169.375
2206	9	Mi5	E5	336	336	1	4	750	99	96		169.5
2207	9	Re5	D5	327	327	1	4	750	95	96	)	169.625
2208	9	Mi5	E5	336	336	1	8	375	99	96		169.6875
2209	9	Re5	D5	327	327	1	4	750	99	96		169.8125
2210	9	Si4b1	B4b1	313	313	1	8	375	99	96		169.875
2211	9	Do5	C5	318	318	1	8	375	99	96		169.9375
2212	9	Si4b1	B4b1	313	313	1	8	375	99	96		170
2213	9	Mi5	E5	336	336	1	8	375	99	96		170.0625
2214	9	Fa5#4	F5#4	344	344	1	8	375	99	96		170.125
2215	9	Mi5	E5	336	336	1	8	375	99	96		170.1875
2216	9	Re5	D5	327	327	1	8	375	95	96		170.25
2217	9	Mi5	E5	336	336	1	8	375	99	96		170.3125
2218	9	Re5	D5	327	327	1	8	375	99	96		170.375
2219	9	Do5#4	C5#4	322	322	1	8	375	99	96		170.4375
2220	9	Re5	D5	327	327	1	8	375	99	96		170.5
2221	9	Do5#4	C5#4	322	322	1	8	375	99	96		170.5625
2222	9	Re5	D5	327	327	1	8	375	99	96		170.625
2223	9	Mi5	E5	336	336	1	8	375	99	96		170.6875
2224	9	Do5#4	C5#4	322	322	1	8	375	99	96		170.75
2225	9	Re5	D5	327	327	1	2	1500	99	96		171
2226	9	Re5	D5	327	327	1	4	750	95	96		171.125
2227	9			-1	-1	1	4	750	100	0	)	171.25
2228	9	Sol5	G5	349	349	1	8	375	99	96		171.3125
2229	9	La5	A5	358	358	1	8	375	99	96		171.375
2230	9	Sol5	G5	349	349	1	8	375	99	96		171.4375
2231	9	Fa5#4	F5#4	344	344	1	8	375	95	96		171.5
2232	9	Sol5	G5	349	349	1	4	750	99	96		171.625
2233	9	La5	A5	358	358	3	8	1125	95	96		171.8125
2234	9			-1	-1	1	8	375	100	0	)	171.875
2235	9			-1	-1	1	4	750	100	0		172
2236	9	La5	A5	358	358	1	4	750	99	96		172.125
2237	9	La5	A5	358	358	1	4	750	99	96		172.25
2238	9	Si5b1	B5b1	366	366	1	4	750	95	96		172.375
2239	9	Do6	C6	371	371	1	4	750	99	96		172.5
2240	9	Si5b1	B5b1	366	366	1	8	375	99	96		172.5625
2241	9	La5	A5	358	358	1	8	375	99	96		172.625
2242	9	Sol5	G5	349	349	1	8	375	99	96		172.6875
2243	9	Fa5#4	F5#4	344	344	1	8	375	99	96		172.75
2244	9	Mi5	E5	336	336	1	4	750	95	96	)	172.875
2245	9	Fa5#4	F5#4	344	344	1	8	375	99	96		172.9375
2246	9	Sol5	G5	349	349	1	8	375	99	96		173
2247	9	Fa5#4	F5#4	344	344	1	8	375	99	96		173.0625
2248	9	Mi5	E5	336	336	1	8	375	95	96		173.125
2249	9	Fa5#4	F5#4	344	344	1	4	750	99	96		173.25
2250	9	Fa5#4	F5#4	344	344	3	8	1125	95	96		173.4375
2251	9			-1	-1	1	8	375	100	0	)	173.5
2252	9			-1	-1	1	4	750	100	0		173.625
2253	9	Mi5	E5	336	336	1	8	375	99	96		173.6875
2254	9	Fa5#4	F5#4	344	344	1	8	375	99	96		173.75
2255	9	Sol5	G5	349	349	1	4	750	95	96		173.875
2256	9	La5	A5	358	358	1	4	750	95	96		174
2257	9	La5	A5	358	358	1	4	750	99	96		174.125
2258	9	Sol5	G5	349	349	1	8	375	99	96		174.1875
2259	9	Fa5	F5	340	340	1	8	375	99	96		174.25
2260	9	Mi5	E5	336	336	1	4	750	95	96		174.375
2261	9	Re5	D5	327	327	1	4	750	95	96	)	174.5
2262	9	Mi5	E5	336	336	1	8	375	99	96		174.5625
2263	9	Re5	D5	327	327	1	8	375	99	96		174.625
2264	8	Mi5	E5	336	336	0	0	0	99	96		174.625
2265	9	Re5	D5	327	327	1	8	375	95	96		174.6875
2266	9	Do5	C5	318	318	1	8	375	95	96		174.75
2267	9	Re5	D5	327	327	1	4	750	99	96		174.875
2268	9	Re5	D5	327	327	3	8	1125	95	96		175.0625
2269	9			-1	-1	1	8	375	100	0	)	175.125
2270	9			-1	-1	1	4	750	100	0		175.25
2271	9	Re5	D5	327	327	1	4	750	99	96		175.375
2272	9	Re5	D5	327	327	1	4	750	99	96		175.5
2273	9	La5	A5	358	358	1	4	750	95	96		175.625
2274	9	Sol5	G5	349	349	1	4	750	99	96		175.75
2275	9	Fa5	F5	340	340	1	8	375	99	96		175.8125
2276	9	Mi5	E5	336	336	1	8	375	99	96		175.875
2277	9	Re5	D5	327	327	1	4	750	99	96		176
2278	9	Do5	C5	318	318	1	8	375	99	96		176.0625
2279	9	Si4b1	B4b1	313	313	1	8	375	95	96	)	176.125
2280	9	Mi5	E5	336	336	1	4	750	99	96		176.25
2281	9	Re5	D5	327	327	1	8	375	99	96		176.3125
2282	9	Do5	C5	318	318	1	8	375	99	96		176.375
2283	9	Do5	C5	318	318	1	8	375	99	96		176.4375
2284	9	Si4b1	B4b1	313	313	1	8	375	95	96		176.5
2285	9	Si4b1	B4b1	313	313	1	8	375	99	96		176.5625
2286	9	La4	A4	305	305	1	8	375	99	96		176.625
2287	8	Do5	C5	318	318	0	0	0	99	96		176.625
2288	9	Si4b1	B4b1	313	313	1	8	375	99	96		176.6875
2289	9	La4	A4	305	305	1	8	375	95	96		176.75
2290	9	La4	A4	305	305	1	2	1500	99	96		177
2291	9	La4	A4	305	305	1	4	750	95	96	)	177.125
2292	9			-1	-1	1	4	750	100	0		177.25
2293	9	La4	A4	305	305	1	8	375	99	96		177.3125
2294	9	Sol4	G4	296	296	1	8	375	99	96		177.375
2295	9	Fa4#4	F4#4	291	291	1	8	375	99	96		177.4375
2296	9	Sol4	G4	296	296	1	8	375	95	96		177.5
2297	9	La4	A4	305	305	1	2	1500	95	96	)	177.75
2298	9	Sol4	G4	296	296	1	4	750	95	96		177.875
2299	9	La4	A4	305	305	1	4	750	95	96		178
2300	9	La4	A4	305	305	3	8	1125	95	96		178.1875
2301	9			-1	-1	1	8	375	100	0	)	178.25
2302	9	Mi5	E5	336	336	3	16	562	99	96	irak@fa#3	178.3438
2303	9	Re5	D5	327	327	1	16	188	99	96		178.375
2304	9	Re5	D5	327	327	3	16	562	99	96		178.4688
2305	9	Do5	C5	318	318	1	16	188	99	96		178.5
2306	9	Do5	C5	318	318	3	16	562	99	96		178.5938
2307	9	Si4b1	B4b1	313	313	1	16	188	95	96		178.625
2308	9	Si4b1	B4b1	313	313	3	16	562	99	96		178.7188
2309	9	La4	A4	305	305	1	16	188	99	96		178.75
2310	9	La4	A4	305	305	1	8	375	99	96		178.8125
2311	9	Sol4	G4	296	296	1	8	375	99	96		178.875
2312	9	Fa4#4	F4#4	291	291	1	8	375	95	96		178.9375
2313	9	Si4b1	B4b1	313	313	1	8	375	95	96		179
2314	9	La4	A4	305	305	1	8	375	99	96		179.0625
2315	9	Sol4	G4	296	296	1	4	750	99	96		179.1875
2316	8	La4	A4	305	305	0	0	0	99	96		179.1875
2317	9	Sol4	G4	296	296	1	16	188	99	96		179.2188
2318	9	Fa4#4	F4#4	291	291	1	16	188	95	96		179.25
2319	9	Fa4#4	F4#4	291	291	1	2	1500	95	96	)	179.5
2320	9			-1	-1	1	4	750	100	0		179.625
2321	9	Fa4#4	F4#4	291	291	1	8	375	99	96		179.6875
2322	9	Sol4	G4	296	296	1	8	375	99	96		179.75
2323	9	La4	A4	305	305	1	4	750	99	96		179.875
2324	9	Fa4#4	F4#4	291	291	1	4	750	95	96		180
2325	9	La4	A4	305	305	1	16	188	99	96		180.0313
2326	9	Sol4	G4	296	296	1	16	188	99	96		180.0625
2327	9	Fa4#4	F4#4	291	291	1	16	188	95	96		180.0938
2328	9	Sol4	G4	296	296	1	16	188	95	96		180.125
2329	9	La4	A4	305	305	1	4	750	99	96		180.25
2330	9	La4	A4	305	305	1	4	750	95	96	)	180.375
2331	9	Si4b1	B4b1	313	313	1	8	375	99	96		180.4375
2332	9	Do5	C5	318	318	1	8	375	99	96		180.5
2333	9	Re5	D5	327	327	1	4	750	99	96		180.625
2334	9	Mi5	E5	336	336	1	4	750	95	96		180.75
2335	9	Mi5	E5	336	336	1	8	375	95	96		180.8125
2336	8	Fa5	F5	340	340	0	0	0	95	96		180.8125
2337	9	Mi5	E5	336	336	1	16	188	95	96		180.8438
2338	9	Re5	D5	327	327	1	16	188	95	96		180.875
2339	9	Re5	D5	327	327	1	8	375	95	96		180.9375
2340	8	Mi5	E5	336	336	0	0	0	95	96		180.9375
2341	9	Re5	D5	327	327	1	16	188	95	96		180.9688
2342	9	Do5	C5	318	318	1	16	188	95	96		181
2343	9	Re5	D5	327	327	1	16	188	95	96		181.0313
2344	9	Do5	C5	318	318	1	16	188	95	96		181.0625
2345	8	Re5	D5	327	327	0	0	0	95	96		181.0625
2346	9	Do5	C5	318	318	1	16	188	95	96		181.0938
2347	9	Si4b1	B4b1	313	313	1	16	188	95	96		181.125
2348	9	Do5	C5	318	318	1	8	375	99	96		181.1875
2349	9	Re5	D5	327	327	1	8	375	99	96		181.25
2350	9	Do5	C5	318	318	3	16	562	95	96		181.3438
2351	9	Si4b1	B4b1	313	313	1	16	188	95	96		181.375
2352	9	Do5	C5	318	318	1	8	375	99	96		181.4375
2353	9	Re5	D5	327	327	1	8	375	99	96		181.5
2354	9	Do5	C5	318	318	1	8	375	99	96		181.5625
2355	8	Mi5	E5	336	336	0	0	0	99	96		181.5625
2356	9	Re5	D5	327	327	1	8	375	99	96		181.625
2357	9	Do5	C5	318	318	1	8	375	95	96		181.6875
2358	9	Si4b1	B4b1	313	313	1	8	375	95	96		181.75
2359	9	Si4b1	B4b1	313	313	1	8	375	99	96		181.8125
2360	8	Re5	D5	327	327	0	0	0	99	96		181.8125
2361	9	Do5	C5	318	318	1	8	375	99	96		181.875
2362	9	Si4b1	B4b1	313	313	1	8	375	99	96		181.9375
2363	8	Do5	C5	318	318	0	0	0	99	96		181.9375
2364	9	Si4b1	B4b1	313	313	1	16	188	99	96		181.9688
2365	9	La4	A4	305	305	1	16	188	99	96		182
2366	9	La4	A4	305	305	3	8	1125	95	96		182.1875
2367	9			-1	-1	1	8	375	100	0	)	182.25
2368	9	La4	A4	305	305	1	4	750	95	96		182.375
2369	9	Mi5	E5	336	336	1	4	750	95	96		182.5
2370	9	Mi5	E5	336	336	1	8	375	99	96		182.5625
2371	8	Fa5	F5	340	340	0	0	0	99	96		182.5625
2372	9	Mi5	E5	336	336	1	16	188	99	96		182.5938
2373	9	Re5	D5	327	327	1	16	188	99	96		182.625
2374	9	Re5	D5	327	327	1	8	375	99	96		182.6875
2375	8	Mi5	E5	336	336	0	0	0	99	96		182.6875
2376	9	Re5	D5	327	327	1	16	188	99	96		182.7188
2377	9	Do5	C5	318	318	1	16	188	95	96		182.75
2378	8	Mi5	E5	336	336	0	0	0	95	96		182.75
2379	9	Re5	D5	327	327	3	16	562	99	96		182.8438
2380	9	Do5	C5	318	318	1	16	188	99	96		182.875
2381	9	Do5	C5	318	318	3	16	562	99	96		182.9688
2382	9	Si4b1	B4b1	313	313	1	16	188	99	96		183
2383	9	Si4b1	B4b1	313	313	3	16	562	99	96		183.0938
2384	9	La4	A4	305	305	1	16	188	95	96		183.125
2385	9	Do5	C5	318	318	3	16	562	95	96		183.2188
2386	9	Si4b1	B4b1	313	313	1	16	188	95	96		183.25
2387	9	La4	A4	305	305	1	8	375	95	96		183.3125
2388	9	Sol4	G4	296	296	1	8	375	95	96		183.375
2389	9	Fa4#4	F4#4	291	291	1	8	375	95	96		183.4375
2390	9	Si4b1	B4b1	313	313	1	8	375	95	96		183.5
2391	9	La4	A4	305	305	1	8	375	99	96		183.5625
2392	9	Sol4	G4	296	296	1	4	750	99	96		183.6875
2393	9	Sol4	G4	296	296	1	16	188	99	96		183.7188
2394	9	Fa4#4	F4#4	291	291	1	16	188	95	96		183.75
2395	9	Fa4#4	F4#4	291	291	1	2	1500	95	96	)	184
2396	9			-1	-1	1	4	750	100	0		184.125
2397	9	Fa4#4	F4#4	291	291	1	8	375	99	96		184.1875
2398	9	Sol4	G4	296	296	1	8	375	99	96		184.25
2399	9	La4	A4	305	305	1	4	750	99	96		184.375
2400	9	Fa4#4	F4#4	291	291	1	4	750	95	96		184.5
2401	9	La4	A4	305	305	1	16	188	99	96		184.5313
2402	9	Sol4	G4	296	296	1	16	188	99	96		184.5625
2403	9	Fa4#4	F4#4	291	291	1	16	188	99	96		184.5938
2404	9	Sol4	G4	296	296	1	16	188	95	96		184.625
2405	9	La4	A4	305	305	1	4	750	99	96		184.75
2406	9	La4	A4	305	305	1	4	750	95	96	)	184.875
2407	9	Si4b1	B4b1	313	313	1	8	375	99	96		184.9375
2408	9	Do5	C5	318	318	1	8	375	99	96		185
2409	9	Re5	D5	327	327	1	4	750	99	96		185.125
2410	9	Mi5	E5	336	336	1	4	750	95	96		185.25
2411	9	Mi5	E5	336	336	1	8	375	95	96		185.3125
2412	8	Fa5	F5	340	340	0	0	0	95	96		185.3125
2413	9	Mi5	E5	336	336	1	16	188	95	96		185.3438
2414	9	Re5	D5	327	327	1	16	188	95	96		185.375
2415	9	Re5	D5	327	327	1	8	375	95	96		185.4375
2416	8	Mi5	E5	336	336	0	0	0	95	96		185.4375
2417	9	Re5	D5	327	327	1	16	188	95	96		185.4688
2418	9	Do5	C5	318	318	1	16	188	95	96		185.5
2419	9	Do5	C5	318	318	1	8	375	95	96		185.5625
2420	8	Re5	D5	327	327	0	0	0	95	96		185.5625
2421	9	Do5	C5	318	318	1	16	188	95	96		185.5938
2422	9	Si4b1	B4b1	313	313	1	16	188	95	96		185.625
2423	9	Si4b1	B4b1	313	313	1	8	375	99	96		185.6875
2424	8	Do5	C5	318	318	0	0	0	99	96		185.6875
2425	9	Si4b1	B4b1	313	313	1	16	188	99	96		185.7188
2426	9	La4	A4	305	305	1	16	188	99	96		185.75
2427	9	La4	A4	305	305	1	4	750	95	96	)	185.875
2428	9	Do5	C5	318	318	1	8	375	99	96		185.9375
2429	9	Si4b1	B4b1	313	313	1	8	375	99	96		186
2430	9	La4	A4	305	305	1	8	375	99	96		186.0625
2431	9	Sol4	G4	296	296	1	8	375	99	96		186.125
2432	9	Fa4#4	F4#4	291	291	1	8	375	99	96		186.1875
2433	9	Si4b1	B4b1	313	313	1	8	375	95	96		186.25
2434	9	La4	A4	305	305	1	8	375	99	96		186.3125
2435	9	Sol4	G4	296	296	1	4	750	99	96		186.4375
2436	8	La4	A4	305	305	0	0	0	99	96		186.4375
2437	9	Sol4	G4	296	296	1	16	188	99	96		186.4688
2438	9	Fa4#4	F4#4	291	291	1	16	188	99	96		186.5
2439	9	Fa4#4	F4#4	291	291	1	2	1500	95	96	)	186.75
2440	9	Fa5#4	F5#4	344	344	1	4	750	95	96		186.875
2441	9	Fa5#4	F5#4	344	344	1	8	375	95	96		186.9375
2442	9	Sol5	G5	349	349	1	16	188	99	96		186.9688
2443	9	Fa5#4	F5#4	344	344	1	16	188	99	96		187
2444	9	Mi5#4	E5#4	340	340	1	16	188	99	96		187.0313
2445	9	Mi5#4	E5#4	340	340	1	16	188	99	96		187.0625
2446	9	Sol5	G5	349	349	1	8	375	99	96		187.125
2447	8	La5	A5	358	358	0	0	0	99	96		187.125
2448	9	Sol5	G5	349	349	1	16	188	99	96		187.1563
2449	9	Fa5#4	F5#4	344	344	1	16	188	99	96		187.1875
2450	9	Fa5#4	F5#4	344	344	1	4	750	95	96		187.3125
2451	9			-1	-1	1	8	375	100	0	)	187.375
2452	9	La5	A5	358	358	1	4	750	95	96		187.5
2453	9	Si5b1	B5b1	366	366	1	8	375	95	96		187.5625
2454	9	La5	A5	358	358	1	8	375	99	96		187.625
2455	8	Si5b1	B5b1	366	366	0	0	0	99	96		187.625
2456	9	La5	A5	358	358	1	16	188	99	96		187.6563
2457	9	Sol5	G5	349	349	1	16	188	99	96		187.6875
2458	9	Sol5	G5	349	349	1	16	188	99	96		187.7188
2459	9	Fa5#4	F5#4	344	344	1	16	188	99	96		187.75
2460	8	Sol5	G5	349	349	0	0	0	99	96		187.75
2461	9	Fa5#4	F5#4	344	344	1	16	188	99	96		187.7813
2462	9	Mi5	E5	336	336	1	16	188	95	96		187.8125
2463	9	Mi5	E5	336	336	1	4	750	99	96		187.9375
2464	9	La5	A5	358	358	1	8	375	95	96		188
2465	9	La5	A5	358	358	1	16	188	99	96		188.0313
2466	9	Sol5	G5	349	349	1	16	188	99	96		188.0625
2467	9	Fa5#4	F5#4	344	344	1	8	375	95	96		188.125
2468	9	Sol5	G5	349	349	1	8	375	95	96		188.1875
2469	9	La5	A5	358	358	1	4	750	99	96		188.3125
2470	9	Sol5	G5	349	349	1	8	375	95	96		188.375
2471	9	Fa5#4	F5#4	344	344	1	8	375	95	96		188.4375
2472	8	Re6	D6	380	380	0	0	0	95	96		188.4375
2473	9	Do6	C6	371	371	1	8	375	99	96		188.5
2474	9	Si5b1	B5b1	366	366	1	8	375	99	96		188.5625
2475	9	La5	A5	358	358	1	8	375	95	96		188.625
2476	9	La5	A5	358	358	1	8	375	99	96		188.6875
2477	9	Sol5	G5	349	349	1	8	375	99	96		188.75
2478	8	La5	A5	358	358	0	0	0	99	96		188.75
2479	9	Sol5	G5	349	349	1	16	188	99	96		188.7813
2480	9	Fa5#4	F5#4	344	344	1	16	188	99	96		188.8125
2481	9	Fa5#4	F5#4	344	344	1	16	188	99	96		188.8438
2482	9	Mi5	E5	336	336	1	8	375	99	96		188.9063
2483	9	Re5	D5	327	327	1	16	188	95	96		188.9375
2484	9	Sol5	G5	349	349	1	32	94	99	96		188.9531
2485	9	Fa5#4	F5#4	344	344	1	32	94	99	96		188.9688
2486	9	Sol5	G5	349	349	1	32	94	99	96		188.9844
2487	9	La5	A5	358	358	1	32	94	99	96		189
2488	9	Sol5	G5	349	349	1	16	188	99	96		189.0313
2489	9	Fa5#4	F5#4	344	344	1	16	188	95	96		189.0625
2490	9	Fa5#4	F5#4	344	344	1	4	750	95	96		189.1875
2491	9			-1	-1	1	8	375	100	0	)	189.25
2492	9	Sol5	G5	349	349	1	4	750	95	96		189.375
2493	9	Fa5#4	F5#4	344	344	1	8	375	95	96		189.4375
2494	9	Sol5	G5	349	349	1	8	375	99	96		189.5
2495	9	Fa5#4	F5#4	344	344	1	8	375	99	96		189.5625
2496	9	Sol5	G5	349	349	1	8	375	99	96		189.625
2497	9	La5	A5	358	358	1	8	375	95	96		189.6875
2498	9	Sol5	G5	349	349	1	8	375	99	96		189.75
2499	8	La5	A5	358	358	0	0	0	99	96		189.75
2500	9	Fa5#4	F5#4	344	344	1	8	375	99	96		189.8125
2501	8	Sol5	G5	349	349	0	0	0	99	96		189.8125
2502	9	Mi5	E5	336	336	1	8	375	95	96		189.875
2503	9	Mi5	E5	336	336	1	4	750	95	96		190
2504	9	Re5	D5	327	327	1	8	375	95	96		190.0625
2505	9	Mi5	E5	336	336	1	16	188	99	96		190.0938
2506	9	Re5	D5	327	327	1	16	188	99	96		190.125
2507	8	Mi5	E5	336	336	0	0	0	99	96		190.125
2508	9	Re5	D5	327	327	1	16	188	99	96		190.1563
2509	9	Do5	C5	318	318	1	16	188	99	96		190.1875
2510	9	Si4b1	B4b1	313	313	1	8	375	99	96		190.25
2511	9	Mi5	E5	336	336	1	8	375	95	96		190.3125
2512	9	Re5	D5	327	327	1	4	750	99	96		190.4375
2513	9	Do5	C5	318	318	1	16	188	99	96		190.4688
2514	9	Si4b1	B4b1	313	313	1	16	188	95	96		190.5
2515	9	Do5	C5	318	318	1	16	188	99	96		190.5313
2516	9	Si4b1	B4b1	313	313	1	16	188	99	96		190.5625
2517	9	La4	A4	305	305	1	8	375	99	96		190.625
2518	9	La4	A4	305	305	1	8	375	95	96		190.6875
2519	9	La4	A4	305	305	1	4	750	95	96		190.8125
2520	9	La4	A4	305	305	1	8	375	99	96		190.875
2521	9	Re5	D5	327	327	1	8	375	95	96		190.9375
2522	9	Re5	D5	327	327	1	8	375	99	96		191
2523	9	Do5	C5	318	318	1	8	375	99	96		191.0625
2524	9	Si4b1	B4b1	313	313	1	8	375	99	96		191.125
2525	9	La4	A4	305	305	1	8	375	99	96		191.1875
2526	9	Sol4	G4	296	296	1	8	375	99	96		191.25
2527	9	Fa4#4	F4#4	291	291	1	8	375	95	96		191.3125
2528	9	Do5	C5	318	318	1	8	375	99	96		191.375
2529	9	Si4b1	B4b1	313	313	1	16	188	99	96		191.4063
2530	9	La4	A4	305	305	1	16	188	95	96		191.4375
2531	9	La4	A4	305	305	1	16	188	99	96		191.4688
2532	9	Sol4	G4	296	296	1	16	188	99	96		191.5
2533	8	La4	A4	305	305	0	0	0	99	96		191.5
2534	9	Sol4	G4	296	296	1	16	188	99	96		191.5313
2535	9	Fa4#4	F4#4	291	291	1	16	188	95	96		191.5625
2536	9	Fa4#4	F4#4	291	291	1	4	750	95	96	]	191.6875
2537	9			-1	-1	1	8	375	100	0	)	191.75
2538	9	La4	A4	305	305	1	8	375	99	96	rast#sol4	191.8125
2539	9	Si4	B4	314	314	1	8	375	99	96		191.875
2540	9	Do5#4	C5#4	322	322	1	8	375	95	96		191.9375
2541	9	Re5	D5	327	327	1	8	375	99	96		192
2542	9	Re5	D5	327	327	1	4	750	95	96	)	192.125
2543	9			-1	-1	1	8	375	100	0		192.1875
2544	9	Sol4	G4	296	296	1	8	375	95	96		192.25
2545	9	Sol4	G4	296	296	1	8	375	95	96		192.3125
2546	9	Sol4	G4	296	296	1	8	375	95	96		192.375
2547	9	Sol4	G4	296	296	1	4	750	95	96	)	192.5
2548	9	Sol4	G4	296	296	1	8	375	99	96		192.5625
2549	9	Sol4	G4	296	296	1	8	375	95	96		192.625
2550	9	Sol4	G4	296	296	1	8	375	95	96		192.6875
2551	9	Sol4	G4	296	296	1	8	375	95	96		192.75
2552	9	Mi5	E5	336	336	3	16	562	99	96		192.8438
2553	9	Re5	D5	327	327	1	16	188	95	96		192.875
2554	9	Re5	D5	327	327	1	8	375	99	96		192.9375
2555	9	Re5	D5	327	327	1	16	188	99	96		192.9688
2556	9	Do5	C5	318	318	1	16	188	95	96		193
2557	9	Do5	C5	318	318	1	16	188	99	96		193.0313
2558	9	Si4b1	B4b1	313	313	1	16	188	95	96		193.0625
2559	9	Si4b1	B4b1	313	313	1	16	188	99	96		193.0938
2560	9	La4	A4	305	305	1	16	188	95	96		193.125
2561	9	Re5	D5	327	327	1	8	375	99	96		193.1875
2562	9	Re5	D5	327	327	1	16	188	99	96		193.2188
2563	9	Do5	C5	318	318	1	16	188	95	96		193.25
2564	9	Si4b1	B4b1	313	313	1	8	375	99	96		193.3125
2565	9	Si4b1	B4b1	313	313	1	8	375	99	96		193.375
2566	9	La4	A4	305	305	1	16	188	99	96		193.4063
2567	9	Sol4	G4	296	296	1	16	188	99	96		193.4375
2568	9	Sol4	G4	296	296	1	8	375	95	96		193.5
2569	9	La4	A4	305	305	1	4	750	95	96	)	193.625
2570	9	La4	A4	305	305	1	8	375	99	96		193.6875
2571	9	La4	A4	305	305	1	8	375	99	96		193.75
2572	9	Sol4	G4	296	296	1	8	375	99	96		193.8125
2573	9	La4	A4	305	305	1	8	375	99	96		193.875
2574	9	Si4b1	B4b1	313	313	1	8	375	95	96		193.9375
2575	9	La4	A4	305	305	1	16	188	99	96		193.9688
2576	9	Sol4	G4	296	296	1	16	188	95	96		194
2577	9	Sol4	G4	296	296	3	8	1125	95	96	)	194.1875
2578	9	Sol5	G5	349	349	1	8	375	95	96		194.25
2579	9	Sol5	G5	349	349	1	4	750	95	96	)	194.375
2580	9	Re5	D5	327	327	1	8	375	95	96		194.4375
2581	9	Sol5	G5	349	349	1	4	750	95	96		194.5625
2582	9	Fa5#4	F5#4	344	344	1	8	375	95	96		194.625
2583	9	La5	A5	358	358	1	4	750	95	96	)	194.75
2584	9	Sol5	G5	349	349	1	8	375	95	96		194.8125
2585	9	Sol5	G5	349	349	1	8	375	95	96		194.875
2586	9	Sol5	G5	349	349	1	16	188	95	96		194.9063
2587	9	Fa5#4	F5#4	344	344	1	16	188	95	96		194.9375
2588	9	Fa5#4	F5#4	344	344	1	16	188	95	96		194.9688
2589	9	Mi5	E5	336	336	1	16	188	95	96		195
2590	9	Re5	D5	327	327	1	4	750	95	96	)	195.125
2591	9	Re5	D5	327	327	1	8	375	95	96		195.1875
2592	9	Re5	D5	327	327	1	8	375	95	96		195.25
2593	9	Re5	D5	327	327	1	8	375	95	96		195.3125
2594	9	Do5#4	C5#4	322	322	1	8	375	95	96		195.375
2595	9	Mi5	E5	336	336	3	16	562	95	96		195.4688
2596	9	Re5	D5	327	327	1	16	188	95	96		195.5
2597	9	Re5	D5	327	327	3	8	1125	95	96		195.6875
2598	9			-1	-1	1	4	750	100	0		195.8125
2599	9			-1	-1	1	8	375	100	0	)	195.875
2600	9	Re5	D5	327	327	3	8	1125	95	96		196.0625
2601	9	Re5	D5	327	327	1	8	375	95	96		196.125
2602	9	Do5	C5	318	318	1	8	375	95	96		196.1875
2603	9	Re5	D5	327	327	1	8	375	95	96		196.25
2604	9	Mi5	E5	336	336	1	8	375	95	96		196.3125
2605	9	Re5	D5	327	327	1	8	375	95	96		196.375
2606	9	Do5	C5	318	318	1	8	375	95	96		196.4375
2607	9	Si4b1	B4b1	313	313	1	8	375	95	96		196.5
2608	9	La4	A4	305	305	1	8	375	95	96		196.5625
2609	9	Sol4	G4	296	296	1	8	375	95	96	)	196.625
2610	9	La4	A4	305	305	1	16	188	95	96		196.6563
2611	9	Si4b1	B4b1	313	313	1	16	188	95	96		196.6875
2612	9	La4	A4	305	305	1	8	375	95	96		196.75
2613	9	Sol4	G4	296	296	1	8	375	95	96		196.8125
2614	9	La4	A4	305	305	1	8	375	95	96		196.875
2615	9	Si4b1	B4b1	313	313	1	8	375	95	96		196.9375
2616	9	La4	A4	305	305	1	16	188	95	96		196.9688
2617	9	Sol4	G4	296	296	1	16	188	95	96		197
2618	9	Sol4	G4	296	296	3	8	1125	95	96		197.1875
2619	9			-1	-1	1	4	750	100	0	)	197.3125
2620	9			-1	-1	1	8	375	100	0		197.375
