Sira	Kod	Nota53	NotaAE	Koma53	KomaAE	Pay	Payda	Ms	LNS	Bas	Soz1	Offset
1	9	Re5	D5	327	327	1	8	417	95	96		0.125
2	9	Sol5	G5	349	349	1	4	833	95	96		0.375
3	9	Sol5	G5	349	349	1	16	208	99	96		0.4375
4	9	Fa5#5	F5#5	345	345	1	16	208	95	96		0.5
5	9	La5	A5	358	358	1	16	208	99	96		0.5625
6	9	Sol5	G5	349	349	1	16	208	99	96		0.625
7	9	Fa5#5	F5#5	345	345	1	16	208	99	96		0.6875
8	9	La5	A5	358	358	1	16	208	95	96		0.75
9	9	Sol5	G5	349	349	1	4	833	95	96		1
10	9	Fa5#5	F5#5	345	345	1	16	208	99	96		1.0625
11	9	Sol5	G5	349	349	1	16	208	99	96		1.125
12	9	La5	A5	358	358	1	4	833	95	96		1.375
13	9	Sol5	G5	349	349	1	16	208	99	96		1.4375
14	9	Fa5#5	F5#5	345	345	1	16	208	95	96		1.5
15	9	Fa5#5	F5#5	345	345	3	16	625	99	96		1.6875
16	9	Mi5	E5	336	336	1	16	208	95	96		1.75
17	9	Re5	D5	327	327	1	4	833	95	96		2
18	9	Mi5	E5	336	336	3	16	625	99	96		2.1875
19	9	Fa5#5	F5#5	345	345	1	16	208	95	96		2.25
20	9	Sol5	G5	349	349	1	8	417	99	96		2.375
21	9	La5	A5	358	358	1	16	208	99	96		2.4375
22	9	Si5b5	B5b5	362	362	1	16	208	95	96		2.5
23	9	La5	A5	358	358	3	16	625	99	96		2.6875
24	9	Sol5	G5	349	349	1	16	208	95	96		2.75
25	9	Fa5#5	F5#5	345	345	1	16	208	99	96		2.8125
26	9	Sol5	G5	349	349	1	16	208	99	96		2.875
27	9	La5	A5	358	358	1	16	208	99	96		2.9375
28	9	Sol5	G5	349	349	1	16	208	95	96		3
29	9	Sol5	G5	349	349	3	8	1250	95	96		3.375
30	9	Sol5	G5	349	349	1	16	208	99	96		3.4375
31	9	Fa5#5	F5#5	345	345	1	16	208	95	96		3.5
32	9	Fa5#5	F5#5	345	345	1	16	208	99	96		3.5625
33	9	Mi5	E5	336	336	1	16	208	99	96		3.625
34	9	Mi5	E5	336	336	1	16	208	99	96		3.6875
35	9	Fa5#5	F5#5	345	345	1	16	208	95	96		3.75
36	9	Sol5	G5	349	349	1	4	833	95	96		4
37	9	Re5	D5	327	327	1	8	417	95	96	Bü	4.125
38	9	Sol5	G5	349	349	3	8	1250	95	96	tün	4.5
39	9	Fa5#5	F5#5	345	345	3	16	625	99	96	dün	4.6875
40	9	Mi5	E5	336	336	1	16	208	95	96		4.75
41	9	Re5	D5	327	327	1	4	833	95	96	yâ	5
42	9	Do5	C5	318	318	1	8	417	95	96	ya	5.125
43	9	Mi5	E5	336	336	1	4	833	99	96	küs	5.375
44	9	Mi5	E5	336	336	1	16	208	99	96		5.4375
45	9	Re5	D5	327	327	1	16	208	95	96		5.5
46	9	Sol5	G5	349	349	1	4	833	95	96	kün	5.75
47	9	Re5	D5	327	327	1	4	833	95	96	düm	6
48	9	Do5	C5	318	318	1	8	417	95	96	dün	6.125
49	9	Mi5	E5	336	336	1	4	833	99	96	ak	6.375
50	9	Mi5	E5	336	336	1	16	208	99	96		6.4375
51	9	Re5	D5	327	327	1	16	208	95	96		6.5
52	9	Re5	D5	327	327	3	16	625	99	96	şam	6.6875
53	9	Do5	C5	318	318	1	16	208	95	96		6.75
54	9	Do5	C5	318	318	3	16	625	99	96	pek	6.9375
55	9	Si4	B4	314	314	1	16	208	95	96		7
56	9	Si4	B4	314	314	1	8	417	95	96	bu	7.125
57	9	Do5	C5	318	318	1	4	833	99	96	nal	7.375
58	9	La4	A4	305	305	1	8	417	95	96		7.5
59	9	Re5	D5	327	327	1	16	208	99	96	mış	7.5625
60	9	Do5	C5	318	318	1	16	208	99	96		7.625
61	9	Si4	B4	314	314	1	16	208	99	96		7.6875
62	9	La4	A4	305	305	1	16	208	95	96		7.75
63	9	Sol4	G4	296	296	1	8	417	95	96	dım	7.875
64	9			-1	-1	1	8	417	100	0		8
65	9	Sol4	G4	296	296	1	8	417	95	96	Ni	8.125
66	9	Si4	B4	314	314	1	4	833	99	96	hâ	8.375
67	9	Do5	C5	318	318	1	8	417	95	96		8.5
68	9	Re5	D5	327	327	1	4	833	95	96	yet	8.75
69	9	Sol5	G5	349	349	3	16	625	99	96	bir	8.9375
70	9	Fa5	F5	340	340	1	16	208	95	96		9
71	9	Fa5	F5	340	340	1	8	417	95	96	za	9.125
72	9	Mi5	E5	336	336	1	4	833	99	96	man	9.375
73	9	Mi5	E5	336	336	1	16	208	99	96		9.4375
74	9	Re5	D5	327	327	1	16	208	95	96		9.5
75	9	Re5	D5	327	327	3	16	625	99	96	kır	9.6875
76	9	Do5	C5	318	318	1	16	208	95	96		9.75
77	9	Do5	C5	318	318	3	16	625	99	96	lar	9.9375
78	9	Si4	B4	314	314	1	16	208	95	96		10
79	9	Do5	C5	318	318	1	8	417	95	96	da	10.125
80	9	Mi5	E5	336	336	1	4	833	99	96	gez	10.375
81	9	Mi5	E5	336	336	1	16	208	99	96		10.4375
82	9	Re5	D5	327	327	1	16	208	95	96		10.5
83	9	Re5	D5	327	327	3	16	625	99	96	miş	10.6875
84	9	Do5	C5	318	318	1	16	208	95	96		10.75
85	9	Do5	C5	318	318	3	16	625	99	96	köy	10.9375
86	9	Si4	B4	314	314	1	16	208	95	96		11
87	9	Si4	B4	314	314	1	8	417	95	96	de	11.125
88	9	Si4	B4	314	314	1	4	833	99	96	kal	11.375
89	9	La4	A4	305	305	1	8	417	95	96		11.5
90	9	Re5	D5	327	327	1	16	208	99	96	mış	11.5625
91	9	Do5	C5	318	318	1	16	208	99	96		11.625
92	9	Si4	B4	314	314	1	16	208	99	96		11.6875
93	9	La4	A4	305	305	1	16	208	95	96		11.75
94	9	Sol4	G4	296	296	1	8	417	95	96	dım	11.875
95	9			-1	-1	1	8	417	100	0		12
96	9			-1	-1	1	8	417	100	0		12.125
97	9	Sol4	G4	296	296	1	4	833	99	96		12.375
98	9	Si4	B4	314	314	1	16	208	99	96		12.4375
99	9	Do5	C5	318	318	1	16	208	95	96		12.5
100	9	Re5	D5	327	327	3	8	1250	99	96		12.875
101	9	Do5	C5	318	318	1	16	208	99	96		12.9375
102	9	Si4	B4	314	314	1	16	208	95	96		13
103	9	Do5	C5	318	318	1	8	417	99	96		13.125
104	9	Re5	D5	327	327	1	8	417	95	96		13.25
105	9	Mi5b5	E5b5	331	331	1	16	208	99	96		13.3125
106	9	Fa5#5	F5#5	345	345	1	16	208	99	96		13.375
107	9	Mi5b5	E5b5	331	331	1	16	208	99	96		13.4375
108	9	Re5	D5	327	327	1	16	208	95	96		13.5
109	9	Re5	D5	327	327	3	16	625	99	96		13.6875
110	9	Do5	C5	318	318	1	16	208	95	96		13.75
111	9	Si4	B4	314	314	1	4	833	95	96		14
112	9	Re5	D5	327	327	1	8	417	99	96		14.125
113	9	Mi5b5	E5b5	331	331	1	16	208	99	96		14.1875
114	9	Re5	D5	327	327	1	16	208	95	96		14.25
115	9	Do5	C5	318	318	1	8	417	99	96		14.375
116	9	La5	A5	358	358	1	16	208	99	96		14.4375
117	9	Sol5	G5	349	349	1	16	208	95	96		14.5
118	9	Fa5#5	F5#5	345	345	3	16	625	99	96		14.6875
119	9	Mi5b5	E5b5	331	331	1	16	208	95	96		14.75
120	9	Fa5#5	F5#5	345	345	1	16	208	99	96		14.8125
121	9	Mi5b5	E5b5	331	331	1	16	208	99	96		14.875
122	9	Mi5b5	E5b5	331	331	1	16	208	99	96		14.9375
123	9	Re5	D5	327	327	1	16	208	95	96		15
124	9	Re5	D5	327	327	1	2	1667	95	96		15.5
125	9	Sol4	G4	296	296	1	8	417	95	96		15.625
126	9	Si4	B4	314	314	1	16	208	99	96		15.6875
127	9	Do5	C5	318	318	1	16	208	95	96		15.75
128	9	Re5	D5	327	327	1	8	417	95	96		15.875
129	9			-1	-1	1	8	417	100	0		16
130	9	Sol4	G4	296	296	1	8	417	95	96	Şe	16.125
131	9	Si4	B4	314	314	1	4	833	99	96	hir	16.375
132	9	Do5	C5	318	318	1	8	417	95	96		16.5
133	9	Re5	D5	327	327	1	4	833	95	96	den	16.75
134	9	Re5	D5	327	327	1	4	833	95	96	çık	17
135	9	Fa5#5	F5#5	345	345	1	8	417	95	96	mak	17.125
136	9	Mi5b5	E5b5	331	331	1	4	833	99	96	is	17.375
137	9	Mi5b5	E5b5	331	331	1	16	208	99	96		17.4375
138	9	Re5	D5	327	327	1	16	208	95	96		17.5
139	9	Re5	D5	327	327	3	16	625	99	96	ter	17.6875
140	9	Do5	C5	318	318	1	16	208	95	96		17.75
141	9	Si4	B4	314	314	1	4	833	95	96	ken	18
142	9	Do5	C5	318	318	1	8	417	99	96	su	18.125
143	9	Re5	D5	327	327	1	8	417	95	96		18.25
144	9	Mi5b5	E5b5	331	331	3	16	625	99	96		18.4375
145	9	Re5	D5	327	327	1	16	208	95	96	lar	18.5
146	9	La5	A5	358	358	3	16	625	99	96	za	18.6875
147	9	Sol5	G5	349	349	1	16	208	95	96		18.75
148	9	Fa5#5	F5#5	345	345	3	16	625	99	96	ten	18.9375
149	9	Mi5b5	E5b5	331	331	1	16	208	95	96		19
150	9	La5	A5	358	358	1	8	417	99	96	ka	19.125
151	9	Sol5	G5	349	349	1	8	417	95	96		19.25
152	9	Fa5#5	F5#5	345	345	1	8	417	99	96	rar	19.375
153	9	Mi5b5	E5b5	331	331	1	8	417	95	96		19.5
154	9	Fa5#5	F5#5	345	345	1	16	208	99	96	mış	19.5625
155	9	Mi5b5	E5b5	331	331	1	16	208	99	96		19.625
156	9	Mi5b5	E5b5	331	331	1	16	208	99	96		19.6875
157	9	Re5	D5	327	327	1	16	208	95	96		19.75
158	9	Re5	D5	327	327	1	8	417	95	96	dı	19.875
159	9			-1	-1	1	8	417	100	0		20
160	9	Re5	D5	327	327	1	8	417	95	96	Pek	20.125
161	9	Sol5	G5	349	349	1	4	833	99	96	ıs	20.375
162	9	Fa5#5	F5#5	345	345	1	8	417	95	96		20.5
163	9	Sol5	G5	349	349	3	16	625	99	96	sız	20.6875
164	9	Mi5	E5	336	336	1	16	208	95	96		20.75
165	9	Re5	D5	327	327	1	8	417	99	96	bir	20.875
166	9	Fa5	F5	340	340	1	8	417	95	96		21
167	9	Fa5	F5	340	340	1	8	417	99	96	ka	21.125
168	9	Mi5	E5	336	336	1	4	833	95	96	ran	21.375
169	9	Mi5	E5	336	336	1	16	208	99	96		21.4375
170	9	Re5	D5	327	327	1	16	208	95	96		21.5
171	9	Re5	D5	327	327	3	16	625	99	96	lık	21.6875
172	9	Do5	C5	318	318	1	16	208	95	96		21.75
173	9	Do5	C5	318	318	1	8	417	99	96	son	21.875
174	9	Mi5	E5	336	336	1	8	417	95	96		22
175	9	Mi5	E5	336	336	1	8	417	95	96	ra	22.125
176	9	Re5	D5	327	327	1	4	833	99	96	dan	22.375
177	9	Do5	C5	318	318	1	8	417	95	96		22.5
178	9	Do5	C5	318	318	1	8	417	99	96	vâ	22.625
179	9	Si4	B4	314	314	1	8	417	95	96		22.75
180	9	Si4	B4	314	314	1	8	417	99	96	di	22.875
181	9	La4	A4	305	305	1	8	417	95	96		23
182	9	Re5	D5	327	327	1	16	208	95	96	yi	23.0625
183	9	Do5#4	C5#4	322	322	1	16	208	95	96		23.125
184	9	Si4b5	B4b5	309	309	1	4	833	99	96	sar	23.375
185	9	La4	A4	305	305	1	8	417	95	96		23.5
186	9	La4	A4	305	305	1	16	208	99	96	mış	23.5625
187	9	Sol4	G4	296	296	1	16	208	99	96		23.625
188	9	Sol4	G4	296	296	1	16	208	99	96		23.6875
189	9	Fa4#5	F4#5	292	292	1	16	208	95	96		23.75
190	9	Sol4	G4	296	296	1	8	417	95	96	dı	23.875
191	9			-1	-1	1	8	417	100	0		24
192	9			-1	-1	1	8	417	100	0		24.125
193	9	Si4	B4	314	314	1	4	833	99	96		24.375
194	9	La4	A4	305	305	1	16	208	99	96		24.4375
195	9	Si4	B4	314	314	1	16	208	95	96		24.5
196	9	Do5	C5	318	318	3	8	1250	99	96		24.875
197	9	Si4	B4	314	314	1	16	208	99	96		24.9375
198	9	Do5	C5	318	318	1	16	208	95	96		25
199	9	Re5	D5	327	327	1	4	833	95	96		25.25
200	9	Do5	C5	318	318	1	16	208	99	96		25.3125
201	9	Re5	D5	327	327	1	16	208	95	96		25.375
202	9	Mi5b5	E5b5	331	331	1	16	208	99	96		25.4375
203	9	Fa5#5	F5#5	345	345	1	16	208	99	96		25.5
204	9	Mi5b5	E5b5	331	331	1	16	208	99	96		25.5625
205	9	Re5	D5	327	327	1	16	208	95	96		25.625
206	9	Re5	D5	327	327	1	8	417	99	96		25.75
207	9	Do5	C5	318	318	1	8	417	95	96		25.875
208	9	Re5	D5	327	327	1	8	417	99	96		26
209	9	Mi5b5	E5b5	331	331	1	16	208	99	96		26.0625
210	9	Re5	D5	327	327	1	16	208	95	96		26.125
211	9	Do5	C5	318	318	1	8	417	99	96		26.25
212	9	La5	A5	358	358	1	16	208	99	96		26.3125
213	9	Sol5	G5	349	349	1	16	208	95	96		26.375
214	9	Fa5#5	F5#5	345	345	3	16	625	99	96		26.5625
215	9	Mi5b5	E5b5	331	331	1	16	208	95	96		26.625
216	9	Fa5#5	F5#5	345	345	1	16	208	99	96		26.6875
217	9	Mi5b5	E5b5	331	331	1	16	208	99	96		26.75
218	9	Mi5b5	E5b5	331	331	1	16	208	99	96		26.8125
219	9	Re5	D5	327	327	1	16	208	95	96		26.875
220	9	Re5	D5	327	327	1	4	833	95	96		27.125
221	9	Do5	C5	318	318	1	8	417	95	96		27.25
222	9	Re5	D5	327	327	1	16	208	99	96		27.3125
223	9	Sol5	G5	349	349	1	16	208	99	96		27.375
224	9	Mi5	E5	336	336	1	16	208	99	96		27.4375
225	9	Re5	D5	327	327	1	16	208	95	96		27.5
226	9	Re5	D5	327	327	1	4	833	95	96		27.75
227	9	Re5	D5	327	327	1	8	417	99	96		27.875
228	9	Sol5	G5	349	349	1	4	833	95	96		28.125
229	9	Fa5#5	F5#5	345	345	1	8	417	95	96		28.25
230	9	Sol5	G5	349	349	3	16	625	99	96		28.4375
231	9	Mi5	E5	336	336	1	16	208	95	96		28.5
232	9	Re5	D5	327	327	1	8	417	99	96		28.625
233	9	Fa5	F5	340	340	1	8	417	95	96		28.75
234	9	Mi5	E5	336	336	3	16	625	99	96		28.9375
235	9	Re5	D5	327	327	1	16	208	95	96		29
236	9	Do5	C5	318	318	1	8	417	99	96		29.125
237	9	Mi5	E5	336	336	1	8	417	95	96		29.25
238	9	Re5	D5	327	327	1	8	417	99	96		29.375
239	9	Mi5	E5	336	336	1	8	417	95	96		29.5
240	9	Re5	D5	327	327	1	16	208	99	96		29.5625
241	9	Do5	C5	318	318	1	16	208	99	96		29.625
242	9	Si4	B4	314	314	1	8	417	95	96		29.75
243	9			-1	-1	1	8	417	100	0		29.875
244	9	Fa5	F5	340	340	1	4	833	99	96		30.125
245	9	Mi5	E5	336	336	1	8	417	95	96		30.25
246	9	Mi5	E5	336	336	1	8	417	99	96		30.375
247	9	Re5	D5	327	327	1	4	833	99	96		30.625
248	9	Do5	C5	318	318	1	8	417	95	96		30.75
249	9	Mi5	E5	336	336	1	16	208	95	96		30.8125
250	9	Re5	D5	327	327	1	16	208	95	96		30.875
251	9	Do5	C5	318	318	1	4	833	95	96		31.125
252	9	Do5	C5	318	318	1	16	208	95	96		31.1875
253	9	Si4	B4	314	314	1	16	208	95	96		31.25
254	9	Si4	B4	314	314	1	4	833	95	96		31.5
255	9			-1	-1	1	4	833	100	0		31.75
256	9	Sol4	G4	296	296	1	8	417	95	96	I	31.875
257	9	Si4	B4	314	314	3	8	1250	95	96	şık	32.25
258	9	Si4	B4	314	314	1	4	833	95	96	yok	32.5
259	9	Si4	B4	314	314	1	4	833	95	96	yol	32.75
260	9	Si4	B4	314	314	1	8	417	95	96	cu	32.875
261	9	Si4	B4	314	314	3	8	1250	95	96	yok	33.25
262	9	Si4	B4	314	314	1	4	833	95	96	ses	33.5
263	9	Si4	B4	314	314	1	4	833	95	96	yok	33.75
264	9			-1	-1	1	1	3333	100	0		34.75
265	9	Si4	B4	314	314	1	8	417	95	96	bü	34.875
266	9	Sol5	G5	349	349	3	8	1250	95	96	tün	35.25
267	9	Fa5#5	F5#5	345	345	3	16	625	99	96	hıl	35.4375
268	9	Mi5	E5	336	336	1	16	208	95	96		35.5
269	9	Re5	D5	327	327	1	4	833	95	96	kat	35.75
270	9	Do5	C5	318	318	1	8	417	99	96	ke	35.875
271	9	Re5	D5	327	327	1	8	417	95	96	sil	36
272	9	Mi5b5	E5b5	331	331	1	16	208	99	96		36.0625
273	9	Fa5#5	F5#5	345	345	1	16	208	99	96		36.125
274	9	Mi5b5	E5b5	331	331	1	16	208	99	96		36.1875
275	9	Re5	D5	327	327	1	16	208	95	96		36.25
276	9	Re5	D5	327	327	3	16	625	99	96	miş	36.4375
277	9	Do5	C5	318	318	1	16	208	95	96		36.5
278	9	Si4	B4	314	314	1	4	833	95	96	lâl	36.75
279	9	Do5	C5	318	318	1	16	208	99	96		36.8125
280	9	Re5	D5	327	327	1	16	208	99	96		36.875
281	9	Do5	C5	318	318	1	8	417	95	96		37
282	9	Si4	B4	314	314	1	16	208	99	96		37.0625
283	9	Do5	C5	318	318	1	16	208	99	96		37.125
284	9	Si4	B4	314	314	1	8	417	95	96		37.25
285	9	Do5#4	C5#4	322	322	1	8	417	99	96		37.375
286	9	Re5	D5	327	327	1	8	417	95	96		37.5
287	9	Mi5b5	E5b5	331	331	1	16	208	99	96		37.5625
288	9	Fa5#5	F5#5	345	345	1	16	208	99	96		37.625
289	9	Mi5b5	E5b5	331	331	1	16	208	99	96		37.6875
290	9	Re5	D5	327	327	1	16	208	95	96		37.75
291	9	Re5	D5	327	327	3	4	2500	95	96		38.5
292	9			-1	-1	1	4	833	100	0		38.75
293	9			-1	-1	1	8	417	100	0		38.875
294	9	Sol4	G4	296	296	1	4	833	99	96	SAZ 	39.125
295	9	Si4	B4	314	314	1	16	208	99	96		39.1875
296	9	Do5	C5	318	318	1	16	208	95	96		39.25
297	9	Re5	D5	327	327	1	4	833	95	96		39.5
298	9			-1	-1	1	4	833	100	0		39.75
299	9	Re5	D5	327	327	1	8	417	95	96	bu	39.875
300	9	Sol5	G5	349	349	1	4	833	99	96	is	40.125
301	9	Fa5#5	F5#5	345	345	1	8	417	95	96		40.25
302	9	Sol5	G5	349	349	3	16	625	99	96	tiğ	40.4375
303	9	Mi5	E5	336	336	1	16	208	95	96		40.5
304	9	Mi5	E5	336	336	1	8	417	99	96	râ	40.625
305	9	Fa5	F5	340	340	1	8	417	95	96		40.75
306	9	Fa5	F5	340	340	1	8	417	95	96	kı	40.875
307	9	Mi5	E5	336	336	1	4	833	99	96	tek	41.125
308	9	Re5	D5	327	327	1	8	417	95	96		41.25
309	9	Re5	D5	327	327	1	4	833	95	96	bir	41.5
310	9	Do5	C5	318	318	1	8	417	99	96	nef	41.625
311	9	Mi5	E5	336	336	1	8	417	95	96		41.75
312	9	Mi5	E5	336	336	1	8	417	95	96	ha	41.875
313	9	Mi5	E5	336	336	1	4	833	99	96	ol	42.125
314	9	Mi5	E5	336	336	1	16	208	99	96		42.1875
315	9	Re5	D5	327	327	1	16	208	95	96		42.25
316	9	Re5	D5	327	327	3	16	625	99	96	sun	42.4375
317	9	Do5	C5	318	318	1	16	208	95	96		42.5
318	9	Do5	C5	318	318	3	16	625	99	96	et	42.6875
319	9	Si4	B4	314	314	1	16	208	95	96		42.75
320	9	Re5	D5	327	327	1	8	417	99	96	mi	42.875
321	9	Do5	C5	318	318	1	4	833	99	96	yor	43.125
322	9	Si4	B4	314	314	1	8	417	95	96		43.25
323	9	La4#4	A4#4	309	309	1	8	417	99	96	ih	43.375
324	9	Si4	B4	314	314	1	8	417	99	96		43.5
325	9	Do5	C5	318	318	1	16	208	99	96		43.5625
326	9	Re5	D5	327	327	1	16	208	99	96		43.625
327	9	Do5	C5	318	318	1	16	208	99	96		43.6875
328	9	Si4	B4	314	314	1	16	208	95	96		43.75
329	9	Si4	B4	314	314	3	4	2500	95	96	lâl	44.5
330	9			-1	-1	1	4	833	100	0		44.75
331	9	Sol4	G4	296	296	1	8	417	95	96		44.875
332	9	Si4	B4	314	314	3	8	1250	95	96		45.25
333	9	Sol4	G4	296	296	1	8	417	95	96		45.375
334	9	Re5	D5	327	327	3	8	1250	95	96		45.75
335	9	Do5	C5	318	318	1	8	417	95	96		45.875
336	9	Mi5b5	E5b5	331	331	3	8	1250	95	96		46.25
337	9	Re5	D5	327	327	1	4	833	95	96		46.5
338	9	Do5	C5	318	318	1	4	833	95	96		46.75
339	9	Re5	D5	327	327	1	8	417	99	96		46.875
340	9	Mi5b5	E5b5	331	331	3	8	1250	95	96		47.25
341	9	Re5	D5	327	327	1	4	833	95	96		47.5
342	9	Sol5	G5	349	349	1	4	833	95	96		47.75
343	9	Fa5#5	F5#5	345	345	3	16	625	99	96		47.9375
344	9	Mi5b5	E5b5	331	331	1	16	208	95	96		48
345	9	Mi5b5	E5b5	331	331	3	16	625	99	96		48.1875
346	9	Re5	D5	327	327	1	16	208	95	96		48.25
347	9	Re5	D5	327	327	1	4	833	95	96		48.5
348	9			-1	-1	1	4	833	100	0		48.75
349	9			-1	-1	1	8	417	100	0		48.875
350	9	Do5	C5	318	318	1	4	833	95	96		49.125
351	9	Re5	D5	327	327	1	8	417	95	96		49.25
352	9	Mi5b5	E5b5	331	331	1	4	833	95	96		49.5
353	9	Re5	D5	327	327	1	4	833	95	96		49.75
354	9	Do5	C5	318	318	1	4	833	95	96		50
355	9	Si4b5	B4b5	309	309	1	4	833	95	96		50.25
356	9	La4	A4	305	305	1	8	417	99	96		50.375
357	9	Sol4	G4	296	296	1	8	417	95	96		50.5
358	9	Re5	D5	327	327	1	4	833	95	96		50.75
359	9			-1	-1	1	8	417	100	0		50.875
360	9	Mi5b5	E5b5	331	331	1	8	417	99	96		51
361	9	Re5	D5	327	327	1	8	417	95	96		51.125
362	9	Do5	C5	318	318	1	8	417	95	96		51.25
363	9	Re5	D5	327	327	1	8	417	95	96		51.375
364	9	Si4b5	B4b5	309	309	1	4	833	99	96		51.625
365	9	La4	A4	305	305	1	8	417	95	96		51.75
366	9	Sol4	G4	296	296	3	32	312	95	96		51.84375
367	9			-1	-1	3	32	312	100	0		51.9375
368	9	Re5	D5	327	327	1	32	104	95	96		51.96875
369	9			-1	-1	1	32	104	100	0		52
370	9	Si4b5	B4b5	309	309	1	16	208	95	96		52.0625
371	9			-1	-1	1	16	208	100	0		52.125
372	9	La4	A4	305	305	1	16	208	95	96		52.1875
373	9			-1	-1	1	16	208	100	0		52.25
374	9	Sol4	G4	296	296	1	8	417	95	96		52.375
375	9			-1	-1	1	8	417	100	0		52.5
376	9			-1	-1	1	4	833	100	0		52.75
377	9	Sol4	G4	296	296	1	8	417	95	96	Mu	52.875
378	9	Sol4	G4	296	296	1	4	833	95	96	hî	53.125
379	9	Sol4	G4	296	296	1	4	833	95	96	tin	53.375
380	9	Re5	D5	327	327	1	4	833	95	96	hâ	53.625
381	9	Re5	D5	327	327	1	8	417	95	96	li	53.75
382	9	Sol5	G5	349	349	1	4	833	95	96	in	54
383	9	Re5	D5	327	327	1	4	833	95	96	sâ	54.25
384	9	Mi5b5	E5b5	331	331	1	4	833	95	96	ni	54.5
385	9	Mi5b5	E5b5	331	331	1	8	417	95	96	ye	54.625
386	9	Re5	D5	327	327	1	4	833	95	96	tin	54.875
387	9	Do5	C5	318	318	1	4	833	95	96	tim	55.125
388	9	Si4b5	B4b5	309	309	1	4	833	95	96	sâ	55.375
389	9	Do5	C5	318	318	1	8	417	95	96	li	55.5
390	9	Re5	D5	327	327	1	8	417	99	96	dir	55.625
391	9	Do5	C5	318	318	1	8	417	95	96		55.75
392	9	Si4b5	B4b5	309	309	1	8	417	99	96	san	55.875
393	9	La4	A4	305	305	1	8	417	95	96		56
394	9	Si4b5	B4b5	309	309	1	4	833	95	96	dım	56.25
395	9	Fa4	F4	287	287	1	16	208	95	96		56.3125
396	9	Fa4	F4	287	287	1	16	208	95	96		56.375
397	9	Mi4	E4	283	283	1	16	208	95	96		56.4375
398	9	Si4b5	B4b5	309	309	1	4	833	95	96		56.6875
399	9	La4	A4	305	305	1	8	417	99	96		56.8125
400	9	Si4b5	B4b5	309	309	1	8	417	95	96		56.9375
401	9	Re5	D5	327	327	3	8	1250	95	96		57.3125
402	9	Do5	C5	318	318	1	4	833	95	96		57.5625
403	9	Si4	B4	314	314	1	4	833	95	96		57.8125
404	9	Re5	D5	327	327	1	8	417	99	96	Ah	57.9375
405	9	Mi5b5	E5b5	331	331	1	8	417	99	96		58.0625
406	9	Mi5b5	E5b5	331	331	1	8	417	95	96		58.1875
407	9	Mi5b5	E5b5	331	331	1	4	833	99	96		58.4375
408	9	Re5	D5	327	327	1	4	833	95	96		58.6875
409	9	Re5	D5	327	327	1	8	417	99	96		58.8125
410	9	Do5	C5	318	318	1	4	833	95	96		59.0625
411	9	Do5	C5	318	318	1	8	417	99	96		59.1875
412	9	Si4b5	B4b5	309	309	1	8	417	95	96		59.3125
413	9	Si4b5	B4b5	309	309	1	4	833	95	96		59.5625
414	9	Do5	C5	318	318	1	8	417	95	96	dö	59.6875
415	9	Re5	D5	327	327	1	4	833	95	96	nüp	59.9375
416	9	Re5	D5	327	327	1	8	417	99	96	mâ	60.0625
417	9	Do5	C5	318	318	1	8	417	95	96		60.1875
418	9	Do5	C5	318	318	1	8	417	99	96	zî	60.3125
419	9	Si4b5	B4b5	309	309	1	8	417	95	96		60.4375
420	9	Mi5	E5	336	336	1	8	417	95	96	ye	60.5625
421	9	Re5b5	D5b5	322	322	1	8	417	99	96	tır	60.6875
422	9	Do5	C5	318	318	1	8	417	95	96		60.8125
423	9	Si4b5	B4b5	309	309	1	8	417	99	96	man	60.9375
424	9	La4	A4	305	305	1	8	417	95	96		61.0625
425	9	Si4b5	B4b5	309	309	1	4	833	95	96	dım	61.3125
426	9	Do5	C5	318	318	1	8	417	95	96	ne	61.4375
427	9	Si4b5	B4b5	309	309	1	4	833	95	96	hic	61.6875
428	9	Si4b5	B4b5	309	309	1	8	417	99	96	ran	61.8125
429	9	La4	A4	305	305	1	8	417	95	96		61.9375
430	9	La4	A4	305	305	1	8	417	99	96	lar	62.0625
431	9	Sol4	G4	296	296	1	8	417	95	96		62.1875
432	9	Si4b5	B4b5	309	309	1	8	417	99	96	ne	62.3125
433	9	La4	A4	305	305	1	8	417	99	96	ler	62.4375
434	9	Sol4	G4	296	296	1	8	417	95	96		62.5625
435	9	Sol4	G4	296	296	1	8	417	99	96	an	62.6875
436	9	Fa4#5	F4#5	292	292	1	8	417	99	96		62.8125
437	9	Sol4	G4	296	296	1	4	833	95	96	dım	63.0625
438	9	Re5	D5	327	327	1	8	417	99	96	ne	63.1875
439	9	Mi5b5	E5b5	331	331	1	8	417	99	96	ler	63.3125
440	9	Mi5b5	E5b5	331	331	1	8	417	99	96		63.4375
441	9	Mi5b5	E5b5	331	331	1	8	417	99	96		63.5625
442	9	Re5	D5	327	327	1	8	417	99	96		63.6875
443	9	Re5	D5	327	327	1	8	417	99	96		63.8125
444	9	Do5	C5	318	318	1	8	417	95	96		63.9375
445	9	Do5	C5	318	318	1	8	417	99	96	ne	64.0625
446	9	Si4b5	B4b5	309	309	1	4	833	99	96	ler	64.3125
447	9	Si4b5	B4b5	309	309	1	8	417	99	96		64.4375
448	9	La4	A4	305	305	1	8	417	99	96		64.5625
449	9	La4	A4	305	305	1	8	417	99	96		64.6875
450	9	Sol4	G4	296	296	1	8	417	95	96		64.8125
451	9	Do5	C5	318	318	1	8	417	99	96	ne	64.9375
452	9	Si4	B4	314	314	1	8	417	99	96	ler	65.0625
453	9	La4	A4	305	305	1	8	417	95	96		65.1875
454	9	Sol4	G4	296	296	1	8	417	99	96	an	65.3125
455	9	Fa4#5	F4#5	292	292	1	8	417	99	96		65.4375
456	9	Sol4	G4	296	296	1	8	417	95	96	dım	65.5625
457	9			-1	-1	1	8	417	100	0		65.6875
458	9	Si5	B5	367	367	3	8	1250	95	96		66.0625
459	9	Si5	B5	367	367	1	4	833	95	96		66.3125
460	9	Si5	B5	367	367	1	4	833	95	96		66.5625
461	9	La5	A5	358	358	3	8	1250	95	96		66.9375
462	9	La5	A5	358	358	1	4	833	95	96		67.1875
463	9	La5	A5	358	358	1	4	833	95	96		67.4375
464	9	Sol5	G5	349	349	3	8	1250	99	96		67.8125
465	9	Sol5	G5	349	349	1	4	833	99	96		68.0625
466	9	Sol5	G5	349	349	1	4	833	95	96		68.3125
467	9	Fa5	F5	340	340	3	8	1250	95	96		68.6875
468	9			-1	-1	1	2	1667	100	0		69.1875
469	9	Sol5	G5	349	349	1	8	417	95	96		69.3125
470	9	Re5	D5	327	327	1	4	833	95	96		69.5625
471	9	Re5	D5	327	327	1	4	833	95	96		69.8125
472	9	Mi5b5	E5b5	331	331	1	8	417	99	96		69.9375
473	9	Fa5	F5	340	340	1	8	417	95	96		70.0625
474	9	Sol5	G5	349	349	1	8	417	99	96		70.1875
475	9	Re5	D5	327	327	1	8	417	95	96		70.3125
476	9	Mi5b5	E5b5	331	331	1	8	417	95	96		70.4375
477	9	Do5	C5	318	318	1	8	417	99	96		70.5625
478	9	Re5	D5	327	327	1	8	417	95	96		70.6875
479	9	Si4b5	B4b5	309	309	1	8	417	99	96		70.8125
480	9	Do5	C5	318	318	1	8	417	95	96		70.9375
481	9	Re5	D5	327	327	1	8	417	99	96		71.0625
482	9	Mi5b5	E5b5	331	331	1	8	417	95	96		71.1875
483	9	Fa5	F5	340	340	1	8	417	95	96		71.3125
484	9	Sol5	G5	349	349	1	4	833	95	96		71.5625
485	9	Re5	D5	327	327	1	8	417	99	96		71.6875
486	9	Mi5b5	E5b5	331	331	1	8	417	95	96		71.8125
487	9	Do5	C5	318	318	1	8	417	99	96		71.9375
488	9	Re5	D5	327	327	1	8	417	95	96		72.0625
489	9	Si4b5	B4b5	309	309	1	8	417	95	96		72.1875
490	9	Do5	C5	318	318	1	8	417	99	96		72.3125
491	9	Re5	D5	327	327	1	8	417	95	96		72.4375
492	9	Mi5b5	E5b5	331	331	1	8	417	99	96		72.5625
493	9	Fa5#5	F5#5	345	345	1	8	417	95	96		72.6875
494	9	Re5	D5	327	327	1	4	833	95	96		72.9375
495	9	Re5	D5	327	327	1	8	417	95	96		73.0625
496	9	Do5	C5	318	318	1	4	833	95	96		73.3125
497	9	Si4b5	B4b5	309	309	1	8	417	95	96		73.4375
498	9	Si5b5	B5b5	362	362	3	8	1250	95	96		73.8125
499	9	La5	A5	358	358	1	4	833	99	96		74.0625
500	9	Sol5	G5	349	349	1	4	833	95	96		74.3125
501	9	Fa5	F5	340	340	1	4	833	99	96		74.5625
502	9	La5	A5	358	358	1	8	417	95	96		74.6875
503	9	Sol5	G5	349	349	1	2	1667	99	96		75.1875
504	9	Sol5	G5	349	349	3	8	1250	95	96		75.5625
505	9			-1	-1	1	2	1667	100	0		76.0625
506	9	Fa5#5	F5#5	345	345	1	8	417	95	96	Çı	76.1875
507	9	Sol5	G5	349	349	1	4	833	95	96	kar	76.4375
508	9	Sol5	G5	349	349	1	4	833	95	96	ken	76.6875
509	9	Sol5	G5	349	349	1	8	417	99	96	haş	76.8125
510	9	Fa5#5	F5#5	345	345	1	8	417	95	96		76.9375
511	9	La5	A5	358	358	1	8	417	95	96	ro	77.0625
512	9	Fa5	F5	340	340	1	8	417	99	96	lup	77.1875
513	9	Mi5	E5	336	336	1	8	417	95	96		77.3125
514	9	Mi5	E5	336	336	1	8	417	99	96	bey	77.4375
515	9	Re5	D5	327	327	1	8	417	95	96		77.5625
516	9	Re5	D5	327	327	1	4	833	95	96	nim	77.8125
517	9			-1	-1	1	4	833	100	0		78.0625
518	9	Fa5	F5	340	340	1	8	417	99	96	den	78.1875
519	9	Mi5	E5	336	336	1	8	417	99	96	ar	78.3125
520	9	Re5	D5	327	327	1	8	417	95	96		78.4375
521	9	Re5	D5	327	327	1	8	417	99	96	tık	78.5625
522	9	Do5	C5	318	318	1	8	417	95	96		78.6875
523	9	Re5	D5	327	327	1	4	833	95	96	bin	78.9375
524	9	Re5	D5	327	327	1	8	417	95	96	mü	79.0625
525	9	Re5	D5	327	327	1	8	417	99	96	sel	79.1875
526	9	Mi5	E5	336	336	1	8	417	95	96		79.3125
527	9	Re5	D5	327	327	1	4	833	95	96	sel	79.5625
528	9	Sol5	G5	349	349	3	8	1250	99	96	yâd	79.9375
529	9	Sol5	G5	349	349	1	2	1667	95	96		80.4375
530	9	Fa5	F5	340	340	3	8	1250	99	96		80.8125
531	9	Mi5	E5	336	336	1	4	833	99	96		81.0625
532	9	Re5	D5	327	327	1	8	417	99	96		81.1875
533	9	Do5	C5	318	318	1	8	417	95	96		81.3125
534	9	Sol5	G5	349	349	3	8	1250	99	96		81.6875
535	9	Sol5	G5	349	349	1	4	833	95	96		81.9375
536	9			-1	-1	1	4	833	100	0		82.1875
537	9	Si5b5	B5b5	362	362	3	8	1250	95	96		82.5625
538	9	La5	A5	358	358	1	4	833	95	96		82.8125
539	9	Sol5	G5	349	349	1	4	833	95	96		83.0625
540	9	Sol5	G5	349	349	1	8	417	99	96		83.1875
541	9	Fa5	F5	340	340	1	4	833	95	96		83.4375
542	9	Fa5	F5	340	340	1	4	833	95	96		83.6875
543	9	Mi5	E5	336	336	1	8	417	95	96		83.8125
544	9	Si5b5	B5b5	362	362	1	8	417	95	96	Za	83.9375
545	9	Si5b5	B5b5	362	362	1	8	417	99	96	lâ	84.0625
546	9	La5	A5	358	358	1	8	417	95	96		84.1875
547	9	La5	A5	358	358	1	8	417	99	96	mın	84.3125
548	9	Sol5	G5	349	349	1	8	417	95	96		84.4375
549	9	Sol5	G5	349	349	1	8	417	99	96	si	84.5625
550	9	Fa5	F5	340	340	1	8	417	95	96		84.6875
551	9	La5	A5	358	358	1	8	417	95	96	ne	84.8125
552	9	Fa5	F5	340	340	1	8	417	99	96	sin	84.9375
553	9	Mi5	E5	336	336	1	8	417	95	96		85.0625
554	9	Mi5	E5	336	336	1	8	417	99	96	den	85.1875
555	9	Re5	D5	327	327	1	8	417	95	96		85.3125
556	9	Do5	C5	318	318	1	4	833	95	96	fış	85.5625
557	9	Fa5#5	F5#5	345	345	1	8	417	99	96	kı	85.6875
558	9	Mi5	E5	336	336	1	4	833	95	96	ran	85.9375
559	9			-1	-1	1	4	833	100	0		86.1875
560	9	Do5	C5	318	318	1	4	833	95	96	mem	86.4375
561	9	Fa5	F5	340	340	3	8	1250	99	96	dûd	86.8125
562	9	Fa5	F5	340	340	1	8	417	99	96		86.9375
563	9	Mi5	E5	336	336	1	8	417	95	96		87.0625
564	9	Mi5	E5	336	336	1	16	208	95	96		87.125
565	9	Re5	D5	327	327	1	16	208	95	96		87.1875
566	9	Do5	C5	318	318	1	8	417	95	96		87.3125
567	9	Mi5b5	E5b5	331	331	1	8	417	99	96	bir	87.4375
568	9	Re5	D5	327	327	1	8	417	99	96		87.5625
569	9	Do5	C5	318	318	1	8	417	95	96		87.6875
570	9	Re5	D5	327	327	1	8	417	99	96		87.8125
571	9	Mi5b5	E5b5	331	331	1	16	208	99	96		87.875
572	9	Re5	D5	327	327	1	16	208	95	96		87.9375
573	9	Do5	C5	318	318	1	4	833	95	96	fer	88.1875
574	9	Do6	C6	371	371	3	8	1250	95	96	yâd	88.5625
575	9	Do6	C6	371	371	1	8	417	99	96		88.6875
576	9	Si5	B5	367	367	1	8	417	99	96		88.8125
577	9	La5b5	A5b5	353	353	1	8	417	99	96		88.9375
578	9	Sol5	G5	349	349	1	8	417	95	96		89.0625
579	9	La5b5	A5b5	353	353	3	16	625	99	96		89.25
580	9	Sol5	G5	349	349	1	16	208	99	96		89.3125
581	9	Fa5	F5	340	340	1	8	417	95	96		89.4375
582	9	Fa5	F5	340	340	3	8	1250	99	96		89.8125
583	9	Mi5	E5	336	336	1	8	417	95	96		89.9375
584	9	Fa5#5	F5#5	345	345	1	4	833	99	96		90.1875
585	9	Fa5	F5	340	340	1	16	208	99	96		90.25
586	9	Mi5	E5	336	336	1	16	208	95	96		90.3125
587	9	Mi5	E5	336	336	3	8	1250	99	96		90.6875
588	9	Mi5	E5	336	336	1	16	208	99	96		90.75
589	9	Re5	D5	327	327	1	16	208	95	96		90.8125
590	9	Re5	D5	327	327	3	8	1250	95	96		91.1875
591	9			-1	-1	1	4	833	100	0		91.4375
592	9	Fa5#5	F5#5	345	345	1	16	208	99	96		91.5
593	9	Sol5	G5	349	349	1	16	208	99	96		91.5625
594	9	La5	A5	358	358	1	16	208	99	96		91.625
595	9	Si5	B5	367	367	1	16	208	95	96		91.6875
596	9	Do6	C6	371	371	1	8	417	95	96		91.8125
597	9			-1	-1	1	8	417	100	0		91.9375
598	9	La5	A5	358	358	1	16	208	95	96		92
599	9			-1	-1	1	16	208	100	0		92.0625
600	9	Sol5	G5	349	349	1	2	1667	95	96		92.5625
601	9	Fa5	F5	340	340	1	4	833	99	96		92.8125
602	9	Mi5	E5	336	336	1	8	417	95	96		92.9375
603	9	Re5	D5	327	327	1	4	833	95	96		93.1875
604	9	Do5	C5	318	318	1	16	208	99	96		93.25
605	9	Re5	D5	327	327	1	16	208	99	96		93.3125
606	9	Mi5	E5	336	336	1	16	208	99	96		93.375
607	9	Fa5	F5	340	340	1	16	208	95	96		93.4375
608	9	Sol5	G5	349	349	3	8	1250	95	96		93.8125
609	9			-1	-1	1	4	833	100	0		94.0625
610	9	Do5	C5	318	318	1	16	208	99	96		94.125
611	9	Re5	D5	327	327	1	16	208	99	96		94.1875
612	9	Mi5	E5	336	336	1	16	208	99	96		94.25
613	9	Fa5#5	F5#5	345	345	1	16	208	95	96		94.3125
614	9	Sol5	G5	349	349	1	4	833	95	96		94.5625
615	9	La5	A5	358	358	1	32	104	95	96		94.59375
616	9			-1	-1	1	32	104	100	0		94.625
617	9	Sol5	G5	349	349	1	32	104	95	96		94.65625
618	9			-1	-1	1	32	104	100	0		94.6875
619	9	Fa5	F5	340	340	1	4	833	95	96		94.9375
620	9			-1	-1	1	4	833	100	0		95.1875
621	9	Fa5	F5	340	340	1	8	417	99	96		95.3125
622	9	Mi5	E5	336	336	1	8	417	99	96		95.4375
623	9	Mi5	E5	336	336	1	8	417	95	96		95.5625
624	9	Mi5	E5	336	336	3	16	625	99	96		95.75
625	9	Re5	D5	327	327	1	16	208	95	96		95.8125
626	9	Do5	C5	318	318	1	8	417	99	96		95.9375
627	9	Re5	D5	327	327	1	8	417	95	96		96.0625
628	9	Do5	C5	318	318	1	8	417	99	96		96.1875
629	9	La5	A5	358	358	1	16	208	99	96		96.25
630	9	Sol5	G5	349	349	1	16	208	95	96		96.3125
631	9	Fa5	F5	340	340	1	8	417	99	96		96.4375
632	9	Mi5	E5	336	336	1	8	417	95	96		96.5625
633	9	Re5	D5	327	327	1	8	417	99	96		96.6875
634	9	Do5	C5	318	318	1	8	417	95	96		96.8125
635	9	Re5	D5	327	327	1	4	833	99	96		97.0625
636	9	Re5	D5	327	327	1	8	417	95	96		97.1875
637	9	Mi5	E5	336	336	1	16	208	95	96		97.25
638	9			-1	-1	1	16	208	100	0		97.3125
639	9	Fa5	F5	340	340	1	16	208	95	96		97.375
640	9			-1	-1	1	16	208	100	0		97.4375
641	9	Re5	D5	327	327	1	4	833	95	96		97.6875
642	9	Do5	C5	318	318	1	8	417	95	96	O	97.8125
643	9	Re5	D5	327	327	1	4	833	95	96	müs	98.0625
644	9	Re5	D5	327	327	1	4	833	95	96	tağ	98.3125
645	9	Sol5	G5	349	349	1	4	833	95	96	rak	98.5625
646	9	Re5	D5	327	327	1	8	417	95	96	o	98.6875
647	9	Sol5	G5	349	349	1	4	833	95	96	dur	98.9375
648	9	Fa5	F5	340	340	1	4	833	95	96	gun	99.1875
649	9	Mi5b5	E5b5	331	331	1	4	833	95	96	vec	99.4375
650	9	Fa5	F5	340	340	1	8	417	95	96	di	99.5625
651	9	Mi5b5	E5b5	331	331	1	4	833	95	96	nâ	99.8125
652	9	Re5	D5	327	327	1	4	833	95	96	gâh	100.0625
653	9	Do5	C5	318	318	1	4	833	95	96	öy	100.3125
654	9	Mi5b5	E5b5	331	331	1	8	417	95	96	le	100.4375
655	9	Re5	D5	327	327	1	8	417	99	96	coş	100.5625
656	9	Do5	C5	318	318	1	8	417	95	96		100.6875
657	9	Si4b5	B4b5	309	309	1	8	417	99	96	tur	100.8125
658	9	La4	A4	305	305	1	8	417	95	96		100.9375
659	9	Si4b5	B4b5	309	309	1	4	833	95	96	du	101.1875
660	9	Fa5	F5	340	340	1	8	417	99	96	Ki	101.3125
661	9	Mi5b5	E5b5	331	331	1	8	417	95	96		101.4375
662	9	Mi5b5	E5b5	331	331	1	8	417	95	96	vâ	101.5625
663	9	Mi5b5	E5b5	331	331	1	8	417	99	96	di	101.6875
664	9	Re5	D5	327	327	1	8	417	95	96		101.8125
665	9	Re5	D5	327	327	1	8	417	99	96	den	101.9375
666	9	Do5	C5	318	318	1	8	417	95	96		102.0625
667	9	Do5	C5	318	318	1	8	417	95	96	bü	102.1875
668	9	Re5	D5	327	327	1	8	417	99	96	tün	102.3125
669	9	Do5	C5	318	318	1	8	417	95	96		102.4375
670	9	Si4b5	B4b5	309	309	1	8	417	99	96	gir	102.5625
671	9	La4	A4	305	305	1	8	417	95	96		102.6875
672	9	Si4b5	B4b5	309	309	1	4	833	95	96	yân	102.9375
673	9	Re5	D5	327	327	1	8	417	95	96	e	103.0625
674	9	Do5	C5	318	318	1	8	417	99	96	nîn	103.1875
675	9	Si4b5	B4b5	309	309	1	8	417	95	96		103.3125
676	9	Do5	C5	318	318	1	8	417	99	96	ler	103.4375
677	9	Si4b5	B4b5	309	309	1	8	417	95	96		103.5625
678	9	La4	A4	305	305	1	8	417	99	96	çağ	103.6875
679	9	Sol4	G4	296	296	1	8	417	95	96		103.8125
680	9	Si4b5	B4b5	309	309	1	8	417	99	96	la	103.9375
681	9	La4	A4	305	305	1	8	417	99	96		104.0625
682	9	Sol4	G4	296	296	1	8	417	95	96	yıp	104.1875
683	9	Sol4	G4	296	296	1	8	417	99	96	dur	104.3125
684	9	Fa4#5	F4#5	292	292	1	8	417	99	96		104.4375
685	9	Sol4	G4	296	296	1	8	417	95	96	du	104.5625
686	9			-1	-1	1	8	417	100	0		104.6875
687	9	Sol5	G5	349	349	1	4	833	95	96		104.9375
688	9	Sol5	G5	349	349	1	4	833	95	96		105.1875
689	9	Sol5	G5	349	349	1	4	833	95	96		105.4375
690	9	Si5b5	B5b5	362	362	1	16	208	99	96		105.5
691	9	La5	A5	358	358	1	16	208	99	96		105.5625
692	9	Sol5	G5	349	349	1	8	417	95	96		105.6875
693	9	Fa5	F5	340	340	1	4	833	95	96		105.9375
694	9	Mi5	E5	336	336	1	4	833	95	96		106.1875
695	9	Re5	D5	327	327	1	4	833	95	96		106.4375
696	9	Do5	C5	318	318	1	16	208	99	96		106.5
697	9	Re5	D5	327	327	1	16	208	99	96		106.5625
698	9	Mi5	E5	336	336	1	8	417	95	96		106.6875
699	9	Fa5	F5	340	340	1	4	833	95	96		106.9375
700	9	Sol5	G5	349	349	1	4	833	95	96		107.1875
701	9	La5	A5	358	358	1	4	833	95	96		107.4375
702	9	Sol5	G5	349	349	1	4	833	95	96		107.6875
703	9	Fa5	F5	340	340	1	4	833	95	96		107.9375
704	9	Mi5	E5	336	336	1	16	208	99	96		108
705	9	Re5	D5	327	327	1	16	208	99	96		108.0625
706	9	Do5	C5	318	318	1	8	417	95	96		108.1875
707	9	Sol5	G5	349	349	1	4	833	95	96		108.4375
708	9			-1	-1	1	4	833	100	0		108.6875
709	9	La5	A5	358	358	1	32	104	95	96		108.7188
710	9			-1	-1	1	32	104	100	0		108.75
711	9	Sol5	G5	349	349	1	32	104	95	96		108.7813
712	9			-1	-1	1	32	104	100	0		108.8125
713	9	Fa5	F5	340	340	1	8	417	95	96		108.9375
714	9			-1	-1	1	8	417	100	0		109.0625
715	9	Fa5	F5	340	340	1	4	833	99	96		109.3125
716	9	Mi5	E5	336	336	1	16	208	95	96		109.375
717	9			-1	-1	1	16	208	100	0		109.4375
718	9	Sol5	G5	349	349	1	32	104	95	96		109.4688
719	9			-1	-1	1	32	104	100	0		109.5
720	9	Fa5	F5	340	340	1	32	104	95	96		109.5313
721	9			-1	-1	1	32	104	100	0		109.5625
722	9	Mi5	E5	336	336	3	8	1250	95	96		109.9375
723	9	Mi5	E5	336	336	3	8	1250	99	96		110.3125
724	9	Re5	D5	327	327	1	8	417	95	96		110.4375
725	9			-1	-1	1	8	417	100	0		110.5625
726	9	Si5b5	B5b5	362	362	1	8	417	99	96		110.6875
727	9	La5	A5	358	358	1	8	417	99	96		110.8125
728	9	Sol5	G5	349	349	1	8	417	95	96		110.9375
729	9	Fa5	F5	340	340	3	16	625	99	96		111.125
730	9	Mi5	E5	336	336	1	16	208	95	96		111.1875
731	9	Re5	D5	327	327	1	16	208	99	96		111.25
732	9	Mi5	E5	336	336	1	16	208	99	96		111.3125
733	9	Sol5	G5	349	349	1	8	417	95	96		111.4375
734	9	Fa5	F5	340	340	3	16	625	99	96		111.625
735	9	Mi5	E5	336	336	1	16	208	95	96		111.6875
736	9	Mi5	E5	336	336	3	16	625	99	96		111.875
737	9	Re5	D5	327	327	1	16	208	95	96		111.9375
738	9	Re5	D5	327	327	1	4	833	95	96		112.1875
739	9			-1	-1	1	4	833	100	0		112.4375
740	9	Fa5	F5	340	340	1	1	3333	95	96		113.4375
741	9	Fa5	F5	340	340	3	4	2500	95	96		114.1875
742	9			-1	-1	1	4	833	100	0		114.4375
743	9			-1	-1	1	8	417	100	0		114.5625
744	9	Si5b5	B5b5	362	362	1	8	417	99	96		114.6875
745	9	La5	A5	358	358	1	8	417	99	96		114.8125
746	9	Sol5b5	G5b5	344	344	1	8	417	95	96		114.9375
747	9	Sol5b5	G5b5	344	344	1	8	417	99	96		115.0625
748	9	Fa5#5	F5#5	345	345	1	8	417	99	96		115.1875
749	9	Fa5#5	F5#5	345	345	1	8	417	99	96		115.3125
750	9	Sol5b5	G5b5	344	344	1	8	417	95	96		115.4375
751	9	Sol5b5	G5b5	344	344	1	8	417	99	96		115.5625
752	9	Fa5	F5	340	340	1	4	833	99	96		115.8125
753	9	Sol5b5	G5b5	344	344	1	8	417	95	96		115.9375
754	9	Fa5	F5	340	340	1	4	833	99	96		116.1875
755	9	Mi5	E5	336	336	1	4	833	95	96		116.4375
756	9	Fa5	F5	340	340	1	16	208	99	96		116.5
757	9	Sol5b5	G5b5	344	344	1	16	208	99	96		116.5625
758	9	Fa5	F5	340	340	1	8	417	99	96		116.6875
759	9	Sol5b5	G5b5	344	344	1	8	417	99	96		116.8125
760	9	La5	A5	358	358	1	8	417	95	96		116.9375
761	9	Sol5b5	G5b5	344	344	1	8	417	99	96		117.0625
762	9	Fa5	F5	340	340	1	4	833	99	96		117.3125
763	9	Mi5	E5	336	336	1	8	417	95	96		117.4375
764	9			-1	-1	1	8	417	100	0		117.5625
765	9	Si5b5	B5b5	362	362	1	8	417	99	96		117.6875
766	9	La5	A5	358	358	1	8	417	99	96		117.8125
767	9	Sol5b5	G5b5	344	344	1	8	417	95	96		117.9375
768	9	Fa5	F5	340	340	1	4	833	95	96		118.1875
769	9	Mi5	E5	336	336	1	4	833	95	96		118.4375
770	9	Fa5	F5	340	340	1	8	417	99	96		118.5625
771	9	Sol5b5	G5b5	344	344	1	8	417	99	96		118.6875
772	9	Fa5	F5	340	340	1	8	417	99	96		118.8125
773	9	Fa5	F5	340	340	1	16	208	99	96		118.875
774	9	Mi5	E5	336	336	1	16	208	95	96		118.9375
775	9	Re5	D5	327	327	1	4	833	95	96		119.1875
776	9			-1	-1	1	4	833	100	0		119.4375
777	9	Fa5	F5	340	340	1	8	417	99	96		119.5625
778	9	Mi5	E5	336	336	3	8	1250	99	96		119.9375
779	9	Mi5	E5	336	336	1	2	1667	95	96		120.4375
780	9	Do5	C5	318	318	1	16	208	99	96		120.5
781	9	Re5	D5	327	327	1	16	208	99	96		120.5625
782	9	Mi5	E5	336	336	1	16	208	99	96		120.625
783	9	Fa5	F5	340	340	1	16	208	99	96		120.6875
784	9	Mi5	E5	336	336	1	16	208	99	96		120.75
785	9	Fa5	F5	340	340	1	16	208	99	96		120.8125
786	9	Sol5	G5	349	349	1	8	417	95	96		120.9375
787	9	Fa5	F5	340	340	1	8	417	99	96		121.0625
788	9	Mi5	E5	336	336	3	8	1250	99	96		121.4375
789	9	Mi5	E5	336	336	1	16	208	99	96		121.5
790	9	Re5	D5	327	327	1	16	208	95	96		121.5625
791	9	Re5	D5	327	327	1	2	1667	95	96		122.0625
792	9			-1	-1	1	2	1667	100	0		122.5625
793	9	Fa5	F5	340	340	3	4	2500	95	96		123.3125
794	9			-1	-1	1	4	833	100	0		123.5625
795	9	Fa5	F5	340	340	1	8	417	99	96	Ne	123.6875
796	9	Fa5	F5	340	340	1	4	833	95	96	muh	123.9375
797	9	Fa5	F5	340	340	1	4	833	95	96	rik	124.1875
798	9	Fa5	F5	340	340	1	4	833	95	96	nağ	124.4375
799	9	La5	A5	358	358	1	8	417	99	96	me	124.5625
800	9	Sol5b5	G5b5	344	344	1	4	833	95	96	ler	124.8125
801	9	Sol5b5	G5b5	344	344	1	8	417	99	96	yâ	124.9375
802	9	Fa5	F5	340	340	1	8	417	95	96		125.0625
803	9	Fa5	F5	340	340	1	8	417	99	96	Rab	125.1875
804	9	Mi5	E5	336	336	1	8	417	95	96		125.3125
805	9	La5	A5	358	358	1	8	417	99	96	ne	125.4375
806	9	Sol5b5	G5b5	344	344	1	4	833	95	96	mev	125.6875
807	9	Sol5b5	G5b5	344	344	3	16	625	99	96	câ	125.875
808	9	Fa5	F5	340	340	1	16	208	95	96		125.9375
809	9	Fa5	F5	340	340	3	16	625	99	96	mevc	126.125
810	9	Mi5	E5	336	336	1	16	208	95	96		126.1875
811	9	Sol5b5	G5b5	344	344	1	8	417	99	96	dem	126.3125
812	9	Fa5	F5	340	340	1	8	417	99	96		126.4375
813	9	Mi5	E5	336	336	1	8	417	95	96		126.5625
814	9	Re5	D5	327	327	3	16	625	99	96	ler	126.75
815	9	Do5	C5	318	318	1	16	208	95	96		126.8125
816	9	Re5	D5	327	327	1	8	417	99	96		126.9375
817	9	Mi5	E5	336	336	1	8	417	95	96		127.0625
818	9	Fa5#5	F5#5	345	345	3	8	1250	99	96	di	127.4375
819	9	Fa5#5	F5#5	345	345	1	4	833	95	96		127.6875
820	9			-1	-1	1	4	833	100	0		127.9375
821	9	La5	A5	358	358	1	8	417	99	96	SAZ 	128.0625
822	9	Fa5	F5	340	340	1	8	417	99	96		128.1875
823	9	Sol5b5	G5b5	344	344	1	8	417	95	96		128.3125
824	9	Fa5	F5	340	340	1	8	417	99	96		128.4375
825	9	Sol5b5	G5b5	344	344	1	8	417	95	96		128.5625
826	9	Fa5	F5	340	340	1	8	417	99	96		128.6875
827	9	Mi5	E5	336	336	1	8	417	95	96		128.8125
828	9	La5	A5	358	358	1	8	417	99	96	A	128.9375
829	9	Sol5b5	G5b5	344	344	1	4	833	95	96	ğaç	129.1875
830	9	Sol5b5	G5b5	344	344	1	8	417	99	96	lar	129.3125
831	9	Fa5	F5	340	340	1	8	417	95	96		129.4375
832	9	Fa5	F5	340	340	1	8	417	99	96	taş	129.5625
833	9	Mi5	E5	336	336	1	8	417	95	96		129.6875
834	9	La5	A5	358	358	1	8	417	99	96	lar	129.8125
835	9	Sol5b5	G5b5	344	344	1	8	417	99	96	ür	129.9375
836	9	Fa5	F5	340	340	1	8	417	95	96		130.0625
837	9	Fa5	F5	340	340	1	8	417	99	96	per	130.1875
838	9	Mi5	E5	336	336	1	8	417	95	96		130.3125
839	9	Mi5	E5	336	336	1	4	833	95	96	miş	130.5625
840	9	Sol5	G5	349	349	1	8	417	99	96	ti	130.6875
841	9	Fa5	F5	340	340	1	4	833	95	96	gû	130.9375
842	9	Mi5	E5	336	336	1	8	417	99	96	ya	131.0625
843	9	Re5	D5	327	327	1	8	417	95	96		131.1875
844	9	Do5	C5	318	318	1	4	833	95	96	Sû	131.4375
845	9	Re5	D5	327	327	1	8	417	95	96	ri	131.5625
846	9	Re5	D5	327	327	1	4	833	95	96	Mah	131.8125
847	9	Re6	D6	380	380	1	2	1667	99	96	şer	132.3125
848	9	Re6	D6	380	380	3	8	1250	99	96		132.6875
849	9	Re6	D6	380	380	1	4	833	95	96		132.9375
850	9			-1	-1	1	4	833	100	0		133.1875
851	9	Si5b5	B5b5	362	362	1	8	417	99	96	di	133.3125
852	9	La5	A5	358	358	1	8	417	99	96		133.4375
853	9	Sol5	G5	349	349	1	8	417	95	96		133.5625
854	9	Fa5	F5	340	340	3	16	625	95	96		133.75
855	9	Mi5	E5	336	336	1	16	208	95	96		133.8125
856	9	Re5	D5	327	327	1	4	833	95	96		134.0625
857	9	Re5	D5	327	327	1	8	417	99	96		134.1875
858	9	Mi5	E5	336	336	1	8	417	95	96		134.3125
859	9	Fa5	F5	340	340	1	8	417	95	96		134.4375
860	9	Mi5	E5	336	336	3	16	625	99	96		134.625
861	9	Re5	D5	327	327	1	16	208	95	96		134.6875
862	9	Do5	C5	318	318	1	8	417	99	96		134.8125
863	9	Mi5	E5	336	336	1	8	417	95	96		134.9375
864	9	Re5	D5	327	327	1	4	833	95	96		135.1875
865	9	Re5	D5	327	327	1	8	417	95	96		135.3125
866	9	Mi5	E5	336	336	1	8	417	99	96		135.4375
867	9	Fa5#5	F5#5	345	345	1	8	417	95	96		135.5625
868	9	Re5	D5	327	327	1	4	833	95	96		135.8125
869	9	Re5	D5	327	327	1	8	417	95	96	E	135.9375
870	9	Sol5	G5	349	349	1	4	833	95	96	şin	136.1875
871	9	Re5	D5	327	327	1	4	833	95	96	var	136.4375
872	9	Sol5	G5	349	349	1	4	833	95	96	â	136.6875
873	9	Re5	D5	327	327	1	8	417	95	96	şi	136.8125
874	9	Sol5	G5	349	349	1	4	833	95	96	ya	137.0625
875	9	Fa5	F5	340	340	1	8	417	99	96	nın	137.1875
876	9	Mi5b5	E5b5	331	331	1	8	417	95	96		137.3125
877	9	Re5	D5	327	327	1	8	417	99	96	var	137.4375
878	9	Mi5b5	E5b5	331	331	1	8	417	95	96		137.5625
879	9	Sol5	G5	349	349	1	8	417	99	96	ba	137.6875
880	9	Fa5	F5	340	340	1	8	417	95	96	ha	137.8125
881	9	Mi5b5	E5b5	331	331	1	8	417	95	96		137.9375
882	9	Mi5b5	E5b5	331	331	1	8	417	99	96	rın	138.0625
883	9	Re5	D5	327	327	1	8	417	95	96		138.1875
884	9	Re5	D5	327	327	1	8	417	99	96	var	138.3125
885	9	Do5	C5	318	318	1	8	417	95	96		138.4375
886	9	Do5	C5	318	318	1	8	417	99	96	ki	138.5625
887	9	Re5	D5	327	327	1	8	417	95	96	bek	138.6875
888	9	Do5	C5	318	318	1	8	417	95	96		138.8125
889	9	Si4b5	B4b5	309	309	1	8	417	99	96	ler	138.9375
890	9	La4	A4	305	305	1	8	417	95	96		139.0625
891	9	Si4b5	B4b5	309	309	1	4	833	95	96	din	139.3125
892	9	Fa4	F4	287	287	1	8	417	95	96		139.4375
893	9	Fa4	F4	287	287	1	8	417	95	96		139.5625
894	9	Fa4	F4	287	287	1	8	417	95	96		139.6875
895	9	Si4b5	B4b5	309	309	3	8	1250	99	96		140.0625
896	9	Re5	D5	327	327	1	8	417	95	96		140.1875
897	9	Do5	C5	318	318	1	8	417	99	96		140.3125
898	9	Re5	D5	327	327	1	8	417	95	96		140.4375
899	9	Mi5b5	E5b5	331	331	1	16	208	95	96		140.5
900	9	Fa5#5	F5#5	345	345	1	16	208	95	96		140.5625
901	9	Re5	D5	327	327	3	8	1250	95	96		140.9375
902	9	Sol5	G5	349	349	1	8	417	95	96		141.0625
903	9	Do5	C5	318	318	1	8	417	95	96	Kı	141.1875
904	9	Re5	D5	327	327	1	4	833	95	96	yâ	141.4375
905	9	Re5	D5	327	327	1	4	833	95	96	met	141.6875
906	9	Sol5	G5	349	349	1	4	833	95	96	ler	141.9375
907	9	Fa5	F5	340	340	1	8	417	95	96	ko	142.0625
908	9	Mi5b5	E5b5	331	331	1	4	833	95	96	par	142.3125
909	9	Mi5b5	E5b5	331	331	1	8	417	99	96	mak	142.4375
910	9	Re5	D5	327	327	1	8	417	95	96		142.5625
911	9	Re5	D5	327	327	1	8	417	99	96	ney	142.6875
912	9	Do5	C5	318	318	1	8	417	95	96		142.8125
913	9	Do5	C5	318	318	1	8	417	95	96	di	142.9375
914	9	Re5	D5	327	327	1	8	417	99	96	ey	143.0625
915	9	Do5	C5	318	318	1	8	417	95	96		143.1875
916	9	Si4b5	B4b5	309	309	1	8	417	99	96	bül	143.3125
917	9	La4	A4	305	305	1	8	417	95	96		143.4375
918	9	Si4b5	B4b5	309	309	1	4	833	95	96	bül	143.6875
919	9	Sol4	G4	296	296	1	8	417	95	96	ne	143.8125
920	9	La4	A4	305	305	1	4	833	95	96	dir	144.0625
921	9	Sol4	G4	296	296	1	4	833	95	96	der	144.3125
922	9	Re5	D5	327	327	3	8	1250	99	96	din	144.6875
923	9			-1	-1	1	4	833	100	0		144.9375
924	9			-1	-1	1	8	417	100	0		145.0625
925	9			-1	-1	1	2	1667	100	0		145.5625
926	9	Do5	C5	318	318	1	8	417	99	96	ne	145.6875
927	9	Si4b5	B4b5	309	309	1	8	417	99	96	dir	145.8125
928	9	La4	A4	305	305	1	8	417	95	96		145.9375
929	9	Sol4	G4	296	296	1	8	417	99	96	der	146.0625
930	9	Fa4#5	F4#5	292	292	1	8	417	95	96		146.1875
931	9	Sol4	G4	296	296	1	4	833	95	96	din	146.4375
932	9			-1	-1	1	4	833	100	0		146.6875
933	9			-1	-1	1	8	417	100	0		146.8125
934	9			-1	-1	1	2	1667	100	0		147.3125
935	9	Sol4	G4	296	296	1	16	208	99	96		147.375
936	9	La4	A4	305	305	1	16	208	99	96		147.4375
937	9	Si4	B4	314	314	1	16	208	99	96		147.5
938	9	Do5	C5	318	318	1	16	208	99	96		147.5625
939	9	Si4	B4	314	314	1	16	208	99	96		147.625
940	9	Do5	C5	318	318	1	16	208	95	96		147.6875
941	9	Re5	D5	327	327	1	4	833	99	96		147.9375
942	9	Mi5b5	E5b5	331	331	1	8	417	95	96		148.0625
943	9	Sol5	G5	349	349	1	16	208	99	96		148.125
944	9	Fa5#5	F5#5	345	345	1	16	208	99	96		148.1875
945	9	Mi5b5	E5b5	331	331	1	16	208	99	96		148.25
946	9	Re5	D5	327	327	1	16	208	99	96		148.3125
947	9	Do5	C5	318	318	1	16	208	99	96		148.375
948	9	Mi5b5	E5b5	331	331	1	16	208	95	96		148.4375
949	9	Re5	D5	327	327	1	4	833	99	96		148.6875
950	9	Do5	C5	318	318	1	8	417	95	96		148.8125
951	9	Re5	D5	327	327	1	16	208	99	96		148.875
952	9	Mi5b5	E5b5	331	331	1	16	208	99	96		148.9375
953	9	Re5	D5	327	327	1	16	208	99	96		149
954	9	Mi5b5	E5b5	331	331	1	16	208	99	96		149.0625
955	9	Re5	D5	327	327	1	16	208	99	96		149.125
956	9	Do5	C5	318	318	1	16	208	95	96		149.1875
957	9	Re5	D5	327	327	1	8	417	99	96		149.3125
958	9	Mi5b5	E5b5	331	331	1	8	417	99	96		149.4375
959	9	Fa5#5	F5#5	345	345	1	8	417	95	96		149.5625
960	9	Fa5#5	F5#5	345	345	1	8	417	99	96		149.6875
961	9	Mi5b5	E5b5	331	331	1	8	417	99	96		149.8125
962	9	Re5	D5	327	327	1	16	208	99	96		149.875
963	9	Do5	C5	318	318	1	16	208	95	96		149.9375
964	9	Re5	D5	327	327	1	4	833	95	96		150.1875
965	9			-1	-1	1	8	417	100	0		150.3125
966	9	Sol4	G4	296	296	1	16	208	99	96		150.375
967	9	La4	A4	305	305	1	16	208	99	96		150.4375
968	9	Si4	B4	314	314	1	16	208	99	96		150.5
969	9	Do5	C5	318	318	1	16	208	99	96		150.5625
970	9	Si4	B4	314	314	1	16	208	99	96		150.625
971	9	Do5	C5	318	318	1	16	208	95	96		150.6875
972	9	Re5	D5	327	327	1	8	417	99	96		150.8125
973	9	Mi5b5	E5b5	331	331	1	8	417	99	96		150.9375
974	9	Fa5#5	F5#5	345	345	1	8	417	95	96		151.0625
975	9	Sol5	G5	349	349	3	16	625	99	96		151.25
976	9	Fa5#5	F5#5	345	345	1	16	208	99	96		151.3125
977	9	Mi5b5	E5b5	331	331	1	8	417	95	96		151.4375
978	9	Re5	D5	327	327	1	16	208	99	96		151.5
979	9	Mi5b5	E5b5	331	331	1	16	208	99	96		151.5625
980	9	Re5	D5	327	327	1	16	208	99	96		151.625
981	9	Do5	C5	318	318	1	16	208	99	96		151.6875
982	9	Si4	B4	314	314	1	8	417	95	96		151.8125
983	9	La4	A4	305	305	1	8	417	99	96		151.9375
984	9	Si4	B4	314	314	1	8	417	99	96		152.0625
985	9	Do5	C5	318	318	1	8	417	95	96		152.1875
986	9	Mi5	E5	336	336	1	8	417	99	96		152.3125
987	9	Re5	D5	327	327	1	8	417	99	96		152.4375
988	9	Do5	C5	318	318	1	8	417	95	96		152.5625
989	9	Si4	B4	314	314	1	8	417	99	96		152.6875
990	9	La4	A4	305	305	1	8	417	99	96		152.8125
991	9	La4	A4	305	305	1	16	208	99	96		152.875
992	9	Si4	B4	314	314	1	16	208	95	96		152.9375
993	9	Sol4	G4	296	296	1	4	833	95	96		153.1875
994	9			-1	-1	1	8	417	100	0		153.3125
995	8	Sol4	G4	296	296	0	0	0	95	96		153.3125
996	9	Re5	D5	327	327	3	16	625	95	96		153.5
997	9	Do5	C5	318	318	1	16	208	99	96		153.5625
998	9	Si4	B4	314	314	1	8	417	95	96		153.6875
999	8	Sol4	G4	296	296	0	0	0	95	96		153.6875
1000	9	Re5	D5	327	327	3	16	625	95	96		153.875
1001	9	Do5	C5	318	318	1	16	208	99	96		153.9375
1002	9	Si4	B4	314	314	1	8	417	95	96		154.0625
1003	9	Sol5	G5	349	349	1	16	208	99	96		154.125
1004	9	Fa5#5	F5#5	345	345	1	16	208	99	96		154.1875
1005	9	Mi5b5	E5b5	331	331	1	16	208	99	96		154.25
1006	9	Re5	D5	327	327	1	16	208	95	96		154.3125
1007	9	Do5	C5	318	318	1	32	104	95	96		154.3438
1008	9			-1	-1	1	32	104	100	0		154.375
1009	9	Mi5b5	E5b5	331	331	1	32	104	95	96		154.4063
1010	9			-1	-1	1	32	104	100	0		154.4375
1011	9	Re5	D5	327	327	1	4	833	99	96		154.6875
1012	9	Re5	D5	327	327	3	8	1250	99	96		155.0625
1013	9	Re5	D5	327	327	1	4	833	95	96		155.3125
1014	9			-1	-1	1	4	833	100	0		155.5625
1015	9	Sol4	G4	296	296	1	8	417	99	96	O	155.6875
1016	9	Si4	B4	314	314	1	8	417	99	96	züm	155.8125
1017	9	Do5	C5	318	318	1	8	417	95	96		155.9375
1018	9	Re5	D5	327	327	1	4	833	99	96	rüd	156.1875
1019	9	Do5	C5	318	318	1	8	417	95	96		156.3125
1020	9	Re5	D5	327	327	1	8	417	99	96	tah	156.4375
1021	9	Mi5b5	E5b5	331	331	1	8	417	99	96		156.5625
1022	9	Fa5#5	F5#5	345	345	1	8	417	95	96		156.6875
1023	9	Mi5b5	E5b5	331	331	1	4	833	99	96		156.9375
1024	9	Re5	D5	327	327	1	8	417	95	96		157.0625
1025	9	La5	A5	358	358	1	16	208	99	96	ta	157.125
1026	9	Sol5	G5	349	349	1	16	208	99	96		157.1875
1027	9	Sol5	G5	349	349	1	8	417	99	96	kon	157.3125
1028	9	Fa5#5	F5#5	345	345	1	8	417	95	96		157.4375
1029	9	Fa5#5	F5#5	345	345	1	8	417	99	96	dun	157.5625
1030	9	Mi5b5	E5b5	331	331	1	8	417	99	96		157.6875
1031	9	Mi5b5	E5b5	331	331	1	16	208	99	96		157.75
1032	9	Re5	D5	327	327	1	16	208	95	96		157.8125
1033	9	Re5	D5	327	327	3	8	1250	99	96	bir	158.1875
1034	9	Re5	D5	327	327	1	4	833	95	96		158.4375
1035	9			-1	-1	1	8	417	100	0		158.5625
1036	9	Sol4	G4	296	296	1	8	417	99	96	se	158.6875
1037	9	Si4	B4	314	314	1	8	417	99	96	mâ	158.8125
1038	9	Do5	C5	318	318	1	8	417	95	96		158.9375
1039	9	Re5	D5	327	327	1	8	417	99	96	vî	159.0625
1040	9	Do5	C5	318	318	1	8	417	99	96		159.1875
1041	9	Re5	D5	327	327	1	8	417	95	96		159.3125
1042	9	Mi5b5	E5b5	331	331	1	4	833	99	96	sal	159.5625
1043	9	Re5	D5	327	327	1	8	417	95	96		159.6875
1044	9	Mi5b5	E5b5	331	331	1	8	417	99	96		159.8125
1045	9	Re5	D5	327	327	1	8	417	99	96		159.9375
1046	9	Do5	C5	318	318	1	8	417	95	96		160.0625
1047	9	La5	A5	358	358	1	16	208	99	96	ta	160.125
1048	9	Sol5	G5	349	349	1	16	208	99	96		160.1875
1049	9	Sol5	G5	349	349	1	8	417	99	96	nat	160.3125
1050	9	Fa5#5	F5#5	345	345	1	8	417	95	96		160.4375
1051	9	Fa5#5	F5#5	345	345	1	8	417	99	96	kur	160.5625
1052	9	Mi5b5	E5b5	331	331	1	8	417	99	96		160.6875
1053	9	Mi5b5	E5b5	331	331	1	16	208	99	96		160.75
1054	9	Re5	D5	327	327	1	16	208	95	96		160.8125
1055	9	Re5	D5	327	327	3	8	1250	99	96	dun	161.1875
1056	9	Re5	D5	327	327	1	4	833	95	96		161.4375
1057	9			-1	-1	1	8	417	100	0		161.5625
1058	9	Sol4	G4	296	296	1	8	417	99	96		161.6875
1059	9	La4	A4	305	305	1	8	417	95	96		161.8125
1060	9	Si4	B4	314	314	1	32	104	95	96		161.8438
1061	9			-1	-1	1	32	104	100	0		161.875
1062	9	Do5	C5	318	318	1	32	104	95	96		161.9063
1063	9			-1	-1	1	32	104	100	0		161.9375
1064	9	Si4	B4	314	314	1	8	417	99	96		162.0625
1065	9	Do5	C5	318	318	1	8	417	95	96		162.1875
1066	9	Re5	D5	327	327	1	32	104	95	96		162.2188
1067	9			-1	-1	1	32	104	100	0		162.25
1068	9	Mi5	E5	336	336	1	32	104	95	96		162.2813
1069	9			-1	-1	1	32	104	100	0		162.3125
1070	9	Re5	D5	327	327	1	8	417	99	96		162.4375
1071	9	Do5	C5	318	318	1	8	417	95	96		162.5625
1072	9	Si4	B4	314	314	1	32	104	95	96		162.5938
1073	9			-1	-1	1	32	104	100	0		162.625
1074	9	Do5	C5	318	318	1	32	104	95	96		162.6563
1075	9			-1	-1	1	32	104	100	0		162.6875
1076	9	Re5	D5	327	327	1	4	833	95	96		162.9375
1077	9			-1	-1	1	8	417	100	0		163.0625
1078	9	Re5	D5	327	327	1	8	417	99	96	Ci	163.1875
1079	9	Sol5	G5	349	349	1	4	833	95	96	hâ	163.4375
1080	9	Sol5	G5	349	349	1	8	417	99	96	nın	163.5625
1081	9	Fa5#5	F5#5	345	345	1	8	417	99	96		163.6875
1082	9	Mi5b5	E5b5	331	331	1	8	417	95	96		163.8125
1083	9	Re5	D5	327	327	1	8	417	99	96	yur	163.9375
1084	9	Mi5b5	E5b5	331	331	1	8	417	99	96		164.0625
1085	9	Fa5#5	F5#5	345	345	1	8	417	95	96		164.1875
1086	9	Fa5#5	F5#5	345	345	1	8	417	99	96		164.3125
1087	9	Mi5b5	E5b5	331	331	1	8	417	99	96		164.4375
1088	9	Re5	D5	327	327	1	16	208	99	96		164.5
1089	9	Do5	C5	318	318	1	16	208	95	96		164.5625
1090	9	Re5	D5	327	327	1	8	417	99	96	du	164.6875
1091	9	Mi5b5	E5b5	331	331	1	8	417	99	96	hep	164.8125
1092	9	Fa5#5	F5#5	345	345	1	8	417	95	96		164.9375
1093	9	Fa5#5	F5#5	345	345	1	8	417	99	96	çiğ	165.0625
1094	9	Mi5b5	E5b5	331	331	1	8	417	99	96		165.1875
1095	9	Do5	C5	318	318	1	16	208	99	96		165.25
1096	9	Mi5b5	E5b5	331	331	1	16	208	95	96		165.3125
1097	9	Re5	D5	327	327	1	4	833	99	96	nen	165.5625
1098	9	Do5	C5	318	318	1	8	417	95	96		165.6875
1099	9	Si4	B4	314	314	1	16	208	99	96		165.75
1100	9	La4	A4	305	305	1	16	208	99	96		165.8125
1101	9	Si4	B4	314	314	1	4	833	95	96		166.0625
1102	9	La4	A4	305	305	1	8	417	99	96	se	166.1875
1103	9	La4	A4	305	305	1	8	417	99	96	çiğ	166.3125
1104	9	Si4	B4	314	314	1	8	417	95	96	nen	166.4375
1105	9	Do5	C5	318	318	1	8	417	99	96		166.5625
1106	9	Mi5b5	E5b5	331	331	1	8	417	99	96		166.6875
1107	9	Re5	D5	327	327	1	8	417	95	96		166.8125
1108	9	Re5	D5	327	327	1	4	833	99	96	mez	167.0625
1109	9	Do5	C5	318	318	1	8	417	95	96		167.1875
1110	9	Si4	B4	314	314	3	16	625	99	96		167.375
1111	9	La4	A4	305	305	1	16	208	99	96		167.4375
1112	9	Sol4	G4	296	296	1	8	417	95	96		167.5625
1113	9	Re5	D5	327	327	1	8	417	99	96	se	167.6875
1114	9	Do5	C5	318	318	1	8	417	99	96	nin	167.8125
1115	9	Si4	B4	314	314	1	8	417	95	96		167.9375
1116	9	Si4	B4	314	314	1	8	417	99	96	yur	168.0625
1117	9	La4	A4	305	305	1	8	417	99	96		168.1875
1118	9	La4	A4	305	305	1	16	208	99	96		168.25
1119	9	Sol4	G4	296	296	1	16	208	95	96		168.3125
1120	9	Sol4	G4	296	296	3	8	1250	99	96	dun	168.6875
1121	9	Sol4	G4	296	296	1	4	833	95	96		168.9375
1122	9			-1	-1	1	8	417	100	0		169.0625
1123	9	Sol4	G4	296	296	1	8	417	99	96		169.1875
1124	9	Sol5	G5	349	349	1	4	833	95	96		169.4375
1125	9	Fa5#5	F5#5	345	345	1	8	417	99	96		169.5625
1126	9	Sol5	G5	349	349	1	8	417	99	96		169.6875
1127	9	La5	A5	358	358	1	8	417	95	96		169.8125
1128	9	Sol5	G5	349	349	3	16	625	99	96		170
1129	9	Fa5#5	F5#5	345	345	1	16	208	99	96		170.0625
1130	9	Mi5b5	E5b5	331	331	1	8	417	95	96		170.1875
1131	9	Re5	D5	327	327	1	4	833	95	96		170.4375
1132	9			-1	-1	1	8	417	100	0		170.5625
1133	9	Sol5	G5	349	349	3	16	625	99	96		170.75
1134	9	Fa5#5	F5#5	345	345	1	16	208	99	96		170.8125
1135	9	Mi5b5	E5b5	331	331	1	8	417	95	96		170.9375
1136	9	Do5	C5	318	318	1	8	417	99	96		171.0625
1137	9	Re5	D5	327	327	1	8	417	99	96		171.1875
1138	9	Mi5b5	E5b5	331	331	1	8	417	95	96		171.3125
1139	9	Mi5b5	E5b5	331	331	1	8	417	99	96		171.4375
1140	9	Re5	D5	327	327	1	8	417	99	96		171.5625
1141	9	Do5	C5	318	318	1	8	417	95	96		171.6875
1142	9	Re5	D5	327	327	1	4	833	99	96		171.9375
1143	9	Do5	C5	318	318	1	8	417	95	96		172.0625
1144	9	La5	A5	358	358	1	8	417	99	96		172.1875
1145	9	Sol5	G5	349	349	1	4	833	95	96		172.4375
1146	9	Fa5#5	F5#5	345	345	1	8	417	99	96		172.5625
1147	9	Mi5b5	E5b5	331	331	1	8	417	99	96		172.6875
1148	9	Mi5b5	E5b5	331	331	1	16	208	99	96		172.75
1149	9	Re5	D5	327	327	1	16	208	95	96		172.8125
1150	9	Re5	D5	327	327	3	8	1250	99	96		173.1875
1151	9	Re5	D5	327	327	1	4	833	95	96		173.4375
1152	9			-1	-1	1	8	417	100	0		173.5625
1153	9	Re4	D4	274	274	3	8	1250	99	96		173.9375
1154	9	Re4	D4	274	274	1	4	833	99	96		174.1875
1155	9	Do4	C4	265	265	1	8	417	95	96		174.3125
1156	9	La4	A4	305	305	1	8	417	99	96		174.4375
1157	9	Sol4	G4	296	296	1	4	833	95	96		174.6875
1158	9	Fa4#5	F4#5	292	292	1	8	417	99	96		174.8125
1159	9	Mi4b5	E4b5	278	278	1	8	417	95	96		174.9375
1160	9	Mi4b5	E4b5	278	278	1	16	208	99	96		175
1161	9	Re4	D4	274	274	1	16	208	95	96		175.0625
1162	9	Re4	D4	274	274	3	8	1250	99	96		175.4375
1163	9	Re4	D4	274	274	3	8	1250	95	96		175.8125
1164	9	Sol5	G5	349	349	3	8	1250	95	96		176.1875
1165	9	Sol5	G5	349	349	3	8	1250	95	96		176.5625
1166	9	La5	A5	358	358	1	8	417	99	96		176.6875
1167	9	Sol5	G5	349	349	1	8	417	99	96		176.8125
1168	9	Sol5	G5	349	349	1	16	208	99	96		176.875
1169	9	Fa5#5	F5#5	345	345	1	16	208	95	96		176.9375
1170	9	Sol5	G5	349	349	3	8	1250	95	96		177.3125
1171	9	La5	A5	358	358	1	8	417	99	96		177.4375
1172	9	Sol5	G5	349	349	1	8	417	99	96		177.5625
1173	9	Sol5	G5	349	349	1	16	208	99	96		177.625
1174	9	Fa5#5	F5#5	345	345	1	16	208	95	96		177.6875
1175	9	Sol5	G5	349	349	1	4	833	99	96		177.9375
1176	9	La5	A5	358	358	1	16	208	99	96		178
1177	9	Si5	B5	367	367	1	16	208	95	96		178.0625
1178	9	Do6	C6	371	371	3	8	1250	99	96		178.4375
1179	9	Do6	C6	371	371	3	8	1250	95	96		178.8125
1180	9	Do6	C6	371	371	1	8	417	99	96		178.9375
1181	9	Si5b5	B5b5	362	362	1	4	833	95	96		179.1875
1182	9	Si5b5	B5b5	362	362	1	8	417	99	96		179.3125
1183	9	La5	A5	358	358	1	4	833	95	96		179.5625
1184	9	La5	A5	358	358	1	8	417	99	96		179.6875
1185	9	Sol5	G5	349	349	1	4	833	95	96		179.9375
1186	9	Sol5	G5	349	349	1	8	417	99	96		180.0625
1187	9	Fa5#5	F5#5	345	345	1	4	833	95	96		180.3125
1188	9	Fa5#5	F5#5	345	345	1	8	417	99	96		180.4375
1189	9	Mi5b5	E5b5	331	331	1	4	833	95	96		180.6875
1190	9	Mi5b5	E5b5	331	331	1	8	417	99	96		180.8125
1191	9	Re5	D5	327	327	1	4	833	95	96		181.0625
1192	9	Si5b5	B5b5	362	362	3	16	625	99	96		181.25
1193	9	La5	A5	358	358	1	16	208	99	96		181.3125
1194	9	Sol5	G5	349	349	1	8	417	95	96		181.4375
1195	9	Fa5	F5	340	340	1	8	417	99	96		181.5625
1196	9	Sol5	G5	349	349	1	8	417	99	96		181.6875
1197	9	La5	A5	358	358	1	8	417	95	96		181.8125
1198	9	Sol5	G5	349	349	3	8	1250	99	96		182.1875
1199	9	Sol5	G5	349	349	3	8	1250	99	96		182.5625
1200	9			-1	-1	1	8	417	100	0		182.6875
1201	9	Sol5	G5	349	349	3	8	1250	95	96		183.0625
1202	9			-1	-1	1	4	833	100	0		183.3125
1203	9			-1	-1	1	8	417	100	0		183.4375
1204	9	Fa5	F5	340	340	1	8	417	99	96	Bu	183.5625
1205	9	Sol5	G5	349	349	1	4	833	95	96	gün	183.8125
1206	9	Sol5	G5	349	349	1	4	833	99	96	bir	184.0625
1207	9	Fa5	F5	340	340	1	8	417	95	96		184.1875
1208	9	La5	A5	358	358	1	16	208	99	96	yem	184.25
1209	9	Sol5	G5	349	349	1	16	208	99	96		184.3125
1210	9	Fa5	F5	340	340	1	8	417	99	96		184.4375
1211	9	Sol5	G5	349	349	1	8	417	95	96		184.5625
1212	9	Fa5	F5	340	340	1	8	417	99	96		184.6875
1213	9	Mi5	E5	336	336	1	16	208	99	96		184.75
1214	9	Re5	D5	327	327	1	16	208	99	96		184.8125
1215	9	Mi5	E5	336	336	1	8	417	95	96		184.9375
1216	9	La5	A5	358	358	1	16	208	99	96	ye	185
1217	9	Si5	B5	367	367	1	16	208	99	96		185.0625
1218	9	Sol5	G5	349	349	1	4	833	95	96	şil	185.3125
1219	9	Fa5	F5	340	340	1	8	417	99	96	vâ	185.4375
1220	9	Mi5	E5	336	336	1	8	417	99	96		185.5625
1221	9	Mi5	E5	336	336	1	16	208	99	96		185.625
1222	9	Re5	D5	327	327	1	16	208	95	96		185.6875
1223	9	Re5	D5	327	327	3	8	1250	95	96	di	186.0625
1224	9	Mi5	E5	336	336	1	16	208	99	96	ya	186.125
1225	9	Re5	D5	327	327	1	16	208	99	96		186.1875
1226	9	Mi5	E5	336	336	1	4	833	95	96		186.4375
1227	9	Do5	C5	318	318	1	8	417	99	96	rın	186.5625
1228	9	Si4	B4	314	314	1	8	417	99	96		186.6875
1229	9	Do5	C5	318	318	1	8	417	95	96		186.8125
1230	9	Re5	D5	327	327	1	8	417	99	96	bir	186.9375
1231	9	Mi5	E5	336	336	1	8	417	99	96		187.0625
1232	9	Fa5	F5	340	340	1	8	417	95	96		187.1875
1233	9	Sol5	G5	349	349	1	16	208	99	96	kıp	187.25
1234	9	La5	A5	358	358	1	16	208	99	96		187.3125
1235	9	Sol5	G5	349	349	1	8	417	99	96		187.4375
1236	9	Fa5	F5	340	340	1	8	417	95	96		187.5625
1237	9	Mi5	E5	336	336	1	8	417	99	96		187.6875
1238	9	Re5	D5	327	327	1	8	417	99	96		187.8125
1239	9	Do5	C5	318	318	1	8	417	95	96		187.9375
1240	9	La5	A5	358	358	1	8	417	95	96	kı	188.0625
1241	9	La5	A5	358	358	1	8	417	99	96	zıl	188.1875
1242	9	La5	A5	358	358	1	16	208	99	96		188.25
1243	9	Sol5	G5	349	349	1	16	208	95	96		188.3125
1244	9	Sol5	G5	349	349	1	8	417	99	96	gül	188.4375
1245	9	Fa5	F5	340	340	1	8	417	99	96		188.5625
1246	9	La5	A5	358	358	1	16	208	99	96		188.625
1247	9	Sol5	G5	349	349	1	16	208	95	96		188.6875
1248	9	Sol5	G5	349	349	3	8	1250	99	96	şen	189.0625
1249	9	Sol5	G5	349	349	1	4	833	95	96		189.3125
1250	9			-1	-1	1	8	417	100	0		189.4375
1251	8	La5	A5	358	358	0	0	0	95	96		189.4375
1252	9	Sol5	G5	349	349	1	8	417	99	96	şen	189.5625
1253	9	Fa5	F5	340	340	1	4	833	95	96		189.8125
1254	9	Fa5	F5	340	340	1	8	417	99	96		189.9375
1255	9	Mi5	E5	336	336	1	4	833	95	96		190.1875
1256	8	Fa5#5	F5#5	345	345	0	0	0	95	96		190.1875
1257	9	Mi5	E5	336	336	1	8	417	99	96		190.3125
1258	9	Re5	D5	327	327	1	4	833	95	96		190.5625
1259	9	Re5	D5	327	327	1	8	417	99	96		190.6875
1260	9	Do5	C5	318	318	1	4	833	95	96		190.9375
1261	9	Do5	C5	318	318	3	16	625	99	96		191.125
1262	9	Re5	D5	327	327	1	16	208	99	96		191.1875
1263	9	Mi5	E5	336	336	1	8	417	95	96		191.3125
1264	9	Fa5	F5	340	340	1	8	417	99	96		191.4375
1265	9	Sol5	G5	349	349	1	8	417	99	96		191.5625
1266	9	La5	A5	358	358	1	16	208	99	96		191.625
1267	9	Sol5	G5	349	349	1	16	208	95	96		191.6875
1268	9	Sol5	G5	349	349	3	8	1250	95	96		192.0625
1269	9			-1	-1	1	4	833	100	0		192.3125
1270	9			-1	-1	1	8	417	100	0		192.4375
1271	9	Si5b5	B5b5	362	362	1	8	417	95	96	Ge	192.5625
1272	9	Si5b5	B5b5	362	362	1	4	833	95	96	zer	192.8125
1273	9	La5	A5	358	358	1	4	833	99	96	sin	193.0625
1274	9	Sol5	G5	349	349	1	8	417	95	96		193.1875
1275	9	Sol5	G5	349	349	1	4	833	99	96	hâ	193.4375
1276	9	La5	A5	358	358	1	8	417	95	96		193.5625
1277	9	Sol5	G5	349	349	1	16	208	99	96		193.625
1278	9	La5	A5	358	358	1	16	208	99	96		193.6875
1279	9	Sol5	G5	349	349	1	16	208	99	96		193.75
1280	9	Fa5	F5	340	340	1	16	208	99	96		193.8125
1281	9	Mi5	E5	336	336	1	8	417	95	96		193.9375
1282	9	Sol5	G5	349	349	1	8	417	99	96	nü	194.0625
1283	9	La5	A5	358	358	1	16	208	99	96	mâ	194.125
1284	9	Sol5	G5	349	349	1	16	208	99	96		194.1875
1285	9	Sol5	G5	349	349	1	16	208	99	96		194.25
1286	9	Fa5	F5	340	340	1	16	208	95	96		194.3125
1287	9	Fa5	F5	340	340	1	4	833	95	96	nın	194.5625
1288	9	Mi5	E5	336	336	1	8	417	95	96		194.6875
1289	9	La5	A5	358	358	1	16	208	99	96	şen	194.75
1290	9	Sol5	G5	349	349	1	16	208	99	96		194.8125
1291	8	La5	A5	358	358	0	0	0	99	96		194.8125
1292	9	Sol5	G5	349	349	1	16	208	99	96		194.875
1293	9	Fa5	F5	340	340	1	16	208	99	96		194.9375
1294	9	Fa5	F5	340	340	1	16	208	99	96		195
1295	9	Mi5	E5	336	336	1	16	208	95	96		195.0625
1296	9	Fa5	F5	340	340	1	4	833	99	96		195.3125
1297	9	Mi5	E5	336	336	1	8	417	95	96		195.4375
1298	9	La5	A5	358	358	1	8	417	99	96	i	195.5625
1299	9	Sol5	G5	349	349	1	8	417	99	96	çin	195.6875
1300	9	Sol5	G5	349	349	1	16	208	99	96		195.75
1301	9	Fa5	F5	340	340	1	16	208	95	96		195.8125
1302	9	Fa5	F5	340	340	1	4	833	99	96	şen	196.0625
1303	9	Mi5	E5	336	336	1	8	417	95	96		196.1875
1304	9	Sol5	G5	349	349	1	16	208	99	96	kâ	196.25
1305	9	La5	A5	358	358	1	16	208	99	96		196.3125
1306	9	Sol5	G5	349	349	1	8	417	99	96		196.4375
1307	9	Fa5	F5	340	340	1	8	417	95	96		196.5625
1308	9	Mi5	E5	336	336	1	16	208	99	96		196.625
1309	9	Re5	D5	327	327	1	16	208	99	96		196.6875
1310	9	Mi5	E5	336	336	1	4	833	95	96		196.9375
1311	9	Do5	C5	318	318	1	8	417	99	96	i	197.0625
1312	9	Re5	D5	327	327	1	8	417	99	96	na	197.1875
1313	9	Mi5	E5	336	336	1	8	417	95	96		197.3125
1314	9	Fa5	F5	340	340	1	8	417	99	96	tın	197.4375
1315	9	Sol5	G5	349	349	1	4	833	95	96		197.6875
1316	9	La5	A5	358	358	1	16	208	99	96	şen	197.75
1317	9	Sol5	G5	349	349	1	16	208	99	96		197.8125
1318	9	Fa5	F5	340	340	1	4	833	99	96		198.0625
1319	9	Fa5	F5	340	340	1	4	833	99	96		198.3125
1320	9	Mi5	E5	336	336	1	8	417	95	96		198.4375
1321	9	Sol5	G5	349	349	1	16	208	99	96	şen	198.5
1322	9	Fa5	F5	340	340	1	16	208	99	96		198.5625
1323	9	Mi5	E5	336	336	1	4	833	99	96		198.8125
1324	9	Mi5	E5	336	336	1	4	833	99	96		199.0625
1325	9	Re5	D5	327	327	1	8	417	95	96		199.1875
1326	9	Fa5	F5	340	340	1	16	208	99	96	şen	199.25
1327	9	Mi5	E5	336	336	1	16	208	99	96		199.3125
1328	9	Re5	D5	327	327	3	8	1250	99	96		199.6875
1329	9	Re5	D5	327	327	1	4	833	99	96		199.9375
1330	9	Re5	D5	327	327	3	8	1250	99	96		200.3125
1331	9	Re5	D5	327	327	1	4	833	95	96		200.5625
1332	9			-1	-1	1	8	417	100	0		200.6875
1333	9	Sol4	G4	296	296	1	8	417	99	96		200.8125
1334	9	Si4	B4	314	314	1	8	417	95	96		200.9375
1335	9	Do5	C5	318	318	1	8	417	95	96		201.0625
1336	9	Re5	D5	327	327	1	8	417	99	96		201.1875
1337	9	Do5	C5	318	318	1	16	208	99	96		201.25
1338	9	Si4	B4	314	314	1	16	208	95	96		201.3125
1339	9	Do5	C5	318	318	1	8	417	95	96		201.4375
1340	9	Re5	D5	327	327	1	8	417	99	96		201.5625
1341	9	Do5	C5	318	318	1	16	208	99	96		201.625
1342	9	Si4	B4	314	314	1	16	208	95	96		201.6875
1343	9	Do5	C5	318	318	1	8	417	95	96		201.8125
1344	9	Re5	D5	327	327	1	4	833	95	96		202.0625
1345	9	Mi5	E5	336	336	1	16	208	99	96		202.125
1346	9	Re5	D5	327	327	1	16	208	95	96		202.1875
1347	9	Do5	C5	318	318	1	8	417	99	96		202.3125
1348	9	Re5	D5	327	327	1	8	417	99	96		202.4375
1349	9	Mi5	E5	336	336	1	8	417	95	96		202.5625
1350	9	Do5	C5	318	318	1	8	417	99	96		202.6875
1351	9	Re5	D5	327	327	1	8	417	99	96		202.8125
1352	9	La5	A5	358	358	1	8	417	95	96		202.9375
1353	9	Sol5	G5	349	349	1	4	833	99	96		203.1875
1354	9	Fa5	F5	340	340	1	8	417	95	96		203.3125
1355	9	Sol5	G5	349	349	1	4	833	95	96		203.5625
1356	9			-1	-1	1	8	417	100	0		203.6875
1357	9	Fa5	F5	340	340	1	8	417	99	96		203.8125
1358	9	Sol5	G5	349	349	1	8	417	99	96		203.9375
1359	9	La5	A5	358	358	1	8	417	95	96		204.0625
1360	9	Si5b5	B5b5	362	362	1	16	208	99	96		204.125
1361	9	La5	A5	358	358	1	16	208	99	96		204.1875
1362	9	Sol5	G5	349	349	1	8	417	99	96		204.3125
1363	9	La5	A5	358	358	1	8	417	95	96		204.4375
1364	9	Fa5	F5	340	340	1	4	833	99	96		204.6875
1365	9	Mi5	E5	336	336	1	8	417	95	96		204.8125
1366	9	Re5	D5	327	327	1	8	417	99	96		204.9375
1367	9	Do5	C5	318	318	1	8	417	99	96		205.0625
1368	9	Sol5	G5	349	349	1	8	417	95	96		205.1875
1369	9	Fa5	F5	340	340	1	8	417	99	96		205.3125
1370	9	Mi5	E5	336	336	1	8	417	95	96		205.4375
1371	9	Fa5	F5	340	340	1	8	417	95	96		205.5625
1372	9	Mi5	E5	336	336	1	4	833	95	96		205.8125
1373	9	Re5	D5	327	327	1	4	833	95	96		206.0625
1374	9	Do5	C5	318	318	1	8	417	95	96		206.1875
1375	9	Re5	D5	327	327	1	4	833	95	96		206.4375
1376	9	Mi5	E5	336	336	1	16	208	99	96		206.5
1377	9	Re5	D5	327	327	1	16	208	99	96		206.5625
1378	9	Mi5	E5	336	336	1	16	208	99	96		206.625
1379	9	Fa5#5	F5#5	345	345	1	16	208	95	96		206.6875
1380	9	Re5	D5	327	327	1	8	417	95	96		206.8125
1381	9			-1	-1	1	8	417	100	0		206.9375
1382	9	Do5	C5	318	318	1	8	417	95	96	Ha	207.0625
1383	9	Si4	B4	314	314	1	8	417	99	96	zan	207.1875
1384	9	Do5	C5	318	318	1	8	417	95	96		207.3125
1385	9	Re5	D5	327	327	1	8	417	99	96	sız	207.4375
1386	9	Mi5	E5	336	336	1	8	417	95	96		207.5625
1387	9	Do5	C5	318	318	1	4	833	95	96	bir	207.8125
1388	9	Sol5	G5	349	349	1	8	417	95	96	ba	207.9375
1389	9	Fa5	F5	340	340	1	8	417	99	96	hâr	208.0625
1390	9	Mi5	E5	336	336	1	8	417	95	96		208.1875
1391	9	Mi5	E5	336	336	1	16	208	99	96	is	208.25
1392	9	Re5	D5	327	327	1	16	208	99	96		208.3125
1393	9	Do5	C5	318	318	1	16	208	99	96		208.375
1394	9	Re5	D5	327	327	1	16	208	95	96		208.4375
1395	9	Mi5	E5	336	336	1	8	417	95	96	ter	208.5625
1396	9			-1	-1	1	8	417	100	0		208.6875
1397	9	Sol5	G5	349	349	1	8	417	95	96	se	208.8125
1398	9	Fa5	F5	340	340	1	4	833	95	96	şâ	209.0625
1399	9	Mi5	E5	336	336	1	16	208	99	96	yed	209.125
1400	9	Re5	D5	327	327	1	16	208	99	96		209.1875
1401	9	Do5	C5	318	318	1	8	417	95	96		209.3125
1402	9	Re5	D5	327	327	1	4	833	95	96	rû	209.5625
1403	9	Re5	D5	327	327	1	8	417	95	96	hi	209.6875
1404	9	La5	A5	358	358	3	16	625	99	96	ser	209.875
1405	9	Sol5	G5	349	349	1	16	208	95	96		209.9375
1406	9	La5	A5	358	358	1	16	208	99	96	bâ	210
1407	9	Sol5	G5	349	349	1	16	208	99	96		210.0625
1408	8	La5	A5	358	358	0	0	0	99	96		210.0625
1409	9	Sol5	G5	349	349	1	16	208	99	96		210.125
1410	9	Fa5#5	F5#5	345	345	1	16	208	95	96		210.1875
1411	9	Sol5	G5	349	349	1	4	833	95	96	zın	210.4375
1412	9	Fa5	F5	340	340	1	8	417	99	96		210.5625
1413	9	Sol5	G5	349	349	1	8	417	99	96		210.6875
1414	9	La5	A5	358	358	1	8	417	95	96		210.8125
1415	9	Sol5	G5	349	349	3	16	625	99	96		211
1416	9	Fa5	F5	340	340	1	16	208	95	96		211.0625
1417	9	Mi5	E5	336	336	1	16	208	99	96		211.125
1418	9	Re5	D5	327	327	1	16	208	99	96		211.1875
1419	9	Mi5	E5	336	336	1	8	417	95	96		211.3125
1420	9	Sol5	G5	349	349	3	8	1250	95	96		211.6875
1421	9	Fa5	F5	340	340	1	8	417	99	96		211.8125
1422	9	Mi5	E5	336	336	1	16	208	99	96		211.875
1423	9	Re5	D5	327	327	1	16	208	95	96		211.9375
1424	9	Mi5	E5	336	336	1	8	417	95	96		212.0625
1425	9			-1	-1	1	8	417	100	0		212.1875
1426	9	Sol5	G5	349	349	1	8	417	95	96	U	212.3125
1427	9	Fa5	F5	340	340	1	8	417	99	96	fuk	212.4375
1428	9	Mi5	E5	336	336	1	8	417	95	96		212.5625
1429	9	Mi5	E5	336	336	1	16	208	99	96	lar	212.625
1430	9	Re5	D5	327	327	1	16	208	99	96		212.6875
1431	9	Do5	C5	318	318	1	16	208	99	96		212.75
1432	9	Re5	D5	327	327	1	16	208	95	96		212.8125
1433	9	Mi5	E5	336	336	1	8	417	95	96	bu	212.9375
1434	9			-1	-1	1	8	417	100	0		213.0625
1435	9	Sol5	G5	349	349	1	8	417	95	96	di	213.1875
1436	9	Fa5	F5	340	340	1	4	833	95	96	mut	213.4375
1437	9	Mi5	E5	336	336	1	16	208	99	96	lak	213.5
1438	9	Re5	D5	327	327	1	16	208	99	96		213.5625
1439	9	Do5	C5	318	318	1	8	417	95	96		213.6875
1440	9	Re5	D5	327	327	1	4	833	95	96	lar	213.9375
1441	9			-1	-1	1	4	833	100	0		214.1875
1442	9	Do5	C5	318	318	1	8	417	95	96	bü	214.3125
1443	9	Re5	D5	327	327	3	16	625	99	96	tün	214.5
1444	9	Do5	C5	318	318	1	16	208	95	96		214.5625
1445	9	La5	A5	358	358	3	16	625	99	96	mah	214.75
1446	9	Sol5	G5	349	349	1	16	208	95	96		214.8125
1447	9	Fa5	F5	340	340	1	16	208	99	96	kû	214.875
1448	9	Sol5	G5	349	349	1	16	208	99	96		214.9375
1449	9	Fa5	F5	340	340	1	8	417	99	96		215.0625
1450	9	Mi5	E5	336	336	1	16	208	99	96		215.125
1451	9	Re5	D5	327	327	1	16	208	95	96		215.1875
1452	9	Mi5	E5	336	336	1	4	833	99	96	mi	215.4375
1453	9	Sol5	G5	349	349	1	8	417	95	96		215.5625
1454	9	Fa5	F5	340	340	3	16	625	99	96	per	215.75
1455	9	Mi5	E5	336	336	1	16	208	95	96		215.8125
1456	9	Mi5	E5	336	336	1	16	208	99	96	vâ	215.875
1457	9	Re5	D5	327	327	1	16	208	99	96		215.9375
1458	9	Mi5	E5	336	336	1	16	208	99	96		216
1459	9	Do5	C5	318	318	1	16	208	95	96		216.0625
1460	9	Re5	D5	327	327	1	4	833	95	96	zın	216.3125
1461	9			-1	-1	1	8	417	100	0		216.4375
1462	9	Sol5	G5	349	349	1	16	208	99	96		216.5
1463	9	Fa5#5	F5#5	345	345	1	16	208	99	96		216.5625
1464	9	Mi5	E5	336	336	1	8	417	99	96		216.6875
1465	9	Fa5#5	F5#5	345	345	1	8	417	95	96		216.8125
1466	9	Sol5	G5	349	349	1	4	833	99	96		217.0625
1467	9	La5	A5	358	358	1	8	417	95	96		217.1875
1468	9	Sol5	G5	349	349	1	8	417	99	96		217.3125
1469	9	Fa5#5	F5#5	345	345	1	8	417	99	96		217.4375
1470	9	Mi5	E5	336	336	1	8	417	95	96		217.5625
1471	9	Re5	D5	327	327	1	4	833	95	96		217.8125
1472	9			-1	-1	1	8	417	100	0		217.9375
1473	9	Re5	D5	327	327	1	16	208	95	96		218
1474	9	Mi5	E5	336	336	1	16	208	95	96		218.0625
1475	9	Re5	D5	327	327	1	16	208	95	96		218.125
1476	9	Mi5	E5	336	336	1	16	208	95	96		218.1875
1477	9	Re5	D5	327	327	1	8	417	95	96		218.3125
1478	9	Sol5	G5	349	349	1	8	417	99	96		218.4375
1479	9	Fa5#5	F5#5	345	345	1	8	417	99	96		218.5625
1480	9	Mi5	E5	336	336	1	8	417	95	96		218.6875
1481	9	Re5	D5	327	327	1	4	833	95	96		218.9375
1482	9	Si4	B4	314	314	1	16	208	95	96		219
1483	9	Do5	C5	318	318	1	16	208	95	96		219.0625
1484	9	Re5	D5	327	327	1	4	833	95	96		219.3125
1485	9			-1	-1	1	8	417	100	0		219.4375
1486	9	Sol5	G5	349	349	1	8	417	99	96		219.5625
1487	9	Re5	D5	327	327	1	4	833	95	96		219.8125
1488	9	Sol5	G5	349	349	1	8	417	99	96		219.9375
1489	9	Re5	D5	327	327	1	4	833	95	96		220.1875
1490	9	Do5	C5	318	318	1	8	417	99	96		220.3125
1491	9	Re5	D5	327	327	1	8	417	95	96		220.4375
1492	9	Mi5	E5	336	336	1	16	208	95	96		220.5
1493	9	Fa5#5	F5#5	345	345	1	16	208	95	96		220.5625
1494	9	Re5	D5	327	327	1	4	833	99	96		220.8125
1495	9	Do5	C5	318	318	1	8	417	95	96		220.9375
1496	9	Sol5	G5	349	349	1	8	417	99	96		221.0625
1497	9	Fa5	F5	340	340	1	4	833	95	96		221.3125
1498	9	Mi5	E5	336	336	1	8	417	99	96		221.4375
1499	9	Re5	D5	327	327	1	4	833	95	96		221.6875
1500	9	Re5	D5	327	327	1	16	208	95	96		221.75
1501	9	Do5	C5	318	318	1	16	208	95	96		221.8125
1502	9	Do5	C5	318	318	1	8	417	99	96		221.9375
1503	9	Si4	B4	314	314	1	16	208	99	96		222
1504	9	La4#4	A4#4	309	309	1	16	208	95	96		222.0625
1505	9	Si4	B4	314	314	1	4	833	95	96		222.3125
1506	9			-1	-1	1	8	417	100	0		222.4375
1507	9	Sol4	G4	296	296	1	8	417	99	96		222.5625
1508	9	La4	A4	305	305	1	8	417	99	96		222.6875
1509	9	Si4	B4	314	314	1	8	417	95	96		222.8125
1510	9	Do5	C5	318	318	1	8	417	99	96		222.9375
1511	9	Re5	D5	327	327	1	8	417	99	96		223.0625
1512	9	Mi5	E5	336	336	1	16	208	99	96		223.125
1513	9	Fa5	F5	340	340	1	16	208	95	96		223.1875
1514	9	Re5	D5	327	327	1	4	833	99	96		223.4375
1515	9	Do5	C5	318	318	1	8	417	95	96		223.5625
1516	9	Si4	B4	314	314	3	16	625	99	96		223.75
1517	9	La4	A4	305	305	1	16	208	99	96		223.8125
1518	9	Sol4	G4	296	296	1	8	417	95	96		223.9375
1519	9	Re5	D5	327	327	1	16	208	99	96		224
1520	9	Mi5	E5	336	336	1	16	208	99	96		224.0625
1521	9	Re5	D5	327	327	1	8	417	99	96		224.1875
1522	9	Do5	C5	318	318	1	8	417	95	96		224.3125
1523	9	Si4	B4	314	314	1	4	833	99	96		224.5625
1524	9	La4	A4	305	305	1	16	208	99	96		224.625
1525	9	Si4	B4	314	314	1	16	208	95	96		224.6875
1526	9	Sol4	G4	296	296	1	4	833	99	96		224.9375
1527	9	Re5	D5	327	327	1	8	417	95	96		225.0625
1528	9	Sol4	G4	296	296	1	4	833	95	96		225.3125
1529	9			-1	-1	1	8	417	100	0		225.4375
1530	9	Sol5	G5	349	349	3	8	1250	95	96		225.8125
1531	9	Sol5	G5	349	349	3	8	1250	95	96		226.1875
1532	9	Re5	D5	327	327	1	4	833	99	96		226.4375
1533	9	Mi5	E5	336	336	1	16	208	99	96		226.5
1534	9	Fa5#5	F5#5	345	345	1	16	208	95	96		226.5625
1535	9	Sol5	G5	349	349	1	4	833	95	96		226.8125
1536	9			-1	-1	1	8	417	100	0		226.9375
1537	9	Sol5	G5	349	349	3	8	1250	95	96		227.3125
1538	9	Sol5	G5	349	349	1	4	833	99	96		227.5625
1539	9	Si5	B5	367	367	1	8	417	95	96		227.6875
1540	9	Re5	D5	327	327	1	8	417	95	96		227.8125
1541	9	Sol5	G5	349	349	1	4	833	99	96		228.0625
1542	9	Fa5#5	F5#5	345	345	1	8	417	95	96		228.1875
1543	9	Mi5	E5	336	336	1	16	208	99	96		228.25
1544	9	Re5	D5	327	327	1	16	208	99	96		228.3125
1545	9	Mi5	E5	336	336	1	16	208	99	96		228.375
1546	9	Fa5#5	F5#5	345	345	1	16	208	95	96		228.4375
1547	9	Sol5	G5	349	349	1	8	417	95	96		228.5625
1548	9			-1	-1	1	8	417	100	0		228.6875
1549	9	Re5	D5	327	327	1	8	417	95	96	De	228.8125
1550	9	Sol5	G5	349	349	3	8	1250	95	96	ğil	229.1875
1551	9	Fa5#5	F5#5	345	345	3	16	625	99	96	bir	229.375
1552	9	Mi5	E5	336	336	1	16	208	95	96		229.4375
1553	9	Re5	D5	327	327	1	4	833	95	96	kay	229.6875
1554	9	Do5	C5	318	318	1	8	417	95	96	da	229.8125
1555	9	Mi5	E5	336	336	1	4	833	99	96	sığ	230.0625
1556	9	Mi5	E5	336	336	1	16	208	99	96		230.125
1557	9	Re5	D5	327	327	1	16	208	95	96		230.1875
1558	9	Sol5	G5	349	349	1	4	833	95	96	maz	230.4375
1559	9	Re5	D5	327	327	1	4	833	95	96	sın	230.6875
1560	9	Do5	C5	318	318	1	8	417	95	96	ka	230.8125
1561	9	Mi5	E5	336	336	1	4	833	99	96	nat	231.0625
1562	9	Mi5	E5	336	336	1	16	208	99	96		231.125
1563	9	Re5	D5	327	327	1	16	208	95	96		231.1875
1564	9	Re5	D5	327	327	3	16	625	99	96	lan	231.375
1565	9	Do5	C5	318	318	1	16	208	95	96		231.4375
1566	9	Do5	C5	318	318	3	16	625	99	96	dın	231.625
1567	9	Si4	B4	314	314	1	16	208	95	96		231.6875
1568	9	Si4	B4	314	314	1	8	417	95	96	mı	231.8125
1569	9	Si4	B4	314	314	1	4	833	99	96	e	232.0625
1570	9	La4	A4	305	305	1	8	417	95	96		232.1875
1571	9	Re5	D5	327	327	1	16	208	99	96	bâ	232.25
1572	9	Do5#4	C5#4	322	322	1	16	208	99	96		232.3125
1573	9	Si4b5	B4b5	309	309	1	16	208	99	96		232.375
1574	9	La4	A4	305	305	1	16	208	95	96		232.4375
1575	9	Sol4	G4	296	296	1	8	417	95	96	da	232.5625
1576	9			-1	-1	1	8	417	100	0		232.6875
1577	9	Sol4	G4	296	296	1	8	417	95	96	Ha	232.8125
1578	9	Si4	B4	314	314	1	4	833	95	96	yâ	233.0625
1579	9	Do5	C5	318	318	1	8	417	99	96		233.1875
1580	9	Re5	D5	327	327	1	4	833	95	96	tın	233.4375
1581	9	Sol5	G5	349	349	3	16	625	99	96	en	233.625
1582	9	Fa5	F5	340	340	1	16	208	95	96		233.6875
1583	9	Fa5	F5	340	340	1	8	417	95	96	mu	233.8125
1584	9	Mi5	E5	336	336	1	4	833	99	96	hay	234.0625
1585	9	Mi5	E5	336	336	1	16	208	99	96		234.125
1586	9	Re5	D5	327	327	1	16	208	95	96		234.1875
1587	9	Re5	D5	327	327	3	16	625	99	96	yel	234.375
1588	9	Do5	C5	318	318	1	16	208	95	96		234.4375
1589	9	Do5	C5	318	318	3	16	625	99	96	gâ	234.625
1590	9	Si4	B4	314	314	1	16	208	95	96		234.6875
1591	9	Do5	C5	318	318	1	8	417	95	96	ye	234.8125
1592	9	Mi5	E5	336	336	1	4	833	99	96	dir	235.0625
1593	9	Mi5	E5	336	336	1	16	208	99	96		235.125
1594	9	Re5	D5	327	327	1	16	208	95	96		235.1875
1595	9	Re5	D5	327	327	3	16	625	99	96	ah	235.375
1596	9	Do5	C5	318	318	1	16	208	95	96		235.4375
1597	9	Do5	C5	318	318	3	16	625	99	96	râ	235.625
1598	9	Si4	B4	314	314	1	16	208	95	96		235.6875
1599	9	Si4	B4	314	314	1	8	417	95	96	ra	235.8125
1600	9	Si4	B4	314	314	1	4	833	99	96	dün	236.0625
1601	9	La4	A4	305	305	1	8	417	95	96		236.1875
1602	9	Re5	D5	327	327	1	16	208	99	96	yâ	236.25
1603	9	Do5#4	C5#4	322	322	1	16	208	99	96		236.3125
1604	9	Si4b5	B4b5	309	309	1	16	208	99	96		236.375
1605	9	La4	A4	305	305	1	16	208	95	96		236.4375
1606	9	Sol4	G4	296	296	1	8	417	95	96	da	236.5625
1607	9			-1	-1	1	8	417	100	0		236.6875
1608	9			-1	-1	1	8	417	100	0		236.8125
1609	9	Sol4	G4	296	296	1	4	833	99	96		237.0625
1610	9	Si4	B4	314	314	1	16	208	99	96		237.125
1611	9	Do5	C5	318	318	1	16	208	95	96		237.1875
1612	9	Re5	D5	327	327	3	8	1250	99	96		237.5625
1613	9	Do5	C5	318	318	1	16	208	99	96		237.625
1614	9	Si4	B4	314	314	1	16	208	95	96		237.6875
1615	9	Do5	C5	318	318	1	8	417	99	96		237.8125
1616	9	Re5	D5	327	327	1	8	417	95	96		237.9375
1617	9	Mi5b5	E5b5	331	331	1	16	208	99	96		238
1618	9	Fa5#5	F5#5	345	345	1	16	208	99	96		238.0625
1619	9	Mi5b5	E5b5	331	331	1	16	208	99	96		238.125
1620	9	Re5	D5	327	327	1	16	208	95	96		238.1875
1621	9	Re5	D5	327	327	3	16	625	99	96		238.375
1622	9	Do5	C5	318	318	1	16	208	95	96		238.4375
1623	9	Si4	B4	314	314	1	4	833	95	96		238.6875
1624	9	Re5	D5	327	327	1	8	417	99	96		238.8125
1625	9	Mi5b5	E5b5	331	331	1	16	208	99	96		238.875
1626	9	Re5	D5	327	327	1	16	208	95	96		238.9375
1627	9	Do5	C5	318	318	1	8	417	99	96		239.0625
1628	9	La5	A5	358	358	1	16	208	99	96		239.125
1629	9	Sol5	G5	349	349	1	16	208	95	96		239.1875
1630	9	Fa5#5	F5#5	345	345	3	16	625	99	96		239.375
1631	9	Mi5b5	E5b5	331	331	1	16	208	95	96		239.4375
1632	9	Fa5#5	F5#5	345	345	1	16	208	99	96		239.5
1633	9	Mi5b5	E5b5	331	331	1	16	208	99	96		239.5625
1634	8	Fa5#5	F5#5	345	345	0	0	0	99	96		239.5625
1635	9	Mi5b5	E5b5	331	331	1	16	208	99	96		239.625
1636	9	Re5	D5	327	327	1	16	208	95	96		239.6875
1637	9	Re5	D5	327	327	1	2	1667	95	96		240.1875
1638	9	Sol4	G4	296	296	1	8	417	95	96		240.3125
1639	9	Si4	B4	314	314	1	16	208	99	96		240.375
1640	9	Do5	C5	318	318	1	16	208	95	96		240.4375
1641	9	Re5	D5	327	327	1	8	417	95	96		240.5625
1642	9			-1	-1	1	8	417	100	0		240.6875
1643	9	Sol4	G4	296	296	1	8	417	95	96	Ne	240.8125
1644	9	Si4	B4	314	314	1	4	833	99	96	den	241.0625
1645	9	Do5	C5	318	318	1	8	417	95	96	öy	241.1875
1646	9	Re5	D5	327	327	1	4	833	95	96		241.4375
1647	9	Re5	D5	327	327	1	4	833	95	96	ley	241.6875
1648	9	Fa5#5	F5#5	345	345	1	8	417	95	96	se	241.8125
1649	9	Mi5b5	E5b5	331	331	1	4	833	99	96	mâ	242.0625
1650	9	Mi5b5	E5b5	331	331	1	16	208	99	96		242.125
1651	9	Re5	D5	327	327	1	16	208	95	96		242.1875
1652	9	Re5	D5	327	327	3	16	625	99	96	tem	242.375
1653	9	Do5	C5	318	318	1	16	208	95	96		242.4375
1654	9	Si4	B4	314	314	1	4	833	95	96	ler	242.6875
1655	9	Do5	C5	318	318	1	8	417	99	96	le	242.8125
1656	9	Re5	D5	327	327	1	8	417	95	96	ah	242.9375
1657	9	Mi5b5	E5b5	331	331	3	16	625	99	96		243.125
1658	9	Re5	D5	327	327	1	16	208	95	96		243.1875
1659	9	La5	A5	358	358	3	16	625	99	96	vâ	243.375
1660	9	Sol5	G5	349	349	1	16	208	95	96		243.4375
1661	9	Fa5#5	F5#5	345	345	3	16	625	99	96	lin	243.625
1662	9	Mi5b5	E5b5	331	331	1	16	208	95	96		243.6875
1663	9	La5	A5	358	358	1	8	417	99	96	pe	243.8125
1664	9	Sol5	G5	349	349	1	8	417	95	96	ri	243.9375
1665	9	Fa5#5	F5#5	345	345	1	8	417	99	96		244.0625
1666	9	Mi5b5	E5b5	331	331	1	8	417	95	96		244.1875
1667	9	Fa5#5	F5#5	345	345	1	16	208	95	96	şân	244.25
1668	9	Mi5b5	E5b5	331	331	1	16	208	99	96		244.3125
1669	8	Fa5#5	F5#5	345	345	0	0	0	99	96		244.3125
1670	9	Mi5b5	E5b5	331	331	1	16	208	99	96		244.375
1671	9	Re5	D5	327	327	1	16	208	95	96		244.4375
1672	9	Re5	D5	327	327	1	8	417	95	96	dır	244.5625
1673	9			-1	-1	1	8	417	100	0		244.6875
1674	9	Re5	D5	327	327	1	8	417	95	96	Ni	244.8125
1675	9	Sol5	G5	349	349	1	4	833	99	96	çin	245.0625
1676	9	Fa5#5	F5#5	345	345	1	8	417	95	96		245.1875
1677	9	Sol5	G5	349	349	3	16	625	99	96	bir	245.375
1678	9	Mi5	E5	336	336	1	16	208	95	96		245.4375
1679	9	Re5	D5	327	327	1	8	417	99	96	dam	245.5625
1680	9	Fa5	F5	340	340	1	8	417	95	96		245.6875
1681	9	Fa5	F5	340	340	1	8	417	99	96		245.8125
1682	9	Mi5	E5	336	336	1	4	833	95	96	la	246.0625
1683	9	Mi5	E5	336	336	1	16	208	99	96	cık	246.125
1684	9	Re5	D5	327	327	1	16	208	95	96		246.1875
1685	9	Re5	D5	327	327	3	16	625	99	96	göğ	246.375
1686	9	Do5	C5	318	318	1	16	208	95	96		246.4375
1687	9	Do5	C5	318	318	1	8	417	99	96	sün	246.5625
1688	9	Mi5	E5	336	336	1	8	417	95	96		246.6875
1689	9	Mi5	E5	336	336	1	8	417	95	96	de	246.8125
1690	9	Mi5	E5	336	336	1	4	833	99	96	bir	247.0625
1691	9	Mi5	E5	336	336	1	16	208	99	96		247.125
1692	9	Re5	D5	327	327	1	16	208	95	96		247.1875
1693	9	Re5	D5	327	327	3	16	625	99	96	um	247.375
1694	9	Do5	C5	318	318	1	16	208	95	96		247.4375
1695	9	Do5	C5	318	318	3	16	625	99	96	man	247.625
1696	9	Si4	B4	314	314	1	16	208	95	96		247.6875
1697	9	Re5	D5	327	327	1	8	417	95	96	hu	247.8125
1698	9	Do5	C5	318	318	1	4	833	99	96	rû	248.0625
1699	9	Si4	B4	314	314	1	8	417	95	96		248.1875
1700	9	La4#4	A4#4	309	309	1	8	417	99	96	şan	248.3125
1701	9	Si4	B4	314	314	1	8	417	95	96		248.4375
1702	9	Do5	C5	318	318	1	16	208	99	96		248.5
1703	9	Re5	D5	327	327	1	16	208	99	96		248.5625
1704	9	Do5	C5	318	318	1	16	208	99	96		248.625
1705	9	Si4	B4	314	314	1	16	208	95	96		248.6875
1706	9	Si4	B4	314	314	3	4	2500	95	96	dır	249.4375
1707	9			-1	-1	1	4	833	100	0		249.6875
1708	9	Sol4	G4	296	296	1	8	417	95	96		249.8125
1709	9	Si4	B4	314	314	3	8	1250	95	96		250.1875
1710	9	Sol4	G4	296	296	1	8	417	95	96		250.3125
1711	9	Re5	D5	327	327	3	8	1250	95	96		250.6875
1712	9	Do5	C5	318	318	1	8	417	95	96		250.8125
1713	9	Mi5b5	E5b5	331	331	3	8	1250	95	96		251.1875
1714	9	Re5	D5	327	327	1	4	833	95	96		251.4375
1715	9	Do5	C5	318	318	1	4	833	95	96		251.6875
1716	9	Re5	D5	327	327	1	8	417	99	96		251.8125
1717	9	Mi5b5	E5b5	331	331	3	8	1250	95	96		252.1875
1718	9	Re5	D5	327	327	1	4	833	95	96		252.4375
1719	9	Sol5	G5	349	349	1	4	833	95	96		252.6875
1720	9	Fa5#5	F5#5	345	345	3	16	625	99	96		252.875
1721	9	Mi5b5	E5b5	331	331	1	16	208	95	96		252.9375
1722	9	Mi5b5	E5b5	331	331	3	16	625	99	96		253.125
1723	9	Re5	D5	327	327	1	16	208	95	96		253.1875
1724	9	Re5	D5	327	327	1	4	833	95	96		253.4375
1725	9			-1	-1	1	4	833	100	0		253.6875
1726	9			-1	-1	1	8	417	100	0		253.8125
1727	9	Do5	C5	318	318	1	4	833	95	96		254.0625
1728	9	Re5	D5	327	327	1	8	417	95	96		254.1875
1729	9	Mi5b5	E5b5	331	331	1	4	833	95	96		254.4375
1730	9	Re5	D5	327	327	1	4	833	95	96		254.6875
1731	9	Do5	C5	318	318	1	4	833	95	96		254.9375
1732	9	Si4b5	B4b5	309	309	1	4	833	95	96		255.1875
1733	9	La4	A4	305	305	1	8	417	99	96		255.3125
1734	9	Sol4	G4	296	296	1	8	417	95	96		255.4375
1735	9	Re5	D5	327	327	1	4	833	95	96		255.6875
1736	9			-1	-1	1	8	417	100	0		255.8125
1737	9	Mi5b5	E5b5	331	331	1	8	417	99	96		255.9375
1738	9	Re5	D5	327	327	1	8	417	95	96		256.0625
1739	9	Do5	C5	318	318	1	8	417	95	96		256.1875
1740	9	Re5	D5	327	327	1	8	417	95	96		256.3125
1741	9	Si4b5	B4b5	309	309	1	4	833	99	96		256.5625
1742	9	La4	A4	305	305	1	8	417	95	96		256.6875
1743	9	Sol4	G4	296	296	3	32	312	95	96		256.7813
1744	9			-1	-1	3	32	312	100	0		256.875
1745	9	Re5	D5	327	327	1	32	104	95	96		256.9063
1746	9			-1	-1	1	32	104	100	0		256.9375
1747	9	Si4b5	B4b5	309	309	1	16	208	95	96		257
1748	9			-1	-1	1	16	208	100	0		257.0625
1749	9	La4	A4	305	305	1	16	208	95	96		257.125
1750	9			-1	-1	1	16	208	100	0		257.1875
1751	9	Sol4	G4	296	296	1	8	417	95	96		257.3125
1752	9			-1	-1	1	8	417	100	0		257.4375
1753	9			-1	-1	1	4	833	100	0		257.6875
1754	9			-1	-1	1	2	1667	100	0		258.1875
1755	9			-1	-1	1	2	1667	100	0		258.6875
1756	9	Sol5	G5	349	349	1	8	417	95	96	Ha	258.8125
1757	9	Re5	D5	327	327	1	4	833	95	96	yır	259.0625
1758	9	Re5	D5	327	327	1	4	833	95	96	mâ	259.3125
1759	9	Re5	D5	327	327	1	4	833	95	96	tem	259.5625
1760	9	Re5	D5	327	327	1	8	417	95	96	se	259.6875
1761	9	Re5	D5	327	327	1	4	833	95	96	nin	259.9375
1762	9	Re5	D5	327	327	1	4	833	95	96	hak	260.1875
1763	9	Sol5	G5	349	349	1	4	833	95	96	kın	260.4375
1764	9	Fa5	F5	340	340	1	8	417	95	96	de	260.5625
1765	9	Fa5	F5	340	340	1	8	417	99	96	ğil	260.6875
1766	9	Mi5b5	E5b5	331	331	1	8	417	95	96		260.8125
1767	9	Mi5b5	E5b5	331	331	1	8	417	99	96	mâ	260.9375
1768	9	Re5	D5	327	327	1	8	417	95	96		261.0625
1769	9	Re5	D5	327	327	1	8	417	99	96	tem	261.1875
1770	9	Do5	C5	318	318	1	8	417	95	96		261.3125
1771	9	Do5	C5	318	318	1	8	417	95	96	be	261.4375
1772	9	Re5	D5	327	327	1	8	417	99	96	nim	261.5625
1773	9	Do5	C5	318	318	1	8	417	95	96		261.6875
1774	9	Si4b5	B4b5	309	309	1	8	417	99	96	hak	261.8125
1775	9	La4	A4	305	305	1	8	417	95	96		261.9375
1776	9	Si4b5	B4b5	309	309	1	4	833	95	96	kım	262.1875
1777	9	Fa4#4	F4#4	291	291	1	8	417	95	96		262.3125
1778	9	Si4b5	B4b5	309	309	1	8	417	95	96		262.4375
1779	9	Si4b5	B4b5	309	309	1	8	417	95	96		262.5625
1780	9	Re5	D5	327	327	1	2	1667	95	96		263.0625
1781	9	Do5	C5	318	318	1	8	417	99	96		263.1875
1782	9	Re5	D5	327	327	1	8	417	99	96		263.3125
1783	9	Mi5b5	E5b5	331	331	1	16	208	99	96		263.375
1784	9	Re5	D5	327	327	1	16	208	95	96		263.4375
1785	9	Sol5	G5	349	349	1	2	1667	95	96		263.9375
1786	9	Fa5	F5	340	340	1	8	417	99	96		264.0625
1787	9	Mi5b5	E5b5	331	331	1	16	208	99	96		264.125
1788	9	Fa5	F5	340	340	1	16	208	99	96		264.1875
1789	9	Mi5b5	E5b5	331	331	1	8	417	95	96		264.3125
1790	9	Re5	D5	327	327	3	8	1250	99	96		264.6875
1791	9	Do5	C5	318	318	1	8	417	95	96		264.8125
1792	9	Re5	D5	327	327	1	8	417	99	96		264.9375
1793	9	Mi5b5	E5b5	331	331	1	16	208	99	96		265
1794	9	Re5	D5	327	327	1	16	208	99	96		265.0625
1795	9	Do5	C5	318	318	1	16	208	99	96		265.125
1796	9	Re5	D5	327	327	1	16	208	95	96		265.1875
1797	9	Si4b5	B4b5	309	309	1	2	1667	95	96		265.6875
1798	9	Sol4	G4	296	296	1	8	417	95	96	A	265.8125
1799	9	Sol5	G5	349	349	1	8	417	99	96		265.9375
1800	9	Fa5	F5	340	340	1	8	417	95	96	sır	266.0625
1801	9	Fa5	F5	340	340	1	8	417	99	96	lar	266.1875
1802	9	Mi5b5	E5b5	331	331	1	8	417	95	96	var	266.3125
1803	9	Mi5b5	E5b5	331	331	1	8	417	99	96		266.4375
1804	9	Re5	D5	327	327	1	8	417	95	96		266.5625
1805	9	Re5	D5	327	327	1	8	417	95	96	ki	266.6875
1806	9	Re5	D5	327	327	1	8	417	99	96	ay	266.8125
1807	9	Do5	C5	318	318	1	8	417	95	96		266.9375
1808	9	Do5	C5	318	318	1	8	417	99	96	dın	267.0625
1809	9	Si4b5	B4b5	309	309	1	8	417	95	96		267.1875
1810	9	Si4b5	B4b5	309	309	1	4	833	95	96	lık	267.4375
1811	9	La4	A4	305	305	1	8	417	95	96	ne	267.5625
1812	9	Si4b5	B4b5	309	309	1	8	417	99	96	dir	267.6875
1813	9	La4	A4	305	305	1	8	417	95	96		267.8125
1814	9	Sol4	G4	296	296	1	4	833	95	96	hiç	268.0625
1815	9	Re5	D5	327	327	1	4	833	95	96	bil	268.3125
1816	9			-1	-1	1	4	833	100	0		268.5625
1817	9			-1	-1	1	8	417	100	0		268.6875
1818	9			-1	-1	1	2	1667	100	0		269.1875
1819	9	Do5	C5	318	318	1	8	417	95	96	mez	269.3125
1820	9	Si4b5	B4b5	309	309	1	8	417	99	96	â	269.4375
1821	9	La4	A4	305	305	1	8	417	95	96		269.5625
1822	9	Sol4	G4	296	296	3	16	625	99	96	fâ	269.75
1823	9	Fa4#5	F4#5	292	292	1	16	208	99	96		269.8125
1824	9	Sol4	G4	296	296	1	8	417	95	96	kım	269.9375
1825	9			-1	-1	1	8	417	100	0		270.0625
1826	9			-1	-1	1	4	833	100	0		270.3125
1827	9			-1	-1	1	8	417	100	0		270.4375
1828	9			-1	-1	1	2	1667	100	0		270.9375
1829	9			-1	-1	1	8	417	100	0		271.0625
1830	9	Sol5	G5	349	349	1	4	833	95	96		271.3125
1831	9	Fa5#5	F5#5	345	345	1	16	208	99	96		271.375
1832	9	Sol5	G5	349	349	1	16	208	95	96		271.4375
1833	9	La5	A5	358	358	1	16	208	99	96		271.5
1834	9	Sol5	G5	349	349	1	16	208	99	96		271.5625
1835	9	Fa5#5	F5#5	345	345	1	16	208	99	96		271.625
1836	9	La5	A5	358	358	1	16	208	95	96		271.6875
1837	9	Sol5	G5	349	349	1	16	208	99	96		271.75
1838	9	Fa5#5	F5#5	345	345	1	16	208	99	96		271.8125
1839	9	Mi5b5	E5b5	331	331	1	16	208	99	96		271.875
1840	9	Re5	D5	327	327	1	16	208	99	96		271.9375
1841	9	Do5	C5	318	318	1	8	417	95	96		272.0625
1842	9	Sol5	G5	349	349	1	4	833	95	96		272.3125
1843	9	Fa5#5	F5#5	345	345	1	16	208	99	96		272.375
1844	9	Sol5	G5	349	349	1	16	208	95	96		272.4375
1845	9	La5	A5	358	358	1	16	208	99	96		272.5
1846	9	Sol5	G5	349	349	1	16	208	99	96		272.5625
1847	9	Fa5#5	F5#5	345	345	1	16	208	99	96		272.625
1848	9	La5	A5	358	358	1	16	208	95	96		272.6875
1849	9	Sol5	G5	349	349	1	4	833	95	96		272.9375
1850	9	Sol4	G4	296	296	1	16	208	99	96		273
1851	9	La4	A4	305	305	1	16	208	99	96		273.0625
1852	9	Si4	B4	314	314	1	16	208	99	96		273.125
1853	9	Do5	C5	318	318	1	16	208	95	96		273.1875
1854	9	Re5	D5	327	327	1	16	208	99	96		273.25
1855	9	Mi5b5	E5b5	331	331	1	16	208	99	96		273.3125
1856	9	Fa5#5	F5#5	345	345	1	16	208	99	96		273.375
1857	9	La5	A5	358	358	1	16	208	95	96		273.4375
1858	9	Sol5	G5	349	349	1	4	833	95	96		273.6875
1859	9			-1	-1	1	4	833	100	0		273.9375
1860	9	Fa4#5	F4#5	292	292	1	2	1667	95	96		274.4375
1861	9	Fa4#5	F4#5	292	292	1	4	833	99	96		274.6875
1862	9	Re4	D4	274	274	1	8	417	99	96		274.8125
1863	9	Do4	C4	265	265	1	8	417	95	96		274.9375
1864	9	Si4b5	B4b5	309	309	1	8	417	99	96		275.0625
1865	9	La4	A4	305	305	1	8	417	95	96		275.1875
1866	9	Sol4	G4	296	296	1	16	208	99	96		275.25
1867	9	Fa4#5	F4#5	292	292	1	16	208	99	96		275.3125
1868	9	Sol4	G4	296	296	1	16	208	99	96		275.375
1869	9	La4	A4	305	305	1	16	208	95	96		275.4375
1870	9	Fa4#5	F4#5	292	292	3	16	625	99	96		275.625
1871	9	Mi4b5	E4b5	278	278	1	16	208	99	96		275.6875
1872	9	Re4	D4	274	274	1	8	417	95	96		275.8125
1873	9	Do6	C6	371	371	1	8	417	95	96		275.9375
1874	9	Si5b5	B5b5	362	362	3	16	625	99	96		276.125
1875	9	La5	A5	358	358	1	16	208	95	96		276.1875
1876	9	Sol5	G5	349	349	1	16	208	99	96		276.25
1877	9	Fa5#5	F5#5	345	345	1	16	208	99	96		276.3125
1878	9	Sol5	G5	349	349	1	16	208	99	96		276.375
1879	9	La5	A5	358	358	1	16	208	95	96		276.4375
1880	9	Fa5#5	F5#5	345	345	3	16	625	99	96		276.625
1881	9	Mi5b5	E5b5	331	331	1	16	208	95	96		276.6875
1882	9	Re5	D5	327	327	1	4	833	95	96		276.9375
1883	9	Sol5	G5	349	349	1	2	1667	95	96	ah	277.4375
1884	9	Sol5	G5	349	349	3	8	1250	99	96		277.8125
1885	9	Fa5#5	F5#5	345	345	1	8	417	95	96		277.9375
1886	9	Sol5	G5	349	349	1	8	417	99	96		278.0625
1887	9	Fa5#5	F5#5	345	345	1	16	208	99	96		278.125
1888	9	Sol5	G5	349	349	1	16	208	99	96		278.1875
1889	9	La5	A5	358	358	1	16	208	99	96		278.25
1890	9	Si5b5	B5b5	362	362	1	16	208	99	96		278.3125
1891	9	La5	A5	358	358	1	16	208	99	96		278.375
1892	9	Sol5	G5	349	349	1	16	208	95	96		278.4375
1893	9	Sol5	G5	349	349	1	8	417	99	96		278.5625
1894	9	Fa5#5	F5#5	345	345	1	16	208	99	96		278.625
1895	9	Sol5	G5	349	349	1	16	208	99	96		278.6875
1896	9	La5	A5	358	358	1	16	208	99	96		278.75
1897	9	Si5b5	B5b5	362	362	1	16	208	99	96		278.8125
1898	9	La5	A5	358	358	1	16	208	99	96		278.875
1899	9	Sol5	G5	349	349	1	16	208	95	96		278.9375
1900	9	La5	A5	358	358	1	16	208	99	96	ah	279
1901	9	Sol5	G5	349	349	1	16	208	99	96		279.0625
1902	9	Sol5	G5	349	349	3	8	1250	99	96		279.4375
1903	9	Sol5	G5	349	349	1	4	833	95	96		279.6875
1904	9			-1	-1	1	4	833	100	0		279.9375
1905	9	Re5	D5	327	327	1	8	417	99	96	Te	280.0625
1906	9	Sol5	G5	349	349	1	4	833	95	96	sel	280.3125
1907	9			-1	-1	1	8	417	100	0		280.4375
1908	9	La5	A5	358	358	1	16	208	99	96	lî	280.5
1909	9	Sol5	G5	349	349	1	16	208	99	96		280.5625
1910	8	La5	A5	358	358	0	0	0	99	96		280.5625
1911	9	Sol5	G5	349	349	1	16	208	99	96		280.625
1912	9	Fa5#5	F5#5	345	345	1	16	208	99	96		280.6875
1913	9	Sol5	G5	349	349	1	4	833	95	96	den	280.9375
1914	9	La5	A5	358	358	1	16	208	99	96	na	281
1915	9	Si5b5	B5b5	362	362	1	16	208	99	96		281.0625
1916	9	La5	A5	358	358	1	16	208	99	96	sî	281.125
1917	9	Si5b5	B5b5	362	362	1	16	208	99	96		281.1875
1918	9	La5	A5	358	358	1	16	208	99	96		281.25
1919	9	Si5b5	B5b5	362	362	1	16	208	99	96		281.3125
1920	9	La5	A5	358	358	1	16	208	99	96		281.375
1921	9	Sol5	G5	349	349	1	16	208	95	96		281.4375
1922	9	La5	A5	358	358	1	16	208	99	96	bim	281.5
1923	9	Sol5	G5	349	349	1	16	208	99	96		281.5625
1924	8	La5	A5	358	358	0	0	0	99	96		281.5625
1925	9	Sol5	G5	349	349	1	16	208	99	96		281.625
1926	9	Fa5#5	F5#5	345	345	1	16	208	99	96		281.6875
1927	9	Sol5	G5	349	349	1	4	833	95	96	yok	281.9375
1928	9	Do6	C6	371	371	1	8	417	99	96	ha	282.0625
1929	9	Do6	C6	371	371	1	4	833	99	96	zân	282.3125
1930	9	Si5b5	B5b5	362	362	1	8	417	95	96		282.4375
1931	9	Si5b5	B5b5	362	362	3	16	625	99	96	ağ	282.625
1932	9	La5	A5	358	358	1	16	208	99	96		282.6875
1933	9	La5	A5	358	358	1	16	208	99	96	lar	282.75
1934	9	Si5b5	B5b5	362	362	1	16	208	99	96		282.8125
1935	9	La5	A5	358	358	1	16	208	99	96		282.875
1936	9	Sol5	G5	349	349	1	16	208	95	96		282.9375
1937	9	La5	A5	358	358	1	16	208	99	96		283
1938	9	Si5b5	B5b5	362	362	1	16	208	99	96		283.0625
1939	9	La5	A5	358	358	1	16	208	99	96		283.125
1940	9	Si5b5	B5b5	362	362	1	16	208	99	96		283.1875
1941	9	La5	A5	358	358	1	16	208	99	96		283.25
1942	9	Si5b5	B5b5	362	362	1	16	208	99	96		283.3125
1943	9	La5	A5	358	358	1	16	208	99	96		283.375
1944	9	Sol5	G5	349	349	1	16	208	95	96		283.4375
1945	9	La5	A5	358	358	1	16	208	99	96		283.5
1946	9	Si5b5	B5b5	362	362	1	16	208	99	96		283.5625
1947	9	La5	A5	358	358	1	16	208	99	96		283.625
1948	9	Si5b5	B5b5	362	362	1	16	208	99	96		283.6875
1949	9	La5	A5	358	358	1	16	208	99	96		283.75
1950	9	Si5b5	B5b5	362	362	1	16	208	99	96		283.8125
1951	9	La5	A5	358	358	1	16	208	99	96		283.875
1952	9	Sol5	G5	349	349	1	16	208	95	96		283.9375
1953	9	Do6	C6	371	371	1	8	417	99	96	ba	284.0625
1954	9	Si5b5	B5b5	362	362	1	4	833	99	96	hâ	284.3125
1955	9	Si5b5	B5b5	362	362	1	16	208	99	96		284.375
1956	9	La5	A5	358	358	1	16	208	95	96		284.4375
1957	9	La5	A5	358	358	1	8	417	99	96	rım	284.5625
1958	9	La5	A5	358	358	1	16	208	99	96		284.625
1959	9	Sol5	G5	349	349	1	16	208	99	96		284.6875
1960	9	Fa5#5	F5#5	345	345	1	16	208	99	96		284.75
1961	9	Sol5	G5	349	349	1	16	208	99	96		284.8125
1962	9	La5	A5	358	358	1	16	208	99	96		284.875
1963	9	Fa5#5	F5#5	345	345	1	16	208	95	96		284.9375
1964	9	Sol5	G5	349	349	3	4	2500	95	96	da	285.6875
1965	9			-1	-1	1	4	833	100	0		285.9375
1966	9	La5	A5	358	358	1	8	417	99	96	a	286.0625
1967	9	Sol5	G5	349	349	3	8	1250	99	96	man	286.4375
1968	9	Sol5	G5	349	349	1	4	833	95	96		286.6875
1969	9			-1	-1	1	4	833	100	0		286.9375
1970	9	Si5b5	B5b5	362	362	1	16	208	99	96	a	287
1971	9	La5	A5	358	358	1	16	208	99	96		287.0625
1972	9	Sol5	G5	349	349	3	8	1250	99	96	man	287.4375
1973	9	Sol5	G5	349	349	1	4	833	95	96		287.6875
1974	9			-1	-1	1	4	833	100	0		287.9375
1975	8	La5	A5	358	358	0	0	0	95	96		287.9375
1976	9	Sol5	G5	349	349	1	8	417	99	96	Ah	288.0625
1977	9	Fa5#5	F5#5	345	345	1	8	417	99	96		288.1875
1978	9	Mi5b5	E5b5	331	331	1	8	417	95	96		288.3125
1979	9	Re5	D5	327	327	3	16	625	99	96		288.5
1980	9	Do5	C5	318	318	1	16	208	95	96		288.5625
1981	9	Sol5	G5	349	349	1	4	833	95	96		288.8125
1982	9	Re5	D5	327	327	1	8	417	99	96	bu	288.9375
1983	9	Sol5	G5	349	349	3	16	625	99	96	gün	289.125
1984	9	Fa5#5	F5#5	345	345	1	16	208	95	96		289.1875
1985	9	Sol5	G5	349	349	3	16	625	99	96	bir	289.375
1986	9	Fa5#5	F5#5	345	345	1	16	208	95	96		289.4375
1987	9	Mi5b5	E5b5	331	331	3	16	625	99	96	hâ	289.625
1988	9	Re5	D5	327	327	1	16	208	95	96		289.6875
1989	9	La5	A5	358	358	1	16	208	99	96	nü	289.75
1990	9	Sol5	G5	349	349	1	16	208	99	96		289.8125
1991	9	Fa5#5	F5#5	345	345	3	16	625	99	96	man	290
1992	9	Mi5b5	E5b5	331	331	1	16	208	95	96		290.0625
1993	9	Fa5#5	F5#5	345	345	1	16	208	99	96	sız	290.125
1994	9	Mi5b5	E5b5	331	331	1	16	208	99	96		290.1875
1995	8	Fa5#5	F5#5	345	345	0	0	0	99	96		290.1875
1996	9	Mi5b5	E5b5	331	331	1	16	208	99	96		290.25
1997	9	Re5	D5	327	327	1	16	208	95	96		290.3125
1998	9	Re5	D5	327	327	1	4	833	95	96	ser	290.5625
1999	9			-1	-1	1	4	833	100	0		290.8125
2000	9	Re5	D5	327	327	1	8	417	99	96	se	290.9375
2001	9	Mi5b5	E5b5	331	331	1	4	833	95	96	rî	291.1875
2002	9	Re5	D5	327	327	1	4	833	95	96	yim	291.4375
2003	9	Sol5	G5	349	349	1	16	208	99	96	öz	291.5
2004	9	Fa5#5	F5#5	345	345	1	16	208	99	96		291.5625
2005	9	Mi5b5	E5b5	331	331	1	16	208	99	96		291.625
2006	9	Re5	D5	327	327	1	16	208	99	96		291.6875
2007	9	Do5	C5	318	318	1	8	417	95	96		291.8125
2008	9			-1	-1	1	4	833	100	0		292.0625
2009	9	La5	A5	358	358	1	16	208	99	96	di	292.125
2010	9	Sol5	G5	349	349	1	16	208	99	96		292.1875
2011	9	Fa5#5	F5#5	345	345	1	8	417	99	96	yâ	292.3125
2012	9	Mi5b5	E5b5	331	331	1	8	417	95	96		292.4375
2013	9	Fa5#5	F5#5	345	345	1	16	208	99	96	rım	292.5
2014	9	Mi5b5	E5b5	331	331	1	16	208	99	96		292.5625
2015	8	Fa5#5	F5#5	345	345	0	0	0	99	96		292.5625
2016	9	Mi5b5	E5b5	331	331	1	16	208	99	96		292.625
2017	9	Re5	D5	327	327	1	16	208	95	96		292.6875
2018	9	Re5	D5	327	327	1	4	833	95	96	da	292.9375
2019	9			-1	-1	1	8	417	100	0		293.0625
2020	9			-1	-1	1	4	833	100	0		293.3125
2021	9	Sol4	G4	296	296	1	16	208	99	96	ah	293.375
2022	9	Re5	D5	327	327	1	4	833	95	96		293.625
2023	9			-1	-1	1	16	208	100	0		293.6875
2024	9			-1	-1	1	2	1667	100	0		294.1875
2025	9			-1	-1	1	8	417	100	0		294.3125
2026	9	Si5	B5	367	367	1	8	417	95	96	Ne	294.4375
2027	9	Si5	B5	367	367	1	8	417	99	96		294.5625
2028	9	Si5	B5	367	367	1	8	417	95	96	hüs	294.6875
2029	9	Si5	B5	367	367	1	4	833	95	96	ran	294.9375
2030	9	Si5	B5	367	367	1	4	833	95	96	dır	295.1875
2031	9	Si5	B5	367	367	1	8	417	95	96	ki	295.3125
2032	9	Si5	B5	367	367	1	4	833	95	96	Şar	295.5625
2033	9	Si5	B5	367	367	1	4	833	95	96	kın	295.8125
2034	9	Si5	B5	367	367	1	4	833	95	96	ben	296.0625
2035	9	Re6	D6	380	380	1	8	417	95	96	ve	296.1875
2036	9	Do6	C6	371	371	1	8	417	99	96		296.3125
2037	9	Si5	B5	367	367	1	8	417	95	96	fâ	296.4375
2038	9	Si5	B5	367	367	3	16	625	99	96	sız	296.625
2039	9	La5	A5	358	358	1	16	208	95	96		296.6875
2040	9	Sol5	G5	349	349	1	4	833	95	96	kan	296.9375
2041	9	Re6	D6	380	380	1	8	417	95	96	sız	297.0625
2042	9	Do6	C6	371	371	1	8	417	99	96		297.1875
2043	9	Si5	B5	367	367	1	8	417	95	96	ev	297.3125
2044	9	Si5	B5	367	367	3	16	625	99	96	lâ	297.5
2045	9	La5	A5	358	358	1	16	208	95	96		297.5625
2046	9	Sol5	G5	349	349	1	4	833	95	96	dı	297.8125
2047	9	Fa5#5	F5#5	345	345	1	16	208	95	96		297.875
2048	9	Sol5	G5	349	349	1	16	208	95	96		297.9375
2049	9	La5	A5	358	358	1	16	208	95	96		298
2050	9	Si5	B5	367	367	1	16	208	95	96		298.0625
2051	9	La5	A5	358	358	1	16	208	95	96		298.125
2052	9	Si5	B5	367	367	1	16	208	95	96		298.1875
2053	9	Sol5	G5	349	349	3	8	1250	95	96		298.5625
2054	9			-1	-1	1	8	417	100	0		298.6875
2055	9	Do6	C6	371	371	1	8	417	95	96	Se	298.8125
2056	9	Do6	C6	371	371	1	4	833	95	96	râ	299.0625
2057	9	Do6	C6	371	371	1	4	833	95	96	bâ	299.3125
2058	9	Do6	C6	371	371	1	8	417	99	96	Gar	299.4375
2059	9	Si5	B5	367	367	1	8	417	95	96		299.5625
2060	9	Do6	C6	371	371	1	8	417	95	96	ba	299.6875
2061	9	Si5	B5	367	367	1	4	833	95	96	çiğ	299.9375
2062	9	La5	A5	358	358	1	4	833	95	96	net	300.1875
2063	9	La5	A5	358	358	1	4	833	95	96	tim	300.4375
2064	9	La5	A5	358	358	1	8	417	95	96	de	300.5625
2065	9	Sol5	G5	349	349	1	4	833	95	96	çık	300.8125
2066	9	Fa5#5	F5#5	345	345	1	4	833	95	96	dım	301.0625
2067	9	Mi5	E5	336	336	1	4	833	95	96	hâ	301.3125
2068	9	Si5	B5	367	367	1	8	417	95	96	ki	301.4375
2069	9	La5	A5	358	358	1	8	417	99	96	ec	301.5625
2070	9	Sol5	G5	349	349	1	8	417	95	96		301.6875
2071	9	Fa5#5	F5#5	345	345	3	16	625	99	96	dâ	301.875
2072	9	Mi5	E5	336	336	1	16	208	95	96		301.9375
2073	9	Re5	D5	327	327	1	4	833	95	96	dı	302.1875
2074	9	Do6	C6	371	371	1	8	417	95	96	SAZ 	302.3125
2075	9	Si5	B5	367	367	1	8	417	99	96		302.4375
2076	9	La5	A5	358	358	1	8	417	95	96		302.5625
2077	9	Sol5	G5	349	349	3	16	625	99	96		302.75
2078	9	Fa5#5	F5#5	345	345	1	16	208	95	96		302.8125
2079	9	Mi5	E5	336	336	1	8	417	99	96		302.9375
2080	9	Si5	B5	367	367	1	8	417	95	96		303.0625
2081	9	La5	A5	358	358	1	8	417	95	96		303.1875
2082	9	Sol5	G5	349	349	1	16	208	99	96		303.25
2083	9	Fa5#5	F5#5	345	345	1	16	208	95	96		303.3125
2084	9	Mi5	E5	336	336	1	8	417	99	96		303.4375
2085	9	Fa5#5	F5#5	345	345	1	16	208	99	96		303.5
2086	9	Mi5	E5	336	336	1	16	208	95	96		303.5625
2087	9	Re5	D5	327	327	1	8	417	95	96		303.6875
2088	9			-1	-1	1	8	417	100	0		303.8125
2089	9	Sol5	G5	349	349	3	8	1250	95	96		304.1875
2090	9	Re5	D5	327	327	1	4	833	99	96		304.4375
2091	9	Sol5	G5	349	349	1	4	833	95	96		304.6875
2092	9	Sol5	G5	349	349	1	8	417	95	96	Ha	304.8125
2093	9	Sol5	G5	349	349	1	4	833	95	96	yâ	305.0625
2094	9	Mi5	E5	336	336	1	4	833	95	96	lim	305.3125
2095	9	Sol5	G5	349	349	1	4	833	95	96	den	305.5625
2096	9	Sol5	G5	349	349	1	8	417	95	96	ge	305.6875
2097	9	Fa5	F5	340	340	1	8	417	99	96	çer	305.8125
2098	9	Fa5	F5	340	340	1	8	417	95	96		305.9375
2099	9	Mi5	E5	336	336	1	8	417	99	96	ken	306.0625
2100	9	Re5	D5	327	327	1	8	417	95	96		306.1875
2101	9	Re5	D5	327	327	1	8	417	99	96	şim	306.3125
2102	9	Do5	C5	318	318	1	8	417	95	96		306.4375
2103	9	Mi5	E5	336	336	1	8	417	95	96	di	306.5625
2104	9	Re5	D5	327	327	1	4	833	95	96	fik	306.8125
2105	9	Do5	C5	318	318	1	4	833	95	96	rim	307.0625
2106	9	Si4	B4	314	314	1	4	833	95	96	her	307.3125
2107	9	Mi5	E5	336	336	1	8	417	95	96	cü	307.4375
2108	9	Re5	D5	327	327	1	4	833	95	96	merc	307.6875
2109	9	Do5	C5	318	318	1	4	833	95	96	ol	307.9375
2110	9	Si4	B4	314	314	1	4	833	95	96	du	308.1875
2111	9	Si4	B4	314	314	1	16	208	95	96	SAZ 	308.25
2112	9	Do5	C5	318	318	1	16	208	95	96		308.3125
2113	9	Re5	D5	327	327	1	16	208	95	96		308.375
2114	9	Mi5	E5	336	336	1	16	208	95	96		308.4375
2115	9	Si4	B4	314	314	1	16	208	95	96		308.5
2116	9	Do5	C5	318	318	1	16	208	95	96		308.5625
2117	9	Re5	D5	327	327	1	4	833	95	96		308.8125
2118	9			-1	-1	1	4	833	100	0		309.0625
2119	9	Sol5	G5	349	349	1	8	417	95	96	Sa	309.1875
2120	9	Fa5	F5	340	340	1	8	417	99	96	lâ	309.3125
2121	9	Mi5	E5	336	336	1	8	417	95	96		309.4375
2122	9	Mi5	E5	336	336	1	8	417	99	96	had	309.5625
2123	9	Re5	D5	327	327	1	8	417	95	96		309.6875
2124	9	Re5	D5	327	327	1	8	417	99	96	di	309.8125
2125	9	Do5	C5	318	318	1	8	417	95	96		309.9375
2126	9	Mi5	E5	336	336	1	8	417	95	96	ni	310.0625
2127	9	Re5	D5	327	327	1	4	833	95	96	Ey	310.3125
2128	9	Do5	C5	318	318	1	4	833	95	96	yû	310.5625
2129	9	Si4	B4	314	314	1	4	833	95	96	bî	310.8125
2130	9	La4	A4	305	305	1	8	417	95	96	le	310.9375
2131	9	Si4	B4	314	314	1	4	833	95	96	rin	311.1875
2132	9	Re5	D5	327	327	1	4	833	95	96	Fa	311.4375
2133	9	La4	A4	305	305	1	4	833	95	96	tih	311.6875
2134	9			-1	-1	1	4	833	100	0		311.9375
2135	9	Re5	D5	327	327	1	8	417	99	96	le	312.0625
2136	9	Do5	C5	318	318	1	8	417	99	96	rin	312.1875
2137	9	Si4	B4	314	314	1	8	417	95	96		312.3125
2138	9	La4	A4	305	305	1	8	417	99	96	yur	312.4375
2139	9	La4	A4	305	305	1	16	208	99	96		312.5
2140	9	Si4	B4	314	314	1	16	208	95	96		312.5625
2141	9	Sol4	G4	296	296	1	4	833	95	96	du	312.8125
2142	9			-1	-1	1	8	417	100	0		312.9375
2143	9	Sol4	G4	296	296	1	16	208	95	96		313
2144	9	La4	A4	305	305	1	16	208	95	96		313.0625
2145	9	Si4	B4	314	314	1	16	208	95	96		313.125
2146	9	Do5	C5	318	318	1	16	208	95	96		313.1875
2147	9	Si4	B4	314	314	1	16	208	95	96		313.25
2148	9	Do5	C5	318	318	1	16	208	95	96		313.3125
2149	9	Re5	D5	327	327	1	16	208	95	96		313.375
2150	9	Mi5	E5	336	336	1	16	208	95	96		313.4375
2151	9	Re5	D5	327	327	1	16	208	95	96		313.5
2152	9	Do5	C5	318	318	1	16	208	95	96		313.5625
2153	9	Mi5	E5	336	336	1	16	208	95	96		313.625
2154	9	Re5	D5	327	327	1	16	208	95	96		313.6875
2155	9	Mi5	E5	336	336	1	16	208	95	96		313.75
2156	9	Fa5#5	F5#5	345	345	1	16	208	95	96		313.8125
2157	9	Sol5	G5	349	349	1	4	833	95	96		314.0625
2158	9			-1	-1	1	8	417	100	0		314.1875
2159	9	Re5	D5	327	327	1	4	833	99	96		314.4375
2160	9	Re5	D5	327	327	1	8	417	95	96		314.5625
2161	9	Re5	D5	327	327	1	4	833	95	96		314.8125
2162	9	Mi5	E5	336	336	1	16	208	95	96		314.875
2163	9	Re5	D5	327	327	1	16	208	95	96		314.9375
2164	9	Mi5	E5	336	336	1	16	208	95	96		315
2165	9	Fa5#5	F5#5	345	345	1	16	208	95	96		315.0625
2166	9	Sol5	G5	349	349	1	4	833	95	96		315.3125
2167	9			-1	-1	1	8	417	100	0		315.4375
2168	9	Re5	D5	327	327	1	8	417	95	96	Ne	315.5625
2169	9	Sol5	G5	349	349	1	4	833	99	96	zil	315.8125
2170	9	Sol5	G5	349	349	1	8	417	95	96		315.9375
2171	9	Sol5	G5	349	349	1	4	833	95	96	let	316.1875
2172	9	Sol5	G5	349	349	1	4	833	95	96	dir	316.4375
2173	9	Re5	D5	327	327	1	8	417	95	96	ki	316.5625
2174	9	Sol5	G5	349	349	1	4	833	99	96	nâ	316.8125
2175	9	La5	A5	358	358	1	8	417	95	96		316.9375
2176	9	La5	A5	358	358	1	4	833	95	96	kûs	317.1875
2177	9	La5	A5	358	358	1	4	833	95	96	in	317.4375
2178	9	Sol5	G5	349	349	1	8	417	95	96	le	317.5625
2179	9	La5	A5	358	358	1	4	833	99	96	sin	317.8125
2180	9	Do6	C6	371	371	1	8	417	95	96		317.9375
2181	9	Si5	B5	367	367	3	16	625	99	96	bey	318.125
2182	9	La5	A5	358	358	1	16	208	95	96		318.1875
2183	9	Sol5	G5	349	349	1	4	833	95	96	nin	318.4375
2184	9	La5	A5	358	358	1	8	417	95	96	de	318.5625
2185	9	La5	A5	358	358	3	16	625	99	96	Os	318.75
2186	9	Do6	C6	371	371	1	16	208	95	96		318.8125
2187	9	Si5	B5	367	367	3	16	625	99	96	mâ	319
2188	9	La5	A5	358	358	1	16	208	95	96		319.0625
2189	9	Sol5	G5	349	349	3	16	625	99	96		319.25
2190	9	Fa5#5	F5#5	345	345	1	16	208	95	96		319.3125
2191	9	Sol5	G5	349	349	1	4	833	99	96	nın	319.5625
2192	9	Fa5#5	F5#5	345	345	1	8	417	99	96		319.6875
2193	9	Mi5	E5	336	336	1	8	417	95	96		319.8125
2194	9	Re5	D5	327	327	1	4	833	95	96		320.0625
2195	9			-1	-1	1	4	833	100	0		320.3125
2196	9	Do6	C6	371	371	1	8	417	95	96	E	320.4375
2197	9	Do6	C6	371	371	3	8	1250	95	96	zan	320.8125
2198	9	Do6	C6	371	371	3	16	625	99	96	sus	321
2199	9	Si5b5	B5b5	362	362	1	8	417	95	96		321.125
2200	9	Si5b5	B5b5	362	362	1	4	833	95	96	sun	321.375
2201	9	Si5b5	B5b5	362	362	1	8	417	95	96	fe	321.5
2202	9	Si5b5	B5b5	362	362	1	4	833	99	96	zâ	321.75
2203	9	La5	A5	358	358	1	8	417	95	96		321.875
2204	9	La5	A5	358	358	1	8	417	99	96	lar	322
2205	9	Sol5	G5	349	349	1	8	417	95	96		322.125
2206	9	Sol5	G5	349	349	1	8	417	99	96	dan	322.25
2207	9	Fa5#5	F5#5	345	345	1	8	417	95	96		322.375
2208	9	La5	A5	358	358	1	8	417	95	96	si	322.5
2209	9	Si5b5	B5b5	362	362	1	8	417	99	96	lin	322.625
2210	9	La5	A5	358	358	1	8	417	99	96		322.75
2211	9	Sol5	G5	349	349	1	8	417	95	96		322.875
2212	9	Fa5#5	F5#5	345	345	3	16	625	99	96	sin	323.0625
2213	9	Mi5b5	E5b5	331	331	1	16	208	95	96		323.125
2214	9	Re5	D5	327	327	1	4	833	95	96	yâ	323.375
2215	9	La5	A5	358	358	1	8	417	95	96	dı	323.5
2216	9	Sol5	G5	349	349	1	4	833	99	96	Mev	323.75
2217	9	Fa5#5	F5#5	345	345	1	8	417	95	96		323.875
2218	9	Fa5#5	F5#5	345	345	3	16	625	99	96	lâ	324.0625
2219	9	Mi5b5	E5b5	331	331	1	16	208	95	96		324.125
2220	9	Mi5b5	E5b5	331	331	1	8	417	99	96		324.25
2221	9	Re5	D5	327	327	1	8	417	95	96		324.375
2222	9	Re5	D5	327	327	3	8	1250	99	96	nın	324.75
2223	9	Sol5	G5	349	349	1	8	417	95	96	SAZ 	324.875
2224	9	Fa5#5	F5#5	345	345	1	8	417	99	96		325
2225	9	La5	A5	358	358	1	8	417	99	96		325.125
2226	9	Sol5	G5	349	349	1	4	833	95	96		325.375
2227	9	Sol5	G5	349	349	3	4	2500	95	96	Ah	326.125
2228	9			-1	-1	1	4	833	100	0		326.375
2229	9			-1	-1	1	8	417	100	0	SAZ 	326.5
2230	9	Si5b5	B5b5	362	362	1	8	417	99	96		326.625
2231	9	La5	A5	358	358	1	8	417	99	96		326.75
2232	9	Sol5	G5	349	349	1	8	417	95	96		326.875
2233	9	Fa5#5	F5#5	345	345	1	8	417	99	96		327
2234	9	La5	A5	358	358	1	8	417	95	96		327.125
2235	9	Sol5	G5	349	349	1	4	833	95	96		327.375
2236	9	Si5b5	B5b5	362	362	3	4	2500	95	96	ah	328.125
2237	9			-1	-1	1	4	833	100	0		328.375
2238	9			-1	-1	3	16	625	100	0	SAZ 	328.5625
2239	9	Si5b5	B5b5	362	362	1	16	208	99	96		328.625
2240	9	La5	A5	358	358	1	8	417	99	96		328.75
2241	9	Si5b5	B5b5	362	362	1	8	417	95	96		328.875
2242	9	La5	A5	358	358	1	8	417	99	96		329
2243	9	Do6	C6	371	371	1	8	417	95	96		329.125
2244	9	Si5b5	B5b5	362	362	1	4	833	95	96		329.375
2245	9	Re6	D6	380	380	1	4	833	95	96	ah	329.625
2246	9	Do6	C6	371	371	1	4	833	95	96		329.875
2247	9	Si5b5	B5b5	362	362	1	4	833	95	96		330.125
2248	9	La5	A5	358	358	1	4	833	95	96		330.375
2249	9	Do6	C6	371	371	1	4	833	95	96	ah	330.625
2250	9	Si5b5	B5b5	362	362	1	4	833	95	96		330.875
2251	9	La5	A5	358	358	1	4	833	95	96		331.125
2252	9	Sol5	G5	349	349	1	4	833	95	96		331.375
2253	9	Si5b5	B5b5	362	362	1	4	833	99	96		331.625
2254	9	La5	A5	358	358	1	8	417	99	96		331.75
2255	9	Sol5	G5	349	349	1	8	417	95	96		331.875
2256	9	Fa5#5	F5#5	345	345	1	8	417	99	96		332
2257	9	Sol5	G5	349	349	1	8	417	99	96		332.125
2258	9	La5	A5	358	358	1	16	208	99	96		332.1875
2259	9	Si5b5	B5b5	362	362	1	16	208	99	96		332.25
2260	9	La5	A5	358	358	1	16	208	99	96		332.3125
2261	9	Sol5	G5	349	349	1	16	208	95	96		332.375
2262	9	Sol5	G5	349	349	3	4	2500	95	96		333.125
2263	9			-1	-1	1	4	833	100	0		333.375
2264	9	Re5	D5	327	327	1	8	417	95	96	Ne	333.5
2265	9	Sol5	G5	349	349	3	8	1250	95	96	hic	333.875
2266	9	Sol5	G5	349	349	1	4	833	95	96	ran	334.125
2267	9	Sol5	G5	349	349	1	4	833	95	96	dır	334.375
2268	9	Re5	D5	327	327	1	8	417	95	96	ki	334.5
2269	9	Sol5	G5	349	349	1	4	833	99	96	en	334.75
2270	9	La5	A5	358	358	1	8	417	95	96		334.875
2271	9	La5	A5	358	358	1	4	833	95	96	şev	335.125
2272	9	La5	A5	358	358	1	4	833	95	96	ket	335.375
2273	9	Sol5	G5	349	349	1	8	417	95	96	li	335.5
2274	9	La5	A5	358	358	1	4	833	99	96	bir	335.75
2275	9	Do6	C6	371	371	1	8	417	95	96		335.875
2276	9	Si5	B5	367	367	3	16	625	95	96	mâ	336.0625
2277	9	La5	A5	358	358	1	16	208	95	96		336.125
2278	9	Sol5	G5	349	349	1	4	833	95	96	zi	336.375
2279	9	La5	A5	358	358	1	8	417	95	96	se	336.5
2280	9	La5	A5	358	358	1	4	833	99	96	râb	336.75
2281	9	Do6	C6	371	371	1	8	417	95	96		336.875
2282	9	Si5	B5	367	367	3	16	625	99	96	ol	337.0625
2283	9	La5	A5	358	358	1	16	208	95	96		337.125
2284	9	Sol5	G5	349	349	1	8	417	99	96		337.25
2285	9	Fa5#5	F5#5	345	345	1	8	417	95	96		337.375
2286	9	Sol5	G5	349	349	1	4	833	99	96	sun	337.625
2287	9	Fa5#5	F5#5	345	345	1	8	417	99	96		337.75
2288	9	Mi5	E5	336	336	1	8	417	95	96		337.875
2289	9	Re5	D5	327	327	1	4	833	95	96		338.125
2290	9			-1	-1	1	4	833	100	0		338.375
2291	9	Do6	C6	371	371	1	8	417	95	96	O	338.5
2292	9	Do6	C6	371	371	3	8	1250	95	96	kud	338.875
2293	9	Do6	C6	371	371	1	8	417	99	96	ret	339
2294	9	Si5b5	B5b5	362	362	1	8	417	95	96		339.125
2295	9	Si5b5	B5b5	362	362	1	4	833	95	96	ler	339.375
2296	9	Si5b5	B5b5	362	362	1	8	417	95	96	o	339.5
2297	9	Si5b5	B5b5	362	362	1	4	833	99	96	sat	339.75
2298	9	La5	A5	358	358	1	8	417	95	96		339.875
2299	9	La5	A5	358	358	1	8	417	99	96	vet	340
2300	9	Sol5	G5	349	349	1	8	417	95	96		340.125
2301	9	Sol5	G5	349	349	1	8	417	99	96	ler	340.25
2302	9	Fa5#5	F5#5	345	345	1	8	417	95	96		340.375
2303	9	La5	A5	358	358	1	8	417	95	96	ha	340.5
2304	9	Si5b5	B5b5	362	362	1	8	417	99	96	râb	340.625
2305	9	La5	A5	358	358	1	8	417	99	96		340.75
2306	9	Sol5	G5	349	349	1	8	417	95	96		340.875
2307	9	Fa5#5	F5#5	345	345	3	16	625	99	96	ol	341.0625
2308	9	Mi5b5	E5b5	331	331	1	16	208	95	96	sun	341.125
2309	9	Re5	D5	327	327	1	4	833	95	96		341.375
2310	9	La5	A5	358	358	1	8	417	95	96	tü	341.5
2311	9	Sol5	G5	349	349	1	4	833	99	96	râb	341.75
2312	9	Fa5#5	F5#5	345	345	1	8	417	95	96		341.875
2313	9	Fa5#5	F5#5	345	345	3	16	625	99	96	ol	342.0625
2314	9	Mi5b5	E5b5	331	331	1	16	208	95	96		342.125
2315	9	Mi5b5	E5b5	331	331	1	8	417	95	96		342.25
2316	9	Re5	D5	327	327	1	8	417	95	96		342.375
2317	9	Re5	D5	327	327	3	4	2500	95	96	sun	343.125
2318	9			-1	-1	1	4	833	100	0		343.375
2319	9	Sol5	G5	349	349	3	4	2500	95	96	ah	344.125
2320	9			-1	-1	1	4	833	100	0		344.375
2321	9			-1	-1	1	8	417	100	0	SAZ 	344.5
2322	9	Si5b5	B5b5	362	362	1	8	417	99	96		344.625
2323	9	La5	A5	358	358	1	8	417	99	96		344.75
2324	9	Sol5	G5	349	349	1	8	417	95	96		344.875
2325	9	Fa5#5	F5#5	345	345	1	8	417	99	96		345
2326	9	La5	A5	358	358	1	8	417	95	96		345.125
2327	9	Sol5	G5	349	349	1	4	833	95	96		345.375
2328	9	Si5b5	B5b5	362	362	3	8	1250	95	96	ah	345.75
2329	9			-1	-1	1	4	833	100	0		346
2330	9			-1	-1	3	16	625	100	0	SAZ 	346.1875
2331	9	Si5b5	B5b5	362	362	1	16	208	99	96		346.25
2332	9	La5	A5	358	358	1	8	417	99	96		346.375
2333	9	Si5b5	B5b5	362	362	1	8	417	95	96		346.5
2334	9	La5	A5	358	358	1	8	417	99	96		346.625
2335	9	Do6	C6	371	371	1	8	417	95	96		346.75
2336	9	Si5b5	B5b5	362	362	1	4	833	95	96		347
2337	9	Re6	D6	380	380	1	4	833	95	96	ah	347.25
2338	9	Do6	C6	371	371	1	4	833	95	96		347.5
2339	9	Si5b5	B5b5	362	362	1	4	833	95	96		347.75
2340	9	La5	A5	358	358	1	4	833	95	96		348
2341	9	Do6	C6	371	371	1	4	833	95	96	ah	348.25
2342	9	Si5b5	B5b5	362	362	1	4	833	95	96		348.5
2343	9	La5	A5	358	358	1	4	833	95	96		348.75
2344	9	Sol5	G5	349	349	1	4	833	95	96		349
2345	9	Si5b5	B5b5	362	362	1	4	833	99	96	ah	349.25
2346	9	La5	A5	358	358	1	8	417	99	96		349.375
2347	9	Sol5	G5	349	349	1	8	417	95	96		349.5
2348	9	Fa5#5	F5#5	345	345	1	8	417	99	96		349.625
2349	9	Sol5	G5	349	349	1	8	417	99	96		349.75
2350	9	La5	A5	358	358	1	16	208	99	96		349.8125
2351	9	Si5b5	B5b5	362	362	1	16	208	99	96		349.875
2352	9	La5	A5	358	358	1	16	208	99	96		349.9375
2353	9	Sol5	G5	349	349	1	16	208	95	96		350
2354	9	Sol5	G5	349	349	3	4	2500	95	96		350.75
2355	9			-1	-1	1	4	833	100	0		351
2356	9	Sol5	G5	349	349	1	8	417	95	96	Çö	351.125
2357	9	Sol5	G5	349	349	1	4	833	95	96	kük	351.375
2358	9	Sol5	G5	349	349	1	4	833	95	96	bir	351.625
2359	9	Sol5	G5	349	349	1	4	833	95	96	kub	351.875
2360	9	Sol5	G5	349	349	1	8	417	95	96	be	352
2361	9	Sol5	G5	349	349	1	4	833	95	96	kal	352.25
2362	9	Sol5	G5	349	349	1	4	833	95	96	sın	352.5
2363	9	Sol5	G5	349	349	1	4	833	95	96	ma	352.75
2364	9	Sol5	G5	349	349	1	8	417	95	96	be	352.875
2365	9	Sol5	G5	349	349	1	4	833	95	96	din	353.125
2366	9	Sol5	G5	349	349	1	4	833	95	96	den	353.375
2367	9	Sol5	G5	349	349	1	4	833	95	96	Yıl	353.625
2368	9	Sol5	G5	349	349	1	8	417	95	96	dı	353.75
2369	9	Sol5	G5	349	349	1	4	833	95	96	rım	354
2370	9	Sol5	G5	349	349	1	4	833	95	96	Hâ	354.25
2371	9	La5b5	A5b5	353	353	1	8	417	99	96	nın	354.375
2372	9	La5	A5	358	358	1	8	417	99	96		354.5
2373	9	La5	A5	358	358	1	4	833	99	96		354.75
2374	9	La5	A5	358	358	1	4	833	95	96		355
2375	9			-1	-1	1	4	833	100	0		355.25
2376	9	Si5b5	B5b5	362	362	1	8	417	95	96	Şe	355.375
2377	9	La5	A5	358	358	1	4	833	95	96	nâ	355.625
2378	9	La5	A5	358	358	1	8	417	99	96	at	355.75
2379	9	Sol5	G5	349	349	1	8	417	95	96		355.875
2380	9	Sol5	G5	349	349	1	8	417	99	96	ler	356
2381	9	Fa5#5	F5#5	345	345	1	8	417	95	96		356.125
2382	9	La5b5	A5b5	353	353	1	8	417	95	96	le	356.25
2383	9	Sol5	G5	349	349	1	8	417	99	96	çiğ	356.375
2384	9	Fa5#5	F5#5	345	345	1	8	417	95	96		356.5
2385	9	Mi5b5	E5b5	331	331	1	8	417	99	96	nen	356.625
2386	9	Re5	D5	327	327	1	8	417	95	96		356.75
2387	9	Do5	C5	318	318	1	4	833	95	96	sin	357
2388	9	Re5	D5	327	327	1	8	417	95	96	mu	357.125
2389	9	Fa5#5	F5#5	345	345	1	8	417	99	96	az	357.25
2390	9	Mi5b5	E5b5	331	331	1	8	417	95	96		357.375
2391	9	Mi5b5	E5b5	331	331	1	8	417	99	96	zam	357.5
2392	9	Re5	D5	327	327	1	8	417	95	96		357.625
2393	9	Re5	D5	327	327	1	8	417	99	96	kab	357.75
2394	9	Do5	C5	318	318	1	8	417	95	96		357.875
2395	9	Fa5#5	F5#5	345	345	1	8	417	95	96	ri	358
2396	9	Mi5b5	E5b5	331	331	1	8	417	99	96	Or	358.125
2397	9	Re5	D5	327	327	1	8	417	95	96		358.25
2398	9	Do5	C5	318	318	1	8	417	99	96	hâ	358.375
2399	9	Si4	B4	314	314	1	8	417	95	96		358.5
2400	9	Do5	C5	318	318	1	4	833	95	96	nın	358.75
2401	9	Fa5	F5	340	340	1	8	417	99	96	Ah	358.875
2402	9	Fa5	F5	340	340	1	8	417	99	96		359
2403	9	Fa5	F5	340	340	1	8	417	99	96		359.125
2404	9	Fa5	F5	340	340	3	16	625	99	96		359.3125
2405	9	Mi5b5	E5b5	331	331	1	16	208	95	96		359.375
2406	9	Mi5b5	E5b5	331	331	3	16	625	99	96	aman	359.5625
2407	9	Re5	D5	327	327	1	16	208	95	96		359.625
2408	9	Sol5	G5	349	349	1	16	208	99	96		359.6875
2409	9	Fa5#5	F5#5	345	345	1	16	208	99	96		359.75
2410	9	Mi5b5	E5b5	331	331	1	16	208	99	96		359.8125
2411	9	Re5	D5	327	327	1	16	208	95	96		359.875
2412	9	Do5	C5	318	318	1	8	417	95	96		360
2413	9	Fa5#5	F5#5	345	345	1	8	417	99	96	Ah	360.125
2414	9	Mi5b5	E5b5	331	331	1	8	417	99	96		360.25
2415	9	Re5	D5	327	327	1	16	208	99	96		360.3125
2416	9	Mi5b5	E5b5	331	331	1	16	208	95	96		360.375
2417	9	Re5	D5	327	327	3	16	625	99	96		360.5625
2418	9	Do5	C5	318	318	1	16	208	95	96		360.625
2419	9	Mi5b5	E5b5	331	331	1	16	208	99	96	a	360.6875
2420	9	Re5	D5	327	327	1	16	208	99	96		360.75
2421	9	Do5	C5	318	318	1	16	208	99	96		360.8125
2422	9	Si4	B4	314	314	1	16	208	95	96		360.875
2423	9	Do5	C5	318	318	3	8	1250	99	96	man	361.25
2424	9	Do5	C5	318	318	1	4	833	95	96		361.5
2425	9			-1	-1	1	4	833	100	0		361.75
2426	9	Sol4	G4	296	296	1	8	417	95	96	Ne	361.875
2427	9	Do5	C5	318	318	1	4	833	99	96	hey	362.125
2428	9	Do5	C5	318	318	1	4	833	95	96		362.375
2429	9	Do5	C5	318	318	1	4	833	95	96	bet	362.625
2430	9	Do5	C5	318	318	1	4	833	95	96	dir	362.875
2431	9	Sol4	G4	296	296	1	8	417	95	96	ki	363
2432	9	Do5	C5	318	318	1	4	833	99	96	vah	363.25
2433	9	Re5	D5	327	327	1	8	417	95	96	det	363.375
2434	9	Re5	D5	327	327	1	4	833	95	96	gâ	363.625
2435	9	Re5	D5	327	327	1	4	833	95	96	hı	363.875
2436	9	Do5	C5	318	318	1	8	417	95	96	hı	364
2437	9	Re5	D5	327	327	1	4	833	99	96	dî	364.25
2438	9	Fa5	F5	340	340	1	8	417	95	96		364.375
2439	9	Mi5	E5	336	336	3	16	625	99	96	nin	364.5625
2440	9	Re5	D5	327	327	1	16	208	95	96		364.625
2441	9	Do5	C5	318	318	1	4	833	95	96	dev	364.875
2442	9	Re5	D5	327	327	1	8	417	95	96	ri	365
2443	9	Re5	D5	327	327	1	4	833	99	96	lüb	365.25
2444	9	Fa5	F5	340	340	1	4	833	95	96		365.5
2445	9	Mi5	E5	336	336	3	16	625	99	96	taş	365.6875
2446	9	Re5	D5	327	327	1	16	208	95	96		365.75
2447	9	Do5	C5	318	318	1	8	417	99	96		365.875
2448	9	Si4	B4	314	314	1	8	417	95	96		366
2449	9	Do5	C5	318	318	1	4	833	99	96	taş	366.25
2450	9	Si4	B4	314	314	1	8	417	99	96		366.375
2451	9	La4	A4	305	305	1	8	417	95	96		366.5
2452	9	Sol4	G4	296	296	1	4	833	95	96		366.75
2453	9			-1	-1	1	4	833	100	0		367
2454	9	Fa5	F5	340	340	1	8	417	95	96	Sü	367.125
2455	9	Fa5	F5	340	340	3	8	1250	95	96	rün	367.5
2456	9	Fa5	F5	340	340	1	8	417	99	96	sün	367.625
2457	9	Mi5b5	E5b5	331	331	1	8	417	95	96		367.75
2458	9	Mi5b5	E5b5	331	331	1	4	833	95	96	şim	368
2459	9	Mi5b5	E5b5	331	331	1	8	417	95	96	di	368.125
2460	9	Mi5b5	E5b5	331	331	1	4	833	99	96	mil	368.375
2461	9	Re5	D5	327	327	1	8	417	95	96		368.5
2462	9	Re5	D5	327	327	1	8	417	99	96	yon	368.625
2463	9	Do5	C5	318	318	1	8	417	95	96		368.75
2464	9	Do5	C5	318	318	1	8	417	99	96	lar	368.875
2465	9	Si4	B4	314	314	1	8	417	95	96		369
2466	9	Re5	D5	327	327	1	8	417	95	96	la	369.125
2467	9	Mi5b5	E5b5	331	331	1	8	417	99	96	me	369.25
2468	9	Re5	D5	327	327	1	8	417	99	96		369.375
2469	9	Do5	C5	318	318	1	8	417	95	96		369.5
2470	9	Si4	B4	314	314	3	16	625	99	96	vâ	369.6875
2471	9	La4b5	A4b5	300	300	1	16	208	95	96		369.75
2472	9	Sol4	G4	296	296	1	4	833	95	96	sız	370
2473	9	Re5	D5	327	327	1	8	417	95	96	ka	370.125
2474	9	Do5	C5	318	318	1	4	833	99	96	lan	370.375
2475	9	Do5	C5	318	318	1	16	208	99	96		370.4375
2476	9	Si4	B4	314	314	1	16	208	95	96		370.5
2477	9	Si4	B4	314	314	3	16	625	99	96	din	370.6875
2478	9	La4b5	A4b5	300	300	1	16	208	95	96		370.75
2479	9	La4b5	A4b5	300	300	3	16	625	99	96		370.9375
2480	9	Sol4	G4	296	296	1	16	208	95	96		371
2481	9	Sol4	G4	296	296	3	8	1250	99	96	daş	371.375
2482	9	Sol4	G4	296	296	1	4	833	95	96		371.625
2483	9			-1	-1	1	4	833	100	0		371.875
2484	9	Sol5	G5	349	349	3	8	1250	99	96	ah	372.25
2485	9	Sol5	G5	349	349	1	4	833	99	96		372.5
2486	9	Sol5	G5	349	349	1	4	833	99	96		372.75
2487	9	Sol5	G5	349	349	3	8	1250	99	96		373.125
2488	9	Sol5	G5	349	349	1	4	833	95	96		373.375
2489	9			-1	-1	1	4	833	100	0		373.625
2490	9	Sol5	G5	349	349	1	8	417	95	96	He	373.75
2491	9	Sol5	G5	349	349	1	4	833	95	96	sap	374
2492	9	Sol5	G5	349	349	1	4	833	95	96	sız	374.25
2493	9	Sol5	G5	349	349	1	4	833	95	96	bi	374.5
2494	9	Sol5	G5	349	349	1	8	417	95	96	gü	374.625
2495	9	Sol5	G5	349	349	1	4	833	95	96	nâh	374.875
2496	9	Sol5	G5	349	349	1	4	833	95	96	iş	375.125
2497	9	Si5	B5	367	367	1	4	833	95	96	ken?	375.375
2498	9	Do6	C6	371	371	1	8	417	95	96	ce	375.5
2499	9	Si5	B5	367	367	1	4	833	95	96	ler	375.75
2500	9	La5	A5	358	358	1	4	833	95	96	al	376
2501	9	Sol5	G5	349	349	1	8	417	99	96	tın	376.125
2502	9	Fa5#5	F5#5	345	345	1	8	417	95	96		376.25
2503	9	Si5	B5	367	367	1	8	417	95	96	da?	376.375
2504	9	La5	A5	358	358	1	8	417	99	96	kıv	376.5
2505	9	Sol5	G5	349	349	1	8	417	95	96		376.625
2506	9	Fa5#5	F5#5	345	345	1	8	417	99	96	ran	376.75
2507	9	Mi5	E5	336	336	1	8	417	95	96		376.875
2508	9	Re5	D5	327	327	1	4	833	95	96	sın	377.125
2509	9	Sol5	G5	349	349	1	8	417	99	96	SAZ 	377.25
2510	9	Fa5#5	F5#5	345	345	1	8	417	95	96		377.375
2511	9	Mi5	E5	336	336	1	8	417	95	96		377.5
2512	9	Re5	D5	327	327	1	8	417	99	96		377.625
2513	9	Mi5	E5	336	336	1	16	208	99	96		377.6875
2514	9	Fa5#5	F5#5	345	345	1	16	208	95	96		377.75
2515	9	Sol5	G5	349	349	1	4	833	95	96		378
2516	9	Sol5	G5	349	349	1	8	417	95	96	Se	378.125
2517	9	Fa5	F5	340	340	1	8	417	99	96	ril	378.25
2518	9	Mi5	E5	336	336	1	8	417	95	96		378.375
2519	9	Mi5	E5	336	336	1	8	417	99	96	miş	378.5
2520	9	Re5	D5	327	327	1	8	417	95	96		378.625
2521	9	Re5	D5	327	327	1	8	417	99	96	göv	378.75
2522	9	Do5	C5	318	318	1	8	417	95	96		378.875
2523	9	Mi5	E5	336	336	1	8	417	95	96	de	379
2524	9	Re5	D5	327	327	1	4	833	95	96	ler	379.25
2525	9	Do5	C5	318	318	1	4	833	95	96	bin	379.5
2526	9	Si4	B4	314	314	1	4	833	95	96	ler	379.75
2527	9	Sol4	G4	296	296	1	8	417	95	96	ce	379.875
2528	9	Si4	B4	314	314	1	4	833	95	96	yüz	380.125
2529	9	Re5	D5	327	327	1	4	833	95	96	bin	380.375
2530	9	La4	A4	305	305	1	4	833	95	96	ler	380.625
2531	9			-1	-1	1	4	833	100	0		380.875
2532	9	Re5	D5	327	327	1	8	417	95	96	ce	381
2533	9	Do5	C5	318	318	1	8	417	99	96	doğ	381.125
2534	9	Si4	B4	314	314	1	8	417	95	96		381.25
2535	9	La4	A4	305	305	1	8	417	99	96	ran	381.375
2536	9	La4	A4	305	305	1	16	208	99	96		381.4375
2537	9	Si4	B4	314	314	1	16	208	95	96		381.5
2538	9	Sol4	G4	296	296	1	4	833	95	96	sın	381.75
2539	9			-1	-1	1	8	417	100	0		381.875
2540	9	Sol5	G5	349	349	3	4	2500	95	96		382.625
2541	9			-1	-1	1	4	833	100	0		382.875
2542	9	Re5	D5	327	327	1	8	417	95	96	Do	383
2543	9	Sol5	G5	349	349	3	8	1250	95	96	laş	383.375
2544	9	Fa5#5	F5#5	345	345	3	16	625	99	96	sın	383.5625
2545	9	Mi5	E5	336	336	1	16	208	95	96		383.625
2546	9	Re5	D5	327	327	1	4	833	95	96	son	383.875
2547	9	Do5	C5	318	318	1	8	417	95	96	ra	384
2548	9	Mi5	E5	336	336	1	4	833	99	96	İs	384.25
2549	9	Mi5	E5	336	336	1	16	208	99	96		384.3125
2550	9	Re5	D5	327	327	1	16	208	95	96		384.375
2551	9	Sol5	G5	349	349	1	4	833	95	96	lâ	384.625
2552	9	Re5	D5	327	327	1	4	833	95	96	mın	384.875
2553	9	Do5	C5	318	318	1	8	417	95	96	ha	385
2554	9	Mi5	E5	336	336	1	4	833	99	96	rem	385.25
2555	9	Mi5	E5	336	336	1	16	208	99	96		385.3125
2556	9	Re5	D5	327	327	1	16	208	95	96		385.375
2557	9	Mi5	E5	336	336	1	8	417	99	96	gâ	385.5
2558	9	Fa5#5	F5#5	345	345	1	8	417	95	96		385.625
2559	9	Sol5	G5	349	349	1	8	417	99	96	hın	385.75
2560	9	Si5	B5	367	367	1	8	417	95	96		385.875
2561	9	Si5	B5	367	367	1	8	417	95	96	da	386
2562	9	La5	A5	358	358	1	4	833	99	96	nâ	386.25
2563	9	La5	A5	358	358	1	16	208	99	96		386.3125
2564	9	Sol5	G5	349	349	1	16	208	95	96		386.375
2565	9	Sol5	G5	349	349	1	16	208	99	96	mah	386.4375
2566	9	Fa5#5	F5#5	345	345	1	16	208	99	96		386.5
2567	9	Mi5	E5	336	336	1	16	208	99	96		386.5625
2568	9	Fa5#5	F5#5	345	345	1	16	208	95	96		386.625
2569	9	Sol5	G5	349	349	1	4	833	95	96	rem	386.875
2570	9	Re5	D5	327	327	1	8	417	95	96	Be	387
2571	9	Sol5	G5	349	349	1	4	833	95	96	nim	387.25
2572	9	Sol5	G5	349	349	1	4	833	95	96	hak	387.5
2573	9	Si5	B5	367	367	1	4	833	95	96	kım	387.75
2574	9	La5	A5	358	358	1	8	417	95	96	sus	387.875
2575	9	Sol5	G5	349	349	1	4	833	95	96	ey	388.125
2576	9	Fa5#5	F5#5	345	345	1	8	417	99	96	bül	388.25
2577	9	Mi5	E5	336	336	1	8	417	95	96		388.375
2578	9	Re5	D5	327	327	1	4	833	95	96	bül	388.625
2579	9			-1	-1	1	4	833	100	0		388.875
2580	9			-1	-1	1	8	417	100	0		389
2581	9			-1	-1	1	2	1667	100	0		389.5
2582	9	Re5	D5	327	327	1	8	417	95	96	se	389.625
2583	9	Do6	C6	371	371	1	4	833	95	96	nin	389.875
2584	9	Do6	C6	371	371	1	8	417	99	96	hak	390
2585	9	Si5	B5	367	367	1	8	417	95	96		390.125
2586	9	La5	A5	358	358	1	4	833	95	96	kın	390.375
2587	9	Re5	D5	327	327	1	16	208	95	96	de	390.4375
2588	9			-1	-1	1	16	208	100	0		390.5
2589	9	Re5	D5	327	327	1	8	417	95	96	ğil	390.625
2590	9			-1	-1	1	8	417	100	0		390.75
2591	9	Mi5	E5	336	336	1	16	208	95	96	ma	390.8125
2592	9			-1	-1	1	16	208	100	0		390.875
2593	9	Fa5#5	F5#5	345	345	1	16	208	95	96		390.9375
2594	9			-1	-1	1	16	208	100	0		391
2595	9	Sol5	G5	349	349	1	4	833	95	96	tem	391.25
