Sira	Kod	Nota53	NotaAE	Koma53	KomaAE	Pay	Payda	Ms	LNS	Bas	Soz1	Offset
1	9	Sol4	G4	296	296	3	8	1023	99	96		0.0234375
2	9	Si4b1	B4b1	313	313	1	8	341	95	96		0.03125
3	9	Si4b1	B4b1	313	313	1	2	1364	95	96		0.0625
4	8	Do5	C5	318	318	1	8	341	95	96		0.0703125
5	9	Si4b1	B4b1	313	313	3	16	511	99	96		8.203125E-02
6	9	La4	A4	305	305	1	16	170	99	96		0.0859375
7	9	Si4b1	B4b1	313	313	1	8	341	99	96		0.09375
8	9	Do5	C5	318	318	1	8	341	99	96		0.1015625
9	9	Si4b1	B4b1	313	313	1	8	341	99	96		0.109375
10	8	Do5	C5	318	318	1	8	341	99	96		0.1171875
11	9	Do5	C5	318	318	1	8	341	99	96		0.125
12	9	Si4b1	B4b1	313	313	1	8	341	95	96		0.1328125
13	9	La4	A4	305	305	1	8	341	95	96		0.140625
14	9	La4#4	A4#4	309	309	1	8	341	99	96		0.1484375
15	9	Sol4	G4	296	296	1	8	341	99	96		0.15625
16	9	Sol4	G4	296	296	1	8	341	95	96		0.1640625
17	9	Fa4#4	F4#4	291	291	1	8	341	95	96		0.171875
18	9	Sol4	G4	296	296	1	4	682	95	96		0.1875
19	9	La4#4	A4#4	309	309	1	4	682	95	96		0.203125
20	9	Si4b1	B4b1	313	313	1	2	1364	99	96		0.234375
21	9	La4#4	A4#4	309	309	1	8	341	99	96		0.2421875
22	9	Si4b1	B4b1	313	313	1	8	341	99	96		0.25
23	9	Do5	C5	318	318	1	16	170	99	96		0.2539063
24	9	Re5	D5	327	327	1	16	170	99	96		0.2578125
25	9	Do5	C5	318	318	1	16	170	99	96		0.2617188
26	9	Si4b1	B4b1	313	313	1	16	170	99	96		0.265625
27	9	Si4b1	B4b1	313	313	3	8	1023	95	96		0.2890625
28	9			-1	-1	1	8	341	100	0		0.296875
29	9	Re5	D5	327	327	3	16	511	95	96		0.3085938
30	9	Do5	C5	318	318	1	16	170	95	96		0.3125
31	9	Si4b1	B4b1	313	313	1	8	341	95	96		0.3203125
32	9	Do5	C5	318	318	1	8	341	95	96		0.328125
33	9	Re5	D5	327	327	1	2	1364	95	96		0.359375
34	9	Re5	D5	327	327	1	4	682	99	96		0.375
35	9	Do5	C5	318	318	1	8	341	99	96		0.3828125
36	9	Si4b1	B4b1	313	313	1	8	341	95	96		0.390625
37	9	Do5	C5	318	318	1	8	341	95	96		0.3984375
38	9	Re5	D5	327	327	1	8	341	95	96		0.40625
39	9	Do5	C5	318	318	1	8	341	95	96		0.4140625
40	9	Si4b1	B4b1	313	313	1	8	341	95	96		0.421875
41	9	Re5	D5	327	327	1	8	341	95	96		0.4296875
42	9	Fa5#4	F5#4	344	344	1	8	341	95	96		0.4375
43	9	Mi5b1	E5b1	335	335	1	8	341	95	96		0.4453125
44	9	Re5	D5	327	327	1	8	341	95	96		0.453125
45	9	Do5	C5	318	318	1	4	682	99	96		0.46875
46	9	Re5	D5	327	327	1	4	682	99	96		0.484375
47	9	Re5	D5	327	327	1	4	682	95	96		0.5
48	9			-1	-1	1	4	682	100	0		0.515625
49	9	Fa5#4	F5#4	344	344	1	4	682	99	96		0.53125
50	9	Mi5b1	E5b1	335	335	1	8	341	99	96		0.5390625
51	9	Fa5#4	F5#4	344	344	1	8	341	99	96		0.546875
52	9	Sol5	G5	349	349	1	16	170	99	96		0.5507813
53	9	La5	A5	358	358	1	16	170	99	96		0.5546875
54	9	Sol5	G5	349	349	1	8	341	99	96		0.5625
55	9	Fa5#4	F5#4	344	344	1	8	341	99	96		0.5703125
56	9	Mi5b1	E5b1	335	335	1	8	341	99	96		0.578125
57	9	Mi5b1	E5b1	335	335	1	8	341	95	96		0.5859375
58	9	Mi5b1	E5b1	335	335	1	8	341	99	96		0.59375
59	9	Re5	D5	327	327	1	8	341	99	96		0.6015625
60	9	Mi5b1	E5b1	335	335	1	8	341	99	96		0.609375
61	8	Fa5#4	F5#4	344	344	1	8	341	99	96		0.6171875
62	9	Mi5b1	E5b1	335	335	1	8	341	99	96		0.625
63	9	Fa5#4	F5#4	344	344	1	8	341	99	96		0.6328125
64	9	Mi5b1	E5b1	335	335	1	8	341	99	96		0.640625
65	9	Re5	D5	327	327	1	8	341	99	96		0.6484375
66	9	Re5	D5	327	327	1	8	341	95	96		0.65625
67	9	Re5	D5	327	327	1	8	341	99	96		0.6640625
68	9	Do5	C5	318	318	1	8	341	99	96		0.671875
69	9	Re5	D5	327	327	1	8	341	99	96		0.6796875
70	9	Mi5b1	E5b1	335	335	1	4	682	99	96		0.6953125
71	9	Re5	D5	327	327	1	8	341	99	96		0.703125
72	9	Do5	C5	318	318	1	8	341	95	96		0.7109375
73	9	Re5	D5	327	327	1	8	341	99	96		0.71875
74	9	Fa5#4	F5#4	344	344	1	8	341	99	96		0.7265625
75	9	Mi5b1	E5b1	335	335	1	8	341	99	96		0.734375
76	9	Re5	D5	327	327	1	8	341	95	96		0.7421875
77	9	Re5	D5	327	327	1	8	341	99	96		0.75
78	9	Do5	C5	318	318	1	8	341	99	96		0.7578125
79	9	Do5	C5	318	318	1	8	341	99	96		0.765625
80	9	Si4b1	B4b1	313	313	1	8	341	95	96		0.7734375
81	9	Si4b1	B4b1	313	313	3	8	1023	95	96		0.796875
82	9			-1	-1	1	8	341	100	0		0.8046875
83	9	Si4b1	B4b1	313	313	1	8	341	95	96		0.8125
84	9	Fa5#4	F5#4	344	344	1	8	341	95	96		0.8203125
85	9	Mi5b1	E5b1	335	335	1	8	341	95	96		0.828125
86	9	Re5	D5	327	327	1	8	341	95	96		0.8359375
87	9	Re5	D5	327	327	1	16	170	99	96		0.8398438
88	9	Do5	C5	318	318	1	16	170	99	96		0.84375
89	9	Re5	D5	327	327	1	16	170	99	96		0.8476563
90	9	Mi5b1	E5b1	335	335	1	16	170	99	96		0.8515625
91	9	Re5	D5	327	327	1	8	341	99	96		0.859375
92	9	Si4b1	B4b1	313	313	1	8	341	95	96		0.8671875
93	8	Re5	D5	327	327	1	8	341	95	96		0.875
94	9	Do5	C5	318	318	1	8	341	99	96		0.8828125
95	9	Si4b1	B4b1	313	313	1	8	341	99	96		0.890625
96	9	Do5	C5	318	318	1	8	341	99	96		0.8984375
97	9	Re5	D5	327	327	1	8	341	95	96		0.90625
98	9	Do5	C5	318	318	3	16	511	99	96		0.9179688
99	9	Si4b1	B4b1	313	313	1	16	170	99	96		0.921875
100	9	La4#4	A4#4	309	309	1	8	341	99	96		0.9296875
101	9	Si4b1	B4b1	313	313	1	8	341	99	96		0.9375
102	9	La4#4	A4#4	309	309	1	4	682	99	96		0.953125
103	9	Mi5b1	E5b1	335	335	3	16	511	99	96		0.9648438
104	9	Re5	D5	327	327	1	16	170	99	96		0.96875
105	9	Re5	D5	327	327	3	16	511	99	96		0.9804688
106	9	Do5	C5	318	318	1	16	170	99	96		0.984375
107	9	Do5	C5	318	318	3	16	511	99	96		0.9960938
108	9	Si4b1	B4b1	313	313	1	16	170	99	96		1
109	9	Si4b1	B4b1	313	313	1	8	341	99	96		1.007813
110	9	La4#4	A4#4	309	309	1	8	341	99	96		1.015625
111	9	Sol4	G4	296	296	1	8	341	99	96		1.023438
112	9	Fa4#4	F4#4	291	291	1	8	341	95	96		1.03125
113	9	Sol4	G4	296	296	3	8	1023	99	96		1.054688
114	9	Si4b1	B4b1	313	313	1	8	341	95	96		1.0625
115	9	Si4b1	B4b1	313	313	1	2	1364	95	96		1.09375
116	8	Do5	C5	318	318	1	8	341	95	96		1.101563
117	9	Si4b1	B4b1	313	313	3	16	511	99	96		1.113281
118	9	La4	A4	305	305	1	16	170	99	96		1.117188
119	9	Si4b1	B4b1	313	313	1	8	341	99	96		1.125
120	9	Do5	C5	318	318	1	8	341	99	96		1.132813
121	9	Si4b1	B4b1	313	313	1	8	341	99	96		1.140625
122	8	Do5	C5	318	318	1	8	341	99	96		1.148438
123	9	Do5	C5	318	318	1	8	341	99	96		1.15625
124	9	Si4b1	B4b1	313	313	1	8	341	95	96		1.164063
125	9	La4	A4	305	305	1	8	341	95	96		1.171875
126	9	La4#4	A4#4	309	309	1	8	341	99	96		1.179688
127	9	Sol4	G4	296	296	1	8	341	99	96		1.1875
128	9	Sol4	G4	296	296	1	8	341	95	96		1.195313
129	9	Fa4#4	F4#4	291	291	1	8	341	95	96		1.203125
130	9	Sol4	G4	296	296	1	4	682	95	96		1.21875
131	9	La4#4	A4#4	309	309	1	4	682	95	96		1.234375
132	9	Si4b1	B4b1	313	313	1	2	1364	99	96		1.265625
133	9	La4#4	A4#4	309	309	1	8	341	99	96		1.273438
134	9	Si4b1	B4b1	313	313	1	8	341	99	96		1.28125
135	9	Do5	C5	318	318	1	16	170	99	96		1.285156
136	9	Re5	D5	327	327	1	16	170	99	96		1.289063
137	9	Do5	C5	318	318	1	16	170	99	96		1.292969
138	9	Si4b1	B4b1	313	313	1	16	170	99	96		1.296875
139	9	Si4b1	B4b1	313	313	3	8	1023	95	96		1.320313
140	9			-1	-1	1	8	341	100	0		1.328125
141	9	Re5	D5	327	327	3	16	511	95	96		1.339844
142	9	Do5	C5	318	318	1	16	170	95	96		1.34375
143	9	Si4b1	B4b1	313	313	1	8	341	95	96		1.351563
144	9	Do5	C5	318	318	1	8	341	95	96		1.359375
145	9	Re5	D5	327	327	1	2	1364	95	96		1.390625
146	9	Re5	D5	327	327	1	4	682	99	96		1.40625
147	9	Do5	C5	318	318	1	8	341	99	96		1.414063
148	9	Si4b1	B4b1	313	313	1	8	341	95	96		1.421875
149	9	Do5	C5	318	318	1	8	341	95	96		1.429688
150	9	Re5	D5	327	327	1	8	341	95	96		1.4375
151	9	Do5	C5	318	318	1	8	341	95	96		1.445313
152	9	Si4b1	B4b1	313	313	1	8	341	95	96		1.453125
153	9	Re5	D5	327	327	1	8	341	95	96		1.460938
154	9	Fa5#4	F5#4	344	344	1	8	341	95	96		1.46875
155	9	Mi5b1	E5b1	335	335	1	8	341	95	96		1.476563
156	9	Re5	D5	327	327	1	8	341	95	96		1.484375
157	9	Do5	C5	318	318	1	4	682	99	96		1.5
158	9	Re5	D5	327	327	1	4	682	99	96		1.515625
159	9	Re5	D5	327	327	1	4	682	95	96		1.53125
160	9			-1	-1	1	4	682	100	0		1.546875
161	9	Fa5#4	F5#4	344	344	1	4	682	99	96		1.5625
162	9	Mi5b1	E5b1	335	335	1	8	341	99	96		1.570313
163	9	Fa5#4	F5#4	344	344	1	8	341	99	96		1.578125
164	9	Sol5	G5	349	349	1	16	170	99	96		1.582031
165	9	La5	A5	358	358	1	16	170	99	96		1.585938
166	9	Sol5	G5	349	349	1	8	341	99	96		1.59375
167	9	Fa5#4	F5#4	344	344	1	8	341	99	96		1.601563
168	9	Mi5b1	E5b1	335	335	1	8	341	99	96		1.609375
169	9	Mi5b1	E5b1	335	335	1	8	341	95	96		1.617188
170	9	Mi5b1	E5b1	335	335	1	8	341	99	96		1.625
171	9	Re5	D5	327	327	1	8	341	99	96		1.632813
172	9	Mi5b1	E5b1	335	335	1	8	341	99	96		1.640625
173	8	Fa5#4	F5#4	344	344	1	8	341	99	96		1.648438
174	9	Mi5b1	E5b1	335	335	1	8	341	99	96		1.65625
175	9	Fa5#4	F5#4	344	344	1	8	341	99	96		1.664063
176	9	Mi5b1	E5b1	335	335	1	8	341	99	96		1.671875
177	9	Re5	D5	327	327	1	8	341	99	96		1.679688
178	9	Re5	D5	327	327	1	8	341	95	96		1.6875
179	9	Re5	D5	327	327	1	8	341	99	96		1.695313
180	9	Do5	C5	318	318	1	8	341	99	96		1.703125
181	9	Re5	D5	327	327	1	8	341	99	96		1.710938
182	9	Mi5b1	E5b1	335	335	1	4	682	99	96		1.726563
183	9	Re5	D5	327	327	1	8	341	99	96		1.734375
184	9	Do5	C5	318	318	1	8	341	95	96		1.742188
185	9	Re5	D5	327	327	1	8	341	99	96		1.75
186	9	Fa5#4	F5#4	344	344	1	8	341	99	96		1.757813
187	9	Mi5b1	E5b1	335	335	1	8	341	99	96		1.765625
188	9	Re5	D5	327	327	1	8	341	95	96		1.773438
189	9	Re5	D5	327	327	1	8	341	99	96		1.78125
190	9	Do5	C5	318	318	1	8	341	99	96		1.789063
191	9	Do5	C5	318	318	1	8	341	99	96		1.796875
192	9	Si4b1	B4b1	313	313	1	8	341	95	96		1.804688
193	9	Si4b1	B4b1	313	313	3	8	1023	95	96		1.828125
194	9			-1	-1	1	8	341	100	0		1.835938
195	9	Si4b1	B4b1	313	313	1	8	341	95	96		1.84375
196	9	Fa5#4	F5#4	344	344	1	8	341	95	96		1.851563
197	9	Mi5b1	E5b1	335	335	1	8	341	95	96		1.859375
198	9	Re5	D5	327	327	1	8	341	95	96		1.867188
199	9	Re5	D5	327	327	1	16	170	99	96		1.871094
200	9	Do5	C5	318	318	1	16	170	99	96		1.875
201	9	Re5	D5	327	327	1	16	170	99	96		1.878906
202	9	Mi5b1	E5b1	335	335	1	16	170	99	96		1.882813
203	9	Re5	D5	327	327	1	8	341	99	96		1.890625
204	9	Si4b1	B4b1	313	313	1	8	341	95	96		1.898438
205	8	Re5	D5	327	327	1	8	341	95	96		1.90625
206	9	Do5	C5	318	318	1	8	341	99	96		1.914063
207	9	Si4b1	B4b1	313	313	1	8	341	99	96		1.921875
208	9	Do5	C5	318	318	1	8	341	99	96		1.929688
209	9	Re5	D5	327	327	1	8	341	95	96		1.9375
210	9	Do5	C5	318	318	3	16	511	99	96		1.949219
211	9	Si4b1	B4b1	313	313	1	16	170	99	96		1.953125
212	9	La4#4	A4#4	309	309	1	8	341	99	96		1.960938
213	9	Si4b1	B4b1	313	313	1	8	341	99	96		1.96875
214	9	La4#4	A4#4	309	309	1	8	341	99	96		1.976563
215	9	Si4b1	B4b1	313	313	1	8	341	99	96		1.984375
216	9	Do5	C5	318	318	1	16	170	99	96		1.988281
217	9	Re5	D5	327	327	1	16	170	99	96		1.992188
218	9	Do5	C5	318	318	1	16	170	99	96		1.996094
219	9	Si4b1	B4b1	313	313	1	16	170	99	96		2
220	9	Si4b1	B4b1	313	313	1	2	1364	99	96		2.03125
221	9	Si4b1	B4b1	313	313	1	4	682	95	96		2.046875
222	9			-1	-1	1	4	682	100	0		2.0625
223	9	Si4b1	B4b1	313	313	1	2	1364	95	96		2.09375
224	9	Si4b1	B4b1	313	313	1	2	1364	95	96		2.125
225	9	Si4b1	B4b1	313	313	3	8	1023	95	96		2.148438
226	9			-1	-1	1	8	341	100	0		2.15625
227	9	Sol5	G5	349	349	1	4	682	99	96		2.171875
228	9	Fa5	F5	340	340	1	8	341	99	96		2.179688
229	9	Mi5	E5	336	336	1	8	341	95	96		2.1875
230	9	Mi5	E5	336	336	1	8	341	99	96		2.195313
231	9	Re5	D5	327	327	1	8	341	99	96		2.203125
232	8	Mi5	E5	336	336	1	8	341	99	96		2.210938
233	9	Re5	D5	327	327	1	8	341	95	96		2.21875
234	9	Do5#4	C5#4	322	322	1	8	341	95	96		2.226563
235	9	Re5	D5	327	327	1	4	682	95	96		2.242188
236	9	Mi5	E5	336	336	1	4	682	95	96		2.257813
237	9	Mi5	E5	336	336	1	4	682	99	96		2.273438
238	8	Sol5	G5	349	349	1	8	341	99	96		2.28125
239	9	Fa5	F5	340	340	1	8	341	99	96		2.289063
240	9	Mi5	E5	336	336	1	8	341	99	96		2.296875
241	9	Re5	D5	327	327	1	8	341	99	96		2.304688
242	9	Do5#4	C5#4	322	322	1	8	341	99	96		2.3125
243	9	Si4b1	B4b1	313	313	1	16	170	99	96		2.316406
244	9	La4#4	A4#4	309	309	1	16	170	99	96		2.320313
245	9	Si4b1	B4b1	313	313	1	8	341	99	96		2.328125
246	9	Do5	C5	318	318	1	8	341	99	96		2.335938
247	9	Re5	D5	327	327	1	8	341	99	96		2.34375
248	9	Do5	C5	318	318	1	8	341	95	96		2.351563
249	9	Si4b1	B4b1	313	313	1	8	341	95	96		2.359375
250	9	Si4b1	B4b1	313	313	1	4	682	95	96		2.375
251	9	Si4b1	B4b1	313	313	1	4	682	95	96		2.390625
252	9	Si4b1	B4b1	313	313	3	8	1023	95	96		2.414063
253	9			-1	-1	1	8	341	100	0		2.421875
254	9	Sol5	G5	349	349	1	4	682	99	96		2.4375
255	9	Fa5	F5	340	340	1	8	341	99	96		2.445313
256	9	Mi5	E5	336	336	1	8	341	95	96		2.453125
257	9	Mi5	E5	336	336	1	8	341	99	96		2.460938
258	9	Re5	D5	327	327	1	8	341	99	96		2.46875
259	8	Mi5	E5	336	336	1	8	341	99	96		2.476563
260	9	Re5	D5	327	327	1	8	341	95	96		2.484375
261	9	Do5#4	C5#4	322	322	1	8	341	95	96		2.492188
262	9	Re5	D5	327	327	1	8	341	99	96		2.5
263	9	Mi5#4	E5#4	340	340	1	8	341	99	96		2.507813
264	9	Fa5#4	F5#4	344	344	1	8	341	95	96		2.515625
265	9	Sol5	G5	349	349	1	8	341	95	96		2.523438
266	9	Mi5#4	E5#4	340	340	1	4	682	95	96		2.539063
267	9	Fa5#4	F5#4	344	344	1	2	1364	95	96		2.570313
268	9			-1	-1	1	4	682	100	0		2.585938
269	9	Fa5#4	F5#4	344	344	1	2	1364	95	96		2.617188
270	9	Fa5#4	F5#4	344	344	1	4	682	99	96		2.632813
271	8	Sol5	G5	349	349	1	8	341	99	96		2.640625
272	9	Fa5#4	F5#4	344	344	1	8	341	95	96		2.648438
273	9	Sol5	G5	349	349	1	8	341	95	96		2.65625
274	9	Mi5	E5	336	336	1	4	682	99	96		2.671875
275	8	Fa5#4	F5#4	344	344	1	8	341	99	96		2.679688
276	9	Mi5	E5	336	336	1	8	341	99	96		2.6875
277	9	Fa5#4	F5#4	344	344	1	8	341	95	96		2.695313
278	9	Re5	D5	327	327	3	8	1023	95	96		2.71875
279	9			-1	-1	1	8	341	100	0		2.726563
280	9	Re5	D5	327	327	1	8	341	99	96		2.734375
281	9	Mi5	E5	336	336	1	8	341	99	96		2.742188
282	9	Re5	D5	327	327	1	8	341	99	96		2.75
283	9	Do5	C5	318	318	1	8	341	95	96		2.757813
284	9	Re5	D5	327	327	1	4	682	99	96		2.773438
285	9	La5	A5	358	358	1	4	682	95	96		2.789063
286	9	La5	A5	358	358	1	8	341	99	96		2.796875
287	9	Sol5	G5	349	349	1	8	341	95	96		2.804688
288	9	Sol5	G5	349	349	1	8	341	99	96		2.8125
289	9	Fa5	F5	340	340	1	8	341	95	96		2.820313
290	9	Fa5	F5	340	340	1	8	341	99	96		2.828125
291	9	Mi5	E5	336	336	1	8	341	95	96		2.835938
292	9	Mi5	E5	336	336	1	8	341	99	96		2.84375
293	9	Re5	D5	327	327	1	8	341	95	96		2.851563
294	9	Re5	D5	327	327	1	4	682	99	96		2.867188
295	9	Do5	C5	318	318	1	8	341	99	96		2.875
296	9	Si4b1	B4b1	313	313	1	8	341	95	96		2.882813
297	9	Fa5#4	F5#4	344	344	1	4	682	95	96		2.898438
298	9	Mi5b1	E5b1	335	335	1	8	341	99	96		2.90625
299	9	Re5	D5	327	327	1	8	341	95	96		2.914063
300	9	Re5	D5	327	327	1	16	170	99	96		2.917969
301	9	Do5	C5	318	318	1	16	170	99	96		2.921875
302	9	Re5	D5	327	327	1	16	170	99	96		2.925781
303	9	Mi5b1	E5b1	335	335	1	16	170	99	96		2.929688
304	9	Re5	D5	327	327	1	8	341	99	96		2.9375
305	9	Si4b1	B4b1	313	313	1	8	341	95	96		2.945313
306	8	Re5	D5	327	327	1	8	341	95	96		2.953125
307	9	Do5	C5	318	318	1	8	341	99	96		2.960938
308	9	Si4b1	B4b1	313	313	1	8	341	99	96		2.96875
309	9	Do5	C5	318	318	1	8	341	95	96		2.976563
310	9	Re5	D5	327	327	1	8	341	95	96		2.984375
311	9	Do5	C5	318	318	1	8	341	99	96		2.992188
312	9	Si4b1	B4b1	313	313	1	8	341	99	96		3
313	9	La4#4	A4#4	309	309	1	8	341	99	96		3.007813
314	9	Si4b1	B4b1	313	313	1	8	341	99	96		3.015625
315	9	La4#4	A4#4	309	309	1	8	341	99	96		3.023438
316	9	Si4b1	B4b1	313	313	1	8	341	99	96		3.03125
317	9	Do5	C5	318	318	1	16	170	99	96		3.035156
318	9	Re5	D5	327	327	1	16	170	99	96		3.039063
319	9	Do5	C5	318	318	1	16	170	99	96		3.042969
320	9	Si4b1	B4b1	313	313	1	16	170	99	96		3.046875
321	9	Si4b1	B4b1	313	313	1	2	1364	99	96		3.078125
322	9	Si4b1	B4b1	313	313	1	4	682	95	96		3.09375
323	9			-1	-1	1	4	682	100	0		3.109375
324	9	Re5	D5	327	327	1	4	682	95	96		3.125
325	9	Mi5	E5	336	336	1	4	682	95	96		3.140625
326	9	Re5	D5	327	327	1	4	682	99	96		3.15625
327	8	Mi5	E5	336	336	1	8	341	99	96		3.164063
328	9	Re5	D5	327	327	1	8	341	99	96		3.171875
329	9	Si4b1	B4b1	313	313	1	8	341	95	96		3.179688
330	9	Re5	D5	327	327	1	8	341	99	96		3.1875
331	9	Do5	C5	318	318	1	8	341	99	96		3.195313
332	8	Re5	D5	327	327	1	8	341	99	96		3.203125
333	9	Do5	C5	318	318	1	8	341	99	96		3.210938
334	9	Si4b1	B4b1	313	313	1	8	341	99	96		3.21875
335	9	Si4b1	B4b1	313	313	1	4	682	95	96		3.234375
336	9	Si4b1	B4b1	313	313	1	4	682	95	96		3.25
337	9	Si4b1	B4b1	313	313	1	2	1364	99	96		3.28125
338	9	Re5	D5	327	327	1	4	682	99	96		3.296875
339	9	Do5	C5	318	318	1	4	682	99	96		3.3125
340	9	Si4b1	B4b1	313	313	1	2	1364	99	96		3.34375
341	8	Re5	D5	327	327	1	8	341	99	96		3.351563
342	9	Do5	C5	318	318	3	16	511	99	96		3.363281
343	9	Si4b1	B4b1	313	313	1	16	170	99	96		3.367188
344	9	La4#4	A4#4	309	309	1	8	341	99	96		3.375
345	9	Si4b1	B4b1	313	313	1	8	341	99	96		3.382813
346	9	La4#4	A4#4	309	309	3	8	1023	99	96		3.40625
347	9	Sol4	G4	296	296	1	8	341	95	96		3.414063
348	9	Do5	C5	318	318	1	4	682	99	96		3.429688
349	9	Si4b1	B4b1	313	313	1	8	341	99	96		3.4375
350	9	La4#4	A4#4	309	309	1	8	341	99	96		3.445313
351	9	La4#4	A4#4	309	309	1	8	341	99	96		3.453125
352	9	Sol4	G4	296	296	1	4	682	99	96		3.46875
353	9	Fa4#4	F4#4	291	291	1	8	341	95	96		3.476563
354	9	Do5	C5	318	318	3	8	1023	99	96		3.5
355	9	Re5	D5	327	327	1	8	341	95	96		3.507813
356	9	Do5	C5	318	318	1	8	341	99	96		3.515625
357	9	Si4b1	B4b1	313	313	1	4	682	99	96		3.53125
358	9	Do5	C5	318	318	1	8	341	99	96		3.539063
359	9	Si4b1	B4b1	313	313	1	8	341	99	96		3.546875
360	9	La4#4	A4#4	309	309	1	4	682	99	96		3.5625
361	9	Si4b1	B4b1	313	313	1	8	341	95	96		3.570313
362	9	La4#4	A4#4	309	309	1	4	682	99	96		3.585938
363	9	Sol4	G4	296	296	1	4	682	99	96		3.601563
364	9	Sol4	G4	296	296	1	8	341	99	96		3.609375
365	9	Do5	C5	318	318	1	8	341	99	96		3.617188
366	9	Si4b1	B4b1	313	313	1	8	341	99	96		3.625
367	9	La4#4	A4#4	309	309	1	8	341	99	96		3.632813
368	9	La4#4	A4#4	309	309	1	16	170	99	96		3.636719
369	9	Sol4	G4	296	296	1	16	170	99	96		3.640625
370	9	Fa4#4	F4#4	291	291	1	16	170	99	96		3.644531
371	9	Mi4#4	E4#4	287	287	1	16	170	99	96		3.648438
372	9	Fa4#4	F4#4	291	291	1	8	341	99	96		3.65625
373	9	Sol4	G4	296	296	1	8	341	99	96		3.664063
374	9	Fa4#4	F4#4	291	291	1	8	341	99	96		3.671875
375	9	Sol4	G4	296	296	1	8	341	99	96		3.679688
376	9	Fa4#4	F4#4	291	291	1	4	682	95	96		3.695313
377	9	Sol4	G4	296	296	1	2	1364	95	96		3.726563
378	9	La4#4	A4#4	309	309	3	8	1023	99	96		3.75
379	9	Sol4	G4	296	296	1	8	341	95	96		3.757813
380	9	Si4b1	B4b1	313	313	1	2	1364	99	96		3.789063
381	9	Si4b1	B4b1	313	313	1	4	682	95	96		3.804688
382	9			-1	-1	1	4	682	100	0		3.820313
383	9	Re5	D5	327	327	3	16	511	99	96		3.832031
384	9	Do5	C5	318	318	1	16	170	99	96		3.835938
385	9	Si4b1	B4b1	313	313	1	8	341	99	96		3.84375
386	9	Do5	C5	318	318	1	8	341	99	96		3.851563
387	9	Re5	D5	327	327	1	4	682	99	96		3.867188
388	9	Mi5b1	E5b1	335	335	1	4	682	99	96		3.882813
389	9	Re5	D5	327	327	1	8	341	99	96		3.890625
390	9	Do5	C5	318	318	1	4	682	99	96		3.90625
391	9	Si4b1	B4b1	313	313	1	8	341	95	96		3.914063
392	9	Fa5#4	F5#4	344	344	1	4	682	99	96		3.929688
393	9	Mi5b1	E5b1	335	335	1	8	341	99	96		3.9375
394	9	Re5	D5	327	327	1	8	341	99	96		3.945313
395	9	Re5	D5	327	327	1	16	170	99	96		3.949219
396	9	Do5	C5	318	318	1	16	170	99	96		3.953125
397	9	Re5	D5	327	327	1	16	170	99	96		3.957031
398	9	Mi5b1	E5b1	335	335	1	16	170	99	96		3.960938
399	9	Re5	D5	327	327	1	8	341	99	96		3.96875
400	9	Si4b1	B4b1	313	313	1	8	341	95	96		3.976563
401	8	Re5	D5	327	327	1	8	341	95	96		3.984375
402	9	Do5	C5	318	318	1	8	341	99	96		3.992188
403	9	Si4b1	B4b1	313	313	1	8	341	99	96		4
404	9	Do5	C5	318	318	1	8	341	99	96		4.007813
405	9	Re5	D5	327	327	1	8	341	95	96		4.015625
406	8	Re5	D5	327	327	1	8	341	95	96		4.023438
407	9	Do5	C5	318	318	3	16	511	99	96		4.035156
408	9	Si4b1	B4b1	313	313	1	16	170	99	96		4.039063
409	9	La4#4	A4#4	309	309	1	8	341	99	96		4.046875
410	9	Si4b1	B4b1	313	313	1	8	341	99	96		4.054688
411	9	La4#4	A4#4	309	309	1	8	341	99	96		4.0625
412	9	Si4b1	B4b1	313	313	1	8	341	99	96		4.070313
413	9	Do5	C5	318	318	1	16	170	99	96		4.074219
414	9	Re5	D5	327	327	1	16	170	99	96		4.078125
415	9	Do5	C5	318	318	1	16	170	99	96		4.082031
416	9	Si4b1	B4b1	313	313	1	16	170	99	96		4.085938
417	9	Si4b1	B4b1	313	313	1	2	1364	99	96		4.117188
418	9	Si4b1	B4b1	313	313	1	4	682	95	96		4.132813
419	9			-1	-1	1	4	682	100	0		4.148438
420	9	Si4b1	B4b1	313	313	1	2	1364	95	96		4.179688
421	9	Do5	C5	318	318	1	4	682	95	96		4.195313
422	8	Re5	D5	327	327	1	8	341	95	96		4.203125
423	9	Do5	C5	318	318	1	8	341	95	96		4.210938
424	9	Re5	D5	327	327	1	8	341	95	96		4.21875
425	9	Si4b1	B4b1	313	313	1	8	341	95	96		4.226563
426	9	Do5	C5	318	318	1	8	341	95	96		4.234375
427	9	Si4b1	B4b1	313	313	1	4	682	95	96		4.25
428	9	Do5	C5	318	318	1	8	341	95	96		4.257813
429	9	Re5	D5	327	327	1	8	341	95	96		4.265625
430	9	Do5	C5	318	318	1	8	341	95	96		4.273438
431	9	Re5	D5	327	327	1	8	341	95	96		4.28125
432	9	Mi5b5	E5b5	331	331	3	16	511	99	96		4.292969
433	9	Re5	D5	327	327	1	16	170	99	96		4.296875
434	9	Do5#4	C5#4	322	322	1	8	341	99	96		4.304688
435	9	Re5	D5	327	327	1	8	341	99	96		4.3125
436	9	Do5#4	C5#4	322	322	1	8	341	99	96		4.320313
437	9	Re5	D5	327	327	1	8	341	99	96		4.328125
438	9	Mi5b5	E5b5	331	331	1	8	341	99	96		4.335938
439	8	Fa5#4	F5#4	344	344	1	8	341	99	96		4.34375
440	9	Mi5b5	E5b5	331	331	1	16	170	99	96		4.347656
441	9	Re5	D5	327	327	1	16	170	99	96		4.351563
442	9	Re5	D5	327	327	1	2	1364	99	96		4.382813
443	9	Re5	D5	327	327	1	4	682	95	96		4.398438
444	9			-1	-1	1	4	682	100	0		4.414063
445	9	Sol5	G5	349	349	3	8	1023	95	96		4.4375
446	9	Fa5#4	F5#4	344	344	1	8	341	95	96		4.445313
447	9	Mi5b1	E5b1	335	335	1	4	682	99	96		4.460938
448	9	Fa5#4	F5#4	344	344	1	4	682	99	96		4.476563
449	9	Sol5	G5	349	349	1	2	1364	95	96		4.507813
450	9	La5	A5	358	358	1	2	1364	95	96		4.539063
451	9	La5	A5	358	358	1	4	682	99	96		4.554688
452	9	Sol5	G5	349	349	1	8	341	99	96		4.5625
453	9	La5	A5	358	358	1	8	341	99	96		4.570313
454	8	Si5b5	B5b5	362	362	1	8	341	99	96		4.578125
455	9	La5	A5	358	358	1	8	341	99	96		4.585938
456	9	Si5b5	B5b5	362	362	1	8	341	99	96		4.59375
457	9	La5	A5	358	358	1	8	341	99	96		4.601563
458	9	Sol5	G5	349	349	1	8	341	95	96		4.609375
459	9	Sol5	G5	349	349	1	4	682	99	96		4.625
460	9	Fa5	F5	340	340	1	8	341	99	96		4.632813
461	9	Sol5	G5	349	349	1	8	341	99	96		4.640625
462	8	La5	A5	358	358	1	8	341	99	96		4.648438
463	9	Sol5	G5	349	349	1	8	341	99	96		4.65625
464	9	La5	A5	358	358	1	8	341	99	96		4.664063
465	9	Sol5	G5	349	349	1	8	341	99	96		4.671875
466	9	Fa5	F5	340	340	1	8	341	99	96		4.679688
467	8	Sol5	G5	349	349	1	8	341	99	96		4.6875
468	9	Fa5	F5	340	340	1	8	341	99	96		4.695313
469	9	Mi5b1	E5b1	335	335	1	8	341	99	96		4.703125
470	9	Fa5	F5	340	340	1	8	341	99	96		4.710938
471	9	Sol5	G5	349	349	1	8	341	99	96		4.71875
472	8	La5	A5	358	358	1	8	341	99	96		4.726563
473	9	Sol5	G5	349	349	1	8	341	99	96		4.734375
474	9	Fa5	F5	340	340	1	8	341	99	96		4.742188
475	9	Fa5	F5	340	340	1	8	341	95	96		4.75
476	9	Mi5b1	E5b1	335	335	1	8	341	95	96		4.757813
477	9	Fa5	F5	340	340	1	4	682	99	96		4.773438
478	9	Mi5b1	E5b1	335	335	1	8	341	95	96		4.78125
479	9	Re5	D5	327	327	1	8	341	95	96		4.789063
480	9	La5	A5	358	358	1	4	682	99	96		4.804688
481	8	Si5b5	B5b5	362	362	1	8	341	99	96		4.8125
482	9	La5	A5	358	358	1	8	341	99	96		4.820313
483	9	Sol5	G5	349	349	1	8	341	95	96		4.828125
484	9	Fa5	F5	340	340	1	4	682	99	96		4.84375
485	9	Sol5	G5	349	349	1	2	1364	95	96		4.875
486	9			-1	-1	1	4	682	100	0		4.890625
487	9	Sol5	G5	349	349	1	4	682	99	96		4.90625
488	9	Fa5	F5	340	340	1	8	341	99	96		4.914063
489	9	Sol5	G5	349	349	1	8	341	99	96		4.921875
490	8	La5	A5	358	358	1	8	341	99	96		4.929688
491	9	Sol5	G5	349	349	1	8	341	99	96		4.9375
492	9	La5	A5	358	358	1	8	341	99	96		4.945313
493	9	Sol5	G5	349	349	1	8	341	99	96		4.953125
494	9	Fa5	F5	340	340	1	8	341	99	96		4.960938
495	9	Fa5	F5	340	340	1	8	341	99	96		4.96875
496	9	Sol5	G5	349	349	1	8	341	99	96		4.976563
497	9	Fa5	F5	340	340	1	8	341	99	96		4.984375
498	9	Mi5b1	E5b1	335	335	1	8	341	95	96		4.992188
499	9	La5	A5	358	358	1	4	682	99	96		5.007813
500	9	Sol5	G5	349	349	1	8	341	99	96		5.015625
501	9	Fa5	F5	340	340	1	8	341	99	96		5.023438
502	9	Fa5	F5	340	340	1	16	170	99	96		5.027344
503	9	Mi5b1	E5b1	335	335	1	16	170	99	96		5.03125
504	9	Fa5	F5	340	340	1	16	170	99	96		5.035156
505	9	Sol5	G5	349	349	1	16	170	99	96		5.039063
506	9	Fa5	F5	340	340	1	8	341	99	96		5.046875
507	9	Mi5b1	E5b1	335	335	1	8	341	95	96		5.054688
508	9	Mi5b1	E5b1	335	335	1	16	170	99	96		5.058594
509	9	Re5	D5	327	327	1	16	170	99	96		5.0625
510	9	Mi5b1	E5b1	335	335	1	16	170	99	96		5.066406
511	9	Fa5	F5	340	340	1	16	170	99	96		5.070313
512	9	Mi5b1	E5b1	335	335	1	8	341	99	96		5.078125
513	9	Re5	D5	327	327	1	8	341	95	96		5.085938
514	9	Re5	D5	327	327	1	8	341	99	96		5.09375
515	9	Fa5	F5	340	340	1	8	341	99	96		5.101563
516	9	Mi5b1	E5b1	335	335	1	8	341	99	96		5.109375
517	9	Re5	D5	327	327	1	8	341	99	96		5.117188
518	9	Re5	D5	327	327	1	4	682	95	96		5.132813
519	9	La5	A5	358	358	1	8	341	99	96		5.140625
520	9	Sol5	G5	349	349	1	8	341	95	96		5.148438
521	9	Sol5	G5	349	349	1	8	341	99	96		5.15625
522	9	Fa5	F5	340	340	1	8	341	95	96		5.164063
523	9	Fa5	F5	340	340	1	8	341	99	96		5.171875
524	9	Mi5b1	E5b1	335	335	1	8	341	95	96		5.179688
525	9	Mi5b1	E5b1	335	335	1	8	341	99	96		5.1875
526	9	Re5	D5	327	327	1	8	341	95	96		5.195313
527	9	Re5	D5	327	327	1	8	341	99	96		5.203125
528	9	Mi5b1	E5b1	335	335	1	8	341	95	96		5.210938
529	9	Re5	D5	327	327	1	8	341	99	96		5.21875
530	9	Do5	C5	318	318	1	4	682	99	96		5.234375
531	9	Si4b1	B4b1	313	313	1	8	341	95	96		5.242188
532	9	Re5	D5	327	327	1	4	682	99	96		5.257813
533	9	Mi5b1	E5b1	335	335	1	4	682	99	96		5.273438
534	9	Mi5b1	E5b1	335	335	1	16	170	99	96		5.277344
535	9	Re5	D5	327	327	1	16	170	99	96		5.28125
536	9	Mi5b1	E5b1	335	335	1	16	170	99	96		5.285156
537	9	Fa5	F5	340	340	1	16	170	99	96		5.289063
538	9	Mi5b1	E5b1	335	335	1	8	341	95	96		5.296875
539	9	Re5	D5	327	327	1	8	341	95	96		5.304688
540	8	Fa5	F5	340	340	1	8	341	95	96		5.3125
541	9	Mi5b1	E5b1	335	335	1	8	341	99	96		5.320313
542	9	Re5	D5	327	327	1	8	341	99	96		5.328125
543	9	Mi5b1	E5b1	335	335	1	4	682	95	96		5.34375
544	9			-1	-1	1	4	682	100	0		5.359375
545	9	Re5	D5	327	327	1	8	341	99	96		5.367188
546	9	Mi5b1	E5b1	335	335	1	8	341	99	96		5.375
547	9	Fa5	F5	340	340	1	4	682	99	96		5.390625
548	9	Sol5	G5	349	349	1	4	682	95	96		5.40625
549	9	Sol5	G5	349	349	1	4	682	99	96		5.421875
550	9	Fa5	F5	340	340	1	8	341	99	96		5.429688
551	9	Sol5	G5	349	349	1	8	341	99	96		5.4375
552	8	La5	A5	358	358	1	8	341	99	96		5.445313
553	9	Sol5	G5	349	349	1	8	341	99	96		5.453125
554	9	La5	A5	358	358	1	8	341	99	96		5.460938
555	9	Sol5	G5	349	349	1	8	341	99	96		5.46875
556	9	Fa5	F5	340	340	1	8	341	99	96		5.476563
557	9	Fa5	F5	340	340	1	8	341	99	96		5.484375
558	9	Sol5	G5	349	349	1	8	341	99	96		5.492188
559	9	Fa5	F5	340	340	1	8	341	99	96		5.5
560	9	Mi5b1	E5b1	335	335	1	8	341	95	96		5.507813
561	9	Fa5	F5	340	340	1	4	682	99	96		5.523438
562	9	Sol5	G5	349	349	1	4	682	99	96		5.539063
563	9	Sol5	G5	349	349	1	8	341	99	96		5.546875
564	9	Fa5	F5	340	340	1	4	682	99	96		5.5625
565	9	Mi5b1	E5b1	335	335	1	8	341	95	96		5.570313
566	9	La5	A5	358	358	1	4	682	99	96		5.585938
567	8	Si5b5	B5b5	362	362	1	8	341	99	96		5.59375
568	9	La5	A5	358	358	1	8	341	99	96		5.601563
569	9	Sol5	G5	349	349	1	8	341	95	96		5.609375
570	9	Sol5	G5	349	349	1	4	682	99	96		5.625
571	8	La5	A5	358	358	1	8	341	99	96		5.632813
572	9	Sol5	G5	349	349	1	8	341	99	96		5.640625
573	9	Fa5	F5	340	340	1	8	341	99	96		5.648438
574	9	Fa5	F5	340	340	1	4	682	99	96		5.664063
575	8	Sol5	G5	349	349	1	8	341	99	96		5.671875
576	9	Fa5	F5	340	340	1	8	341	99	96		5.679688
577	9	Mi5b1	E5b1	335	335	1	8	341	95	96		5.6875
578	9	Mi5b1	E5b1	335	335	1	4	682	99	96		5.703125
579	8	Sol5	G5	349	349	1	8	341	99	96		5.710938
580	9	Fa5	F5	340	340	1	4	682	99	96		5.726563
581	9	Mi5b1	E5b1	335	335	1	4	682	99	96		5.742188
582	9	Re5	D5	327	327	1	4	682	99	96		5.757813
583	9	Re5	D5	327	327	1	2	1364	99	96		5.789063
584	9	Re5	D5	327	327	1	4	682	95	96		5.804688
585	9			-1	-1	1	4	682	100	0		5.820313
586	9	Re5	D5	327	327	1	2	1364	95	96		5.851563
587	9	La5	A5	358	358	1	4	682	99	96		5.867188
588	8	Si5b5	B5b5	362	362	1	8	341	99	96		5.875
589	9	La5	A5	358	358	1	8	341	99	96		5.882813
590	9	Sol5	G5	349	349	1	8	341	95	96		5.890625
591	9	Sol5	G5	349	349	1	4	682	99	96		5.90625
592	8	La5	A5	358	358	1	8	341	99	96		5.914063
593	9	Sol5	G5	349	349	1	8	341	99	96		5.921875
594	9	Fa5	F5	340	340	1	8	341	99	96		5.929688
595	9	Fa5	F5	340	340	1	4	682	99	96		5.945313
596	8	Sol5	G5	349	349	1	8	341	99	96		5.953125
597	9	Fa5	F5	340	340	1	8	341	99	96		5.960938
598	9	Mi5b1	E5b1	335	335	1	8	341	95	96		5.96875
599	9	Mi5b1	E5b1	335	335	1	4	682	99	96		5.984375
600	8	Fa5	F5	340	340	1	8	341	99	96		5.992188
601	9	Mi5b1	E5b1	335	335	1	8	341	99	96		6
602	9	Re5	D5	327	327	1	8	341	99	96		6.007813
603	9	Re5	D5	327	327	1	4	682	99	96		6.023438
604	9	Mi5b1	E5b1	335	335	1	4	682	99	96		6.039063
605	9	Re5	D5	327	327	1	8	341	99	96		6.046875
606	9	Do5	C5	318	318	1	4	682	99	96		6.0625
607	9	Si4b1	B4b1	313	313	1	8	341	95	96		6.070313
608	9	Fa5	F5	340	340	1	4	682	99	96		6.085938
609	9	Mi5b1	E5b1	335	335	1	8	341	99	96		6.09375
610	9	Re5	D5	327	327	1	8	341	99	96		6.101563
611	9	Re5	D5	327	327	3	8	1023	99	96		6.125
612	9	Si4b1	B4b1	313	313	1	8	341	95	96		6.132813
613	9	Do5	C5	318	318	1	8	341	99	96		6.140625
614	9	Si4b1	B4b1	313	313	1	8	341	99	96		6.148438
615	9	Do5	C5	318	318	1	8	341	99	96		6.15625
616	9	Re5	D5	327	327	1	8	341	95	96		6.164063
617	9	Do5	C5	318	318	3	16	511	99	96		6.175781
618	9	Si4b1	B4b1	313	313	1	16	170	99	96		6.179688
619	9	La4#4	A4#4	309	309	1	8	341	99	96		6.1875
620	9	Si4b1	B4b1	313	313	1	8	341	99	96		6.195313
621	9	La4#4	A4#4	309	309	1	8	341	99	96		6.203125
622	9	Si4b1	B4b1	313	313	1	8	341	99	96		6.210938
623	9	Do5	C5	318	318	1	16	170	99	96		6.214844
624	9	Re5	D5	327	327	1	16	170	99	96		6.21875
625	9	Do5	C5	318	318	1	16	170	99	96		6.222656
626	9	Si4b1	B4b1	313	313	1	16	170	99	96		6.226563
627	9	Si4b1	B4b1	313	313	1	2	1364	99	96		6.257813
628	9	Si4b1	B4b1	313	313	1	4	682	95	96		6.273438
629	9			-1	-1	1	4	682	100	0		6.289063
630	9	Do5	C5	318	318	1	4	682	99	96		6.304688
631	9	Re5	D5	327	327	1	4	682	99	96		6.320313
632	9	Re5	D5	327	327	1	4	682	99	96		6.335938
633	9	Do5	C5	318	318	1	8	341	99	96		6.34375
634	9	Si4b1	B4b1	313	313	1	8	341	95	96		6.351563
635	9	Mi5b1	E5b1	335	335	1	2	1364	99	96		6.382813
636	9	Mi5b1	E5b1	335	335	1	16	170	99	96		6.386719
637	9	Re5	D5	327	327	1	16	170	99	96		6.390625
638	9	Mi5b1	E5b1	335	335	1	16	170	99	96		6.394531
639	9	Fa5#4	F5#4	344	344	1	16	170	99	96		6.398438
640	9	Mi5b1	E5b1	335	335	1	8	341	99	96		6.40625
641	9	Re5	D5	327	327	1	8	341	95	96		6.414063
642	9	Re5	D5	327	327	3	8	1023	99	96		6.4375
643	9	Do5	C5	318	318	1	8	341	99	96		6.445313
644	8	Fa5#4	F5#4	344	344	1	8	341	99	96		6.453125
645	9	Mi5b1	E5b1	335	335	1	4	682	99	96		6.46875
646	9	Re5	D5	327	327	1	8	341	95	96		6.476563
647	9	Do5	C5	318	318	1	8	341	95	96		6.484375
648	9	Si4b1	B4b1	313	313	1	2	1364	99	96		6.515625
649	9	Mi5b1	E5b1	335	335	1	2	1364	95	96		6.546875
650	9	Mi5b1	E5b1	335	335	1	2	1364	95	96		6.578125
651	9	Mi5b1	E5b1	335	335	3	8	1023	95	96		6.601563
652	9	Re5	D5	327	327	1	8	341	95	96		6.609375
653	9	Mi5b1	E5b1	335	335	1	8	341	99	96		6.617188
654	9	Re5	D5	327	327	1	8	341	99	96		6.625
655	9	Mi5b1	E5b1	335	335	1	8	341	99	96		6.632813
656	9	Fa5#4	F5#4	344	344	1	8	341	99	96		6.640625
657	9	Mi5b1	E5b1	335	335	1	8	341	99	96		6.648438
658	9	Fa5#4	F5#4	344	344	1	8	341	99	96		6.65625
659	9	Mi5b1	E5b1	335	335	1	8	341	99	96		6.664063
660	9	Re5	D5	327	327	1	8	341	99	96		6.671875
661	9	Re5	D5	327	327	1	8	341	95	96		6.679688
662	9			-1	-1	1	8	341	100	0		6.6875
663	9	Re5	D5	327	327	1	8	341	99	96		6.695313
664	9	Mi5b1	E5b1	335	335	1	8	341	99	96		6.703125
665	9	Re5	D5	327	327	1	8	341	99	96		6.710938
666	9	Mi5b1	E5b1	335	335	1	8	341	99	96		6.71875
667	9	Do5	C5	318	318	1	4	682	95	96		6.734375
668	8	Mi5b1	E5b1	335	335	1	8	341	95	96		6.742188
669	9	Re5	D5	327	327	1	4	682	99	96		6.757813
670	9	Do5	C5	318	318	1	4	682	99	96		6.773438
671	9	Si4b1	B4b1	313	313	1	4	682	99	96		6.789063
672	9	La4	A4	305	305	1	4	682	99	96		6.804688
673	9	La4	A4	305	305	1	4	682	99	96		6.820313
674	8	Si4b1	B4b1	313	313	1	8	341	99	96		6.828125
675	9	La4	A4	305	305	1	8	341	99	96		6.835938
676	9	Sol4	G4	296	296	1	8	341	95	96		6.84375
677	9	Si4b1	B4b1	313	313	1	4	682	95	96		6.859375
678	9	Do5	C5	318	318	1	4	682	95	96		6.875
679	9	Re5	D5	327	327	3	8	1023	99	96		6.898438
680	9	Fa5#4	F5#4	344	344	1	8	341	95	96		6.90625
681	9	Mi5b1	E5b1	335	335	3	8	1023	99	96		6.929688
682	9	Re5	D5	327	327	1	8	341	95	96		6.9375
683	9	Fa5#4	F5#4	344	344	1	4	682	99	96		6.953125
684	9	Sol5	G5	349	349	1	4	682	99	96		6.96875
685	9	Sol5	G5	349	349	1	4	682	99	96		6.984375
686	8	La5	A5	358	358	1	8	341	99	96		6.992188
687	9	Sol5	G5	349	349	1	8	341	99	96		7
688	9	Fa5#4	F5#4	344	344	1	8	341	95	96		7.007813
689	9	Fa5#4	F5#4	344	344	1	8	341	99	96		7.015625
690	9	Mi5b1	E5b1	335	335	1	8	341	99	96		7.023438
691	9	Mi5b1	E5b1	335	335	1	8	341	99	96		7.03125
692	9	Re5	D5	327	327	1	8	341	99	96		7.039063
693	9	Re5	D5	327	327	1	8	341	99	96		7.046875
694	9	Do5	C5	318	318	1	8	341	99	96		7.054688
695	8	Fa5#4	F5#4	344	344	1	8	341	99	96		7.0625
696	9	Mi5b1	E5b1	335	335	1	8	341	99	96		7.070313
697	9	Re5	D5	327	327	1	8	341	95	96		7.078125
698	9	Re5	D5	327	327	1	2	1364	99	96		7.109375
699	9	Re5	D5	327	327	1	4	682	95	96		7.125
700	9			-1	-1	1	4	682	100	0		7.140625
701	9			-1	-1	1	4	682	100	0		7.15625
702	9			-1	-1	1	4	682	100	0		7.171875
703	9	Sol5	G5	349	349	1	4	682	99	96		7.1875
704	8	La5	A5	358	358	1	8	341	99	96		7.195313
705	9	Sol5	G5	349	349	1	8	341	99	96		7.203125
706	9	Fa5#4	F5#4	344	344	1	8	341	95	96		7.210938
707	9	Fa5#4	F5#4	344	344	1	4	682	99	96		7.226563
708	8	Sol5	G5	349	349	1	8	341	99	96		7.234375
709	9	Fa5#4	F5#4	344	344	1	8	341	99	96		7.242188
710	9	Mi5b1	E5b1	335	335	1	8	341	95	96		7.25
711	9	Mi5b1	E5b1	335	335	1	4	682	99	96		7.265625
712	8	Fa5#4	F5#4	344	344	1	8	341	99	96		7.273438
713	9	Mi5b1	E5b1	335	335	1	8	341	99	96		7.28125
714	9	Re5	D5	327	327	1	8	341	95	96		7.289063
715	9	Re5	D5	327	327	1	4	682	99	96		7.304688
716	8	Mi5b1	E5b1	335	335	1	8	341	99	96		7.3125
717	9	Re5	D5	327	327	1	8	341	99	96		7.320313
718	9	Do5	C5	318	318	1	8	341	95	96		7.328125
719	9	Si4b1	B4b1	313	313	1	2	1364	95	96		7.359375
720	9	Si4b1	B4b1	313	313	1	2	1364	95	96		7.390625
721	9	Sol5	G5	349	349	1	4	682	95	96		7.40625
722	9	Sol5	G5	349	349	1	8	341	99	96		7.414063
723	9	Fa5#4	F5#4	344	344	1	8	341	95	96		7.421875
724	9	La5	A5	358	358	1	8	341	99	96		7.429688
725	9	Sol5	G5	349	349	1	8	341	99	96		7.4375
726	8	La5	A5	358	358	1	8	341	99	96		7.445313
727	9	Sol5	G5	349	349	1	8	341	99	96		7.453125
728	9	Fa5#4	F5#4	344	344	1	8	341	95	96		7.460938
729	9	Sol5	G5	349	349	3	8	1023	95	96		7.484375
730	9			-1	-1	1	8	341	100	0		7.492188
731	9	Sol5	G5	349	349	1	4	682	99	96		7.507813
732	9	Fa5	F5	340	340	1	4	682	99	96		7.523438
733	9	Mi5	E5	336	336	1	8	341	99	96		7.53125
734	9	Fa5	F5	340	340	1	8	341	99	96		7.539063
735	9	Sol5	G5	349	349	1	8	341	95	96		7.546875
736	9	Si5b5	B5b5	362	362	1	8	341	95	96		7.554688
737	9	La5b5	A5b5	353	353	3	16	511	99	96		7.566406
738	9	Sol5	G5	349	349	1	16	170	99	96		7.570313
739	9	Fa5#4	F5#4	344	344	1	8	341	99	96		7.578125
740	9	Sol5	G5	349	349	1	8	341	99	96		7.585938
741	9	Fa5#4	F5#4	344	344	1	8	341	99	96		7.59375
742	9	Sol5	G5	349	349	1	8	341	99	96		7.601563
743	8	Si5b1	B5b1	366	366	1	8	341	99	96		7.609375
744	9	La5b5	A5b5	353	353	1	8	341	99	96		7.617188
745	9	Sol5	G5	349	349	1	8	341	99	96		7.625
746	9	Sol5	G5	349	349	1	2	1364	95	96		7.65625
747	9	Si4b1	B4b1	313	313	1	4	682	95	96		7.671875
748	9	Si4b1	B4b1	313	313	1	4	682	95	96		7.6875
749	9	Si4b1	B4b1	313	313	1	2	1364	95	96		7.71875
750	9	Re5	D5	327	327	1	4	682	99	96		7.734375
751	9	Mi5b1	E5b1	335	335	1	4	682	95	96		7.75
752	9	Re5b1	D5b1	326	326	1	4	682	99	96		7.765625
753	9	Do5	C5	318	318	1	4	682	99	96		7.78125
754	8	Re5b1	D5b1	326	326	1	8	341	99	96		7.789063
755	9	Do5	C5	318	318	1	4	682	99	96		7.804688
756	9	Si4b1	B4b1	313	313	1	4	682	95	96		7.820313
757	8	Re5	D5	327	327	1	8	341	95	96		7.828125
758	9	Do5	C5	318	318	1	4	682	99	96		7.84375
759	9	Si4b1	B4b1	313	313	1	4	682	99	96		7.859375
760	9	La4	A4	305	305	1	4	682	99	96		7.875
761	9	Sol4	G4	296	296	1	4	682	99	96		7.890625
762	9	Sol4	G4	296	296	3	8	1023	95	96		7.914063
763	9			-1	-1	1	8	341	100	0		7.921875
764	9	Fa5	F5	340	340	1	4	682	99	96		7.9375
765	9	Sol5	G5	349	349	1	4	682	99	96		7.953125
766	9	Sol5	G5	349	349	1	8	341	99	96		7.960938
767	9	Fa5	F5	340	340	1	4	682	99	96		7.976563
768	9	Mi5b1	E5b1	335	335	1	8	341	95	96		7.984375
769	9	La5	A5	358	358	3	8	1023	99	96		8.007813
770	9	Sol5	G5	349	349	1	8	341	95	96		8.015625
771	9	La5	A5	358	358	1	4	682	99	96		8.03125
772	9	Sol5	G5	349	349	1	4	682	99	96		8.046875
773	8	La5	A5	358	358	1	8	341	99	96		8.054688
774	9	Sol5	G5	349	349	1	4	682	95	96		8.070313
775	9	Fa5	F5	340	340	1	4	682	95	96		8.085938
776	9	La5	A5	358	358	1	4	682	99	96		8.101563
777	9	Sol5	G5	349	349	1	4	682	99	96		8.117188
778	9	Fa5	F5	340	340	1	4	682	99	96		8.132813
779	9	Mi5b1	E5b1	335	335	1	4	682	95	96		8.148438
780	9	Re5	D5	327	327	1	2	1364	95	96		8.179688
781	9	Sol5	G5	349	349	1	4	682	99	96		8.195313
782	9	Fa5	F5	340	340	1	8	341	99	96		8.203125
783	9	Mi5b1	E5b1	335	335	1	8	341	95	96		8.210938
784	9	Mi5b1	E5b1	335	335	1	8	341	99	96		8.21875
785	9	Re5	D5	327	327	1	4	682	99	96		8.234375
786	9	Mi5b1	E5b1	335	335	1	8	341	95	96		8.242188
787	9	Re5	D5	327	327	1	8	341	99	96		8.25
788	9	Do5	C5	318	318	1	4	682	99	96		8.265625
789	9	Re5	D5	327	327	1	8	341	95	96		8.273438
790	9	Do5	C5	318	318	3	16	511	99	96		8.285156
791	9	Si4b1	B4b1	313	313	1	16	170	99	96		8.289063
792	9	La4#4	A4#4	309	309	1	8	341	99	96		8.296875
793	9	Si4b1	B4b1	313	313	1	8	341	99	96		8.304688
794	9	La4#4	A4#4	309	309	1	8	341	99	96		8.3125
795	9	Si4b1	B4b1	313	313	1	8	341	99	96		8.320313
796	9	Do5	C5	318	318	1	16	170	99	96		8.324219
797	9	Re5	D5	327	327	1	16	170	99	96		8.328125
798	9	Do5	C5	318	318	1	16	170	99	96		8.332031
799	9	Si4b1	B4b1	313	313	1	16	170	99	96		8.335938
800	9	Si4b1	B4b1	313	313	1	2	1364	99	96		8.367188
801	9	Si4b1	B4b1	313	313	1	4	682	95	96		8.382813
802	9			-1	-1	1	4	682	100	0		8.398438
803	9	Si4b1	B4b1	313	313	1	2	1364	95	96		8.429688
804	9	Do5	C5	318	318	1	4	682	99	96		8.445313
805	8	Re5	D5	327	327	1	8	341	99	96		8.453125
806	9	Do5	C5	318	318	1	8	341	99	96		8.460938
807	9	Re5	D5	327	327	1	8	341	95	96		8.46875
808	9	Si4b1	B4b1	313	313	1	8	341	99	96		8.476563
809	9	Do5	C5	318	318	1	8	341	99	96		8.484375
810	9	Si4b1	B4b1	313	313	1	4	682	99	96		8.5
811	9	Do5	C5	318	318	1	8	341	99	96		8.507813
812	9	Re5	D5	327	327	1	8	341	99	96		8.515625
813	9	Do5	C5	318	318	1	8	341	99	96		8.523438
814	9	Re5	D5	327	327	1	8	341	95	96		8.53125
815	9	Mi5b5	E5b5	331	331	3	16	511	99	96		8.542969
816	9	Re5	D5	327	327	1	16	170	99	96		8.546875
817	9	Do5#4	C5#4	322	322	1	8	341	99	96		8.554688
818	9	Re5	D5	327	327	1	8	341	99	96		8.5625
819	9	Do5#4	C5#4	322	322	1	8	341	99	96		8.570313
820	9	Re5	D5	327	327	1	8	341	99	96		8.578125
821	9	Mi5b5	E5b5	331	331	1	8	341	99	96		8.585938
822	8	Fa5#4	F5#4	344	344	1	8	341	99	96		8.59375
823	9	Mi5b5	E5b5	331	331	1	16	170	99	96		8.597656
824	9	Re5	D5	327	327	1	16	170	99	96		8.601563
825	9	Re5	D5	327	327	1	2	1364	99	96		8.632813
826	9	Re5	D5	327	327	1	4	682	95	96		8.648438
827	9			-1	-1	1	4	682	100	0		8.664063
828	9	Sol5	G5	349	349	3	8	1023	95	96		8.6875
829	9	Fa5#4	F5#4	344	344	1	8	341	95	96		8.695313
830	9	Mi5b1	E5b1	335	335	1	4	682	99	96		8.710938
831	9	Fa5#4	F5#4	344	344	1	4	682	99	96		8.726563
832	9	Sol5	G5	349	349	1	2	1364	95	96		8.757813
833	9	La5	A5	358	358	1	2	1364	95	96		8.789063
834	9	La5	A5	358	358	1	4	682	99	96		8.804688
835	9	Sol5	G5	349	349	1	8	341	99	96		8.8125
836	9	La5	A5	358	358	1	8	341	99	96		8.820313
837	8	Si5b1	B5b1	366	366	1	8	341	99	96		8.828125
838	9	La5	A5	358	358	1	8	341	99	96		8.835938
839	9	Si5b5	B5b5	362	362	1	8	341	99	96		8.84375
840	9	La5	A5	358	358	1	8	341	99	96		8.851563
841	9	Sol5	G5	349	349	1	8	341	95	96		8.859375
842	9	Sol5	G5	349	349	1	4	682	99	96		8.875
843	9	Fa5	F5	340	340	1	8	341	99	96		8.882813
844	9	Sol5	G5	349	349	1	8	341	99	96		8.890625
845	8	La5	A5	358	358	1	8	341	99	96		8.898438
846	9	Sol5	G5	349	349	1	8	341	99	96		8.90625
847	9	La5	A5	358	358	1	8	341	99	96		8.914063
848	9	Sol5	G5	349	349	1	8	341	99	96		8.921875
849	9	Fa5	F5	340	340	1	8	341	99	96		8.929688
850	8	Sol5	G5	349	349	1	8	341	99	96		8.9375
851	9	Fa5	F5	340	340	1	8	341	99	96		8.945313
852	9	Mi5b1	E5b1	335	335	1	8	341	99	96		8.953125
853	9	Fa5	F5	340	340	1	8	341	99	96		8.960938
854	9	Sol5	G5	349	349	1	8	341	99	96		8.96875
855	8	La5	A5	358	358	1	8	341	99	96		8.976563
856	9	Sol5	G5	349	349	1	8	341	99	96		8.984375
857	9	Fa5	F5	340	340	1	8	341	99	96		8.992188
858	9	Fa5	F5	340	340	1	8	341	95	96		9
859	9	Mi5b1	E5b1	335	335	1	8	341	95	96		9.007813
860	9	Fa5	F5	340	340	1	4	682	99	96		9.023438
861	9	Mi5b1	E5b1	335	335	1	8	341	99	96		9.03125
862	9	Re5	D5	327	327	1	8	341	95	96		9.039063
863	9	La5	A5	358	358	1	4	682	99	96		9.054688
864	8	Si5b5	B5b5	362	362	1	8	341	99	96		9.0625
865	9	La5	A5	358	358	1	8	341	99	96		9.070313
866	9	Sol5	G5	349	349	1	8	341	95	96		9.078125
867	9	Fa5	F5	340	340	1	4	682	95	96		9.09375
868	9	Sol5	G5	349	349	1	2	1364	95	96		9.125
869	9			-1	-1	1	4	682	100	0		9.140625
870	9	Sol5	G5	349	349	1	4	682	99	96		9.15625
871	9	Fa5	F5	340	340	1	8	341	99	96		9.164063
872	9	Sol5	G5	349	349	1	8	341	99	96		9.171875
873	8	La5	A5	358	358	1	8	341	99	96		9.179688
874	9	Sol5	G5	349	349	1	8	341	99	96		9.1875
875	9	La5	A5	358	358	1	8	341	99	96		9.195313
876	9	Sol5	G5	349	349	1	8	341	99	96		9.203125
877	9	Fa5	F5	340	340	1	8	341	99	96		9.210938
878	9	Fa5	F5	340	340	1	8	341	99	96		9.21875
879	9	Sol5	G5	349	349	1	8	341	99	96		9.226563
880	9	Fa5	F5	340	340	1	8	341	99	96		9.234375
881	9	Mi5b1	E5b1	335	335	1	8	341	95	96		9.242188
882	9	La5	A5	358	358	1	4	682	99	96		9.257813
883	9	Sol5	G5	349	349	1	8	341	99	96		9.265625
884	9	Fa5	F5	340	340	1	8	341	99	96		9.273438
885	9	Fa5	F5	340	340	1	16	170	99	96		9.277344
886	9	Mi5b1	E5b1	335	335	1	16	170	99	96		9.28125
887	9	Fa5	F5	340	340	1	16	170	99	96		9.285156
888	9	Sol5	G5	349	349	1	16	170	99	96		9.289063
889	9	Fa5	F5	340	340	1	8	341	99	96		9.296875
890	9	Mi5b1	E5b1	335	335	1	8	341	95	96		9.304688
891	9	Mi5b1	E5b1	335	335	1	16	170	99	96		9.308594
892	9	Re5	D5	327	327	1	16	170	99	96		9.3125
893	9	Mi5b1	E5b1	335	335	1	16	170	99	96		9.316406
894	9	Fa5	F5	340	340	1	16	170	99	96		9.320313
895	9	Mi5b1	E5b1	335	335	1	8	341	99	96		9.328125
896	9	Re5	D5	327	327	1	8	341	95	96		9.335938
897	9	Re5	D5	327	327	1	8	341	99	96		9.34375
898	9	Fa5	F5	340	340	1	8	341	99	96		9.351563
899	9	Mi5b1	E5b1	335	335	1	8	341	99	96		9.359375
900	9	Re5	D5	327	327	1	8	341	99	96		9.367188
901	9	Re5	D5	327	327	1	4	682	95	96		9.382813
902	9	La5	A5	358	358	1	8	341	99	96		9.390625
903	9	Sol5	G5	349	349	1	8	341	95	96		9.398438
904	9	Sol5	G5	349	349	1	8	341	99	96		9.40625
905	9	Fa5	F5	340	340	1	8	341	95	96		9.414063
906	9	Fa5	F5	340	340	1	8	341	99	96		9.421875
907	9	Mi5b1	E5b1	335	335	1	8	341	95	96		9.429688
908	9	Mi5b1	E5b1	335	335	1	8	341	99	96		9.4375
909	9	Re5	D5	327	327	1	8	341	95	96		9.445313
910	9	Re5	D5	327	327	1	8	341	99	96		9.453125
911	9	Mi5b1	E5b1	335	335	1	8	341	95	96		9.460938
912	9	Re5	D5	327	327	1	8	341	99	96		9.46875
913	9	Do5	C5	318	318	1	4	682	95	96		9.484375
914	9	Si4b1	B4b1	313	313	1	8	341	95	96		9.492188
915	9	Re5	D5	327	327	1	4	682	99	96		9.507813
916	9	Mi5b1	E5b1	335	335	1	4	682	99	96		9.523438
917	9	Mi5b1	E5b1	335	335	1	16	170	99	96		9.527344
918	9	Re5	D5	327	327	1	16	170	99	96		9.53125
919	9	Mi5b1	E5b1	335	335	1	16	170	99	96		9.535156
920	9	Fa5	F5	340	340	1	16	170	99	96		9.539063
921	9	Mi5b1	E5b1	335	335	1	8	341	95	96		9.546875
922	9	Re5	D5	327	327	1	8	341	95	96		9.554688
923	8	Fa5	F5	340	340	1	8	341	95	96		9.5625
924	9	Mi5b1	E5b1	335	335	1	8	341	99	96		9.570313
925	9	Re5	D5	327	327	1	8	341	99	96		9.578125
926	9	Mi5b1	E5b1	335	335	1	4	682	95	96		9.59375
927	9			-1	-1	1	4	682	100	0		9.609375
928	9	Re5	D5	327	327	1	8	341	99	96		9.617188
929	9	Mi5b1	E5b1	335	335	1	8	341	99	96		9.625
930	9	Fa5	F5	340	340	1	4	682	99	96		9.640625
931	9	Sol5	G5	349	349	1	4	682	95	96		9.65625
932	9	Sol5	G5	349	349	1	4	682	99	96		9.671875
933	9	Fa5	F5	340	340	1	8	341	99	96		9.679688
934	9	Sol5	G5	349	349	1	8	341	99	96		9.6875
935	8	La5	A5	358	358	1	8	341	99	96		9.695313
936	9	Sol5	G5	349	349	1	8	341	99	96		9.703125
937	9	La5	A5	358	358	1	8	341	99	96		9.710938
938	9	Sol5	G5	349	349	1	8	341	99	96		9.71875
939	9	Fa5	F5	340	340	1	8	341	99	96		9.726563
940	9	Fa5	F5	340	340	1	8	341	99	96		9.734375
941	9	Sol5	G5	349	349	1	8	341	99	96		9.742188
942	9	Fa5	F5	340	340	1	8	341	99	96		9.75
943	9	Mi5b1	E5b1	335	335	1	8	341	95	96		9.757813
944	9	Fa5	F5	340	340	1	4	682	99	96		9.773438
945	9	Sol5	G5	349	349	1	4	682	99	96		9.789063
946	9	Sol5	G5	349	349	1	8	341	99	96		9.796875
947	9	Fa5	F5	340	340	1	4	682	99	96		9.8125
948	9	Mi5	E5	336	336	1	8	341	95	96		9.820313
949	9	La5	A5	358	358	1	4	682	99	96		9.835938
950	8	Si5b5	B5b5	362	362	1	8	341	99	96		9.84375
951	9	La5	A5	358	358	1	8	341	99	96		9.851563
952	9	Sol5	G5	349	349	1	8	341	95	96		9.859375
953	9	Sol5	G5	349	349	1	4	682	99	96		9.875
954	8	La5	A5	358	358	1	8	341	99	96		9.882813
955	9	Sol5	G5	349	349	1	8	341	99	96		9.890625
956	9	Fa5	F5	340	340	1	8	341	99	96		9.898438
957	9	Fa5	F5	340	340	1	4	682	99	96		9.914063
958	8	Sol5	G5	349	349	1	8	341	99	96		9.921875
959	9	Fa5	F5	340	340	1	8	341	99	96		9.929688
960	9	Mi5b1	E5b1	335	335	1	8	341	95	96		9.9375
961	9	Mi5b1	E5b1	335	335	1	4	682	99	96		9.953125
962	8	Sol5	G5	349	349	1	8	341	99	96		9.960938
963	9	Fa5	F5	340	340	1	4	682	99	96		9.976563
964	9	Mi5b1	E5b1	335	335	1	4	682	99	96		9.992188
965	9	Re5	D5	327	327	1	4	682	99	96		10.00781
966	9	Re5	D5	327	327	1	2	1364	99	96		10.03906
967	9	Re5	D5	327	327	1	4	682	95	96		10.05469
968	9			-1	-1	1	4	682	100	0		10.07031
969	9	Re5	D5	327	327	1	2	1364	95	96		10.10156
970	9	La5	A5	358	358	1	4	682	99	96		10.11719
971	8	Si5b5	B5b5	362	362	1	8	341	99	96		10.125
972	9	La5	A5	358	358	1	8	341	99	96		10.13281
973	9	Sol5	G5	349	349	1	8	341	95	96		10.14063
974	9	Sol5	G5	349	349	1	4	682	99	96		10.15625
975	8	La5	A5	358	358	1	8	341	99	96		10.16406
976	9	Sol5	G5	349	349	1	8	341	99	96		10.17188
977	9	Fa5	F5	340	340	1	8	341	99	96		10.17969
978	9	Fa5	F5	340	340	1	4	682	99	96		10.19531
979	8	Sol5	G5	349	349	1	8	341	99	96		10.20313
980	9	Fa5	F5	340	340	1	8	341	99	96		10.21094
981	9	Mi5b1	E5b1	335	335	1	8	341	95	96		10.21875
982	9	Mi5b1	E5b1	335	335	1	4	682	99	96		10.23438
983	8	Fa5#4	F5#4	344	344	1	8	341	99	96		10.24219
984	9	Mi5b1	E5b1	335	335	1	8	341	99	96		10.25
985	9	Re5	D5	327	327	1	8	341	99	96		10.25781
986	9	Re5	D5	327	327	1	4	682	99	96		10.27344
987	9	Mi5	E5	336	336	1	4	682	99	96		10.28906
988	9	Re5	D5	327	327	1	8	341	99	96		10.29688
989	9	Do5	C5	318	318	1	4	682	99	96		10.3125
990	9	Si4	B4	314	314	1	8	341	95	96		10.32031
991	9	Fa5	F5	340	340	1	4	682	99	96		10.33594
992	9	Mi5b1	E5b1	335	335	1	8	341	99	96		10.34375
993	9	Re5	D5	327	327	1	8	341	99	96		10.35156
994	9	Re5	D5	327	327	3	8	1023	99	96		10.375
995	9	Si4b1	B4b1	313	313	1	8	341	95	96		10.38281
996	9	Do5	C5	318	318	1	8	341	99	96		10.39063
997	9	Si4b1	B4b1	313	313	1	8	341	99	96		10.39844
998	9	Do5	C5	318	318	1	8	341	99	96		10.40625
999	9	Re5	D5	327	327	1	8	341	95	96		10.41406
1000	9	Do5	C5	318	318	3	16	511	99	96		10.42578
1001	9	Si4b1	B4b1	313	313	1	16	170	99	96		10.42969
1002	9	La4#4	A4#4	309	309	1	8	341	99	96		10.4375
1003	9	Si4b1	B4b1	313	313	1	8	341	99	96		10.44531
1004	9	La4#4	A4#4	309	309	1	8	341	99	96		10.45313
1005	9	Si4b1	B4b1	313	313	1	8	341	99	96		10.46094
1006	9	Do5	C5	318	318	1	16	170	99	96		10.46484
1007	9	Re5	D5	327	327	1	16	170	99	96		10.46875
1008	9	Do5	C5	318	318	1	16	170	99	96		10.47266
1009	9	Si4b1	B4b1	313	313	1	16	170	99	96		10.47656
1010	9	Si4b1	B4b1	313	313	1	2	1364	99	96		10.50781
1011	9	Si4b1	B4b1	313	313	1	4	682	95	96		10.52344
1012	9			-1	-1	1	4	682	100	0		10.53906
1013	9			-1	-1	1	4	682	100	0		10.55469
1014	9	Si4b1	B4b1	313	313	1	4	682	99	96		10.57031
1015	9	Si4b1	B4b1	313	313	1	4	682	95	96		10.58594
1016	9	Re5	D5	327	327	1	4	682	95	96		10.60156
1017	9	Do5	C5	318	318	1	2	1364	95	96		10.63281
1018	9	Re5	D5	327	327	1	2	1364	95	96		10.66406
1019	9			-1	-1	1	4	682	100	0		10.67969
1020	9	Re5	D5	327	327	1	4	682	99	96		10.69531
1021	9	Re5	D5	327	327	1	4	682	95	96		10.71094
1022	9	Mi5b1	E5b1	335	335	1	4	682	95	96		10.72656
1023	9	Re5	D5	327	327	1	4	682	99	96		10.74219
1024	8	Mi5	E5	336	336	1	8	341	99	96		10.75
1025	9	Re5	D5	327	327	1	8	341	95	96		10.75781
1026	9	Do5	C5	318	318	1	8	341	95	96		10.76563
1027	8	Do5	C5	318	318	1	8	341	95	96		10.77344
1028	9	Si4b1	B4b1	313	313	3	16	511	99	96		10.78516
1029	9	La4#4	A4#4	309	309	1	16	170	99	96		10.78906
1030	9	Sol4	G4	296	296	1	8	341	99	96		10.79688
1031	9	La4#4	A4#4	309	309	1	8	341	99	96		10.80469
1032	9	Si4b1	B4b1	313	313	1	4	682	95	96		10.82031
1033	9	Si4b1	B4b1	313	313	1	4	682	95	96		10.83594
1034	9	Mi5b1	E5b1	335	335	1	4	682	95	96		10.85156
1035	9	Mi5b1	E5b1	335	335	1	8	341	99	96		10.85938
1036	9	Re5	D5	327	327	1	8	341	95	96		10.86719
1037	9	Re5	D5	327	327	1	4	682	99	96		10.88281
1038	8	Mi5	E5	336	336	1	8	341	99	96		10.89063
1039	9	Re5	D5	327	327	1	8	341	99	96		10.89844
1040	9	Do5	C5	318	318	1	8	341	95	96		10.90625
1041	8	Do5	C5	318	318	1	8	341	95	96		10.91406
1042	9	Si4b1	B4b1	313	313	3	16	511	99	96		10.92578
1043	9	La4#4	A4#4	309	309	1	16	170	99	96		10.92969
1044	9	Si4b1	B4b1	313	313	1	8	341	99	96		10.9375
1045	9	Do5	C5	318	318	1	8	341	99	96		10.94531
1046	9	Si4b1	B4b1	313	313	1	8	341	99	96		10.95313
1047	9	La4#4	A4#4	309	309	1	8	341	95	96		10.96094
1048	9	Sol4	G4	296	296	1	8	341	99	96		10.96875
1049	9	La4#4	A4#4	309	309	1	8	341	99	96		10.97656
1050	9	Sol4	G4	296	296	1	4	682	95	96		10.99219
1051	9	La4#4	A4#4	309	309	1	4	682	95	96		11.00781
1052	9	Si4b1	B4b1	313	313	1	2	1364	99	96		11.03906
1053	9	Si4b1	B4b1	313	313	1	4	682	95	96		11.05469
1054	9			-1	-1	1	4	682	100	0		11.07031
1055	9			-1	-1	1	4	682	100	0		11.08594
1056	9	Si4b1	B4b1	313	313	1	4	682	99	96		11.10156
1057	9	Si4b1	B4b1	313	313	1	4	682	95	96		11.11719
1058	9	Re5	D5	327	327	1	4	682	95	96		11.13281
1059	9	Do5	C5	318	318	1	2	1364	95	96		11.16406
1060	9	Re5	D5	327	327	1	2	1364	95	96		11.19531
1061	9			-1	-1	1	4	682	100	0		11.21094
1062	9	Re5	D5	327	327	1	4	682	99	96		11.22656
1063	9	Re5	D5	327	327	1	4	682	95	96		11.24219
1064	9	Mi5b1	E5b1	335	335	1	4	682	95	96		11.25781
1065	9	Re5	D5	327	327	1	4	682	99	96		11.27344
1066	8	Mi5	E5	336	336	1	8	341	99	96		11.28125
1067	9	Re5	D5	327	327	1	8	341	99	96		11.28906
1068	9	Do5	C5	318	318	1	8	341	95	96		11.29688
1069	8	Do5	C5	318	318	1	8	341	95	96		11.30469
1070	9	Si4b1	B4b1	313	313	3	16	511	99	96		11.31641
1071	9	La4#4	A4#4	309	309	1	16	170	99	96		11.32031
1072	9	Si4b1	B4b1	313	313	1	8	341	99	96		11.32813
1073	9	Do5	C5	318	318	1	8	341	99	96		11.33594
1074	9	Si4b1	B4b1	313	313	1	4	682	95	96		11.35156
1075	9	Si4b1	B4b1	313	313	1	4	682	95	96		11.36719
1076	9	Mi5b1	E5b1	335	335	1	4	682	95	96		11.38281
1077	9	Mi5b1	E5b1	335	335	1	4	682	99	96		11.39844
1078	9	Re5	D5	327	327	1	4	682	95	96		11.41406
1079	9	Re5	D5	327	327	1	4	682	99	96		11.42969
1080	8	Mi5	E5	336	336	1	8	341	99	96		11.4375
1081	9	Re5	D5	327	327	1	8	341	99	96		11.44531
1082	9	Do5	C5	318	318	1	8	341	95	96		11.45313
1083	8	Do5	C5	318	318	1	8	341	95	96		11.46094
1084	9	Si4b1	B4b1	313	313	3	16	511	99	96		11.47266
1085	9	La4#4	A4#4	309	309	1	16	170	99	96		11.47656
1086	9	Sol4	G4	296	296	1	8	341	99	96		11.48438
1087	9	La4#4	A4#4	309	309	1	8	341	99	96		11.49219
1088	9	Si4b1	B4b1	313	313	1	8	341	99	96		11.5
1089	9	La4#4	A4#4	309	309	1	8	341	95	96		11.50781
1090	9	Sol4	G4	296	296	1	8	341	99	96		11.51563
1091	9	La4#4	A4#4	309	309	1	8	341	99	96		11.52344
1092	9	Sol4	G4	296	296	1	4	682	95	96		11.53906
1093	9	La4#4	A4#4	309	309	1	4	682	95	96		11.55469
1094	9	Si4b1	B4b1	313	313	1	2	1364	99	96		11.58594
1095	9	Si4b1	B4b1	313	313	1	4	682	95	96		11.60156
1096	9			-1	-1	1	4	682	100	0		11.61719
1097	9	Si4b1	B4b1	313	313	1	2	1364	95	96		11.64844
1098	8	La5	A5	358	358	1	8	341	95	96		11.65625
1099	9	Sol5	G5	349	349	1	4	682	99	96		11.67188
1100	9	Fa5#4	F5#4	344	344	1	8	341	99	96		11.67969
1101	9	Mi5#4	E5#4	340	340	1	8	341	95	96		11.6875
1102	9	Fa5#4	F5#4	344	344	1	2	1364	99	96		11.71875
1103	9	Fa5#4	F5#4	344	344	1	4	682	95	96		11.73438
1104	9			-1	-1	1	4	682	100	0		11.75
1105	9	Sol5	G5	349	349	1	4	682	99	96		11.76563
1106	9	Fa5#4	F5#4	344	344	1	4	682	99	96		11.78125
1107	9	Mi5#4	E5#4	340	340	1	4	682	99	96		11.79688
1108	8	La5	A5	358	358	1	8	341	99	96		11.80469
1109	9	Sol5	G5	349	349	1	8	341	99	96		11.8125
1110	9	Fa5#4	F5#4	344	344	1	8	341	99	96		11.82031
1111	9	Fa5#4	F5#4	344	344	1	4	682	99	96		11.83594
1112	8	Sol5	G5	349	349	1	8	341	99	96		11.84375
1113	9	Fa5#4	F5#4	344	344	1	8	341	99	96		11.85156
1114	9	Mi5#4	E5#4	340	340	1	8	341	99	96		11.85938
1115	9	Fa5#4	F5#4	344	344	1	2	1364	99	96		11.89063
1116	9	Fa5#4	F5#4	344	344	1	4	682	95	96		11.90625
1117	9			-1	-1	1	4	682	100	0		11.92188
1118	9	Mi5#4	E5#4	340	340	1	4	682	99	96		11.9375
1119	9	Fa5#4	F5#4	344	344	1	4	682	99	96		11.95313
1120	9	Mi5#4	E5#4	340	340	1	2	1364	95	96		11.98438
1121	9	Sol5	G5	349	349	1	2	1364	95	96		12.01563
1122	9	Fa5#4	F5#4	344	344	1	4	682	99	96		12.03125
1123	8	La5	A5	358	358	1	8	341	99	96		12.03906
1124	9	Sol5	G5	349	349	1	4	682	99	96		12.05469
1125	9	Fa5#4	F5#4	344	344	1	8	341	99	96		12.0625
1126	9	Mi5#4	E5#4	340	340	1	8	341	99	96		12.07031
1127	8	Sol5	G5	349	349	1	8	341	99	96		12.07813
1128	9	Fa5#4	F5#4	344	344	1	8	341	99	96		12.08594
1129	9	Mi5#4	E5#4	340	340	1	8	341	95	96		12.09375
1130	9	Re5	D5	327	327	1	2	1364	99	96		12.125
1131	9	Re5	D5	327	327	1	4	682	99	96		12.14063
1132	9	Fa5#4	F5#4	344	344	1	4	682	99	96		12.15625
1133	9	Fa5#4	F5#4	344	344	1	2	1364	99	96		12.1875
1134	9	Fa5#4	F5#4	344	344	1	4	682	95	96		12.20313
1135	9			-1	-1	1	4	682	100	0		12.21875
1136	9	Si4b1	B4b1	313	313	1	2	1364	95	96		12.25
1137	8	La5	A5	358	358	1	8	341	95	96		12.25781
1138	9	Sol5	G5	349	349	1	4	682	99	96		12.27344
1139	9	Fa5#4	F5#4	344	344	1	8	341	99	96		12.28125
1140	9	Mi5#4	E5#4	340	340	1	8	341	95	96		12.28906
1141	9	Fa5#4	F5#4	344	344	1	2	1364	99	96		12.32031
1142	9	Fa5#4	F5#4	344	344	1	4	682	95	96		12.33594
1143	9			-1	-1	1	4	682	100	0		12.35156
1144	9	Fa5#4	F5#4	344	344	1	8	341	99	96		12.35938
1145	9	Sol5	G5	349	349	1	8	341	99	96		12.36719
1146	9	Fa5#4	F5#4	344	344	1	8	341	99	96		12.375
1147	9	Sol5	G5	349	349	1	8	341	99	96		12.38281
1148	9	La5#4	A5#4	362	362	1	4	682	99	96		12.39844
1149	9	Si5b1	B5b1	366	366	1	4	682	99	96		12.41406
1150	9	La5#4	A5#4	362	362	1	8	341	99	96		12.42188
1151	9	Sol5	G5	349	349	1	4	682	99	96		12.4375
1152	9	Fa5#4	F5#4	344	344	1	8	341	95	96		12.44531
1153	9	Do6#4	C6#4	375	375	1	4	682	99	96		12.46094
1154	9	Si5b1	B5b1	366	366	1	8	341	99	96		12.46875
1155	9	La5#4	A5#4	362	362	1	8	341	99	96		12.47656
1156	9	La5#4	A5#4	362	362	1	8	341	99	96		12.48438
1157	9	Si5b1	B5b1	366	366	1	8	341	99	96		12.49219
1158	9	La5#4	A5#4	362	362	1	8	341	95	96		12.5
1159	9	Sol5	G5	349	349	1	8	341	95	96		12.50781
1160	9	Sol5	G5	349	349	1	8	341	99	96		12.51563
1161	9	Fa5#4	F5#4	344	344	1	8	341	99	96		12.52344
1162	9	Sol5	G5	349	349	1	8	341	99	96		12.53125
1163	9	La5#4	A5#4	362	362	1	8	341	95	96		12.53906
1164	9	Sol5	G5	349	349	3	16	511	99	96		12.55078
1165	9	Fa5#4	F5#4	344	344	1	16	170	99	96		12.55469
1166	9	Mi5#4	E5#4	340	340	1	8	341	99	96		12.5625
1167	9	Fa5#4	F5#4	344	344	1	8	341	99	96		12.57031
1168	9	Mi5#4	E5#4	340	340	1	8	341	99	96		12.57813
1169	9	Fa5#4	F5#4	344	344	1	8	341	99	96		12.58594
1170	9	Sol5	G5	349	349	1	16	170	99	96		12.58984
1171	9	La5#4	A5#4	362	362	1	16	170	99	96		12.59375
1172	9	Sol5	G5	349	349	1	16	170	99	96		12.59766
1173	9	Fa5#4	F5#4	344	344	1	16	170	99	96		12.60156
1174	9	Fa5#4	F5#4	344	344	1	2	1364	99	96		12.63281
1175	9	Fa5#4	F5#4	344	344	1	4	682	95	96		12.64844
1176	9			-1	-1	1	4	682	100	0		12.66406
1177	9	Fa5#4	F5#4	344	344	1	2	1364	95	96		12.69531
1178	9	Do6#4	C6#4	375	375	1	2	1364	95	96		12.72656
1179	9	Do6#4	C6#4	375	375	1	2	1364	99	96		12.75781
1180	9	Do6#4	C6#4	375	375	1	4	682	95	96		12.77344
1181	9			-1	-1	1	4	682	100	0		12.78906
1182	9	Do6#4	C6#4	375	375	1	2	1364	99	96		12.82031
1183	9	Re6	D6	380	380	1	4	682	99	96		12.83594
1184	8	Mi6	E6	389	389	1	8	341	99	96		12.84375
1185	9	Re6	D6	380	380	1	8	341	99	96		12.85156
1186	9	Do6#4	C6#4	375	375	1	8	341	99	96		12.85938
1187	9	Si5b1	B5b1	366	366	1	2	1364	99	96		12.89063
1188	9	Do6#4	C6#4	375	375	1	4	682	99	96		12.90625
1189	8	Re6	D6	380	380	1	8	341	99	96		12.91406
1190	9	Do6#4	C6#4	375	375	1	8	341	99	96		12.92188
1191	9	Si5b1	B5b1	366	366	1	8	341	99	96		12.92969
1192	9	La5#4	A5#4	362	362	1	2	1364	95	96		12.96094
1193	9	Si5b1	B5b1	366	366	1	4	682	99	96		12.97656
1194	8	Do6#4	C6#4	375	375	1	8	341	99	96		12.98438
1195	9	Si5b1	B5b1	366	366	1	8	341	99	96		12.99219
1196	9	La5#4	A5#4	362	362	1	8	341	99	96		13
1197	9	La5#4	A5#4	362	362	1	8	341	99	96		13.00781
1198	9	Sol5	G5	349	349	1	8	341	99	96		13.01563
1199	9	Sol5	G5	349	349	1	8	341	99	96		13.02344
1200	9	Fa5#4	F5#4	344	344	1	8	341	99	96		13.03125
1201	9	Sol5	G5	349	349	1	4	682	95	96		13.04688
1202	9	La5#4	A5#4	362	362	1	4	682	95	96		13.0625
1203	9	Si5b1	B5b1	366	366	3	8	1023	99	96		13.08594
1204	9	Do6#4	C6#4	375	375	1	8	341	99	96		13.09375
1205	9	Re6	D6	380	380	1	4	682	99	96		13.10938
1206	8	Mi6	E6	389	389	1	8	341	99	96		13.11719
1207	9	Re6	D6	380	380	1	8	341	95	96		13.125
1208	9	Do6#4	C6#4	375	375	1	8	341	95	96		13.13281
1209	9	Do6#4	C6#4	375	375	3	16	511	99	96		13.14453
1210	9	Si5b1	B5b1	366	366	1	16	170	99	96		13.14844
1211	9	La5#4	A5#4	362	362	1	8	341	99	96		13.15625
1212	9	Si5b1	B5b1	366	366	1	8	341	99	96		13.16406
1213	9	La5#4	A5#4	362	362	1	8	341	99	96		13.17188
1214	9	Si5b1	B5b1	366	366	1	8	341	99	96		13.17969
1215	9	Do6#4	C6#4	375	375	1	8	341	99	96		13.1875
1216	9	Si5b1	B5b1	366	366	1	8	341	99	96		13.19531
1217	9	Si5b1	B5b1	366	366	1	2	1364	99	96		13.22656
1218	9	Si5b1	B5b1	366	366	1	4	682	95	96		13.24219
1219	9			-1	-1	1	4	682	100	0		13.25781
1220	9	Fa5#4	F5#4	344	344	1	2	1364	95	96		13.28906
1221	9	Sol5	G5	349	349	1	2	1364	95	96		13.32031
1222	9	La5#4	A5#4	362	362	1	4	682	99	96		13.33594
1223	8	Do6#4	C6#4	375	375	1	8	341	99	96		13.34375
1224	9	Si5b1	B5b1	366	366	1	8	341	99	96		13.35156
1225	9	La5#4	A5#4	362	362	1	8	341	99	96		13.35938
1226	9	Sol5	G5	349	349	1	8	341	99	96		13.36719
1227	9	Fa5#4	F5#4	344	344	1	8	341	99	96		13.375
1228	9	Sol5	G5	349	349	1	4	682	95	96		13.39063
1229	9	La5#4	A5#4	362	362	1	8	341	99	96		13.39844
1230	9	Si5b1	B5b1	366	366	1	8	341	99	96		13.40625
1231	9	La5#4	A5#4	362	362	1	8	341	99	96		13.41406
1232	9	Si5b1	B5b1	366	366	1	8	341	99	96		13.42188
1233	9	Re6	D6	380	380	1	8	341	99	96		13.42969
1234	9	Do6#4	C6#4	375	375	1	8	341	99	96		13.4375
1235	9	Si5b1	B5b1	366	366	1	8	341	99	96		13.44531
1236	9	La5#4	A5#4	362	362	1	8	341	99	96		13.45313
1237	9	La5#4	A5#4	362	362	1	8	341	99	96		13.46094
1238	9	Sol5	G5	349	349	1	4	682	99	96		13.47656
1239	9	Fa5#4	F5#4	344	344	1	8	341	95	96		13.48438
1240	9	Do6#4	C6#4	375	375	1	4	682	99	96		13.5
1241	9	Si5b1	B5b1	366	366	1	8	341	99	96		13.50781
1242	9	La5#4	A5#4	362	362	1	8	341	99	96		13.51563
1243	9	La5#4	A5#4	362	362	1	8	341	99	96		13.52344
1244	9	Si5b1	B5b1	366	366	1	8	341	99	96		13.53125
1245	9	La5#4	A5#4	362	362	1	8	341	99	96		13.53906
1246	9	Sol5	G5	349	349	1	8	341	95	96		13.54688
1247	9	Sol5	G5	349	349	1	8	341	99	96		13.55469
1248	9	Fa5#4	F5#4	344	344	1	8	341	99	96		13.5625
1249	9	Sol5	G5	349	349	1	8	341	99	96		13.57031
1250	9	La5#4	A5#4	362	362	1	8	341	95	96		13.57813
1251	9	Sol5	G5	349	349	3	16	511	99	96		13.58984
1252	9	Fa5#4	F5#4	344	344	1	16	170	99	96		13.59375
1253	9	Mi5#4	E5#4	340	340	1	8	341	99	96		13.60156
1254	9	Fa5#4	F5#4	344	344	1	8	341	99	96		13.60938
1255	9	Mi5#4	E5#4	340	340	1	8	341	99	96		13.61719
1256	9	Fa5#4	F5#4	344	344	1	8	341	99	96		13.625
1257	9	Sol5	G5	349	349	1	16	170	99	96		13.62891
1258	9	La5#4	A5#4	362	362	1	16	170	99	96		13.63281
1259	9	Sol5	G5	349	349	1	16	170	99	96		13.63672
1260	9	Fa5#4	F5#4	344	344	1	16	170	99	96		13.64063
1261	9	Fa5#4	F5#4	344	344	1	2	1364	99	96		13.67188
1262	9	Fa5#4	F5#4	344	344	1	4	682	95	96		13.6875
1263	9			-1	-1	1	4	682	100	0		13.70313
1264	9	Sol5	G5	349	349	1	2	1364	95	96		13.73438
1265	9	Mi5	E5	336	336	1	4	682	95	96		13.75
1266	9	Fa5#4	F5#4	344	344	1	4	682	99	96		13.76563
1267	9	Sol5	G5	349	349	1	2	1364	95	96		13.79688
1268	9	La5	A5	358	358	3	8	1023	95	96		13.82031
1269	9			-1	-1	1	8	341	100	0		13.82813
1270	9	La5	A5	358	358	1	4	682	99	96		13.84375
1271	9	Sol5	G5	349	349	1	8	341	99	96		13.85156
1272	9	La5	A5	358	358	1	8	341	99	96		13.85938
1273	8	Si5b5	B5b5	362	362	1	8	341	99	96		13.86719
1274	9	La5	A5	358	358	1	8	341	99	96		13.875
1275	9	Si5b5	B5b5	362	362	1	8	341	99	96		13.88281
1276	9	La5	A5	358	358	1	8	341	99	96		13.89063
1277	9	Sol5	G5	349	349	1	8	341	95	96		13.89844
1278	9	Sol5	G5	349	349	1	4	682	99	96		13.91406
1279	9	Fa5	F5	340	340	1	8	341	99	96		13.92188
1280	9	Sol5	G5	349	349	1	8	341	99	96		13.92969
1281	8	La5	A5	358	358	1	8	341	99	96		13.9375
1282	9	Sol5	G5	349	349	1	8	341	99	96		13.94531
1283	9	La5	A5	358	358	1	8	341	99	96		13.95313
1284	9	Sol5	G5	349	349	1	8	341	99	96		13.96094
1285	9	Fa5	F5	340	340	1	8	341	99	96		13.96875
1286	9	Fa5	F5	340	340	1	8	341	99	96		13.97656
1287	9	Sol5	G5	349	349	1	8	341	99	96		13.98438
1288	9	Fa5	F5	340	340	1	8	341	99	96		13.99219
1289	9	Mi5b1	E5b1	335	335	1	8	341	95	96		14
1290	9	Fa5	F5	340	340	1	4	682	99	96		14.01563
1291	9	Sol5	G5	349	349	1	4	682	99	96		14.03125
1292	9	Sol5	G5	349	349	1	8	341	99	96		14.03906
1293	9	Fa5	F5	340	340	1	4	682	99	96		14.05469
1294	9	Mi5b1	E5b1	335	335	1	8	341	95	96		14.0625
1295	9	La5	A5	358	358	1	4	682	99	96		14.07813
1296	8	Si5b5	B5b5	362	362	1	8	341	99	96		14.08594
1297	9	La5	A5	358	358	1	8	341	99	96		14.09375
1298	9	Sol5	G5	349	349	1	8	341	95	96		14.10156
1299	9	Sol5	G5	349	349	1	4	682	99	96		14.11719
1300	8	La5	A5	358	358	1	8	341	99	96		14.125
1301	9	Sol5	G5	349	349	1	8	341	99	96		14.13281
1302	9	Fa5	F5	340	340	1	8	341	99	96		14.14063
1303	9	Fa5	F5	340	340	1	4	682	99	96		14.15625
1304	8	Sol5	G5	349	349	1	8	341	99	96		14.16406
1305	9	Fa5	F5	340	340	1	8	341	95	96		14.17188
1306	9	Mi5b1	E5b1	335	335	1	8	341	95	96		14.17969
1307	9	Mi5b1	E5b1	335	335	1	4	682	99	96		14.19531
1308	8	Sol5	G5	349	349	1	8	341	99	96		14.20313
1309	9	Fa5	F5	340	340	1	4	682	99	96		14.21875
1310	9	Mi5b1	E5b1	335	335	1	4	682	99	96		14.23438
1311	9	Re5	D5	327	327	1	4	682	99	96		14.25
1312	9	Re5	D5	327	327	1	2	1364	99	96		14.28125
1313	9	Re5	D5	327	327	1	4	682	95	96		14.29688
1314	9			-1	-1	1	4	682	100	0		14.3125
1315	9	Re5	D5	327	327	1	2	1364	95	96		14.34375
1316	9	La5	A5	358	358	1	4	682	95	96		14.35938
1317	8	Si5b5	B5b5	362	362	1	8	341	95	96		14.36719
1318	9	La5	A5	358	358	1	8	341	95	96		14.375
1319	9	Sol5	G5	349	349	1	8	341	95	96		14.38281
1320	9	Sol5	G5	349	349	1	4	682	99	96		14.39844
1321	8	La5	A5	358	358	1	8	341	99	96		14.40625
1322	9	Sol5	G5	349	349	1	8	341	99	96		14.41406
1323	9	Fa5	F5	340	340	1	8	341	99	96		14.42188
1324	9	Fa5	F5	340	340	1	4	682	99	96		14.4375
1325	8	Sol5	G5	349	349	1	8	341	99	96		14.44531
1326	9	Fa5	F5	340	340	1	8	341	99	96		14.45313
1327	9	Mi5b1	E5b1	335	335	1	8	341	95	96		14.46094
1328	9	Mi5b1	E5b1	335	335	1	4	682	99	96		14.47656
1329	8	Fa5	F5	340	340	1	8	341	99	96		14.48438
1330	9	Mi5b1	E5b1	335	335	1	8	341	99	96		14.49219
1331	9	Re5	D5	327	327	1	8	341	99	96		14.5
1332	9	Re5	D5	327	327	1	4	682	99	96		14.51563
1333	9	Mi5b1	E5b1	335	335	1	4	682	99	96		14.53125
1334	9	Re5	D5	327	327	1	8	341	99	96		14.53906
1335	9	Do5	C5	318	318	1	4	682	99	96		14.55469
1336	9	Si4b1	B4b1	313	313	1	8	341	95	96		14.5625
1337	9	Fa5	F5	340	340	1	4	682	99	96		14.57813
1338	9	Mi5b1	E5b1	335	335	1	8	341	99	96		14.58594
1339	9	Re5	D5	327	327	1	8	341	99	96		14.59375
1340	9	Re5	D5	327	327	3	8	1023	99	96		14.61719
1341	9	Si4b1	B4b1	313	313	1	8	341	95	96		14.625
1342	9	Do5	C5	318	318	1	8	341	99	96		14.63281
1343	9	Si4b1	B4b1	313	313	1	8	341	99	96		14.64063
1344	9	Do5	C5	318	318	1	8	341	99	96		14.64844
1345	9	Re5	D5	327	327	1	8	341	95	96		14.65625
1346	9	Do5	C5	318	318	3	16	511	95	96		14.66797
1347	9	Si4b1	B4b1	313	313	1	16	170	95	96		14.67188
1348	9	La4#4	A4#4	309	309	1	8	341	95	96		14.67969
1349	9	Si4b1	B4b1	313	313	1	8	341	95	96		14.6875
1350	9	La4#4	A4#4	309	309	1	8	341	95	96		14.69531
1351	9	Si4b1	B4b1	313	313	1	8	341	95	96		14.70313
1352	9	Do5	C5	318	318	1	16	170	95	96		14.70703
1353	9	Re5	D5	327	327	1	16	170	95	96		14.71094
1354	9	Do5	C5	318	318	1	16	170	95	96		14.71484
1355	9	Si4b1	B4b1	313	313	1	16	170	95	96		14.71875
1356	9	Si4b1	B4b1	313	313	1	2	1364	95	96		14.75
1357	9	Si4b1	B4b1	313	313	1	4	682	95	96		14.76563
1358	9			-1	-1	1	4	682	100	0		14.78125
1359	9	Do5	C5	318	318	1	4	682	99	96		14.79688
1360	9	Re5	D5	327	327	1	4	682	99	96		14.8125
1361	9	Re5	D5	327	327	1	4	682	99	96		14.82813
1362	9	Do5	C5	318	318	1	8	341	99	96		14.83594
1363	9	Si4b1	B4b1	313	313	1	8	341	95	96		14.84375
1364	9	Mi5b1	E5b1	335	335	1	2	1364	99	96		14.875
1365	9	Mi5b1	E5b1	335	335	1	16	170	99	96		14.87891
1366	9	Re5	D5	327	327	1	16	170	99	96		14.88281
1367	9	Mi5b1	E5b1	335	335	1	16	170	99	96		14.88672
1368	9	Fa5#4	F5#4	344	344	1	16	170	99	96		14.89063
1369	9	Mi5b1	E5b1	335	335	1	8	341	99	96		14.89844
1370	9	Re5	D5	327	327	1	8	341	95	96		14.90625
1371	9	Re5	D5	327	327	3	8	1023	99	96		14.92969
1372	9	Do5	C5	318	318	1	8	341	99	96		14.9375
1373	8	Fa5#4	F5#4	344	344	1	8	341	99	96		14.94531
1374	9	Mi5b1	E5b1	335	335	1	4	682	99	96		14.96094
1375	9	Re5	D5	327	327	1	8	341	95	96		14.96875
1376	9	Do5	C5	318	318	1	8	341	95	96		14.97656
1377	9	Si4b1	B4b1	313	313	1	2	1364	95	96		15.00781
1378	9	Mi5b1	E5b1	335	335	1	2	1364	95	96		15.03906
1379	9	Mi5b1	E5b1	335	335	1	2	1364	95	96		15.07031
1380	9	Mi5b1	E5b1	335	335	3	8	1023	95	96		15.09375
1381	9	Re5	D5	327	327	1	8	341	95	96		15.10156
1382	9	Mi5b1	E5b1	335	335	1	8	341	99	96		15.10938
1383	9	Re5	D5	327	327	1	8	341	99	96		15.11719
1384	9	Mi5b1	E5b1	335	335	1	8	341	99	96		15.125
1385	9	Fa5#4	F5#4	344	344	1	8	341	99	96		15.13281
1386	9	Mi5b1	E5b1	335	335	1	8	341	99	96		15.14063
1387	9	Fa5#4	F5#4	344	344	1	8	341	99	96		15.14844
1388	9	Mi5b1	E5b1	335	335	1	8	341	99	96		15.15625
1389	9	Re5	D5	327	327	1	8	341	99	96		15.16406
1390	9	Re5	D5	327	327	1	8	341	95	96		15.17188
1391	9			-1	-1	1	8	341	100	0		15.17969
1392	9	Re5	D5	327	327	1	8	341	99	96		15.1875
1393	9	Mi5b1	E5b1	335	335	1	8	341	99	96		15.19531
1394	9	Re5	D5	327	327	1	8	341	99	96		15.20313
1395	9	Mi5b1	E5b1	335	335	1	8	341	99	96		15.21094
1396	9	Do5	C5	318	318	1	4	682	95	96		15.22656
1397	8	Mi5	E5	336	336	1	8	341	95	96		15.23438
1398	9	Re5	D5	327	327	1	4	682	99	96		15.25
1399	9	Do5	C5	318	318	1	4	682	99	96		15.26563
1400	9	Si4b1	B4b1	313	313	1	4	682	99	96		15.28125
1401	9	La4	A4	305	305	1	4	682	99	96		15.29688
1402	9	La4	A4	305	305	1	4	682	99	96		15.3125
1403	8	Si4b1	B4b1	313	313	1	8	341	99	96		15.32031
1404	9	La4	A4	305	305	1	8	341	99	96		15.32813
1405	9	Sol4	G4	296	296	1	8	341	95	96		15.33594
1406	9	Si4b1	B4b1	313	313	1	4	682	95	96		15.35156
1407	9	Do5	C5	318	318	1	4	682	95	96		15.36719
1408	9	Re5	D5	327	327	3	8	1023	99	96		15.39063
1409	9	Fa5#4	F5#4	344	344	1	8	341	95	96		15.39844
1410	9	Mi5b1	E5b1	335	335	3	8	1023	99	96		15.42188
1411	9	Re5	D5	327	327	1	8	341	95	96		15.42969
1412	9	Fa5#4	F5#4	344	344	1	4	682	99	96		15.44531
1413	9	Sol5	G5	349	349	1	4	682	99	96		15.46094
1414	9	Sol5	G5	349	349	1	4	682	99	96		15.47656
1415	8	La5	A5	358	358	1	8	341	99	96		15.48438
1416	9	Sol5	G5	349	349	1	8	341	99	96		15.49219
1417	9	Fa5#4	F5#4	344	344	1	8	341	95	96		15.5
1418	9	Fa5#4	F5#4	344	344	1	8	341	99	96		15.50781
1419	9	Mi5b1	E5b1	335	335	1	8	341	99	96		15.51563
1420	9	Mi5b1	E5b1	335	335	1	8	341	99	96		15.52344
1421	9	Re5	D5	327	327	1	8	341	99	96		15.53125
1422	9	Re5	D5	327	327	1	8	341	99	96		15.53906
1423	9	Do5	C5	318	318	1	8	341	99	96		15.54688
1424	8	Fa5#4	F5#4	344	344	1	8	341	99	96		15.55469
1425	9	Mi5b1	E5b1	335	335	1	8	341	99	96		15.5625
1426	9	Re5	D5	327	327	1	8	341	95	96		15.57031
1427	9	Re5	D5	327	327	1	2	1364	99	96		15.60156
1428	9	Re5	D5	327	327	1	4	682	95	96		15.61719
1429	9			-1	-1	1	4	682	100	0		15.63281
1430	9			-1	-1	1	4	682	100	0		15.64844
1431	9			-1	-1	1	4	682	100	0		15.66406
1432	9	Sol5	G5	349	349	1	4	682	99	96		15.67969
1433	8	La5	A5	358	358	1	8	341	99	96		15.6875
1434	9	Sol5	G5	349	349	1	8	341	99	96		15.69531
1435	9	Fa5#4	F5#4	344	344	1	8	341	95	96		15.70313
1436	9	Fa5#4	F5#4	344	344	1	4	682	99	96		15.71875
1437	8	Sol5	G5	349	349	1	8	341	99	96		15.72656
1438	9	Fa5#4	F5#4	344	344	1	8	341	99	96		15.73438
1439	9	Mi5b1	E5b1	335	335	1	8	341	95	96		15.74219
1440	9	Mi5b1	E5b1	335	335	1	4	682	99	96		15.75781
1441	8	Fa5#4	F5#4	344	344	1	8	341	99	96		15.76563
1442	9	Mi5b1	E5b1	335	335	1	8	341	99	96		15.77344
1443	9	Re5	D5	327	327	1	8	341	95	96		15.78125
1444	9	Re5	D5	327	327	1	4	682	99	96		15.79688
1445	8	Mi5	E5	336	336	1	8	341	99	96		15.80469
1446	9	Re5	D5	327	327	1	8	341	99	96		15.8125
1447	9	Do5	C5	318	318	1	8	341	95	96		15.82031
1448	9	Si4b1	B4b1	313	313	1	2	1364	95	96		15.85156
1449	9	Si4b1	B4b1	313	313	1	2	1364	95	96		15.88281
1450	9	Sol5	G5	349	349	1	4	682	95	96		15.89844
1451	9	Sol5	G5	349	349	1	8	341	99	96		15.90625
1452	9	Fa5#4	F5#4	344	344	1	8	341	95	96		15.91406
1453	9	La5	A5	358	358	1	8	341	99	96		15.92188
1454	9	Sol5	G5	349	349	1	8	341	99	96		15.92969
1455	8	La5	A5	358	358	1	8	341	99	96		15.9375
1456	9	Sol5	G5	349	349	1	8	341	99	96		15.94531
1457	9	Fa5#4	F5#4	344	344	1	8	341	95	96		15.95313
1458	9	Sol5	G5	349	349	3	8	1023	95	96		15.97656
1459	9			-1	-1	1	8	341	100	0		15.98438
1460	9	Sol5	G5	349	349	1	4	682	99	96		16
1461	9	Fa5	F5	340	340	1	4	682	99	96		16.01563
1462	9	Mi5	E5	336	336	1	8	341	99	96		16.02344
1463	9	Fa5	F5	340	340	1	8	341	99	96		16.03125
1464	9	Sol5	G5	349	349	1	8	341	95	96		16.03906
1465	9	Si5b5	B5b5	362	362	1	8	341	95	96		16.04688
1466	9	La5	A5	358	358	3	16	511	99	96		16.05859
1467	9	Sol5	G5	349	349	1	16	170	99	96		16.0625
1468	9	Fa5#4	F5#4	344	344	1	8	341	99	96		16.07031
1469	9	Sol5	G5	349	349	1	8	341	99	96		16.07813
1470	9	Fa5#4	F5#4	344	344	1	8	341	99	96		16.08594
1471	9	Sol5	G5	349	349	1	8	341	99	96		16.09375
1472	8	Si5b1	B5b1	366	366	1	8	341	99	96		16.10156
1473	9	La5	A5	358	358	1	8	341	99	96		16.10938
1474	9	Sol5	G5	349	349	1	8	341	99	96		16.11719
1475	9	Sol5	G5	349	349	1	2	1364	95	96		16.14844
1476	9	Si4b1	B4b1	313	313	1	4	682	99	96		16.16406
1477	9	Si4b1	B4b1	313	313	1	4	682	99	96		16.17969
1478	9	Si4b1	B4b1	313	313	1	2	1364	95	96		16.21094
1479	9	Re5	D5	327	327	1	4	682	99	96		16.22656
1480	9	Mi5b1	E5b1	335	335	1	4	682	95	96		16.24219
1481	9	Re5	D5	327	327	1	4	682	99	96		16.25781
1482	9	Do5	C5	318	318	1	4	682	99	96		16.27344
1483	8	Re5	D5	327	327	1	8	341	99	96		16.28125
1484	9	Do5	C5	318	318	1	4	682	95	96		16.29688
1485	9	Si4b1	B4b1	313	313	1	4	682	95	96		16.3125
1486	8	Re5	D5	327	327	1	8	341	95	96		16.32031
1487	9	Do5	C5	318	318	1	4	682	99	96		16.33594
1488	9	Si4b1	B4b1	313	313	1	4	682	99	96		16.35156
1489	9	La4	A4	305	305	1	4	682	99	96		16.36719
1490	9	Sol4	G4	296	296	1	4	682	99	96		16.38281
1491	9	Sol4	G4	296	296	3	8	1023	95	96		16.40625
1492	9			-1	-1	1	8	341	100	0		16.41406
1493	9	Fa5	F5	340	340	1	4	682	99	96		16.42969
1494	9	Sol5	G5	349	349	1	4	682	99	96		16.44531
1495	9	Sol5	G5	349	349	1	8	341	99	96		16.45313
1496	9	Fa5	F5	340	340	1	4	682	99	96		16.46875
1497	9	Mi5b1	E5b1	335	335	1	8	341	95	96		16.47656
1498	9	La5	A5	358	358	3	8	1023	99	96		16.5
1499	9	Sol5	G5	349	349	1	8	341	95	96		16.50781
1500	9	La5	A5	358	358	1	4	682	99	96		16.52344
1501	9	Sol5	G5	349	349	1	4	682	99	96		16.53906
1502	8	La5	A5	358	358	1	8	341	99	96		16.54688
1503	9	Sol5	G5	349	349	1	4	682	95	96		16.5625
1504	9	Fa5	F5	340	340	1	4	682	95	96		16.57813
1505	9	La5	A5	358	358	1	4	682	99	96		16.59375
1506	9	Sol5	G5	349	349	1	4	682	99	96		16.60938
1507	9	Fa5	F5	340	340	1	4	682	99	96		16.625
1508	9	Mi5b1	E5b1	335	335	1	4	682	95	96		16.64063
1509	9	Re5	D5	327	327	1	2	1364	95	96		16.67188
1510	9	Sol5	G5	349	349	1	4	682	99	96		16.6875
1511	9	Fa5	F5	340	340	1	8	341	99	96		16.69531
1512	9	Mi5b1	E5b1	335	335	1	8	341	95	96		16.70313
1513	9	Mi5b1	E5b1	335	335	1	8	341	99	96		16.71094
1514	9	Re5	D5	327	327	1	4	682	99	96		16.72656
1515	9	Mi5b1	E5b1	335	335	1	8	341	95	96		16.73438
1516	9	Re5	D5	327	327	1	8	341	99	96		16.74219
1517	9	Do5	C5	318	318	1	4	682	95	96		16.75781
1518	9	Re5	D5	327	327	1	8	341	95	96		16.76563
1519	9	Do5	C5	318	318	3	16	511	99	96		16.77734
1520	9	Si4b1	B4b1	313	313	1	16	170	99	96		16.78125
1521	9	La4#4	A4#4	309	309	1	8	341	99	96		16.78906
1522	9	Si4b1	B4b1	313	313	1	8	341	99	96		16.79688
1523	9	La4#4	A4#4	309	309	1	8	341	99	96		16.80469
1524	9	Si4b1	B4b1	313	313	1	8	341	99	96		16.8125
1525	9	Do5	C5	318	318	1	16	170	99	96		16.81641
1526	9	Re5	D5	327	327	1	16	170	99	96		16.82031
1527	9	Do5	C5	318	318	1	16	170	99	96		16.82422
1528	9	Si4b1	B4b1	313	313	1	16	170	99	96		16.82813
1529	9	Si4b1	B4b1	313	313	1	2	1364	99	96		16.85938
1530	9	Si4b1	B4b1	313	313	1	4	682	95	96		16.875
1531	9			-1	-1	1	4	682	100	0		16.89063
1532	9	Si4b1	B4b1	313	313	1	2	1364	95	96		16.92188
1533	9	Do5	C5	318	318	1	4	682	99	96		16.9375
1534	8	Re5	D5	327	327	1	8	341	99	96		16.94531
1535	9	Do5	C5	318	318	1	8	341	99	96		16.95313
1536	9	Re5	D5	327	327	1	8	341	95	96		16.96094
1537	9	Si4b1	B4b1	313	313	1	8	341	99	96		16.96875
1538	9	Do5	C5	318	318	1	8	341	99	96		16.97656
1539	9	Si4b1	B4b1	313	313	1	4	682	99	96		16.99219
1540	9	Do5	C5	318	318	1	8	341	99	96		17
1541	9	Re5	D5	327	327	1	8	341	99	96		17.00781
1542	9	Do5	C5	318	318	1	8	341	99	96		17.01563
1543	9	Re5	D5	327	327	1	8	341	95	96		17.02344
1544	9	Mi5b4	E5b4	332	332	3	16	511	99	96		17.03516
1545	9	Re5	D5	327	327	1	16	170	99	96		17.03906
1546	9	Do5#4	C5#4	322	322	1	8	341	99	96		17.04688
1547	9	Re5	D5	327	327	1	8	341	99	96		17.05469
1548	9	Do5#4	C5#4	322	322	1	8	341	99	96		17.0625
1549	9	Re5	D5	327	327	1	8	341	99	96		17.07031
1550	8	Fa5#4	F5#4	344	344	1	8	341	99	96		17.07813
1551	9	Mi5b4	E5b4	332	332	1	8	341	99	96		17.08594
1552	9	Mi5b4	E5b4	332	332	1	16	170	99	96		17.08984
1553	9	Re5	D5	327	327	1	16	170	99	96		17.09375
1554	9	Re5	D5	327	327	1	2	1364	99	96		17.125
1555	9	Re5	D5	327	327	1	4	682	95	96		17.14063
1556	9			-1	-1	1	4	682	100	0		17.15625
1557	9	Sol5	G5	349	349	3	8	1023	99	96		17.17969
1558	9	Fa5#4	F5#4	344	344	1	8	341	95	96		17.1875
1559	9	Mi5b1	E5b1	335	335	1	4	682	99	96		17.20313
1560	9	Fa5#4	F5#4	344	344	1	4	682	99	96		17.21875
1561	9	Sol5	G5	349	349	1	2	1364	95	96		17.25
1562	9	La5	A5	358	358	1	2	1364	95	96		17.28125
1563	9	La5	A5	358	358	1	4	682	99	96		17.29688
1564	9	Sol5	G5	349	349	1	8	341	99	96		17.30469
1565	9	La5	A5	358	358	1	8	341	99	96		17.3125
1566	8	Si5b5	B5b5	362	362	1	8	341	99	96		17.32031
1567	9	La5	A5	358	358	1	8	341	99	96		17.32813
1568	9	Si5b5	B5b5	362	362	1	8	341	99	96		17.33594
1569	9	La5	A5	358	358	1	8	341	95	96		17.34375
1570	9	Sol5	G5	349	349	1	8	341	95	96		17.35156
1571	9	Sol5	G5	349	349	1	4	682	95	96		17.36719
1572	9	Fa5	F5	340	340	1	8	341	95	96		17.375
1573	9	Sol5	G5	349	349	1	8	341	95	96		17.38281
1574	8	La5	A5	358	358	1	8	341	95	96		17.39063
1575	9	Sol5	G5	349	349	1	8	341	95	96		17.39844
1576	9	La5	A5	358	358	1	8	341	95	96		17.40625
1577	9	Sol5	G5	349	349	1	8	341	95	96		17.41406
1578	9	Fa5	F5	340	340	1	8	341	95	96		17.42188
1579	8	Sol5	G5	349	349	1	8	341	95	96		17.42969
1580	9	Fa5	F5	340	340	1	8	341	95	96		17.4375
1581	9	Mi5b1	E5b1	335	335	1	8	341	95	96		17.44531
1582	9	Fa5	F5	340	340	1	8	341	95	96		17.45313
1583	9	Sol5	G5	349	349	1	8	341	95	96		17.46094
1584	8	La5	A5	358	358	1	8	341	95	96		17.46875
1585	9	Sol5	G5	349	349	1	8	341	95	96		17.47656
1586	9	Fa5	F5	340	340	1	8	341	95	96		17.48438
1587	9	Fa5	F5	340	340	1	8	341	95	96		17.49219
1588	9	Mi5b1	E5b1	335	335	1	8	341	95	96		17.5
1589	9	Fa5	F5	340	340	1	4	682	99	96		17.51563
1590	9	Mi5b1	E5b1	335	335	1	8	341	99	96		17.52344
1591	9	Re5	D5	327	327	1	8	341	95	96		17.53125
1592	9	La5	A5	358	358	1	4	682	99	96		17.54688
1593	8	Si5b5	B5b5	362	362	1	8	341	99	96		17.55469
1594	9	La5	A5	358	358	1	8	341	99	96		17.5625
1595	9	Sol5	G5	349	349	1	8	341	95	96		17.57031
1596	9	Fa5	F5	340	340	1	4	682	99	96		17.58594
1597	9	Sol5	G5	349	349	1	2	1364	95	96		17.61719
1598	9			-1	-1	1	4	682	100	0		17.63281
1599	9	Sol5	G5	349	349	1	4	682	99	96		17.64844
1600	9	Fa5	F5	340	340	1	8	341	99	96		17.65625
1601	9	Sol5	G5	349	349	1	8	341	99	96		17.66406
1602	8	La5	A5	358	358	1	8	341	99	96		17.67188
1603	9	Sol5	G5	349	349	1	8	341	99	96		17.67969
1604	9	La5	A5	358	358	1	8	341	99	96		17.6875
1605	9	Sol5	G5	349	349	1	8	341	99	96		17.69531
1606	9	Fa5	F5	340	340	1	8	341	99	96		17.70313
1607	9	Fa5	F5	340	340	1	8	341	99	96		17.71094
1608	9	Sol5	G5	349	349	1	8	341	99	96		17.71875
1609	9	Fa5	F5	340	340	1	8	341	99	96		17.72656
1610	9	Mi5b1	E5b1	335	335	1	8	341	95	96		17.73438
1611	9	La5	A5	358	358	1	4	682	99	96		17.75
1612	9	Sol5	G5	349	349	1	8	341	99	96		17.75781
1613	9	Fa5	F5	340	340	1	8	341	99	96		17.76563
1614	9	Fa5	F5	340	340	1	16	170	99	96		17.76953
1615	9	Mi5b1	E5b1	335	335	1	16	170	99	96		17.77344
1616	9	Fa5	F5	340	340	1	16	170	99	96		17.77734
1617	9	Sol5	G5	349	349	1	16	170	99	96		17.78125
1618	9	Fa5	F5	340	340	1	8	341	99	96		17.78906
1619	9	Mi5b1	E5b1	335	335	1	8	341	95	96		17.79688
1620	9	Mi5b1	E5b1	335	335	1	16	170	99	96		17.80078
1621	9	Re5	D5	327	327	1	16	170	99	96		17.80469
1622	9	Mi5b1	E5b1	335	335	1	16	170	99	96		17.80859
1623	9	Fa5	F5	340	340	1	16	170	99	96		17.8125
1624	9	Mi5b1	E5b1	335	335	1	8	341	99	96		17.82031
1625	9	Re5	D5	327	327	1	8	341	95	96		17.82813
1626	9	Re5	D5	327	327	1	8	341	99	96		17.83594
1627	9	Fa5	F5	340	340	1	8	341	99	96		17.84375
1628	9	Mi5b1	E5b1	335	335	1	8	341	99	96		17.85156
1629	9	Re5	D5	327	327	1	8	341	99	96		17.85938
1630	9	Re5	D5	327	327	1	4	682	95	96		17.875
1631	9	La5	A5	358	358	1	8	341	99	96		17.88281
1632	9	Sol5	G5	349	349	1	8	341	95	96		17.89063
1633	9	Sol5	G5	349	349	1	8	341	99	96		17.89844
1634	9	Fa5	F5	340	340	1	8	341	95	96		17.90625
1635	9	Fa5	F5	340	340	1	8	341	99	96		17.91406
1636	9	Mi5b1	E5b1	335	335	1	8	341	95	96		17.92188
1637	9	Mi5b1	E5b1	335	335	1	8	341	99	96		17.92969
1638	9	Re5	D5	327	327	1	8	341	95	96		17.9375
1639	9	Re5	D5	327	327	1	8	341	99	96		17.94531
1640	9	Mi5b1	E5b1	335	335	1	8	341	95	96		17.95313
1641	9	Re5	D5	327	327	1	8	341	99	96		17.96094
1642	9	Do5	C5	318	318	1	4	682	95	96		17.97656
1643	9	Si4b1	B4b1	313	313	1	8	341	95	96		17.98438
1644	9	Re5	D5	327	327	1	4	682	99	96		18
1645	9	Mi5b1	E5b1	335	335	1	4	682	95	96		18.01563
1646	9	Mi5b1	E5b1	335	335	1	16	170	99	96		18.01953
1647	9	Re5	D5	327	327	1	16	170	99	96		18.02344
1648	9	Mi5b1	E5b1	335	335	1	16	170	99	96		18.02734
1649	9	Fa5	F5	340	340	1	16	170	99	96		18.03125
1650	9	Mi5b1	E5b1	335	335	1	8	341	95	96		18.03906
1651	9	Re5	D5	327	327	1	8	341	95	96		18.04688
1652	8	Fa5	F5	340	340	1	8	341	95	96		18.05469
1653	9	Mi5b1	E5b1	335	335	1	8	341	99	96		18.0625
1654	9	Re5	D5	327	327	1	8	341	99	96		18.07031
1655	9	Mi5b1	E5b1	335	335	1	4	682	95	96		18.08594
1656	9			-1	-1	1	4	682	100	0		18.10156
1657	9	Re5	D5	327	327	1	8	341	99	96		18.10938
1658	9	Mi5b1	E5b1	335	335	1	8	341	99	96		18.11719
1659	9	Fa5	F5	340	340	1	4	682	99	96		18.13281
1660	9	Sol5	G5	349	349	1	4	682	95	96		18.14844
1661	9	Sol5	G5	349	349	1	4	682	99	96		18.16406
1662	9	Fa5	F5	340	340	1	8	341	99	96		18.17188
1663	9	Sol5	G5	349	349	1	8	341	99	96		18.17969
1664	8	La5	A5	358	358	1	8	341	99	96		18.1875
1665	9	Sol5	G5	349	349	1	8	341	99	96		18.19531
1666	9	La5	A5	358	358	1	8	341	99	96		18.20313
1667	9	Sol5	G5	349	349	1	8	341	99	96		18.21094
1668	9	Fa5	F5	340	340	1	8	341	99	96		18.21875
1669	9	Fa5	F5	340	340	1	8	341	99	96		18.22656
1670	9	Sol5	G5	349	349	1	8	341	99	96		18.23438
1671	9	Fa5	F5	340	340	1	8	341	99	96		18.24219
1672	9	Mi5b1	E5b1	335	335	1	8	341	95	96		18.25
1673	9	Fa5	F5	340	340	1	4	682	99	96		18.26563
1674	9	Sol5	G5	349	349	1	4	682	99	96		18.28125
1675	9	Sol5	G5	349	349	1	8	341	99	96		18.28906
1676	9	Fa5	F5	340	340	1	4	682	99	96		18.30469
1677	9	Mi5	E5	336	336	1	8	341	95	96		18.3125
1678	9	La5	A5	358	358	1	4	682	99	96		18.32813
1679	8	Si5b5	B5b5	362	362	1	8	341	99	96		18.33594
1680	9	La5	A5	358	358	1	8	341	99	96		18.34375
1681	9	Sol5	G5	349	349	1	8	341	95	96		18.35156
1682	9	Sol5	G5	349	349	1	4	682	99	96		18.36719
1683	8	La5	A5	358	358	1	8	341	99	96		18.375
1684	9	Sol5	G5	349	349	1	8	341	99	96		18.38281
1685	9	Fa5	F5	340	340	1	8	341	99	96		18.39063
1686	9	Fa5	F5	340	340	1	4	682	99	96		18.40625
1687	8	Sol5	G5	349	349	1	8	341	99	96		18.41406
1688	9	Fa5	F5	340	340	1	8	341	99	96		18.42188
1689	9	Mi5b1	E5b1	335	335	1	8	341	95	96		18.42969
1690	9	Mi5b1	E5b1	335	335	1	4	682	99	96		18.44531
1691	8	Sol5	G5	349	349	1	8	341	99	96		18.45313
1692	9	Fa5	F5	340	340	1	4	682	99	96		18.46875
1693	9	Mi5b1	E5b1	335	335	1	4	682	99	96		18.48438
1694	9	Re5	D5	327	327	1	4	682	99	96		18.5
1695	9	Re5	D5	327	327	1	2	1364	99	96		18.53125
1696	9	Re5	D5	327	327	1	4	682	95	96		18.54688
1697	9			-1	-1	1	4	682	100	0		18.5625
1698	9	Re5	D5	327	327	1	2	1364	95	96		18.59375
1699	9	La5	A5	358	358	1	4	682	99	96		18.60938
1700	8	Si5b5	B5b5	362	362	1	8	341	99	96		18.61719
1701	9	La5	A5	358	358	1	8	341	99	96		18.625
1702	9	Sol5	G5	349	349	1	8	341	95	96		18.63281
1703	9	Sol5	G5	349	349	1	4	682	99	96		18.64844
1704	8	La5	A5	358	358	1	8	341	99	96		18.65625
1705	9	Sol5	G5	349	349	1	8	341	99	96		18.66406
1706	9	Fa5	F5	340	340	1	8	341	99	96		18.67188
1707	9	Fa5	F5	340	340	1	4	682	99	96		18.6875
1708	8	Sol5	G5	349	349	1	8	341	99	96		18.69531
1709	9	Fa5	F5	340	340	1	8	341	99	96		18.70313
1710	9	Mi5b1	E5b1	335	335	1	8	341	95	96		18.71094
1711	9	Mi5b1	E5b1	335	335	1	4	682	99	96		18.72656
1712	8	Fa5	F5	340	340	1	8	341	99	96		18.73438
1713	9	Mi5b1	E5b1	335	335	1	8	341	99	96		18.74219
1714	9	Re5	D5	327	327	1	8	341	99	96		18.75
1715	9	Re5	D5	327	327	1	4	682	99	96		18.76563
1716	9	Mi5b1	E5b1	335	335	1	4	682	99	96		18.78125
1717	9	Re5	D5	327	327	1	8	341	99	96		18.78906
1718	9	Do5	C5	318	318	1	4	682	99	96		18.80469
1719	9	Si4b1	B4b1	313	313	1	8	341	95	96		18.8125
1720	9	Fa5	F5	340	340	1	4	682	99	96		18.82813
1721	9	Mi5b1	E5b1	335	335	1	8	341	99	96		18.83594
1722	9	Re5	D5	327	327	1	8	341	99	96		18.84375
1723	9	Re5	D5	327	327	3	8	1023	99	96		18.86719
1724	9	Si4b1	B4b1	313	313	1	8	341	95	96		18.875
1725	9	Do5	C5	318	318	1	8	341	99	96		18.88281
1726	9	Si4b1	B4b1	313	313	1	8	341	99	96		18.89063
1727	9	Do5	C5	318	318	1	8	341	99	96		18.89844
1728	9	Re5	D5	327	327	1	8	341	95	96		18.90625
1729	9	Do5	C5	318	318	3	16	511	99	96		18.91797
1730	9	Si4b1	B4b1	313	313	1	16	170	99	96		18.92188
1731	9	La4#4	A4#4	309	309	1	8	341	99	96		18.92969
1732	9	Si4b1	B4b1	313	313	1	8	341	99	96		18.9375
1733	9	La4#4	A4#4	309	309	1	8	341	99	96		18.94531
1734	9	Si4b1	B4b1	313	313	1	8	341	99	96		18.95313
1735	9	Do5	C5	318	318	1	16	170	99	96		18.95703
1736	9	Re5	D5	327	327	1	16	170	99	96		18.96094
1737	9	Do5	C5	318	318	1	16	170	99	96		18.96484
1738	9	Si4b1	B4b1	313	313	1	16	170	99	96		18.96875
1739	9	Si4b1	B4b1	313	313	1	2	1364	99	96		19
1740	9	Si4b1	B4b1	313	313	1	4	682	95	96		19.01563
1741	9			-1	-1	1	4	682	100	0		19.03125
1742	9			-1	-1	1	4	682	100	0		19.04688
1743	9	Si4b1	B4b1	313	313	1	4	682	99	96		19.0625
1744	9	Si4b1	B4b1	313	313	1	4	682	95	96		19.07813
1745	9	Re5	D5	327	327	1	4	682	95	96		19.09375
1746	9	Do5	C5	318	318	1	2	1364	95	96		19.125
1747	9	Re5	D5	327	327	1	2	1364	95	96		19.15625
1748	9			-1	-1	1	4	682	100	0		19.17188
1749	9	Re5	D5	327	327	1	4	682	99	96		19.1875
1750	9	Re5	D5	327	327	1	4	682	95	96		19.20313
1751	9	Mi5b1	E5b1	335	335	1	4	682	95	96		19.21875
1752	9	Re5	D5	327	327	1	4	682	99	96		19.23438
1753	8	Mi5	E5	336	336	1	8	341	99	96		19.24219
1754	9	Re5	D5	327	327	1	8	341	95	96		19.25
1755	9	Do5	C5	318	318	1	8	341	95	96		19.25781
1756	8	Do5	C5	318	318	1	8	341	95	96		19.26563
1757	9	Si4b1	B4b1	313	313	3	16	511	99	96		19.27734
1758	9	La4#4	A4#4	309	309	1	16	170	99	96		19.28125
1759	9	Sol4	G4	296	296	1	8	341	99	96		19.28906
1760	9	La4#4	A4#4	309	309	1	8	341	99	96		19.29688
1761	9	Si4b1	B4b1	313	313	1	4	682	95	96		19.3125
1762	9	Si4b1	B4b1	313	313	1	4	682	95	96		19.32813
1763	9	Mi5b1	E5b1	335	335	1	4	682	95	96		19.34375
1764	9	Mi5b1	E5b1	335	335	1	8	341	99	96		19.35156
1765	9	Re5	D5	327	327	1	8	341	95	96		19.35938
1766	9	Re5	D5	327	327	1	4	682	99	96		19.375
1767	8	Mi5	E5	336	336	1	8	341	99	96		19.38281
1768	9	Re5	D5	327	327	1	8	341	99	96		19.39063
1769	9	Do5	C5	318	318	1	8	341	95	96		19.39844
1770	8	Do5	C5	318	318	1	8	341	95	96		19.40625
1771	9	Si4b1	B4b1	313	313	3	16	511	99	96		19.41797
1772	9	La4#4	A4#4	309	309	1	16	170	99	96		19.42188
1773	9	Si4b1	B4b1	313	313	1	8	341	99	96		19.42969
1774	9	Do5	C5	318	318	1	8	341	99	96		19.4375
1775	9	Si4b1	B4b1	313	313	1	8	341	99	96		19.44531
1776	9	La4#4	A4#4	309	309	1	8	341	95	96		19.45313
1777	9	Sol4	G4	296	296	1	8	341	99	96		19.46094
1778	9	La4#4	A4#4	309	309	1	8	341	99	96		19.46875
1779	9	Sol4	G4	296	296	1	4	682	95	96		19.48438
1780	9	La4#4	A4#4	309	309	1	4	682	95	96		19.5
1781	9	Si4b1	B4b1	313	313	1	2	1364	99	96		19.53125
1782	9	Si4b1	B4b1	313	313	1	4	682	95	96		19.54688
1783	9			-1	-1	1	4	682	100	0		19.5625
1784	9			-1	-1	1	4	682	100	0		19.57813
1785	9	Si4b1	B4b1	313	313	1	4	682	99	96		19.59375
1786	9	Si4b1	B4b1	313	313	1	4	682	95	96		19.60938
1787	9	Re5	D5	327	327	1	4	682	95	96		19.625
1788	9	Do5	C5	318	318	1	2	1364	95	96		19.65625
1789	9	Re5	D5	327	327	1	2	1364	95	96		19.6875
1790	9			-1	-1	1	4	682	100	0		19.70313
1791	9	Re5	D5	327	327	1	4	682	99	96		19.71875
1792	9	Re5	D5	327	327	1	4	682	95	96		19.73438
1793	9	Mi5b1	E5b1	335	335	1	4	682	95	96		19.75
1794	9	Re5	D5	327	327	1	4	682	99	96		19.76563
1795	8	Mi5b1	E5b1	335	335	1	8	341	99	96		19.77344
1796	9	Re5	D5	327	327	1	8	341	99	96		19.78125
1797	9	Do5	C5	318	318	1	8	341	95	96		19.78906
1798	8	Do5	C5	318	318	1	8	341	95	96		19.79688
1799	9	Si4b1	B4b1	313	313	3	16	511	99	96		19.80859
1800	9	La4#4	A4#4	309	309	1	16	170	99	96		19.8125
1801	9	Si4b1	B4b1	313	313	1	8	341	99	96		19.82031
1802	9	Do5	C5	318	318	1	8	341	99	96		19.82813
1803	9	Si4b1	B4b1	313	313	1	4	682	95	96		19.84375
1804	9	Si4b1	B4b1	313	313	1	4	682	95	96		19.85938
1805	9	Mi5b1	E5b1	335	335	1	4	682	95	96		19.875
1806	9	Mi5b1	E5b1	335	335	1	8	341	99	96		19.88281
1807	9	Re5	D5	327	327	1	8	341	95	96		19.89063
1808	9	Re5	D5	327	327	1	4	682	99	96		19.90625
1809	8	Mi5	E5	336	336	1	8	341	99	96		19.91406
1810	9	Re5	D5	327	327	1	8	341	99	96		19.92188
1811	9	Do5	C5	318	318	1	8	341	95	96		19.92969
1812	8	Do5	C5	318	318	1	8	341	95	96		19.9375
1813	9	Si4b1	B4b1	313	313	3	16	511	99	96		19.94922
1814	9	La4#4	A4#4	309	309	1	16	170	99	96		19.95313
1815	9	Si4b1	B4b1	313	313	1	8	341	99	96		19.96094
1816	9	Do5	C5	318	318	1	8	341	99	96		19.96875
1817	9	Si4b1	B4b1	313	313	1	8	341	99	96		19.97656
1818	9	La4#4	A4#4	309	309	1	8	341	95	96		19.98438
1819	9	Sol4	G4	296	296	1	8	341	99	96		19.99219
1820	9	La4#4	A4#4	309	309	1	8	341	99	96		20
1821	9	Sol4	G4	296	296	1	4	682	95	96		20.01563
1822	9	La4#4	A4#4	309	309	1	4	682	95	96		20.03125
1823	9	Si4b1	B4b1	313	313	1	2	1364	99	96		20.0625
1824	9	Si4b1	B4b1	313	313	1	4	682	95	96		20.07813
1825	9			-1	-1	1	4	682	100	0		20.09375
1826	9	Sol4	G4	296	296	1	4	682	95	96		20.10938
1827	9	Si4b1	B4b1	313	313	1	4	682	95	96		20.125
1828	9	Si4b1	B4b1	313	313	1	4	682	95	96		20.14063
1829	9	Si4b1	B4b1	313	313	1	4	682	95	96		20.15625
1830	9	Sol4	G4	296	296	1	4	682	95	96		20.17188
1831	9	Si4b1	B4b1	313	313	1	4	682	95	96		20.1875
1832	9	Si4b1	B4b1	313	313	1	4	682	95	96		20.20313
1833	9	Si4b1	B4b1	313	313	1	4	682	95	96		20.21875
1834	9	Si4b1	B4b1	313	313	1	4	682	95	96		20.23438
1835	9	La4	A4	305	305	1	8	341	95	96		20.24219
1836	9	Si4b1	B4b1	313	313	1	8	341	95	96		20.25
1837	9	Do5	C5	318	318	1	4	682	95	96		20.26563
1838	9	Re5	D5	327	327	1	4	682	95	96		20.28125
1839	9	Re5	D5	327	327	1	8	341	99	96		20.28906
1840	9	Do5	C5	318	318	1	8	341	95	96		20.29688
1841	9	Do5	C5	318	318	1	8	341	99	96		20.30469
1842	9	Si4b1	B4b1	313	313	1	8	341	95	96		20.3125
1843	9	Si4b1	B4b1	313	313	1	8	341	99	96		20.32031
1844	9	La4	A4	305	305	1	8	341	99	96		20.32813
1845	8	Do5	C5	318	318	1	8	341	99	96		20.33594
1846	9	Si4b1	B4b1	313	313	1	8	341	99	96		20.34375
1847	9	La4	A4	305	305	1	8	341	95	96		20.35156
1848	9	La4	A4	305	305	1	2	1364	95	96		20.38281
1849	9			-1	-1	1	4	682	100	0		20.39844
1850	9	Re5	D5	327	327	1	8	341	95	96		20.40625
1851	9	Re5	D5	327	327	1	8	341	95	96		20.41406
1852	9	Re5	D5	327	327	1	2	1364	95	96		20.44531
1853	9	Re5	D5	327	327	1	8	341	99	96		20.45313
1854	9	Do5#4	C5#4	322	322	1	8	341	99	96		20.46094
1855	9	Si4b4	B4b4	310	310	1	8	341	99	96		20.46875
1856	9	La4	A4	305	305	1	8	341	95	96		20.47656
1857	9	Mi5	E5	336	336	1	8	341	99	96		20.48438
1858	9	Re5	D5	327	327	1	8	341	95	96		20.49219
1859	9	Re5	D5	327	327	1	8	341	99	96		20.5
1860	9	Do5#4	C5#4	322	322	1	8	341	95	96		20.50781
1861	9	Do5#4	C5#4	322	322	1	8	341	99	96		20.51563
1862	9	Si4b4	B4b4	310	310	1	8	341	95	96		20.52344
1863	9	Si4b4	B4b4	310	310	1	8	341	99	96		20.53125
1864	9	La4	A4	305	305	1	8	341	95	96		20.53906
1865	9	La4	A4	305	305	3	8	1023	99	96		20.5625
1866	9	Do5	C5	318	318	1	8	341	99	96		20.57031
1867	9	Si4b1	B4b1	313	313	1	8	341	99	96		20.57813
1868	9	La4#4	A4#4	309	309	1	8	341	99	96		20.58594
1869	9	Si4b1	B4b1	313	313	1	4	682	95	96		20.60156
1870	9	Sol4	G4	296	296	1	4	682	95	96		20.61719
1871	9	Si4b1	B4b1	313	313	1	4	682	95	96		20.63281
1872	9	Si4b1	B4b1	313	313	1	4	682	95	96		20.64844
1873	9	Si4b1	B4b1	313	313	1	4	682	95	96		20.66406
1874	9	Sol4	G4	296	296	1	4	682	95	96		20.67969
1875	9	Si4b1	B4b1	313	313	1	4	682	95	96		20.69531
1876	9	Si4b1	B4b1	313	313	1	4	682	95	96		20.71094
1877	9	Si4b1	B4b1	313	313	1	4	682	95	96		20.72656
1878	9	Si4b1	B4b1	313	313	1	4	682	95	96		20.74219
1879	9	La4	A4	305	305	1	8	341	95	96		20.75
1880	9	Si4b1	B4b1	313	313	1	8	341	95	96		20.75781
1881	9	Do5	C5	318	318	1	4	682	95	96		20.77344
1882	9	Re5	D5	327	327	1	4	682	95	96		20.78906
1883	9	Re5	D5	327	327	1	8	341	99	96		20.79688
1884	9	Do5	C5	318	318	1	8	341	95	96		20.80469
1885	9	Do5	C5	318	318	1	8	341	99	96		20.8125
1886	9	Si4b1	B4b1	313	313	1	8	341	95	96		20.82031
1887	9	Si4b1	B4b1	313	313	1	8	341	99	96		20.82813
1888	9	La4	A4	305	305	1	8	341	99	96		20.83594
1889	8	Do5	C5	318	318	1	8	341	99	96		20.84375
1890	9	Si4b1	B4b1	313	313	1	8	341	99	96		20.85156
1891	9	La4	A4	305	305	1	8	341	95	96		20.85938
1892	9	La4	A4	305	305	1	2	1364	95	96		20.89063
1893	9			-1	-1	1	4	682	100	0		20.90625
1894	9	Re5	D5	327	327	1	8	341	95	96		20.91406
1895	9	Re5	D5	327	327	1	8	341	95	96		20.92188
1896	9	Re5	D5	327	327	1	2	1364	95	96		20.95313
1897	9	Re5	D5	327	327	1	8	341	99	96		20.96094
1898	9	Do5#4	C5#4	322	322	1	8	341	99	96		20.96875
1899	9	Si4b4	B4b4	310	310	1	8	341	99	96		20.97656
1900	9	La4	A4	305	305	1	8	341	95	96		20.98438
1901	9	Mi5	E5	336	336	1	8	341	99	96		20.99219
1902	9	Re5	D5	327	327	1	8	341	95	96		21
1903	9	Re5	D5	327	327	1	8	341	99	96		21.00781
1904	9	Do5#4	C5#4	322	322	1	8	341	95	96		21.01563
1905	9	Do5#4	C5#4	322	322	1	8	341	99	96		21.02344
1906	9	Si4b4	B4b4	310	310	1	8	341	95	96		21.03125
1907	9	Si4b4	B4b4	310	310	1	8	341	99	96		21.03906
1908	9	La4	A4	305	305	1	8	341	95	96		21.04688
1909	9	La4	A4	305	305	1	2	1364	95	96		21.07813
1910	9	La4	A4	305	305	1	4	682	95	96		21.09375
1911	9			-1	-1	1	4	682	100	0		21.10938
1912	9	La4	A4	305	305	1	4	682	95	96		21.125
1913	9	La5	A5	358	358	1	4	682	95	96		21.14063
1914	9	La5	A5	358	358	1	4	682	95	96		21.15625
1915	9	La5	A5	358	358	1	4	682	95	96		21.17188
1916	9	Sol5#4	G5#4	353	353	1	8	341	99	96		21.17969
1917	9	La5	A5	358	358	1	8	341	99	96		21.1875
1918	9	Si5	B5	367	367	1	8	341	99	96		21.19531
1919	9	La5	A5	358	358	1	8	341	95	96		21.20313
1920	9	La5	A5	358	358	1	2	1364	95	96		21.23438
1921	9			-1	-1	1	4	682	100	0		21.25
1922	9	Sol5#4	G5#4	353	353	1	8	341	99	96		21.25781
1923	9	La5	A5	358	358	1	8	341	99	96		21.26563
1924	9	Si5	B5	367	367	1	4	682	95	96		21.28125
1925	9	La5	A5	358	358	1	8	341	99	96		21.28906
1926	9	Sol5#4	G5#4	353	353	1	8	341	95	96		21.29688
1927	9	Sol5#4	G5#4	353	353	1	8	341	99	96		21.30469
1928	9	Fa5#1	F5#1	341	341	1	8	341	99	96		21.3125
1929	9	Fa5#1	F5#1	341	341	1	8	341	99	96		21.32031
1930	9	Mi5	E5	336	336	1	8	341	95	96		21.32813
1931	9	Mi5	E5	336	336	1	4	682	99	96		21.34375
1932	9	Mi5	E5	336	336	1	8	341	99	96		21.35156
1933	9	Fa5	F5	340	340	1	8	341	99	96		21.35938
1934	9	Mi5	E5	336	336	1	8	341	99	96		21.36719
1935	9	Re5	D5	327	327	1	8	341	95	96		21.375
1936	9	Do5#4	C5#4	322	322	1	8	341	95	96		21.38281
1937	9	Re5	D5	327	327	1	8	341	95	96		21.39063
1938	9	Mi5	E5	336	336	1	8	341	99	96		21.39844
1939	9	Fa5#4	F5#4	344	344	1	8	341	95	96		21.40625
1940	9	Sol5	G5	349	349	1	4	682	95	96		21.42188
1941	9	Fa5#4	F5#4	344	344	1	8	341	99	96		21.42969
1942	9	Mi5	E5	336	336	1	8	341	99	96		21.4375
1943	9	Fa5#4	F5#4	344	344	1	8	341	99	96		21.44531
1944	9	Sol5	G5	349	349	1	8	341	95	96		21.45313
1945	9	Fa5#4	F5#4	344	344	1	8	341	99	96		21.46094
1946	9	Mi5	E5	336	336	1	8	341	99	96		21.46875
1947	9	Re5	D5	327	327	1	4	682	95	96		21.48438
1948	9	La5	A5	358	358	1	4	682	95	96		21.5
1949	9	La5	A5	358	358	1	8	341	99	96		21.50781
1950	9	Sol5#4	G5#4	353	353	1	8	341	99	96		21.51563
1951	9	Fa5#1	F5#1	341	341	1	4	682	95	96		21.53125
1952	9	Sol5#4	G5#4	353	353	1	4	682	95	96		21.54688
1953	9	La5	A5	358	358	1	2	1364	95	96		21.57813
1954	9	La5	A5	358	358	1	4	682	95	96		21.59375
1955	9			-1	-1	1	4	682	100	0		21.60938
1956	9	La4	A4	305	305	1	4	682	95	96		21.625
1957	9	La5	A5	358	358	1	4	682	95	96		21.64063
1958	9	La5	A5	358	358	1	4	682	95	96		21.65625
1959	9	La5	A5	358	358	1	4	682	95	96		21.67188
1960	9	Sol5#4	G5#4	353	353	1	8	341	99	96		21.67969
1961	9	La5	A5	358	358	1	8	341	99	96		21.6875
1962	9	Si5	B5	367	367	1	8	341	99	96		21.69531
1963	9	La5	A5	358	358	1	8	341	95	96		21.70313
1964	9	La5	A5	358	358	1	2	1364	95	96		21.73438
1965	9			-1	-1	1	4	682	100	0		21.75
1966	9	Sol5#4	G5#4	353	353	1	8	341	99	96		21.75781
1967	9	La5	A5	358	358	1	8	341	99	96		21.76563
1968	9	Si5	B5	367	367	1	4	682	95	96		21.78125
1969	9	La5	A5	358	358	1	8	341	99	96		21.78906
1970	9	Sol5#4	G5#4	353	353	1	8	341	95	96		21.79688
1971	9	Sol5#4	G5#4	353	353	1	8	341	99	96		21.80469
1972	9	Fa5#1	F5#1	341	341	1	8	341	99	96		21.8125
1973	9	Fa5#1	F5#1	341	341	1	8	341	99	96		21.82031
1974	9	Mi5	E5	336	336	1	8	341	95	96		21.82813
1975	9	Mi5	E5	336	336	1	4	682	99	96		21.84375
1976	9	Mi5	E5	336	336	1	8	341	99	96		21.85156
1977	9	Fa5	F5	340	340	1	8	341	99	96		21.85938
1978	9	Mi5	E5	336	336	1	8	341	99	96		21.86719
1979	9	Re5	D5	327	327	1	8	341	95	96		21.875
1980	9	Do5#4	C5#4	322	322	1	8	341	95	96		21.88281
1981	9	Re5	D5	327	327	1	8	341	95	96		21.89063
1982	9	Mi5	E5	336	336	1	8	341	99	96		21.89844
1983	9	Fa5#4	F5#4	344	344	1	8	341	95	96		21.90625
1984	9	Sol5	G5	349	349	1	4	682	95	96		21.92188
1985	9	Fa5#4	F5#4	344	344	1	8	341	99	96		21.92969
1986	9	Mi5	E5	336	336	1	8	341	99	96		21.9375
1987	9	Fa5#4	F5#4	344	344	1	8	341	99	96		21.94531
1988	9	Sol5	G5	349	349	1	8	341	95	96		21.95313
1989	9	Fa5	F5	340	340	1	8	341	99	96		21.96094
1990	9	Mi5	E5	336	336	1	8	341	99	96		21.96875
1991	9	Re5	D5	327	327	1	8	341	99	96		21.97656
1992	9	Do5#4	C5#4	322	322	1	8	341	99	96		21.98438
1993	9	Si4b4	B4b4	310	310	1	8	341	95	96		21.99219
1994	9	La4	A4	305	305	1	8	341	95	96		22
1995	8	Mi5	E5	336	336	1	8	341	95	96		22.00781
1996	9	Re5	D5	327	327	1	4	682	99	96		22.02344
1997	9	Do5#4	C5#4	322	322	1	8	341	99	96		22.03125
1998	9	Si4b4	B4b4	310	310	1	8	341	95	96		22.03906
1999	9	Si4b4	B4b4	310	310	1	8	341	99	96		22.04688
2000	9	La4	A4	305	305	1	8	341	95	96		22.05469
2001	9	La4	A4	305	305	1	2	1364	95	96		22.08594
2002	9	La4	A4	305	305	1	4	682	95	96		22.10156
2003	9			-1	-1	1	4	682	100	0		22.11719
2004	9	Sol4	G4	296	296	1	4	682	99	96		22.13281
2005	9	Sol4	G4	296	296	1	8	341	99	96		22.14063
2006	9	Do5	C5	318	318	1	8	341	99	96		22.14844
2007	9	Do5	C5	318	318	1	2	1364	95	96		22.17969
2008	9	Re5	D5	327	327	1	4	682	99	96		22.19531
2009	8	Fa5	F5	340	340	1	8	341	99	96		22.20313
2010	9	Mi5	E5	336	336	1	8	341	95	96		22.21094
2011	9	Re5	D5	327	327	1	8	341	95	96		22.21875
2012	8	Re5	D5	327	327	1	8	341	95	96		22.22656
2013	9	Do5	C5	318	318	1	8	341	99	96		22.23438
2014	9	Si4b1	B4b1	313	313	1	8	341	99	96		22.24219
2015	9	Do5	C5	318	318	1	4	682	95	96		22.25781
2016	9			-1	-1	1	4	682	100	0		22.27344
2017	9	Si4b1	B4b1	313	313	1	8	341	95	96		22.28125
2018	9	Do5	C5	318	318	1	8	341	95	96		22.28906
2019	9	Re5	D5	327	327	1	4	682	95	96		22.30469
2020	9	Re5	D5	327	327	1	4	682	95	96		22.32031
2021	9	Re5	D5	327	327	1	4	682	99	96		22.33594
2022	8	Fa5	F5	340	340	1	8	341	99	96		22.34375
2023	9	Mi5	E5	336	336	1	8	341	99	96		22.35156
2024	9	Re5	D5	327	327	1	8	341	95	96		22.35938
2025	9	Re5	D5	327	327	1	2	1364	99	96		22.39063
2026	9	Re5	D5	327	327	1	4	682	95	96		22.40625
2027	9	Mi5	E5	336	336	1	4	682	95	96		22.42188
2028	9	Do5	C5	318	318	1	4	682	95	96		22.4375
2029	9	Re5	D5	327	327	1	4	682	95	96		22.45313
2030	9	Do5	C5	318	318	1	4	682	95	96		22.46875
2031	9	Mi5	E5	336	336	1	4	682	95	96		22.48438
2032	9	Re5	D5	327	327	1	4	682	99	96		22.5
2033	8	Fa5	F5	340	340	1	8	341	99	96		22.50781
2034	9	Mi5	E5	336	336	1	8	341	95	96		22.51563
2035	9	Re5	D5	327	327	1	8	341	95	96		22.52344
2036	9	Re5	D5	327	327	1	4	682	95	96		22.53906
2037	9	Mi5	E5	336	336	1	8	341	99	96		22.54688
2038	9	Re5	D5	327	327	1	8	341	99	96		22.55469
2039	9	Do5	C5	318	318	1	8	341	99	96		22.5625
2040	9	Si4b1	B4b1	313	313	1	8	341	95	96		22.57031
2041	9	Si4b1	B4b1	313	313	1	8	341	95	96		22.57813
2042	9	La4	A4	305	305	1	8	341	95	96		22.58594
2043	9	Sol4	G4	296	296	3	8	1023	95	96		22.60938
2044	9	Do5	C5	318	318	1	8	341	95	96		22.61719
2045	9	Do5	C5	318	318	1	2	1364	95	96		22.64844
2046	9	Sol4	G4	296	296	1	4	682	99	96		22.66406
2047	9	Sol4	G4	296	296	1	8	341	99	96		22.67188
2048	9	Do5	C5	318	318	1	8	341	99	96		22.67969
2049	9	Do5	C5	318	318	1	2	1364	95	96		22.71094
2050	9	Re5	D5	327	327	1	4	682	99	96		22.72656
2051	8	Fa5	F5	340	340	1	8	341	99	96		22.73438
2052	9	Mi5	E5	336	336	1	8	341	95	96		22.74219
2053	9	Re5	D5	327	327	1	8	341	95	96		22.75
2054	8	Re5	D5	327	327	1	8	341	95	96		22.75781
2055	9	Do5	C5	318	318	1	8	341	99	96		22.76563
2056	9	Si4b1	B4b1	313	313	1	8	341	99	96		22.77344
2057	9	Do5	C5	318	318	1	4	682	95	96		22.78906
2058	9			-1	-1	1	4	682	100	0		22.80469
2059	9	Si4b1	B4b1	313	313	1	8	341	95	96		22.8125
2060	9	Do5	C5	318	318	1	8	341	95	96		22.82031
2061	9	Re5	D5	327	327	1	4	682	95	96		22.83594
2062	9	Re5	D5	327	327	1	4	682	95	96		22.85156
2063	9	Re5	D5	327	327	1	4	682	99	96		22.86719
2064	8	Fa5	F5	340	340	1	8	341	99	96		22.875
2065	9	Mi5	E5	336	336	1	8	341	99	96		22.88281
2066	9	Re5	D5	327	327	1	8	341	95	96		22.89063
2067	9	Re5	D5	327	327	1	2	1364	99	96		22.92188
2068	9	Re5	D5	327	327	1	4	682	95	96		22.9375
2069	9	Mi5	E5	336	336	1	4	682	95	96		22.95313
2070	9	Do5	C5	318	318	1	4	682	95	96		22.96875
2071	9	Re5	D5	327	327	1	4	682	95	96		22.98438
2072	9	Do5	C5	318	318	1	4	682	95	96		23
2073	9	Mi5	E5	336	336	1	4	682	95	96		23.01563
2074	9	Re5	D5	327	327	1	4	682	99	96		23.03125
2075	8	Fa5	F5	340	340	1	8	341	99	96		23.03906
2076	9	Mi5	E5	336	336	1	8	341	95	96		23.04688
2077	9	Re5	D5	327	327	1	8	341	95	96		23.05469
2078	9	Re5	D5	327	327	1	4	682	95	96		23.07031
2079	9	Mi5	E5	336	336	1	8	341	99	96		23.07813
2080	9	Re5	D5	327	327	1	8	341	99	96		23.08594
2081	9	Do5	C5	318	318	1	8	341	99	96		23.09375
2082	9	Si4b1	B4b1	313	313	1	8	341	95	96		23.10156
2083	9	Si4b1	B4b1	313	313	1	8	341	95	96		23.10938
2084	9	La4	A4	305	305	1	8	341	95	96		23.11719
2085	9	Sol4	G4	296	296	1	2	1364	95	96		23.14844
2086	9	Sol4	G4	296	296	1	4	682	95	96		23.16406
2087	9			-1	-1	1	4	682	100	0		23.17969
2088	9	Sol4	G4	296	296	3	8	1023	99	96		23.20313
2089	9	La4#4	A4#4	309	309	1	8	341	95	96		23.21094
2090	9	Si4b1	B4b1	313	313	1	4	682	95	96		23.22656
2091	9	Si4b1	B4b1	313	313	1	4	682	95	96		23.24219
2092	9	Sol4	G4	296	296	3	8	1023	99	96		23.26563
2093	9	La4#4	A4#4	309	309	1	8	341	95	96		23.27344
2094	9	Si4b1	B4b1	313	313	1	4	682	95	96		23.28906
2095	9	Si4b1	B4b1	313	313	1	4	682	95	96		23.30469
2096	9	Re5	D5	327	327	1	8	341	99	96		23.3125
2097	9	Do5	C5	318	318	1	8	341	99	96		23.32031
2098	9	Si4b1	B4b1	313	313	1	8	341	99	96		23.32813
2099	9	La4	A4	305	305	1	8	341	95	96		23.33594
2100	9	Si4b1	B4b1	313	313	1	4	682	95	96		23.35156
2101	9	Do5	C5	318	318	1	4	682	95	96		23.36719
2102	9	Re5	D5	327	327	1	4	682	95	96		23.38281
2103	9	Mi5	E5	336	336	1	8	341	95	96		23.39063
2104	9	Re5	D5	327	327	1	8	341	95	96		23.39844
2105	9	Re5	D5	327	327	1	2	1364	99	96		23.42969
2106	9	Re5	D5	327	327	1	4	682	95	96		23.44531
2107	9			-1	-1	1	4	682	100	0		23.46094
2108	9	Re5	D5	327	327	1	4	682	95	96		23.47656
2109	9	Sol5	G5	349	349	1	8	341	99	96		23.48438
2110	9	Fa5	F5	340	340	1	8	341	95	96		23.49219
2111	9	Fa5	F5	340	340	1	8	341	95	96		23.5
2112	9	Mi5	E5	336	336	1	4	682	95	96		23.51563
2113	9	Re5	D5	327	327	1	8	341	95	96		23.52344
2114	9	Mi5	E5	336	336	1	8	341	99	96		23.53125
2115	9	Re5	D5	327	327	1	8	341	99	96		23.53906
2116	9	Do5	C5	318	318	1	8	341	95	96		23.54688
2117	9	Mi5	E5	336	336	1	8	341	95	96		23.55469
2118	9	Re5	D5	327	327	1	4	682	95	96		23.57031
2119	9	Do5	C5	318	318	1	4	682	99	96		23.58594
2120	8	Re5	D5	327	327	1	8	341	99	96		23.59375
2121	9	Do5	C5	318	318	1	8	341	99	96		23.60156
2122	9	Si4b1	B4b1	313	313	1	8	341	95	96		23.60938
2123	9	Si4b1	B4b1	313	313	1	8	341	99	96		23.61719
2124	9	La4	A4	305	305	1	8	341	95	96		23.625
2125	9	La4	A4	305	305	3	8	1023	99	96		23.64844
2126	9	Do5	C5	318	318	1	8	341	99	96		23.65625
2127	9	Si4b1	B4b1	313	313	1	8	341	99	96		23.66406
2128	9	La4#4	A4#4	309	309	1	8	341	99	96		23.67188
2129	9	Si4b1	B4b1	313	313	1	4	682	95	96		23.6875
2130	9	Sol4	G4	296	296	3	8	1023	99	96		23.71094
2131	9	La4#4	A4#4	309	309	1	8	341	95	96		23.71875
2132	9	Si4b1	B4b1	313	313	1	4	682	95	96		23.73438
2133	9	Si4b1	B4b1	313	313	1	4	682	95	96		23.75
2134	9	Sol4	G4	296	296	3	8	1023	99	96		23.77344
2135	9	La4#4	A4#4	309	309	1	8	341	95	96		23.78125
2136	9	Si4b1	B4b1	313	313	1	4	682	95	96		23.79688
2137	9	Si4b1	B4b1	313	313	1	4	682	95	96		23.8125
2138	9	Re5	D5	327	327	1	8	341	99	96		23.82031
2139	9	Do5	C5	318	318	1	8	341	99	96		23.82813
2140	9	Si4b1	B4b1	313	313	1	8	341	99	96		23.83594
2141	9	La4	A4	305	305	1	8	341	95	96		23.84375
2142	9	Si4b1	B4b1	313	313	1	4	682	95	96		23.85938
2143	9	Do5	C5	318	318	1	4	682	95	96		23.875
2144	9	Re5	D5	327	327	1	4	682	95	96		23.89063
2145	9	Mi5	E5	336	336	1	8	341	95	96		23.89844
2146	9	Re5	D5	327	327	1	8	341	95	96		23.90625
2147	9	Re5	D5	327	327	1	2	1364	99	96		23.9375
2148	9	Re5	D5	327	327	1	4	682	95	96		23.95313
2149	9			-1	-1	1	4	682	100	0		23.96875
2150	9	Re5	D5	327	327	1	4	682	95	96		23.98438
2151	9	Sol5	G5	349	349	1	8	341	99	96		23.99219
2152	9	Fa5	F5	340	340	1	8	341	95	96		24
2153	9	Fa5	F5	340	340	1	8	341	95	96		24.00781
2154	9	Mi5	E5	336	336	1	4	682	95	96		24.02344
2155	9	Re5	D5	327	327	1	8	341	95	96		24.03125
2156	9	Mi5	E5	336	336	1	8	341	99	96		24.03906
2157	9	Re5	D5	327	327	1	8	341	99	96		24.04688
2158	9	Do5	C5	318	318	1	8	341	95	96		24.05469
2159	9	Mi5	E5	336	336	1	8	341	95	96		24.0625
2160	9	Re5	D5	327	327	1	4	682	95	96		24.07813
2161	9	Do5	C5	318	318	1	4	682	99	96		24.09375
2162	8	Re5	D5	327	327	1	8	341	99	96		24.10156
2163	9	Do5	C5	318	318	1	8	341	99	96		24.10938
2164	9	Si4b1	B4b1	313	313	1	8	341	95	96		24.11719
2165	9	Si4b1	B4b1	313	313	1	8	341	99	96		24.125
2166	9	La4	A4	305	305	1	8	341	95	96		24.13281
2167	9	La4	A4	305	305	1	2	1364	95	96		24.16406
2168	9	La4	A4	305	305	1	4	682	95	96		24.17969
2169	9			-1	-1	1	4	682	100	0		24.19531
2170	9			-1	-1	1	4	682	100	0		24.21094
2171	9	Fa5	F5	340	340	1	8	341	95	96		24.21875
2172	9	Fa5	F5	340	340	1	8	341	95	96		24.22656
2173	9	Fa5	F5	340	340	1	4	682	95	96		24.24219
2174	9	Fa5	F5	340	340	1	4	682	95	96		24.25781
2175	9	Fa5	F5	340	340	3	8	1023	99	96		24.28125
2176	9	Mi5	E5	336	336	1	8	341	95	96		24.28906
2177	8	La5	A5	358	358	1	8	341	95	96		24.29688
2178	9	Sol5	G5	349	349	1	8	341	95	96		24.30469
2179	9	Fa5	F5	340	340	1	8	341	95	96		24.3125
2180	9	Fa5	F5	340	340	1	4	682	95	96		24.32813
2181	9			-1	-1	1	4	682	100	0		24.34375
2182	9	Mi5	E5	336	336	1	8	341	99	96		24.35156
2183	9	Fa5	F5	340	340	1	8	341	99	96		24.35938
2184	9	La5	A5	358	358	1	8	341	99	96		24.36719
2185	9	Sol5	G5	349	349	1	8	341	95	96		24.375
2186	9	Fa5	F5	340	340	1	8	341	99	96		24.38281
2187	9	Mi5	E5	336	336	1	8	341	95	96		24.39063
2188	9	Fa5	F5	340	340	1	8	341	99	96		24.39844
2189	9	Mi5	E5	336	336	1	4	682	95	96		24.41406
2190	9	Re5	D5	327	327	1	8	341	95	96		24.42188
2191	9	Fa5	F5	340	340	3	16	511	99	96		24.43359
2192	9	Mi5	E5	336	336	1	16	170	99	96		24.4375
2193	9	Re5	D5	327	327	1	8	341	99	96		24.44531
2194	9	Mi5	E5	336	336	1	8	341	99	96		24.45313
2195	9	Re5	D5	327	327	1	8	341	99	96		24.46094
2196	9	Do5	C5	318	318	1	8	341	95	96		24.46875
2197	9	Si4b1	B4b1	313	313	1	8	341	99	96		24.47656
2198	9	Do5	C5	318	318	1	8	341	95	96		24.48438
2199	9	Re5	D5	327	327	1	8	341	99	96		24.49219
2200	9	Mi5	E5	336	336	1	8	341	95	96		24.5
2201	9	Fa5	F5	340	340	1	4	682	95	96		24.51563
2202	9	Fa5	F5	340	340	1	8	341	99	96		24.52344
2203	9	Mi5	E5	336	336	1	4	682	95	96		24.53906
2204	9	Re5	D5	327	327	1	8	341	95	96		24.54688
2205	9	Mi5	E5	336	336	3	16	511	99	96		24.55859
2206	9	Re5	D5	327	327	1	16	170	99	96		24.5625
2207	9	Do5	C5	318	318	1	8	341	95	96		24.57031
2208	9	Mi5	E5	336	336	1	8	341	95	96		24.57813
2209	9	Re5	D5	327	327	1	4	682	95	96		24.59375
2210	9	Do5	C5	318	318	1	4	682	99	96		24.60938
2211	8	Re5	D5	327	327	1	8	341	99	96		24.61719
2212	9	Do5	C5	318	318	1	8	341	99	96		24.625
2213	9	Si4b1	B4b1	313	313	1	8	341	95	96		24.63281
2214	9	Si4b1	B4b1	313	313	1	8	341	95	96		24.64063
2215	9	La4	A4	305	305	1	8	341	95	96		24.64844
2216	9	La4	A4	305	305	3	8	1023	95	96		24.67188
2217	9	Fa5	F5	340	340	1	8	341	95	96		24.67969
2218	9	Fa5	F5	340	340	1	8	341	95	96		24.6875
2219	9	Mi5	E5	336	336	1	8	341	95	96		24.69531
2220	9	Fa5	F5	340	340	1	4	682	95	96		24.71094
2221	9	Sol4	G4	296	296	3	8	1023	99	96		24.73438
2222	9	Si4b1	B4b1	313	313	1	8	341	95	96		24.74219
2223	9	Si4b1	B4b1	313	313	1	2	1364	95	96		24.77344
2224	8	Do5	C5	318	318	1	8	341	95	96		24.78125
2225	9	Si4b1	B4b1	313	313	3	16	511	99	96		24.79297
2226	9	La4	A4	305	305	1	16	170	99	96		24.79688
2227	9	Si4b1	B4b1	313	313	1	8	341	99	96		24.80469
2228	9	Do5	C5	318	318	1	8	341	99	96		24.8125
2229	9	Si4b1	B4b1	313	313	1	8	341	99	96		24.82031
2230	8	Do5	C5	318	318	1	8	341	99	96		24.82813
2231	9	Do5	C5	318	318	1	8	341	99	96		24.83594
2232	9	Si4b1	B4b1	313	313	1	8	341	95	96		24.84375
2233	9	La4	A4	305	305	1	8	341	95	96		24.85156
2234	9	La4#4	A4#4	309	309	1	8	341	99	96		24.85938
2235	9	Sol4	G4	296	296	1	8	341	99	96		24.86719
2236	9	Sol4	G4	296	296	1	8	341	95	96		24.875
2237	9	Fa4#4	F4#4	291	291	1	8	341	95	96		24.88281
2238	9	Sol4	G4	296	296	1	4	682	95	96		24.89844
2239	9	La4#4	A4#4	309	309	1	4	682	95	96		24.91406
2240	9	Si4b1	B4b1	313	313	1	2	1364	99	96		24.94531
2241	9	La4#4	A4#4	309	309	1	8	341	99	96		24.95313
2242	9	Si4b1	B4b1	313	313	1	8	341	99	96		24.96094
2243	9	Do5	C5	318	318	1	16	170	99	96		24.96484
2244	9	Re5	D5	327	327	1	16	170	99	96		24.96875
2245	9	Do5	C5	318	318	1	16	170	99	96		24.97266
2246	9	Si4b1	B4b1	313	313	1	16	170	99	96		24.97656
2247	9	Si4b1	B4b1	313	313	3	8	1023	95	96		25
2248	9			-1	-1	1	8	341	100	0		25.00781
2249	9	Re5	D5	327	327	3	16	511	95	96		25.01953
2250	9	Do5	C5	318	318	1	16	170	95	96		25.02344
2251	9	Si4b1	B4b1	313	313	1	8	341	95	96		25.03125
2252	9	Do5	C5	318	318	1	8	341	95	96		25.03906
2253	9	Re5	D5	327	327	1	2	1364	95	96		25.07031
2254	9	Re5	D5	327	327	1	4	682	99	96		25.08594
2255	9	Do5	C5	318	318	1	8	341	99	96		25.09375
2256	9	Si4b1	B4b1	313	313	1	8	341	95	96		25.10156
2257	9	Do5	C5	318	318	1	8	341	95	96		25.10938
2258	9	Re5	D5	327	327	1	8	341	95	96		25.11719
2259	9	Do5	C5	318	318	1	8	341	95	96		25.125
2260	9	Si4b1	B4b1	313	313	1	8	341	95	96		25.13281
2261	9	Re5	D5	327	327	1	8	341	95	96		25.14063
2262	9	Fa5#4	F5#4	344	344	1	8	341	95	96		25.14844
2263	9	Mi5b1	E5b1	335	335	1	8	341	95	96		25.15625
2264	9	Re5	D5	327	327	1	8	341	95	96		25.16406
2265	9	Do5	C5	318	318	1	4	682	99	96		25.17969
2266	9	Re5	D5	327	327	1	4	682	99	96		25.19531
2267	9	Re5	D5	327	327	1	4	682	95	96		25.21094
2268	9			-1	-1	1	4	682	100	0		25.22656
2269	9	Fa5#4	F5#4	344	344	1	4	682	99	96		25.24219
2270	9	Mi5b1	E5b1	335	335	1	8	341	99	96		25.25
2271	9	Fa5#4	F5#4	344	344	1	8	341	99	96		25.25781
2272	9	Sol5	G5	349	349	1	16	170	99	96		25.26172
2273	9	La5	A5	358	358	1	16	170	99	96		25.26563
2274	9	Sol5	G5	349	349	1	8	341	99	96		25.27344
2275	9	Fa5#4	F5#4	344	344	1	8	341	99	96		25.28125
2276	9	Mi5b1	E5b1	335	335	1	8	341	99	96		25.28906
2277	9	Mi5b1	E5b1	335	335	1	8	341	95	96		25.29688
2278	9	Mi5b1	E5b1	335	335	1	8	341	99	96		25.30469
2279	9	Re5	D5	327	327	1	8	341	99	96		25.3125
2280	9	Mi5b1	E5b1	335	335	1	8	341	99	96		25.32031
2281	8	Fa5#4	F5#4	344	344	1	8	341	99	96		25.32813
2282	9	Mi5b1	E5b1	335	335	1	8	341	99	96		25.33594
2283	9	Fa5#4	F5#4	344	344	1	8	341	99	96		25.34375
2284	9	Mi5b1	E5b1	335	335	1	8	341	99	96		25.35156
2285	9	Re5	D5	327	327	1	8	341	99	96		25.35938
2286	9	Re5	D5	327	327	1	8	341	95	96		25.36719
2287	9	Re5	D5	327	327	1	8	341	99	96		25.375
2288	9	Do5	C5	318	318	1	8	341	99	96		25.38281
2289	9	Re5	D5	327	327	1	8	341	99	96		25.39063
2290	9	Mi5b1	E5b1	335	335	1	4	682	99	96		25.40625
2291	9	Re5	D5	327	327	1	8	341	99	96		25.41406
2292	9	Do5	C5	318	318	1	8	341	95	96		25.42188
2293	9	Re5	D5	327	327	1	8	341	99	96		25.42969
2294	9	Fa5#4	F5#4	344	344	1	8	341	99	96		25.4375
2295	9	Mi5b1	E5b1	335	335	1	8	341	99	96		25.44531
2296	9	Re5	D5	327	327	1	8	341	95	96		25.45313
2297	9	Re5	D5	327	327	1	8	341	99	96		25.46094
2298	9	Do5	C5	318	318	1	8	341	99	96		25.46875
2299	9	Do5	C5	318	318	1	8	341	99	96		25.47656
2300	9	Si4b1	B4b1	313	313	1	8	341	95	96		25.48438
2301	9	Si4b1	B4b1	313	313	3	8	1023	95	96		25.50781
2302	9			-1	-1	1	8	341	100	0		25.51563
2303	9	Si4b1	B4b1	313	313	1	8	341	95	96		25.52344
2304	9	Fa5#4	F5#4	344	344	1	8	341	95	96		25.53125
2305	9	Mi5b1	E5b1	335	335	1	8	341	95	96		25.53906
2306	9	Re5	D5	327	327	1	8	341	95	96		25.54688
2307	9	Re5	D5	327	327	1	16	170	99	96		25.55078
2308	9	Do5	C5	318	318	1	16	170	99	96		25.55469
2309	9	Re5	D5	327	327	1	16	170	99	96		25.55859
2310	9	Mi5b1	E5b1	335	335	1	16	170	99	96		25.5625
2311	9	Re5	D5	327	327	1	8	341	99	96		25.57031
2312	9	Si4b1	B4b1	313	313	1	8	341	95	96		25.57813
2313	8	Re5	D5	327	327	1	8	341	95	96		25.58594
2314	9	Do5	C5	318	318	1	8	341	99	96		25.59375
2315	9	Si4b1	B4b1	313	313	1	8	341	99	96		25.60156
2316	9	Do5	C5	318	318	1	8	341	99	96		25.60938
2317	9	Re5	D5	327	327	1	8	341	95	96		25.61719
2318	9	Do5	C5	318	318	3	16	511	99	96		25.62891
2319	9	Si4b1	B4b1	313	313	1	16	170	99	96		25.63281
2320	9	La4#4	A4#4	309	309	1	8	341	99	96		25.64063
2321	9	Si4b1	B4b1	313	313	1	8	341	99	96		25.64844
2322	9	La4#4	A4#4	309	309	1	8	341	99	96		25.65625
2323	9	Si4b1	B4b1	313	313	1	8	341	99	96		25.66406
2324	9	Do5	C5	318	318	1	16	170	99	96		25.66797
2325	9	Re5	D5	327	327	1	16	170	99	96		25.67188
2326	9	Do5	C5	318	318	1	16	170	99	96		25.67578
2327	9	Si4b1	B4b1	313	313	1	16	170	99	96		25.67969
2328	9	Si4b1	B4b1	313	313	1	2	1364	99	96		25.71094
2329	9	Si4b1	B4b1	313	313	1	4	682	95	96		25.72656
2330	9			-1	-1	1	4	682	100	0		25.74219
2331	9	Si4b1	B4b1	313	313	1	2	1364	95	96		25.77344
2332	9	Si4b1	B4b1	313	313	1	2	1364	95	96		25.80469
2333	9	Si4b1	B4b1	313	313	3	8	1023	95	96		25.82813
2334	9			-1	-1	1	8	341	100	0		25.83594
2335	9	Sol5	G5	349	349	1	4	682	99	96		25.85156
2336	9	Fa5	F5	340	340	1	8	341	99	96		25.85938
2337	9	Mi5	E5	336	336	1	8	341	95	96		25.86719
2338	9	Mi5	E5	336	336	1	8	341	99	96		25.875
2339	9	Re5	D5	327	327	1	8	341	99	96		25.88281
2340	8	Mi5	E5	336	336	1	8	341	99	96		25.89063
2341	9	Re5	D5	327	327	1	8	341	95	96		25.89844
2342	9	Do5#4	C5#4	322	322	1	8	341	95	96		25.90625
2343	9	Re5	D5	327	327	1	4	682	95	96		25.92188
2344	9	Mi5	E5	336	336	1	4	682	95	96		25.9375
2345	9	Mi5	E5	336	336	1	4	682	99	96		25.95313
2346	8	Sol5	G5	349	349	1	8	341	99	96		25.96094
2347	9	Fa5	F5	340	340	1	8	341	99	96		25.96875
2348	9	Mi5	E5	336	336	1	8	341	99	96		25.97656
2349	9	Re5	D5	327	327	1	8	341	99	96		25.98438
2350	9	Do5#4	C5#4	322	322	1	8	341	99	96		25.99219
2351	9	Si4b1	B4b1	313	313	1	16	170	99	96		25.99609
2352	9	La4#4	A4#4	309	309	1	16	170	99	96		26
2353	9	Si4b1	B4b1	313	313	1	8	341	99	96		26.00781
2354	9	Do5	C5	318	318	1	8	341	99	96		26.01563
2355	9	Re5	D5	327	327	1	8	341	99	96		26.02344
2356	9	Do5	C5	318	318	1	8	341	95	96		26.03125
2357	9	Si4b1	B4b1	313	313	1	8	341	95	96		26.03906
2358	9	Si4b1	B4b1	313	313	1	4	682	95	96		26.05469
2359	9	Si4b1	B4b1	313	313	1	4	682	95	96		26.07031
2360	9	Si4b1	B4b1	313	313	3	8	1023	95	96		26.09375
2361	9			-1	-1	1	8	341	100	0		26.10156
2362	9	Sol5	G5	349	349	1	4	682	99	96		26.11719
2363	9	Fa5	F5	340	340	1	8	341	99	96		26.125
2364	9	Mi5	E5	336	336	1	8	341	95	96		26.13281
2365	9	Mi5	E5	336	336	1	8	341	99	96		26.14063
2366	9	Re5	D5	327	327	1	8	341	99	96		26.14844
2367	8	Mi5	E5	336	336	1	8	341	99	96		26.15625
2368	9	Re5	D5	327	327	1	8	341	95	96		26.16406
2369	9	Do5#4	C5#4	322	322	1	8	341	95	96		26.17188
2370	9	Re5	D5	327	327	1	8	341	99	96		26.17969
2371	9	Mi5#4	E5#4	340	340	1	8	341	99	96		26.1875
2372	9	Fa5#4	F5#4	344	344	1	8	341	95	96		26.19531
2373	9	Sol5	G5	349	349	1	8	341	95	96		26.20313
2374	9	Mi5#4	E5#4	340	340	1	4	682	95	96		26.21875
2375	9	Fa5#4	F5#4	344	344	1	2	1364	95	96		26.25
2376	9			-1	-1	1	4	682	100	0		26.26563
2377	9	Fa5#4	F5#4	344	344	1	2	1364	95	96		26.29688
2378	9	Fa5#4	F5#4	344	344	1	4	682	99	96		26.3125
2379	8	Sol5	G5	349	349	1	8	341	99	96		26.32031
2380	9	Fa5#4	F5#4	344	344	1	8	341	95	96		26.32813
2381	9	Sol5	G5	349	349	1	8	341	95	96		26.33594
2382	9	Mi5	E5	336	336	1	4	682	99	96		26.35156
2383	8	Fa5#4	F5#4	344	344	1	8	341	99	96		26.35938
2384	9	Mi5	E5	336	336	1	8	341	99	96		26.36719
2385	9	Fa5#4	F5#4	344	344	1	8	341	95	96		26.375
2386	9	Re5	D5	327	327	3	8	1023	95	96		26.39844
2387	9			-1	-1	1	8	341	100	0		26.40625
2388	9	Re5	D5	327	327	1	8	341	99	96		26.41406
2389	9	Mi5	E5	336	336	1	8	341	99	96		26.42188
2390	9	Re5	D5	327	327	1	8	341	99	96		26.42969
2391	9	Do5	C5	318	318	1	8	341	95	96		26.4375
2392	9	Re5	D5	327	327	1	4	682	99	96		26.45313
2393	9	La5	A5	358	358	1	4	682	95	96		26.46875
2394	9	La5	A5	358	358	1	8	341	99	96		26.47656
2395	9	Sol5	G5	349	349	1	8	341	95	96		26.48438
2396	9	Sol5	G5	349	349	1	8	341	99	96		26.49219
2397	9	Fa5	F5	340	340	1	8	341	95	96		26.5
2398	9	Fa5	F5	340	340	1	8	341	99	96		26.50781
2399	9	Mi5	E5	336	336	1	8	341	95	96		26.51563
2400	9	Mi5	E5	336	336	1	8	341	99	96		26.52344
2401	9	Re5	D5	327	327	1	8	341	95	96		26.53125
2402	9	Re5	D5	327	327	1	4	682	99	96		26.54688
2403	9	Do5	C5	318	318	1	8	341	99	96		26.55469
2404	9	Si4b1	B4b1	313	313	1	8	341	95	96		26.5625
2405	9	Fa5#4	F5#4	344	344	1	4	682	95	96		26.57813
2406	9	Mi5b1	E5b1	335	335	1	8	341	99	96		26.58594
2407	9	Re5	D5	327	327	1	8	341	95	96		26.59375
2408	9	Re5	D5	327	327	1	16	170	99	96		26.59766
2409	9	Do5	C5	318	318	1	16	170	99	96		26.60156
2410	9	Re5	D5	327	327	1	16	170	99	96		26.60547
2411	9	Mi5b1	E5b1	335	335	1	16	170	99	96		26.60938
2412	9	Re5	D5	327	327	1	8	341	99	96		26.61719
2413	9	Si4b1	B4b1	313	313	1	8	341	95	96		26.625
2414	8	Re5	D5	327	327	1	8	341	95	96		26.63281
2415	9	Do5	C5	318	318	1	8	341	99	96		26.64063
2416	9	Si4b1	B4b1	313	313	1	8	341	99	96		26.64844
2417	9	Do5	C5	318	318	1	8	341	95	96		26.65625
2418	9	Re5	D5	327	327	1	8	341	95	96		26.66406
2419	9	Do5	C5	318	318	1	8	341	99	96		26.67188
2420	9	Si4b1	B4b1	313	313	1	8	341	99	96		26.67969
2421	9	La4#4	A4#4	309	309	1	8	341	99	96		26.6875
2422	9	Si4b1	B4b1	313	313	1	8	341	99	96		26.69531
2423	9	La4#4	A4#4	309	309	1	8	341	99	96		26.70313
2424	9	Si4b1	B4b1	313	313	1	8	341	99	96		26.71094
2425	9	Do5	C5	318	318	1	16	170	99	96		26.71484
2426	9	Re5	D5	327	327	1	16	170	99	96		26.71875
2427	9	Do5	C5	318	318	1	16	170	99	96		26.72266
2428	9	Si4b1	B4b1	313	313	1	16	170	99	96		26.72656
2429	9	Si4b1	B4b1	313	313	1	2	1364	99	96		26.75781
2430	9	Si4b1	B4b1	313	313	1	4	682	95	96		26.77344
2431	9			-1	-1	1	4	682	100	0		26.78906
2432	9	Re5	D5	327	327	1	4	682	95	96		26.80469
2433	9	Mi5	E5	336	336	1	4	682	95	96		26.82031
2434	9	Re5	D5	327	327	1	4	682	99	96		26.83594
2435	8	Mi5	E5	336	336	1	8	341	99	96		26.84375
2436	9	Re5	D5	327	327	1	8	341	99	96		26.85156
2437	9	Si4b1	B4b1	313	313	1	8	341	95	96		26.85938
2438	9	Re5	D5	327	327	1	8	341	99	96		26.86719
2439	9	Do5	C5	318	318	1	8	341	99	96		26.875
2440	8	Re5	D5	327	327	1	8	341	99	96		26.88281
2441	9	Do5	C5	318	318	1	8	341	99	96		26.89063
2442	9	Si4b1	B4b1	313	313	1	8	341	99	96		26.89844
2443	9	Si4b1	B4b1	313	313	1	4	682	95	96		26.91406
2444	9	Si4b1	B4b1	313	313	1	4	682	95	96		26.92969
2445	9	Si4b1	B4b1	313	313	1	2	1364	99	96		26.96094
2446	9	Re5	D5	327	327	1	4	682	99	96		26.97656
2447	9	Do5	C5	318	318	1	4	682	99	96		26.99219
2448	9	Si4b1	B4b1	313	313	1	2	1364	99	96		27.02344
2449	8	Re5	D5	327	327	1	8	341	99	96		27.03125
2450	9	Do5	C5	318	318	3	16	511	99	96		27.04297
2451	9	Si4b1	B4b1	313	313	1	16	170	99	96		27.04688
2452	9	La4#4	A4#4	309	309	1	8	341	99	96		27.05469
2453	9	Si4b1	B4b1	313	313	1	8	341	99	96		27.0625
2454	9	La4#4	A4#4	309	309	3	8	1023	99	96		27.08594
2455	9	Sol4	G4	296	296	1	8	341	95	96		27.09375
2456	9	Do5	C5	318	318	1	4	682	99	96		27.10938
2457	9	Si4b1	B4b1	313	313	1	8	341	99	96		27.11719
2458	9	La4#4	A4#4	309	309	1	8	341	99	96		27.125
2459	9	La4#4	A4#4	309	309	1	8	341	99	96		27.13281
2460	9	Sol4	G4	296	296	1	4	682	99	96		27.14844
2461	9	Fa4#4	F4#4	291	291	1	8	341	95	96		27.15625
2462	9	Do5	C5	318	318	3	8	1023	99	96		27.17969
2463	9	Re5	D5	327	327	1	8	341	95	96		27.1875
2464	9	Do5	C5	318	318	1	8	341	99	96		27.19531
2465	9	Si4b1	B4b1	313	313	1	4	682	99	96		27.21094
2466	9	Do5	C5	318	318	1	8	341	99	96		27.21875
2467	9	Si4b1	B4b1	313	313	1	8	341	99	96		27.22656
2468	9	La4#4	A4#4	309	309	1	4	682	99	96		27.24219
2469	9	Si4b1	B4b1	313	313	1	8	341	95	96		27.25
2470	9	La4#4	A4#4	309	309	1	4	682	99	96		27.26563
2471	9	Sol4	G4	296	296	1	4	682	99	96		27.28125
2472	9	Sol4	G4	296	296	1	8	341	99	96		27.28906
2473	9	Do5	C5	318	318	1	8	341	99	96		27.29688
2474	9	Si4b1	B4b1	313	313	1	8	341	99	96		27.30469
2475	9	La4#4	A4#4	309	309	1	8	341	99	96		27.3125
2476	9	La4#4	A4#4	309	309	1	16	170	99	96		27.31641
2477	9	Sol4	G4	296	296	1	16	170	99	96		27.32031
2478	9	Fa4#4	F4#4	291	291	1	16	170	99	96		27.32422
2479	9	Mi4#4	E4#4	287	287	1	16	170	99	96		27.32813
2480	9	Fa4#4	F4#4	291	291	1	8	341	99	96		27.33594
2481	9	Sol4	G4	296	296	1	8	341	99	96		27.34375
2482	9	Fa4#4	F4#4	291	291	1	8	341	99	96		27.35156
2483	9	Sol4	G4	296	296	1	8	341	99	96		27.35938
2484	9	Fa4#4	F4#4	291	291	1	4	682	95	96		27.375
2485	9	Sol4	G4	296	296	1	2	1364	95	96		27.40625
2486	9	La4#4	A4#4	309	309	3	8	1023	99	96		27.42969
2487	9	Sol4	G4	296	296	1	8	341	95	96		27.4375
2488	9	Si4b1	B4b1	313	313	1	2	1364	99	96		27.46875
2489	9	Si4b1	B4b1	313	313	1	4	682	95	96		27.48438
2490	9			-1	-1	1	4	682	100	0		27.5
2491	9	Re5	D5	327	327	3	16	511	99	96		27.51172
2492	9	Do5	C5	318	318	1	16	170	99	96		27.51563
2493	9	Si4b1	B4b1	313	313	1	8	341	99	96		27.52344
2494	9	Do5	C5	318	318	1	8	341	99	96		27.53125
2495	9	Re5	D5	327	327	1	4	682	99	96		27.54688
2496	9	Mi5b1	E5b1	335	335	1	4	682	99	96		27.5625
2497	9	Re5	D5	327	327	1	8	341	99	96		27.57031
2498	9	Do5	C5	318	318	1	4	682	99	96		27.58594
2499	9	Si4b1	B4b1	313	313	1	8	341	95	96		27.59375
2500	9	Fa5#4	F5#4	344	344	1	4	682	99	96		27.60938
2501	9	Mi5b1	E5b1	335	335	1	8	341	99	96		27.61719
2502	9	Re5	D5	327	327	1	8	341	99	96		27.625
2503	9	Re5	D5	327	327	1	16	170	99	96		27.62891
2504	9	Do5	C5	318	318	1	16	170	99	96		27.63281
2505	9	Re5	D5	327	327	1	16	170	99	96		27.63672
2506	9	Mi5b1	E5b1	335	335	1	16	170	99	96		27.64063
2507	9	Re5	D5	327	327	1	8	341	99	96		27.64844
2508	9	Si4b1	B4b1	313	313	1	8	341	95	96		27.65625
2509	8	Re5	D5	327	327	1	8	341	95	96		27.66406
2510	9	Do5	C5	318	318	1	8	341	99	96		27.67188
2511	9	Si4b1	B4b1	313	313	1	8	341	99	96		27.67969
2512	9	Do5	C5	318	318	1	8	341	99	96		27.6875
2513	9	Re5	D5	327	327	1	8	341	95	96		27.69531
2514	8	Re5	D5	327	327	1	8	341	95	96		27.70313
2515	9	Do5	C5	318	318	3	16	511	99	96		27.71484
2516	9	Si4b1	B4b1	313	313	1	16	170	99	96		27.71875
2517	9	La4#4	A4#4	309	309	1	8	341	99	96		27.72656
2518	9	Si4b1	B4b1	313	313	1	8	341	99	96		27.73438
2519	9	La4#4	A4#4	309	309	1	8	341	99	96		27.74219
2520	9	Si4b1	B4b1	313	313	1	8	341	99	96		27.75
2521	9	Do5	C5	318	318	1	16	170	99	96		27.75391
2522	9	Re5	D5	327	327	1	16	170	99	96		27.75781
2523	9	Do5	C5	318	318	1	16	170	99	96		27.76172
2524	9	Si4b1	B4b1	313	313	1	16	170	99	96		27.76563
2525	9	Si4b1	B4b1	313	313	1	2	1364	99	96		27.79688
2526	9	Si4b1	B4b1	313	313	1	4	682	95	96		27.8125
2527	9			-1	-1	1	4	682	100	0		27.82813
2528	9	Si4b1	B4b1	313	313	1	2	1364	95	96		27.85938
2529	9	Do5	C5	318	318	1	4	682	95	96		27.875
2530	8	Re5	D5	327	327	1	8	341	95	96		27.88281
2531	9	Do5	C5	318	318	1	8	341	95	96		27.89063
2532	9	Re5	D5	327	327	1	8	341	95	96		27.89844
2533	9	Si4b1	B4b1	313	313	1	8	341	95	96		27.90625
2534	9	Do5	C5	318	318	1	8	341	95	96		27.91406
2535	9	Si4b1	B4b1	313	313	1	4	682	95	96		27.92969
2536	9	Do5	C5	318	318	1	8	341	95	96		27.9375
2537	9	Re5	D5	327	327	1	8	341	95	96		27.94531
2538	9	Do5	C5	318	318	1	8	341	95	96		27.95313
2539	9	Re5	D5	327	327	1	8	341	95	96		27.96094
2540	9	Mi5b5	E5b5	331	331	3	16	511	99	96		27.97266
2541	9	Re5	D5	327	327	1	16	170	99	96		27.97656
2542	9	Do5#4	C5#4	322	322	1	8	341	99	96		27.98438
2543	9	Re5	D5	327	327	1	8	341	99	96		27.99219
2544	9	Do5#4	C5#4	322	322	1	8	341	99	96		28
2545	9	Re5	D5	327	327	1	8	341	99	96		28.00781
2546	9	Mi5b5	E5b5	331	331	1	8	341	99	96		28.01563
2547	8	Fa5#4	F5#4	344	344	1	8	341	99	96		28.02344
2548	9	Mi5b5	E5b5	331	331	1	16	170	99	96		28.02734
2549	9	Re5	D5	327	327	1	16	170	99	96		28.03125
2550	9	Re5	D5	327	327	1	2	1364	99	96		28.0625
2551	9	Re5	D5	327	327	1	4	682	95	96		28.07813
2552	9			-1	-1	1	4	682	100	0		28.09375
2553	9	Sol5	G5	349	349	3	8	1023	95	96		28.11719
2554	9	Fa5#4	F5#4	344	344	1	8	341	95	96		28.125
2555	9	Mi5b1	E5b1	335	335	1	4	682	99	96		28.14063
2556	9	Fa5#4	F5#4	344	344	1	4	682	99	96		28.15625
2557	9	Sol5	G5	349	349	1	2	1364	95	96		28.1875
2558	9	La5	A5	358	358	1	2	1364	95	96		28.21875
2559	9	La5	A5	358	358	1	4	682	99	96		28.23438
2560	9	Sol5	G5	349	349	1	8	341	99	96		28.24219
2561	9	La5	A5	358	358	1	8	341	99	96		28.25
2562	8	Si5b5	B5b5	362	362	1	8	341	99	96		28.25781
2563	9	La5	A5	358	358	1	8	341	99	96		28.26563
2564	9	Si5b5	B5b5	362	362	1	8	341	99	96		28.27344
2565	9	La5	A5	358	358	1	8	341	99	96		28.28125
2566	9	Sol5	G5	349	349	1	8	341	95	96		28.28906
2567	9	Sol5	G5	349	349	1	4	682	99	96		28.30469
2568	9	Fa5	F5	340	340	1	8	341	99	96		28.3125
2569	9	Sol5	G5	349	349	1	8	341	99	96		28.32031
2570	8	La5	A5	358	358	1	8	341	99	96		28.32813
2571	9	Sol5	G5	349	349	1	8	341	99	96		28.33594
2572	9	La5	A5	358	358	1	8	341	99	96		28.34375
2573	9	Sol5	G5	349	349	1	8	341	99	96		28.35156
2574	9	Fa5	F5	340	340	1	8	341	99	96		28.35938
2575	8	Sol5	G5	349	349	1	8	341	99	96		28.36719
2576	9	Fa5	F5	340	340	1	8	341	99	96		28.375
2577	9	Mi5b1	E5b1	335	335	1	8	341	99	96		28.38281
2578	9	Fa5	F5	340	340	1	8	341	99	96		28.39063
2579	9	Sol5	G5	349	349	1	8	341	99	96		28.39844
2580	8	La5	A5	358	358	1	8	341	99	96		28.40625
2581	9	Sol5	G5	349	349	1	8	341	99	96		28.41406
2582	9	Fa5	F5	340	340	1	8	341	99	96		28.42188
2583	9	Fa5	F5	340	340	1	8	341	95	96		28.42969
2584	9	Mi5b1	E5b1	335	335	1	8	341	95	96		28.4375
2585	9	Fa5	F5	340	340	1	4	682	99	96		28.45313
2586	9	Mi5b1	E5b1	335	335	1	8	341	95	96		28.46094
2587	9	Re5	D5	327	327	1	8	341	95	96		28.46875
2588	9	La5	A5	358	358	1	4	682	99	96		28.48438
2589	8	Si5b5	B5b5	362	362	1	8	341	99	96		28.49219
2590	9	La5	A5	358	358	1	8	341	99	96		28.5
2591	9	Sol5	G5	349	349	1	8	341	95	96		28.50781
2592	9	Fa5	F5	340	340	1	4	682	99	96		28.52344
2593	9	Sol5	G5	349	349	1	2	1364	95	96		28.55469
2594	9			-1	-1	1	4	682	100	0		28.57031
2595	9	Sol5	G5	349	349	1	4	682	99	96		28.58594
2596	9	Fa5	F5	340	340	1	8	341	99	96		28.59375
2597	9	Sol5	G5	349	349	1	8	341	99	96		28.60156
2598	8	La5	A5	358	358	1	8	341	99	96		28.60938
2599	9	Sol5	G5	349	349	1	8	341	99	96		28.61719
2600	9	La5	A5	358	358	1	8	341	99	96		28.625
2601	9	Sol5	G5	349	349	1	8	341	99	96		28.63281
2602	9	Fa5	F5	340	340	1	8	341	99	96		28.64063
2603	9	Fa5	F5	340	340	1	8	341	99	96		28.64844
2604	9	Sol5	G5	349	349	1	8	341	99	96		28.65625
2605	9	Fa5	F5	340	340	1	8	341	99	96		28.66406
2606	9	Mi5b1	E5b1	335	335	1	8	341	95	96		28.67188
2607	9	La5	A5	358	358	1	4	682	99	96		28.6875
2608	9	Sol5	G5	349	349	1	8	341	99	96		28.69531
2609	9	Fa5	F5	340	340	1	8	341	99	96		28.70313
2610	9	Fa5	F5	340	340	1	16	170	99	96		28.70703
2611	9	Mi5b1	E5b1	335	335	1	16	170	99	96		28.71094
2612	9	Fa5	F5	340	340	1	16	170	99	96		28.71484
2613	9	Sol5	G5	349	349	1	16	170	99	96		28.71875
2614	9	Fa5	F5	340	340	1	8	341	99	96		28.72656
2615	9	Mi5b1	E5b1	335	335	1	8	341	95	96		28.73438
2616	9	Mi5b1	E5b1	335	335	1	16	170	99	96		28.73828
2617	9	Re5	D5	327	327	1	16	170	99	96		28.74219
2618	9	Mi5b1	E5b1	335	335	1	16	170	99	96		28.74609
2619	9	Fa5	F5	340	340	1	16	170	99	96		28.75
2620	9	Mi5b1	E5b1	335	335	1	8	341	99	96		28.75781
2621	9	Re5	D5	327	327	1	8	341	95	96		28.76563
2622	9	Re5	D5	327	327	1	8	341	99	96		28.77344
2623	9	Fa5	F5	340	340	1	8	341	99	96		28.78125
2624	9	Mi5b1	E5b1	335	335	1	8	341	99	96		28.78906
2625	9	Re5	D5	327	327	1	8	341	99	96		28.79688
2626	9	Re5	D5	327	327	1	4	682	95	96		28.8125
2627	9	La5	A5	358	358	1	8	341	99	96		28.82031
2628	9	Sol5	G5	349	349	1	8	341	95	96		28.82813
2629	9	Sol5	G5	349	349	1	8	341	99	96		28.83594
2630	9	Fa5	F5	340	340	1	8	341	95	96		28.84375
2631	9	Fa5	F5	340	340	1	8	341	99	96		28.85156
2632	9	Mi5b1	E5b1	335	335	1	8	341	95	96		28.85938
2633	9	Mi5b1	E5b1	335	335	1	8	341	99	96		28.86719
2634	9	Re5	D5	327	327	1	8	341	95	96		28.875
2635	9	Re5	D5	327	327	1	8	341	99	96		28.88281
2636	9	Mi5b1	E5b1	335	335	1	8	341	95	96		28.89063
2637	9	Re5	D5	327	327	1	8	341	99	96		28.89844
2638	9	Do5	C5	318	318	1	4	682	99	96		28.91406
2639	9	Si4b1	B4b1	313	313	1	8	341	95	96		28.92188
2640	9	Re5	D5	327	327	1	4	682	99	96		28.9375
2641	9	Mi5b1	E5b1	335	335	1	4	682	99	96		28.95313
2642	9	Mi5b1	E5b1	335	335	1	16	170	99	96		28.95703
2643	9	Re5	D5	327	327	1	16	170	99	96		28.96094
2644	9	Mi5b1	E5b1	335	335	1	16	170	99	96		28.96484
2645	9	Fa5	F5	340	340	1	16	170	99	96		28.96875
2646	9	Mi5b1	E5b1	335	335	1	8	341	95	96		28.97656
2647	9	Re5	D5	327	327	1	8	341	95	96		28.98438
2648	8	Fa5	F5	340	340	1	8	341	95	96		28.99219
2649	9	Mi5b1	E5b1	335	335	1	8	341	99	96		29
2650	9	Re5	D5	327	327	1	8	341	99	96		29.00781
2651	9	Mi5b1	E5b1	335	335	1	4	682	95	96		29.02344
2652	9			-1	-1	1	4	682	100	0		29.03906
2653	9	Re5	D5	327	327	1	8	341	99	96		29.04688
2654	9	Mi5b1	E5b1	335	335	1	8	341	99	96		29.05469
2655	9	Fa5	F5	340	340	1	4	682	99	96		29.07031
2656	9	Sol5	G5	349	349	1	4	682	95	96		29.08594
2657	9	Sol5	G5	349	349	1	4	682	99	96		29.10156
2658	9	Fa5	F5	340	340	1	8	341	99	96		29.10938
2659	9	Sol5	G5	349	349	1	8	341	99	96		29.11719
2660	8	La5	A5	358	358	1	8	341	99	96		29.125
2661	9	Sol5	G5	349	349	1	8	341	99	96		29.13281
2662	9	La5	A5	358	358	1	8	341	99	96		29.14063
2663	9	Sol5	G5	349	349	1	8	341	99	96		29.14844
2664	9	Fa5	F5	340	340	1	8	341	99	96		29.15625
2665	9	Fa5	F5	340	340	1	8	341	99	96		29.16406
2666	9	Sol5	G5	349	349	1	8	341	99	96		29.17188
2667	9	Fa5	F5	340	340	1	8	341	99	96		29.17969
2668	9	Mi5b1	E5b1	335	335	1	8	341	95	96		29.1875
2669	9	Fa5	F5	340	340	1	4	682	99	96		29.20313
2670	9	Sol5	G5	349	349	1	4	682	99	96		29.21875
2671	9	Sol5	G5	349	349	1	8	341	99	96		29.22656
2672	9	Fa5	F5	340	340	1	4	682	99	96		29.24219
2673	9	Mi5b1	E5b1	335	335	1	8	341	95	96		29.25
2674	9	La5	A5	358	358	1	4	682	99	96		29.26563
2675	8	Si5b5	B5b5	362	362	1	8	341	99	96		29.27344
2676	9	La5	A5	358	358	1	8	341	99	96		29.28125
2677	9	Sol5	G5	349	349	1	8	341	95	96		29.28906
2678	9	Sol5	G5	349	349	1	4	682	99	96		29.30469
2679	8	La5	A5	358	358	1	8	341	99	96		29.3125
2680	9	Sol5	G5	349	349	1	8	341	99	96		29.32031
2681	9	Fa5	F5	340	340	1	8	341	99	96		29.32813
2682	9	Fa5	F5	340	340	1	4	682	99	96		29.34375
2683	8	Sol5	G5	349	349	1	8	341	99	96		29.35156
2684	9	Fa5	F5	340	340	1	8	341	99	96		29.35938
2685	9	Mi5b1	E5b1	335	335	1	8	341	95	96		29.36719
2686	9	Mi5b1	E5b1	335	335	1	4	682	99	96		29.38281
2687	8	Sol5	G5	349	349	1	8	341	99	96		29.39063
2688	9	Fa5	F5	340	340	1	4	682	99	96		29.40625
2689	9	Mi5b1	E5b1	335	335	1	4	682	99	96		29.42188
2690	9	Re5	D5	327	327	1	4	682	99	96		29.4375
2691	9	Re5	D5	327	327	1	2	1364	99	96		29.46875
2692	9	Re5	D5	327	327	1	4	682	95	96		29.48438
2693	9			-1	-1	1	4	682	100	0		29.5
2694	9	Re5	D5	327	327	1	2	1364	95	96		29.53125
2695	9	La5	A5	358	358	1	4	682	99	96		29.54688
2696	8	Si5b5	B5b5	362	362	1	8	341	99	96		29.55469
2697	9	La5	A5	358	358	1	8	341	99	96		29.5625
2698	9	Sol5	G5	349	349	1	8	341	95	96		29.57031
2699	9	Sol5	G5	349	349	1	4	682	99	96		29.58594
2700	8	La5	A5	358	358	1	8	341	99	96		29.59375
2701	9	Sol5	G5	349	349	1	8	341	99	96		29.60156
2702	9	Fa5	F5	340	340	1	8	341	99	96		29.60938
2703	9	Fa5	F5	340	340	1	4	682	99	96		29.625
2704	8	Sol5	G5	349	349	1	8	341	99	96		29.63281
2705	9	Fa5	F5	340	340	1	8	341	99	96		29.64063
2706	9	Mi5b1	E5b1	335	335	1	8	341	95	96		29.64844
2707	9	Mi5b1	E5b1	335	335	1	4	682	99	96		29.66406
2708	8	Fa5	F5	340	340	1	8	341	99	96		29.67188
2709	9	Mi5b1	E5b1	335	335	1	8	341	99	96		29.67969
2710	9	Re5	D5	327	327	1	8	341	99	96		29.6875
2711	9	Re5	D5	327	327	1	4	682	99	96		29.70313
2712	9	Mi5b1	E5b1	335	335	1	4	682	99	96		29.71875
2713	9	Re5	D5	327	327	1	8	341	99	96		29.72656
2714	9	Do5	C5	318	318	1	4	682	99	96		29.74219
2715	9	Si4b1	B4b1	313	313	1	8	341	95	96		29.75
2716	9	Fa5	F5	340	340	1	4	682	99	96		29.76563
2717	9	Mi5b1	E5b1	335	335	1	8	341	99	96		29.77344
2718	9	Re5	D5	327	327	1	8	341	99	96		29.78125
2719	9	Re5	D5	327	327	3	8	1023	99	96		29.80469
2720	9	Si4b1	B4b1	313	313	1	8	341	95	96		29.8125
2721	9	Do5	C5	318	318	1	8	341	99	96		29.82031
2722	9	Si4b1	B4b1	313	313	1	8	341	99	96		29.82813
2723	9	Do5	C5	318	318	1	8	341	99	96		29.83594
2724	9	Re5	D5	327	327	1	8	341	95	96		29.84375
2725	9	Do5	C5	318	318	3	16	511	99	96		29.85547
2726	9	Si4b1	B4b1	313	313	1	16	170	99	96		29.85938
2727	9	La4#4	A4#4	309	309	1	8	341	99	96		29.86719
2728	9	Si4b1	B4b1	313	313	1	8	341	99	96		29.875
2729	9	La4#4	A4#4	309	309	1	8	341	99	96		29.88281
2730	9	Si4b1	B4b1	313	313	1	8	341	99	96		29.89063
2731	9	Do5	C5	318	318	1	16	170	99	96		29.89453
2732	9	Re5	D5	327	327	1	16	170	99	96		29.89844
2733	9	Do5	C5	318	318	1	16	170	99	96		29.90234
2734	9	Si4b1	B4b1	313	313	1	16	170	99	96		29.90625
2735	9	Si4b1	B4b1	313	313	1	2	1364	99	96		29.9375
2736	9	Si4b1	B4b1	313	313	1	4	682	95	96		29.95313
2737	9			-1	-1	1	4	682	100	0		29.96875
2738	9	Do5	C5	318	318	1	4	682	99	96		29.98438
2739	9	Re5	D5	327	327	1	4	682	99	96		30
2740	9	Re5	D5	327	327	1	4	682	99	96		30.01563
2741	9	Do5	C5	318	318	1	8	341	99	96		30.02344
2742	9	Si4b1	B4b1	313	313	1	8	341	95	96		30.03125
2743	9	Mi5b1	E5b1	335	335	1	2	1364	99	96		30.0625
2744	9	Mi5b1	E5b1	335	335	1	16	170	99	96		30.06641
2745	9	Re5	D5	327	327	1	16	170	99	96		30.07031
2746	9	Mi5b1	E5b1	335	335	1	16	170	99	96		30.07422
2747	9	Fa5#4	F5#4	344	344	1	16	170	99	96		30.07813
2748	9	Mi5b1	E5b1	335	335	1	8	341	99	96		30.08594
2749	9	Re5	D5	327	327	1	8	341	95	96		30.09375
2750	9	Re5	D5	327	327	3	8	1023	99	96		30.11719
2751	9	Do5	C5	318	318	1	8	341	99	96		30.125
2752	8	Fa5#4	F5#4	344	344	1	8	341	99	96		30.13281
2753	9	Mi5b1	E5b1	335	335	1	4	682	99	96		30.14844
2754	9	Re5	D5	327	327	1	8	341	95	96		30.15625
2755	9	Do5	C5	318	318	1	8	341	95	96		30.16406
2756	9	Si4b1	B4b1	313	313	1	2	1364	99	96		30.19531
2757	9	Mi5b1	E5b1	335	335	1	2	1364	95	96		30.22656
2758	9	Mi5b1	E5b1	335	335	1	2	1364	95	96		30.25781
2759	9	Mi5b1	E5b1	335	335	3	8	1023	95	96		30.28125
2760	9	Re5	D5	327	327	1	8	341	95	96		30.28906
2761	9	Mi5b1	E5b1	335	335	1	8	341	99	96		30.29688
2762	9	Re5	D5	327	327	1	8	341	99	96		30.30469
2763	9	Mi5b1	E5b1	335	335	1	8	341	99	96		30.3125
2764	9	Fa5#4	F5#4	344	344	1	8	341	99	96		30.32031
2765	9	Mi5b1	E5b1	335	335	1	8	341	99	96		30.32813
2766	9	Fa5#4	F5#4	344	344	1	8	341	99	96		30.33594
2767	9	Mi5b1	E5b1	335	335	1	8	341	99	96		30.34375
2768	9	Re5	D5	327	327	1	8	341	99	96		30.35156
2769	9	Re5	D5	327	327	1	8	341	95	96		30.35938
2770	9			-1	-1	1	8	341	100	0		30.36719
2771	9	Re5	D5	327	327	1	8	341	99	96		30.375
2772	9	Mi5b1	E5b1	335	335	1	8	341	99	96		30.38281
2773	9	Re5	D5	327	327	1	8	341	99	96		30.39063
2774	9	Mi5b1	E5b1	335	335	1	8	341	99	96		30.39844
2775	9	Do5	C5	318	318	1	4	682	95	96		30.41406
2776	8	Mi5b1	E5b1	335	335	1	8	341	95	96		30.42188
2777	9	Re5	D5	327	327	1	4	682	99	96		30.4375
2778	9	Do5	C5	318	318	1	4	682	99	96		30.45313
2779	9	Si4b1	B4b1	313	313	1	4	682	99	96		30.46875
2780	9	La4	A4	305	305	1	4	682	99	96		30.48438
2781	9	La4	A4	305	305	1	4	682	99	96		30.5
2782	8	Si4b1	B4b1	313	313	1	8	341	99	96		30.50781
2783	9	La4	A4	305	305	1	8	341	99	96		30.51563
2784	9	Sol4	G4	296	296	1	8	341	95	96		30.52344
2785	9	Si4b1	B4b1	313	313	1	4	682	95	96		30.53906
2786	9	Do5	C5	318	318	1	4	682	95	96		30.55469
2787	9	Re5	D5	327	327	3	8	1023	99	96		30.57813
2788	9	Fa5#4	F5#4	344	344	1	8	341	95	96		30.58594
2789	9	Mi5b1	E5b1	335	335	3	8	1023	99	96		30.60938
2790	9	Re5	D5	327	327	1	8	341	95	96		30.61719
2791	9	Fa5#4	F5#4	344	344	1	4	682	99	96		30.63281
2792	9	Sol5	G5	349	349	1	4	682	99	96		30.64844
2793	9	Sol5	G5	349	349	1	4	682	99	96		30.66406
2794	8	La5	A5	358	358	1	8	341	99	96		30.67188
2795	9	Sol5	G5	349	349	1	8	341	99	96		30.67969
2796	9	Fa5#4	F5#4	344	344	1	8	341	95	96		30.6875
2797	9	Fa5#4	F5#4	344	344	1	8	341	99	96		30.69531
2798	9	Mi5b1	E5b1	335	335	1	8	341	99	96		30.70313
2799	9	Mi5b1	E5b1	335	335	1	8	341	99	96		30.71094
2800	9	Re5	D5	327	327	1	8	341	99	96		30.71875
2801	9	Re5	D5	327	327	1	8	341	99	96		30.72656
2802	9	Do5	C5	318	318	1	8	341	99	96		30.73438
2803	8	Fa5#4	F5#4	344	344	1	8	341	99	96		30.74219
2804	9	Mi5b1	E5b1	335	335	1	8	341	99	96		30.75
2805	9	Re5	D5	327	327	1	8	341	95	96		30.75781
2806	9	Re5	D5	327	327	1	2	1364	99	96		30.78906
2807	9	Re5	D5	327	327	1	4	682	95	96		30.80469
2808	9			-1	-1	1	4	682	100	0		30.82031
2809	9			-1	-1	1	4	682	100	0		30.83594
2810	9			-1	-1	1	4	682	100	0		30.85156
2811	9	Sol5	G5	349	349	1	4	682	99	96		30.86719
2812	8	La5	A5	358	358	1	8	341	99	96		30.875
2813	9	Sol5	G5	349	349	1	8	341	99	96		30.88281
2814	9	Fa5#4	F5#4	344	344	1	8	341	95	96		30.89063
2815	9	Fa5#4	F5#4	344	344	1	4	682	99	96		30.90625
2816	8	Sol5	G5	349	349	1	8	341	99	96		30.91406
2817	9	Fa5#4	F5#4	344	344	1	8	341	99	96		30.92188
2818	9	Mi5b1	E5b1	335	335	1	8	341	95	96		30.92969
2819	9	Mi5b1	E5b1	335	335	1	4	682	99	96		30.94531
2820	8	Fa5#4	F5#4	344	344	1	8	341	99	96		30.95313
2821	9	Mi5b1	E5b1	335	335	1	8	341	99	96		30.96094
2822	9	Re5	D5	327	327	1	8	341	95	96		30.96875
2823	9	Re5	D5	327	327	1	4	682	99	96		30.98438
2824	8	Mi5b1	E5b1	335	335	1	8	341	99	96		30.99219
2825	9	Re5	D5	327	327	1	8	341	99	96		31
2826	9	Do5	C5	318	318	1	8	341	95	96		31.00781
2827	9	Si4b1	B4b1	313	313	1	2	1364	95	96		31.03906
2828	9	Si4b1	B4b1	313	313	1	2	1364	95	96		31.07031
2829	9	Sol5	G5	349	349	1	4	682	95	96		31.08594
2830	9	Sol5	G5	349	349	1	8	341	99	96		31.09375
2831	9	Fa5#4	F5#4	344	344	1	8	341	95	96		31.10156
2832	9	La5	A5	358	358	1	8	341	99	96		31.10938
2833	9	Sol5	G5	349	349	1	8	341	99	96		31.11719
2834	8	La5	A5	358	358	1	8	341	99	96		31.125
2835	9	Sol5	G5	349	349	1	8	341	99	96		31.13281
2836	9	Fa5#4	F5#4	344	344	1	8	341	95	96		31.14063
2837	9	Sol5	G5	349	349	3	8	1023	95	96		31.16406
2838	9			-1	-1	1	8	341	100	0		31.17188
2839	9	Sol5	G5	349	349	1	4	682	99	96		31.1875
2840	9	Fa5	F5	340	340	1	4	682	99	96		31.20313
2841	9	Mi5	E5	336	336	1	8	341	99	96		31.21094
2842	9	Fa5	F5	340	340	1	8	341	99	96		31.21875
2843	9	Sol5	G5	349	349	1	8	341	95	96		31.22656
2844	9	Si5b5	B5b5	362	362	1	8	341	95	96		31.23438
2845	9	La5b5	A5b5	353	353	3	16	511	99	96		31.24609
2846	9	Sol5	G5	349	349	1	16	170	99	96		31.25
2847	9	Fa5#4	F5#4	344	344	1	8	341	99	96		31.25781
2848	9	Sol5	G5	349	349	1	8	341	99	96		31.26563
2849	9	Fa5#4	F5#4	344	344	1	8	341	99	96		31.27344
2850	9	Sol5	G5	349	349	1	8	341	99	96		31.28125
2851	8	Si5b1	B5b1	366	366	1	8	341	99	96		31.28906
2852	9	La5b5	A5b5	353	353	1	8	341	99	96		31.29688
2853	9	Sol5	G5	349	349	1	8	341	99	96		31.30469
2854	9	Sol5	G5	349	349	1	2	1364	95	96		31.33594
2855	9	Si4b1	B4b1	313	313	1	4	682	95	96		31.35156
2856	9	Si4b1	B4b1	313	313	1	4	682	95	96		31.36719
2857	9	Si4b1	B4b1	313	313	1	2	1364	95	96		31.39844
2858	9	Re5	D5	327	327	1	4	682	99	96		31.41406
2859	9	Mi5b1	E5b1	335	335	1	4	682	95	96		31.42969
2860	9	Re5b1	D5b1	326	326	1	4	682	99	96		31.44531
2861	9	Do5	C5	318	318	1	4	682	99	96		31.46094
2862	8	Re5b1	D5b1	326	326	1	8	341	99	96		31.46875
2863	9	Do5	C5	318	318	1	4	682	99	96		31.48438
2864	9	Si4b1	B4b1	313	313	1	4	682	95	96		31.5
2865	8	Re5	D5	327	327	1	8	341	95	96		31.50781
2866	9	Do5	C5	318	318	1	4	682	99	96		31.52344
2867	9	Si4b1	B4b1	313	313	1	4	682	99	96		31.53906
2868	9	La4	A4	305	305	1	4	682	99	96		31.55469
2869	9	Sol4	G4	296	296	1	4	682	99	96		31.57031
2870	9	Sol4	G4	296	296	3	8	1023	95	96		31.59375
2871	9			-1	-1	1	8	341	100	0		31.60156
2872	9	Fa5	F5	340	340	1	4	682	99	96		31.61719
2873	9	Sol5	G5	349	349	1	4	682	99	96		31.63281
2874	9	Sol5	G5	349	349	1	8	341	99	96		31.64063
2875	9	Fa5	F5	340	340	1	4	682	99	96		31.65625
2876	9	Mi5b1	E5b1	335	335	1	8	341	95	96		31.66406
2877	9	La5	A5	358	358	3	8	1023	99	96		31.6875
2878	9	Sol5	G5	349	349	1	8	341	95	96		31.69531
2879	9	La5	A5	358	358	1	4	682	99	96		31.71094
2880	9	Sol5	G5	349	349	1	4	682	99	96		31.72656
2881	8	La5	A5	358	358	1	8	341	99	96		31.73438
2882	9	Sol5	G5	349	349	1	4	682	95	96		31.75
2883	9	Fa5	F5	340	340	1	4	682	95	96		31.76563
2884	9	La5	A5	358	358	1	4	682	99	96		31.78125
2885	9	Sol5	G5	349	349	1	4	682	99	96		31.79688
2886	9	Fa5	F5	340	340	1	4	682	99	96		31.8125
2887	9	Mi5b1	E5b1	335	335	1	4	682	95	96		31.82813
2888	9	Re5	D5	327	327	1	2	1364	95	96		31.85938
2889	9	Sol5	G5	349	349	1	4	682	99	96		31.875
2890	9	Fa5	F5	340	340	1	8	341	99	96		31.88281
2891	9	Mi5b1	E5b1	335	335	1	8	341	95	96		31.89063
2892	9	Mi5b1	E5b1	335	335	1	8	341	99	96		31.89844
2893	9	Re5	D5	327	327	1	4	682	99	96		31.91406
2894	9	Mi5b1	E5b1	335	335	1	8	341	95	96		31.92188
2895	9	Re5	D5	327	327	1	8	341	99	96		31.92969
2896	9	Do5	C5	318	318	1	4	682	99	96		31.94531
2897	9	Re5	D5	327	327	1	8	341	95	96		31.95313
2898	9	Do5	C5	318	318	3	16	511	99	96		31.96484
2899	9	Si4b1	B4b1	313	313	1	16	170	99	96		31.96875
2900	9	La4#4	A4#4	309	309	1	8	341	99	96		31.97656
2901	9	Si4b1	B4b1	313	313	1	8	341	99	96		31.98438
2902	9	La4#4	A4#4	309	309	1	8	341	99	96		31.99219
2903	9	Si4b1	B4b1	313	313	1	8	341	99	96		32
2904	9	Do5	C5	318	318	1	16	170	99	96		32.00391
2905	9	Re5	D5	327	327	1	16	170	99	96		32.00781
2906	9	Do5	C5	318	318	1	16	170	99	96		32.01172
2907	9	Si4b1	B4b1	313	313	1	16	170	99	96		32.01563
2908	9	Si4b1	B4b1	313	313	1	2	1364	99	96		32.04688
2909	9	Si4b1	B4b1	313	313	1	4	682	95	96		32.0625
2910	9			-1	-1	1	4	682	100	0		32.07813
2911	9	Si4b1	B4b1	313	313	1	2	1364	95	96		32.10938
2912	9	Do5	C5	318	318	1	4	682	99	96		32.125
2913	8	Re5	D5	327	327	1	8	341	99	96		32.13281
2914	9	Do5	C5	318	318	1	8	341	99	96		32.14063
2915	9	Re5	D5	327	327	1	8	341	95	96		32.14844
2916	9	Si4b1	B4b1	313	313	1	8	341	99	96		32.15625
2917	9	Do5	C5	318	318	1	8	341	99	96		32.16406
2918	9	Si4b1	B4b1	313	313	1	4	682	99	96		32.17969
2919	9	Do5	C5	318	318	1	8	341	99	96		32.1875
2920	9	Re5	D5	327	327	1	8	341	99	96		32.19531
2921	9	Do5	C5	318	318	1	8	341	99	96		32.20313
2922	9	Re5	D5	327	327	1	8	341	95	96		32.21094
2923	9	Mi5b5	E5b5	331	331	3	16	511	99	96		32.22266
2924	9	Re5	D5	327	327	1	16	170	99	96		32.22656
2925	9	Do5#4	C5#4	322	322	1	8	341	99	96		32.23438
2926	9	Re5	D5	327	327	1	8	341	99	96		32.24219
2927	9	Do5#4	C5#4	322	322	1	8	341	99	96		32.25
2928	9	Re5	D5	327	327	1	8	341	99	96		32.25781
2929	9	Mi5b5	E5b5	331	331	1	8	341	99	96		32.26563
2930	8	Fa5#4	F5#4	344	344	1	8	341	99	96		32.27344
2931	9	Mi5b5	E5b5	331	331	1	16	170	99	96		32.27734
2932	9	Re5	D5	327	327	1	16	170	99	96		32.28125
2933	9	Re5	D5	327	327	1	2	1364	99	96		32.3125
2934	9	Re5	D5	327	327	1	4	682	95	96		32.32813
2935	9			-1	-1	1	4	682	100	0		32.34375
2936	9	Sol5	G5	349	349	3	8	1023	95	96		32.36719
2937	9	Fa5#4	F5#4	344	344	1	8	341	95	96		32.375
2938	9	Mi5b1	E5b1	335	335	1	4	682	99	96		32.39063
2939	9	Fa5#4	F5#4	344	344	1	4	682	99	96		32.40625
2940	9	Sol5	G5	349	349	1	2	1364	95	96		32.4375
2941	9	La5	A5	358	358	1	2	1364	95	96		32.46875
2942	9	La5	A5	358	358	1	4	682	99	96		32.48438
2943	9	Sol5	G5	349	349	1	8	341	99	96		32.49219
2944	9	La5	A5	358	358	1	8	341	99	96		32.5
2945	8	Si5b1	B5b1	366	366	1	8	341	99	96		32.50781
2946	9	La5	A5	358	358	1	8	341	99	96		32.51563
2947	9	Si5b5	B5b5	362	362	1	8	341	99	96		32.52344
2948	9	La5	A5	358	358	1	8	341	99	96		32.53125
2949	9	Sol5	G5	349	349	1	8	341	95	96		32.53906
2950	9	Sol5	G5	349	349	1	4	682	99	96		32.55469
2951	9	Fa5	F5	340	340	1	8	341	99	96		32.5625
2952	9	Sol5	G5	349	349	1	8	341	99	96		32.57031
2953	8	La5	A5	358	358	1	8	341	99	96		32.57813
2954	9	Sol5	G5	349	349	1	8	341	99	96		32.58594
2955	9	La5	A5	358	358	1	8	341	99	96		32.59375
2956	9	Sol5	G5	349	349	1	8	341	99	96		32.60156
2957	9	Fa5	F5	340	340	1	8	341	99	96		32.60938
2958	8	Sol5	G5	349	349	1	8	341	99	96		32.61719
2959	9	Fa5	F5	340	340	1	8	341	99	96		32.625
2960	9	Mi5b1	E5b1	335	335	1	8	341	99	96		32.63281
2961	9	Fa5	F5	340	340	1	8	341	99	96		32.64063
2962	9	Sol5	G5	349	349	1	8	341	99	96		32.64844
2963	8	La5	A5	358	358	1	8	341	99	96		32.65625
2964	9	Sol5	G5	349	349	1	8	341	99	96		32.66406
2965	9	Fa5	F5	340	340	1	8	341	99	96		32.67188
2966	9	Fa5	F5	340	340	1	8	341	95	96		32.67969
2967	9	Mi5b1	E5b1	335	335	1	8	341	95	96		32.6875
2968	9	Fa5	F5	340	340	1	4	682	99	96		32.70313
2969	9	Mi5b1	E5b1	335	335	1	8	341	99	96		32.71094
2970	9	Re5	D5	327	327	1	8	341	95	96		32.71875
2971	9	La5	A5	358	358	1	4	682	99	96		32.73438
2972	8	Si5b5	B5b5	362	362	1	8	341	99	96		32.74219
2973	9	La5	A5	358	358	1	8	341	99	96		32.75
2974	9	Sol5	G5	349	349	1	8	341	95	96		32.75781
2975	9	Fa5	F5	340	340	1	4	682	95	96		32.77344
2976	9	Sol5	G5	349	349	1	2	1364	95	96		32.80469
2977	9			-1	-1	1	4	682	100	0		32.82031
2978	9	Sol5	G5	349	349	1	4	682	99	96		32.83594
2979	9	Fa5	F5	340	340	1	8	341	99	96		32.84375
2980	9	Sol5	G5	349	349	1	8	341	99	96		32.85156
2981	8	La5	A5	358	358	1	8	341	99	96		32.85938
2982	9	Sol5	G5	349	349	1	8	341	99	96		32.86719
2983	9	La5	A5	358	358	1	8	341	99	96		32.875
2984	9	Sol5	G5	349	349	1	8	341	99	96		32.88281
2985	9	Fa5	F5	340	340	1	8	341	99	96		32.89063
2986	9	Fa5	F5	340	340	1	8	341	99	96		32.89844
2987	9	Sol5	G5	349	349	1	8	341	99	96		32.90625
2988	9	Fa5	F5	340	340	1	8	341	99	96		32.91406
2989	9	Mi5b1	E5b1	335	335	1	8	341	95	96		32.92188
2990	9	La5	A5	358	358	1	4	682	99	96		32.9375
2991	9	Sol5	G5	349	349	1	8	341	99	96		32.94531
2992	9	Fa5	F5	340	340	1	8	341	99	96		32.95313
2993	9	Fa5	F5	340	340	1	16	170	99	96		32.95703
2994	9	Mi5b1	E5b1	335	335	1	16	170	99	96		32.96094
2995	9	Fa5	F5	340	340	1	16	170	99	96		32.96484
2996	9	Sol5	G5	349	349	1	16	170	99	96		32.96875
2997	9	Fa5	F5	340	340	1	8	341	99	96		32.97656
2998	9	Mi5b1	E5b1	335	335	1	8	341	95	96		32.98438
2999	9	Mi5b1	E5b1	335	335	1	16	170	99	96		32.98828
3000	9	Re5	D5	327	327	1	16	170	99	96		32.99219
3001	9	Mi5b1	E5b1	335	335	1	16	170	99	96		32.99609
3002	9	Fa5	F5	340	340	1	16	170	99	96		33
3003	9	Mi5b1	E5b1	335	335	1	8	341	99	96		33.00781
3004	9	Re5	D5	327	327	1	8	341	95	96		33.01563
3005	9	Re5	D5	327	327	1	8	341	99	96		33.02344
3006	9	Fa5	F5	340	340	1	8	341	99	96		33.03125
3007	9	Mi5b1	E5b1	335	335	1	8	341	99	96		33.03906
3008	9	Re5	D5	327	327	1	8	341	99	96		33.04688
3009	9	Re5	D5	327	327	1	4	682	95	96		33.0625
3010	9	La5	A5	358	358	1	8	341	99	96		33.07031
3011	9	Sol5	G5	349	349	1	8	341	95	96		33.07813
3012	9	Sol5	G5	349	349	1	8	341	99	96		33.08594
3013	9	Fa5	F5	340	340	1	8	341	95	96		33.09375
3014	9	Fa5	F5	340	340	1	8	341	99	96		33.10156
3015	9	Mi5b1	E5b1	335	335	1	8	341	95	96		33.10938
3016	9	Mi5b1	E5b1	335	335	1	8	341	99	96		33.11719
3017	9	Re5	D5	327	327	1	8	341	95	96		33.125
3018	9	Re5	D5	327	327	1	8	341	99	96		33.13281
3019	9	Mi5b1	E5b1	335	335	1	8	341	95	96		33.14063
3020	9	Re5	D5	327	327	1	8	341	99	96		33.14844
3021	9	Do5	C5	318	318	1	4	682	95	96		33.16406
3022	9	Si4b1	B4b1	313	313	1	8	341	95	96		33.17188
3023	9	Re5	D5	327	327	1	4	682	99	96		33.1875
3024	9	Mi5b1	E5b1	335	335	1	4	682	99	96		33.20313
3025	9	Mi5b1	E5b1	335	335	1	16	170	99	96		33.20703
3026	9	Re5	D5	327	327	1	16	170	99	96		33.21094
3027	9	Mi5b1	E5b1	335	335	1	16	170	99	96		33.21484
3028	9	Fa5	F5	340	340	1	16	170	99	96		33.21875
3029	9	Mi5b1	E5b1	335	335	1	8	341	95	96		33.22656
3030	9	Re5	D5	327	327	1	8	341	95	96		33.23438
3031	8	Fa5	F5	340	340	1	8	341	95	96		33.24219
3032	9	Mi5b1	E5b1	335	335	1	8	341	99	96		33.25
3033	9	Re5	D5	327	327	1	8	341	99	96		33.25781
3034	9	Mi5b1	E5b1	335	335	1	4	682	95	96		33.27344
3035	9			-1	-1	1	4	682	100	0		33.28906
3036	9	Re5	D5	327	327	1	8	341	99	96		33.29688
3037	9	Mi5b1	E5b1	335	335	1	8	341	99	96		33.30469
3038	9	Fa5	F5	340	340	1	4	682	99	96		33.32031
3039	9	Sol5	G5	349	349	1	4	682	95	96		33.33594
3040	9	Sol5	G5	349	349	1	4	682	99	96		33.35156
3041	9	Fa5	F5	340	340	1	8	341	99	96		33.35938
3042	9	Sol5	G5	349	349	1	8	341	99	96		33.36719
3043	8	La5	A5	358	358	1	8	341	99	96		33.375
3044	9	Sol5	G5	349	349	1	8	341	99	96		33.38281
3045	9	La5	A5	358	358	1	8	341	99	96		33.39063
3046	9	Sol5	G5	349	349	1	8	341	99	96		33.39844
3047	9	Fa5	F5	340	340	1	8	341	99	96		33.40625
3048	9	Fa5	F5	340	340	1	8	341	99	96		33.41406
3049	9	Sol5	G5	349	349	1	8	341	99	96		33.42188
3050	9	Fa5	F5	340	340	1	8	341	99	96		33.42969
3051	9	Mi5b1	E5b1	335	335	1	8	341	95	96		33.4375
3052	9	Fa5	F5	340	340	1	4	682	99	96		33.45313
3053	9	Sol5	G5	349	349	1	4	682	99	96		33.46875
3054	9	Sol5	G5	349	349	1	8	341	99	96		33.47656
3055	9	Fa5	F5	340	340	1	4	682	99	96		33.49219
3056	9	Mi5	E5	336	336	1	8	341	95	96		33.5
3057	9	La5	A5	358	358	1	4	682	99	96		33.51563
3058	8	Si5b5	B5b5	362	362	1	8	341	99	96		33.52344
3059	9	La5	A5	358	358	1	8	341	99	96		33.53125
3060	9	Sol5	G5	349	349	1	8	341	95	96		33.53906
3061	9	Sol5	G5	349	349	1	4	682	99	96		33.55469
3062	8	La5	A5	358	358	1	8	341	99	96		33.5625
3063	9	Sol5	G5	349	349	1	8	341	99	96		33.57031
3064	9	Fa5	F5	340	340	1	8	341	99	96		33.57813
3065	9	Fa5	F5	340	340	1	4	682	99	96		33.59375
3066	8	Sol5	G5	349	349	1	8	341	99	96		33.60156
3067	9	Fa5	F5	340	340	1	8	341	99	96		33.60938
3068	9	Mi5b1	E5b1	335	335	1	8	341	95	96		33.61719
3069	9	Mi5b1	E5b1	335	335	1	4	682	99	96		33.63281
3070	8	Sol5	G5	349	349	1	8	341	99	96		33.64063
3071	9	Fa5	F5	340	340	1	4	682	99	96		33.65625
3072	9	Mi5b1	E5b1	335	335	1	4	682	99	96		33.67188
3073	9	Re5	D5	327	327	1	4	682	99	96		33.6875
3074	9	Re5	D5	327	327	1	2	1364	99	96		33.71875
3075	9	Re5	D5	327	327	1	4	682	95	96		33.73438
3076	9			-1	-1	1	4	682	100	0		33.75
3077	9	Re5	D5	327	327	1	2	1364	95	96		33.78125
3078	9	La5	A5	358	358	1	4	682	99	96		33.79688
3079	8	Si5b5	B5b5	362	362	1	8	341	99	96		33.80469
3080	9	La5	A5	358	358	1	8	341	99	96		33.8125
3081	9	Sol5	G5	349	349	1	8	341	95	96		33.82031
3082	9	Sol5	G5	349	349	1	4	682	99	96		33.83594
3083	8	La5	A5	358	358	1	8	341	99	96		33.84375
3084	9	Sol5	G5	349	349	1	8	341	99	96		33.85156
3085	9	Fa5	F5	340	340	1	8	341	99	96		33.85938
3086	9	Fa5	F5	340	340	1	4	682	99	96		33.875
3087	8	Sol5	G5	349	349	1	8	341	99	96		33.88281
3088	9	Fa5	F5	340	340	1	8	341	99	96		33.89063
3089	9	Mi5b1	E5b1	335	335	1	8	341	95	96		33.89844
3090	9	Mi5b1	E5b1	335	335	1	4	682	99	96		33.91406
3091	8	Fa5#4	F5#4	344	344	1	8	341	99	96		33.92188
3092	9	Mi5b1	E5b1	335	335	1	8	341	99	96		33.92969
3093	9	Re5	D5	327	327	1	8	341	99	96		33.9375
3094	9	Re5	D5	327	327	1	4	682	99	96		33.95313
3095	9	Mi5	E5	336	336	1	4	682	99	96		33.96875
3096	9	Re5	D5	327	327	1	8	341	99	96		33.97656
3097	9	Do5	C5	318	318	1	4	682	99	96		33.99219
3098	9	Si4	B4	314	314	1	8	341	95	96		34
3099	9	Fa5	F5	340	340	1	4	682	99	96		34.01563
3100	9	Mi5b1	E5b1	335	335	1	8	341	99	96		34.02344
3101	9	Re5	D5	327	327	1	8	341	99	96		34.03125
3102	9	Re5	D5	327	327	3	8	1023	99	96		34.05469
3103	9	Si4b1	B4b1	313	313	1	8	341	95	96		34.0625
3104	9	Do5	C5	318	318	1	8	341	99	96		34.07031
3105	9	Si4b1	B4b1	313	313	1	8	341	99	96		34.07813
3106	9	Do5	C5	318	318	1	8	341	99	96		34.08594
3107	9	Re5	D5	327	327	1	8	341	95	96		34.09375
3108	9	Do5	C5	318	318	3	16	511	99	96		34.10547
3109	9	Si4b1	B4b1	313	313	1	16	170	99	96		34.10938
3110	9	La4#4	A4#4	309	309	1	8	341	99	96		34.11719
3111	9	Si4b1	B4b1	313	313	1	8	341	99	96		34.125
3112	9	La4#4	A4#4	309	309	1	8	341	99	96		34.13281
3113	9	Si4b1	B4b1	313	313	1	8	341	99	96		34.14063
3114	9	Do5	C5	318	318	1	16	170	99	96		34.14453
3115	9	Re5	D5	327	327	1	16	170	99	96		34.14844
3116	9	Do5	C5	318	318	1	16	170	99	96		34.15234
3117	9	Si4b1	B4b1	313	313	1	16	170	99	96		34.15625
3118	9	Si4b1	B4b1	313	313	1	2	1364	99	96		34.1875
3119	9	Si4b1	B4b1	313	313	1	4	682	95	96		34.20313
3120	9			-1	-1	1	4	682	100	0		34.21875
3121	9			-1	-1	1	4	682	100	0		34.23438
3122	9	Si4b1	B4b1	313	313	1	4	682	99	96		34.25
3123	9	Si4b1	B4b1	313	313	1	4	682	95	96		34.26563
3124	9	Re5	D5	327	327	1	4	682	95	96		34.28125
3125	9	Do5	C5	318	318	1	2	1364	95	96		34.3125
3126	9	Re5	D5	327	327	1	2	1364	95	96		34.34375
3127	9			-1	-1	1	4	682	100	0		34.35938
3128	9	Re5	D5	327	327	1	4	682	99	96		34.375
3129	9	Re5	D5	327	327	1	4	682	95	96		34.39063
3130	9	Mi5b1	E5b1	335	335	1	4	682	95	96		34.40625
3131	9	Re5	D5	327	327	1	4	682	99	96		34.42188
3132	8	Mi5	E5	336	336	1	8	341	99	96		34.42969
3133	9	Re5	D5	327	327	1	8	341	95	96		34.4375
3134	9	Do5	C5	318	318	1	8	341	95	96		34.44531
3135	8	Do5	C5	318	318	1	8	341	95	96		34.45313
3136	9	Si4b1	B4b1	313	313	3	16	511	99	96		34.46484
3137	9	La4#4	A4#4	309	309	1	16	170	99	96		34.46875
3138	9	Sol4	G4	296	296	1	8	341	99	96		34.47656
3139	9	La4#4	A4#4	309	309	1	8	341	99	96		34.48438
3140	9	Si4b1	B4b1	313	313	1	4	682	95	96		34.5
3141	9	Si4b1	B4b1	313	313	1	4	682	95	96		34.51563
3142	9	Mi5b1	E5b1	335	335	1	4	682	95	96		34.53125
3143	9	Mi5b1	E5b1	335	335	1	8	341	99	96		34.53906
3144	9	Re5	D5	327	327	1	8	341	95	96		34.54688
3145	9	Re5	D5	327	327	1	4	682	99	96		34.5625
3146	8	Mi5	E5	336	336	1	8	341	99	96		34.57031
3147	9	Re5	D5	327	327	1	8	341	99	96		34.57813
3148	9	Do5	C5	318	318	1	8	341	95	96		34.58594
3149	8	Do5	C5	318	318	1	8	341	95	96		34.59375
3150	9	Si4b1	B4b1	313	313	3	16	511	99	96		34.60547
3151	9	La4#4	A4#4	309	309	1	16	170	99	96		34.60938
3152	9	Si4b1	B4b1	313	313	1	8	341	99	96		34.61719
3153	9	Do5	C5	318	318	1	8	341	99	96		34.625
3154	9	Si4b1	B4b1	313	313	1	8	341	99	96		34.63281
3155	9	La4#4	A4#4	309	309	1	8	341	95	96		34.64063
3156	9	Sol4	G4	296	296	1	8	341	99	96		34.64844
3157	9	La4#4	A4#4	309	309	1	8	341	99	96		34.65625
3158	9	Sol4	G4	296	296	1	4	682	95	96		34.67188
3159	9	La4#4	A4#4	309	309	1	4	682	95	96		34.6875
3160	9	Si4b1	B4b1	313	313	1	2	1364	99	96		34.71875
3161	9	Si4b1	B4b1	313	313	1	4	682	95	96		34.73438
3162	9			-1	-1	1	4	682	100	0		34.75
3163	9			-1	-1	1	4	682	100	0		34.76563
3164	9	Si4b1	B4b1	313	313	1	4	682	99	96		34.78125
3165	9	Si4b1	B4b1	313	313	1	4	682	95	96		34.79688
3166	9	Re5	D5	327	327	1	4	682	95	96		34.8125
3167	9	Do5	C5	318	318	1	2	1364	95	96		34.84375
3168	9	Re5	D5	327	327	1	2	1364	95	96		34.875
3169	9			-1	-1	1	4	682	100	0		34.89063
3170	9	Re5	D5	327	327	1	4	682	99	96		34.90625
3171	9	Re5	D5	327	327	1	4	682	95	96		34.92188
3172	9	Mi5b1	E5b1	335	335	1	4	682	95	96		34.9375
3173	9	Re5	D5	327	327	1	4	682	99	96		34.95313
3174	8	Mi5	E5	336	336	1	8	341	99	96		34.96094
3175	9	Re5	D5	327	327	1	8	341	99	96		34.96875
3176	9	Do5	C5	318	318	1	8	341	95	96		34.97656
3177	8	Do5	C5	318	318	1	8	341	95	96		34.98438
3178	9	Si4b1	B4b1	313	313	3	16	511	99	96		34.99609
3179	9	La4#4	A4#4	309	309	1	16	170	99	96		35
3180	9	Si4b1	B4b1	313	313	1	8	341	99	96		35.00781
3181	9	Do5	C5	318	318	1	8	341	99	96		35.01563
3182	9	Si4b1	B4b1	313	313	1	4	682	95	96		35.03125
3183	9	Si4b1	B4b1	313	313	1	4	682	95	96		35.04688
3184	9	Mi5b1	E5b1	335	335	1	4	682	95	96		35.0625
3185	9	Mi5b1	E5b1	335	335	1	4	682	99	96		35.07813
3186	9	Re5	D5	327	327	1	4	682	95	96		35.09375
3187	9	Re5	D5	327	327	1	4	682	99	96		35.10938
3188	8	Mi5	E5	336	336	1	8	341	99	96		35.11719
3189	9	Re5	D5	327	327	1	8	341	99	96		35.125
3190	9	Do5	C5	318	318	1	8	341	95	96		35.13281
3191	8	Do5	C5	318	318	1	8	341	95	96		35.14063
3192	9	Si4b1	B4b1	313	313	3	16	511	99	96		35.15234
3193	9	La4#4	A4#4	309	309	1	16	170	99	96		35.15625
3194	9	Sol4	G4	296	296	1	8	341	99	96		35.16406
3195	9	La4#4	A4#4	309	309	1	8	341	99	96		35.17188
3196	9	Si4b1	B4b1	313	313	1	8	341	99	96		35.17969
3197	9	La4#4	A4#4	309	309	1	8	341	95	96		35.1875
3198	9	Sol4	G4	296	296	1	8	341	99	96		35.19531
3199	9	La4#4	A4#4	309	309	1	8	341	99	96		35.20313
3200	9	Sol4	G4	296	296	1	4	682	95	96		35.21875
3201	9	La4#4	A4#4	309	309	1	4	682	95	96		35.23438
3202	9	Si4b1	B4b1	313	313	1	2	1364	99	96		35.26563
3203	9	Si4b1	B4b1	313	313	1	4	682	95	96		35.28125
3204	9			-1	-1	1	4	682	100	0		35.29688
3205	9	Si4b1	B4b1	313	313	1	2	1364	95	96		35.32813
3206	8	La5	A5	358	358	1	8	341	95	96		35.33594
3207	9	Sol5	G5	349	349	1	4	682	99	96		35.35156
3208	9	Fa5#4	F5#4	344	344	1	8	341	99	96		35.35938
3209	9	Mi5#4	E5#4	340	340	1	8	341	95	96		35.36719
3210	9	Fa5#4	F5#4	344	344	1	2	1364	99	96		35.39844
3211	9	Fa5#4	F5#4	344	344	1	4	682	95	96		35.41406
3212	9			-1	-1	1	4	682	100	0		35.42969
3213	9	Sol5	G5	349	349	1	4	682	99	96		35.44531
3214	9	Fa5#4	F5#4	344	344	1	4	682	99	96		35.46094
3215	9	Mi5#4	E5#4	340	340	1	4	682	99	96		35.47656
3216	8	La5	A5	358	358	1	8	341	99	96		35.48438
3217	9	Sol5	G5	349	349	1	8	341	99	96		35.49219
3218	9	Fa5#4	F5#4	344	344	1	8	341	99	96		35.5
3219	9	Fa5#4	F5#4	344	344	1	4	682	99	96		35.51563
3220	8	Sol5	G5	349	349	1	8	341	99	96		35.52344
3221	9	Fa5#4	F5#4	344	344	1	8	341	99	96		35.53125
3222	9	Mi5#4	E5#4	340	340	1	8	341	99	96		35.53906
3223	9	Fa5#4	F5#4	344	344	1	2	1364	99	96		35.57031
3224	9	Fa5#4	F5#4	344	344	1	4	682	95	96		35.58594
3225	9			-1	-1	1	4	682	100	0		35.60156
3226	9	Mi5#4	E5#4	340	340	1	4	682	99	96		35.61719
3227	9	Fa5#4	F5#4	344	344	1	4	682	99	96		35.63281
3228	9	Mi5#4	E5#4	340	340	1	2	1364	95	96		35.66406
3229	9	Sol5	G5	349	349	1	2	1364	95	96		35.69531
3230	9	Fa5#4	F5#4	344	344	1	4	682	99	96		35.71094
3231	8	La5	A5	358	358	1	8	341	99	96		35.71875
3232	9	Sol5	G5	349	349	1	4	682	99	96		35.73438
3233	9	Fa5#4	F5#4	344	344	1	8	341	99	96		35.74219
3234	9	Mi5#4	E5#4	340	340	1	8	341	99	96		35.75
3235	8	Sol5	G5	349	349	1	8	341	99	96		35.75781
3236	9	Fa5#4	F5#4	344	344	1	8	341	99	96		35.76563
3237	9	Mi5#4	E5#4	340	340	1	8	341	95	96		35.77344
3238	9	Re5	D5	327	327	1	2	1364	99	96		35.80469
3239	9	Re5	D5	327	327	1	4	682	99	96		35.82031
3240	9	Fa5#4	F5#4	344	344	1	4	682	99	96		35.83594
3241	9	Fa5#4	F5#4	344	344	1	2	1364	99	96		35.86719
3242	9	Fa5#4	F5#4	344	344	1	4	682	95	96		35.88281
3243	9			-1	-1	1	4	682	100	0		35.89844
3244	9	Si4b1	B4b1	313	313	1	2	1364	95	96		35.92969
3245	8	La5	A5	358	358	1	8	341	95	96		35.9375
3246	9	Sol5	G5	349	349	1	4	682	99	96		35.95313
3247	9	Fa5#4	F5#4	344	344	1	8	341	99	96		35.96094
3248	9	Mi5#4	E5#4	340	340	1	8	341	95	96		35.96875
3249	9	Fa5#4	F5#4	344	344	1	2	1364	99	96		36
3250	9	Fa5#4	F5#4	344	344	1	4	682	95	96		36.01563
3251	9			-1	-1	1	4	682	100	0		36.03125
3252	9	Fa5#4	F5#4	344	344	1	8	341	99	96		36.03906
3253	9	Sol5	G5	349	349	1	8	341	99	96		36.04688
3254	9	Fa5#4	F5#4	344	344	1	8	341	99	96		36.05469
3255	9	Sol5	G5	349	349	1	8	341	99	96		36.0625
3256	9	La5#4	A5#4	362	362	1	4	682	99	96		36.07813
3257	9	Si5b1	B5b1	366	366	1	4	682	99	96		36.09375
3258	9	La5#4	A5#4	362	362	1	8	341	99	96		36.10156
3259	9	Sol5	G5	349	349	1	4	682	99	96		36.11719
3260	9	Fa5#4	F5#4	344	344	1	8	341	95	96		36.125
3261	9	Do6#4	C6#4	375	375	1	4	682	99	96		36.14063
3262	9	Si5b1	B5b1	366	366	1	8	341	99	96		36.14844
3263	9	La5#4	A5#4	362	362	1	8	341	99	96		36.15625
3264	9	La5#4	A5#4	362	362	1	8	341	99	96		36.16406
3265	9	Si5b1	B5b1	366	366	1	8	341	99	96		36.17188
3266	9	La5#4	A5#4	362	362	1	8	341	95	96		36.17969
3267	9	Sol5	G5	349	349	1	8	341	95	96		36.1875
3268	9	Sol5	G5	349	349	1	8	341	99	96		36.19531
3269	9	Fa5#4	F5#4	344	344	1	8	341	99	96		36.20313
3270	9	Sol5	G5	349	349	1	8	341	99	96		36.21094
3271	9	La5#4	A5#4	362	362	1	8	341	95	96		36.21875
3272	9	Sol5	G5	349	349	3	16	511	99	96		36.23047
3273	9	Fa5#4	F5#4	344	344	1	16	170	99	96		36.23438
3274	9	Mi5#4	E5#4	340	340	1	8	341	99	96		36.24219
3275	9	Fa5#4	F5#4	344	344	1	8	341	99	96		36.25
3276	9	Mi5#4	E5#4	340	340	1	8	341	99	96		36.25781
3277	9	Fa5#4	F5#4	344	344	1	8	341	99	96		36.26563
3278	9	Sol5	G5	349	349	1	16	170	99	96		36.26953
3279	9	La5#4	A5#4	362	362	1	16	170	99	96		36.27344
3280	9	Sol5	G5	349	349	1	16	170	99	96		36.27734
3281	9	Fa5#4	F5#4	344	344	1	16	170	99	96		36.28125
3282	9	Fa5#4	F5#4	344	344	1	2	1364	99	96		36.3125
3283	9	Fa5#4	F5#4	344	344	1	4	682	95	96		36.32813
3284	9			-1	-1	1	4	682	100	0		36.34375
3285	9	Fa5#4	F5#4	344	344	1	2	1364	95	96		36.375
3286	9	Do6#4	C6#4	375	375	1	2	1364	95	96		36.40625
3287	9	Do6#4	C6#4	375	375	1	2	1364	99	96		36.4375
3288	9	Do6#4	C6#4	375	375	1	4	682	95	96		36.45313
3289	9			-1	-1	1	4	682	100	0		36.46875
3290	9	Do6#4	C6#4	375	375	1	2	1364	99	96		36.5
3291	9	Re6	D6	380	380	1	4	682	99	96		36.51563
3292	8	Mi6	E6	389	389	1	8	341	99	96		36.52344
3293	9	Re6	D6	380	380	1	8	341	99	96		36.53125
3294	9	Do6#4	C6#4	375	375	1	8	341	99	96		36.53906
3295	9	Si5b1	B5b1	366	366	1	2	1364	99	96		36.57031
3296	9	Do6#4	C6#4	375	375	1	4	682	99	96		36.58594
3297	8	Re6	D6	380	380	1	8	341	99	96		36.59375
3298	9	Do6#4	C6#4	375	375	1	8	341	99	96		36.60156
3299	9	Si5b1	B5b1	366	366	1	8	341	99	96		36.60938
3300	9	La5#4	A5#4	362	362	1	2	1364	95	96		36.64063
3301	9	Si5b1	B5b1	366	366	1	4	682	99	96		36.65625
3302	8	Do6#4	C6#4	375	375	1	8	341	99	96		36.66406
3303	9	Si5b1	B5b1	366	366	1	8	341	99	96		36.67188
3304	9	La5#4	A5#4	362	362	1	8	341	99	96		36.67969
3305	9	La5#4	A5#4	362	362	1	8	341	99	96		36.6875
3306	9	Sol5	G5	349	349	1	8	341	99	96		36.69531
3307	9	Sol5	G5	349	349	1	8	341	99	96		36.70313
3308	9	Fa5#4	F5#4	344	344	1	8	341	99	96		36.71094
3309	9	Sol5	G5	349	349	1	4	682	95	96		36.72656
3310	9	La5#4	A5#4	362	362	1	4	682	95	96		36.74219
3311	9	Si5b1	B5b1	366	366	3	8	1023	99	96		36.76563
3312	9	Do6#4	C6#4	375	375	1	8	341	99	96		36.77344
3313	9	Re6	D6	380	380	1	4	682	99	96		36.78906
3314	8	Mi6	E6	389	389	1	8	341	99	96		36.79688
3315	9	Re6	D6	380	380	1	8	341	95	96		36.80469
3316	9	Do6#4	C6#4	375	375	1	8	341	95	96		36.8125
3317	9	Do6#4	C6#4	375	375	3	16	511	99	96		36.82422
3318	9	Si5b1	B5b1	366	366	1	16	170	99	96		36.82813
3319	9	La5#4	A5#4	362	362	1	8	341	99	96		36.83594
3320	9	Si5b1	B5b1	366	366	1	8	341	99	96		36.84375
3321	9	La5#4	A5#4	362	362	1	8	341	99	96		36.85156
3322	9	Si5b1	B5b1	366	366	1	8	341	99	96		36.85938
3323	9	Do6#4	C6#4	375	375	1	8	341	99	96		36.86719
3324	9	Si5b1	B5b1	366	366	1	8	341	99	96		36.875
3325	9	Si5b1	B5b1	366	366	1	2	1364	99	96		36.90625
3326	9	Si5b1	B5b1	366	366	1	4	682	95	96		36.92188
3327	9			-1	-1	1	4	682	100	0		36.9375
3328	9	Fa5#4	F5#4	344	344	1	2	1364	95	96		36.96875
3329	9	Sol5	G5	349	349	1	2	1364	95	96		37
3330	9	La5#4	A5#4	362	362	1	4	682	99	96		37.01563
3331	8	Do6#4	C6#4	375	375	1	8	341	99	96		37.02344
3332	9	Si5b1	B5b1	366	366	1	8	341	99	96		37.03125
3333	9	La5#4	A5#4	362	362	1	8	341	99	96		37.03906
3334	9	Sol5	G5	349	349	1	8	341	99	96		37.04688
3335	9	Fa5#4	F5#4	344	344	1	8	341	99	96		37.05469
3336	9	Sol5	G5	349	349	1	4	682	95	96		37.07031
3337	9	La5#4	A5#4	362	362	1	8	341	99	96		37.07813
3338	9	Si5b1	B5b1	366	366	1	8	341	99	96		37.08594
3339	9	La5#4	A5#4	362	362	1	8	341	99	96		37.09375
3340	9	Si5b1	B5b1	366	366	1	8	341	99	96		37.10156
3341	9	Re6	D6	380	380	1	8	341	99	96		37.10938
3342	9	Do6#4	C6#4	375	375	1	8	341	99	96		37.11719
3343	9	Si5b1	B5b1	366	366	1	8	341	99	96		37.125
3344	9	La5#4	A5#4	362	362	1	8	341	99	96		37.13281
3345	9	La5#4	A5#4	362	362	1	8	341	99	96		37.14063
3346	9	Sol5	G5	349	349	1	4	682	99	96		37.15625
3347	9	Fa5#4	F5#4	344	344	1	8	341	95	96		37.16406
3348	9	Do6#4	C6#4	375	375	1	4	682	99	96		37.17969
3349	9	Si5b1	B5b1	366	366	1	8	341	99	96		37.1875
3350	9	La5#4	A5#4	362	362	1	8	341	99	96		37.19531
3351	9	La5#4	A5#4	362	362	1	8	341	99	96		37.20313
3352	9	Si5b1	B5b1	366	366	1	8	341	99	96		37.21094
3353	9	La5#4	A5#4	362	362	1	8	341	99	96		37.21875
3354	9	Sol5	G5	349	349	1	8	341	95	96		37.22656
3355	9	Sol5	G5	349	349	1	8	341	99	96		37.23438
3356	9	Fa5#4	F5#4	344	344	1	8	341	99	96		37.24219
3357	9	Sol5	G5	349	349	1	8	341	99	96		37.25
3358	9	La5#4	A5#4	362	362	1	8	341	95	96		37.25781
3359	9	Sol5	G5	349	349	3	16	511	99	96		37.26953
3360	9	Fa5#4	F5#4	344	344	1	16	170	99	96		37.27344
3361	9	Mi5#4	E5#4	340	340	1	8	341	99	96		37.28125
3362	9	Fa5#4	F5#4	344	344	1	8	341	99	96		37.28906
3363	9	Mi5#4	E5#4	340	340	1	8	341	99	96		37.29688
3364	9	Fa5#4	F5#4	344	344	1	8	341	99	96		37.30469
3365	9	Sol5	G5	349	349	1	16	170	99	96		37.30859
3366	9	La5#4	A5#4	362	362	1	16	170	99	96		37.3125
3367	9	Sol5	G5	349	349	1	16	170	99	96		37.31641
3368	9	Fa5#4	F5#4	344	344	1	16	170	99	96		37.32031
3369	9	Fa5#4	F5#4	344	344	1	2	1364	99	96		37.35156
3370	9	Fa5#4	F5#4	344	344	1	4	682	95	96		37.36719
3371	9			-1	-1	1	4	682	100	0		37.38281
3372	9	Sol5	G5	349	349	1	2	1364	95	96		37.41406
3373	9	Mi5	E5	336	336	1	4	682	95	96		37.42969
3374	9	Fa5#4	F5#4	344	344	1	4	682	99	96		37.44531
3375	9	Sol5	G5	349	349	1	2	1364	95	96		37.47656
3376	9	La5	A5	358	358	3	8	1023	95	96		37.5
3377	9			-1	-1	1	8	341	100	0		37.50781
3378	9	La5	A5	358	358	1	4	682	99	96		37.52344
3379	9	Sol5	G5	349	349	1	8	341	99	96		37.53125
3380	9	La5	A5	358	358	1	8	341	99	96		37.53906
3381	8	Si5b5	B5b5	362	362	1	8	341	99	96		37.54688
3382	9	La5	A5	358	358	1	8	341	99	96		37.55469
3383	9	Si5b5	B5b5	362	362	1	8	341	99	96		37.5625
3384	9	La5	A5	358	358	1	8	341	99	96		37.57031
3385	9	Sol5	G5	349	349	1	8	341	95	96		37.57813
3386	9	Sol5	G5	349	349	1	4	682	99	96		37.59375
3387	9	Fa5	F5	340	340	1	8	341	99	96		37.60156
3388	9	Sol5	G5	349	349	1	8	341	99	96		37.60938
3389	8	La5	A5	358	358	1	8	341	99	96		37.61719
3390	9	Sol5	G5	349	349	1	8	341	99	96		37.625
3391	9	La5	A5	358	358	1	8	341	99	96		37.63281
3392	9	Sol5	G5	349	349	1	8	341	99	96		37.64063
3393	9	Fa5	F5	340	340	1	8	341	99	96		37.64844
3394	9	Fa5	F5	340	340	1	8	341	99	96		37.65625
3395	9	Sol5	G5	349	349	1	8	341	99	96		37.66406
3396	9	Fa5	F5	340	340	1	8	341	99	96		37.67188
3397	9	Mi5b1	E5b1	335	335	1	8	341	95	96		37.67969
3398	9	Fa5	F5	340	340	1	4	682	99	96		37.69531
3399	9	Sol5	G5	349	349	1	4	682	99	96		37.71094
3400	9	Sol5	G5	349	349	1	8	341	99	96		37.71875
3401	9	Fa5	F5	340	340	1	4	682	99	96		37.73438
3402	9	Mi5b1	E5b1	335	335	1	8	341	95	96		37.74219
3403	9	La5	A5	358	358	1	4	682	99	96		37.75781
3404	8	Si5b5	B5b5	362	362	1	8	341	99	96		37.76563
3405	9	La5	A5	358	358	1	8	341	99	96		37.77344
3406	9	Sol5	G5	349	349	1	8	341	95	96		37.78125
3407	9	Sol5	G5	349	349	1	4	682	99	96		37.79688
3408	8	La5	A5	358	358	1	8	341	99	96		37.80469
3409	9	Sol5	G5	349	349	1	8	341	99	96		37.8125
3410	9	Fa5	F5	340	340	1	8	341	99	96		37.82031
3411	9	Fa5	F5	340	340	1	4	682	99	96		37.83594
3412	8	Sol5	G5	349	349	1	8	341	99	96		37.84375
3413	9	Fa5	F5	340	340	1	8	341	95	96		37.85156
3414	9	Mi5b1	E5b1	335	335	1	8	341	95	96		37.85938
3415	9	Mi5b1	E5b1	335	335	1	4	682	99	96		37.875
3416	8	Sol5	G5	349	349	1	8	341	99	96		37.88281
3417	9	Fa5	F5	340	340	1	4	682	99	96		37.89844
3418	9	Mi5b1	E5b1	335	335	1	4	682	99	96		37.91406
3419	9	Re5	D5	327	327	1	4	682	99	96		37.92969
3420	9	Re5	D5	327	327	1	2	1364	99	96		37.96094
3421	9	Re5	D5	327	327	1	4	682	95	96		37.97656
3422	9			-1	-1	1	4	682	100	0		37.99219
3423	9	Re5	D5	327	327	1	2	1364	95	96		38.02344
3424	9	La5	A5	358	358	1	4	682	95	96		38.03906
3425	8	Si5b5	B5b5	362	362	1	8	341	95	96		38.04688
3426	9	La5	A5	358	358	1	8	341	95	96		38.05469
3427	9	Sol5	G5	349	349	1	8	341	95	96		38.0625
3428	9	Sol5	G5	349	349	1	4	682	99	96		38.07813
3429	8	La5	A5	358	358	1	8	341	99	96		38.08594
3430	9	Sol5	G5	349	349	1	8	341	99	96		38.09375
3431	9	Fa5	F5	340	340	1	8	341	99	96		38.10156
3432	9	Fa5	F5	340	340	1	4	682	99	96		38.11719
3433	8	Sol5	G5	349	349	1	8	341	99	96		38.125
3434	9	Fa5	F5	340	340	1	8	341	99	96		38.13281
3435	9	Mi5b1	E5b1	335	335	1	8	341	95	96		38.14063
3436	9	Mi5b1	E5b1	335	335	1	4	682	99	96		38.15625
3437	8	Fa5	F5	340	340	1	8	341	99	96		38.16406
3438	9	Mi5b1	E5b1	335	335	1	8	341	99	96		38.17188
3439	9	Re5	D5	327	327	1	8	341	99	96		38.17969
3440	9	Re5	D5	327	327	1	4	682	99	96		38.19531
3441	9	Mi5b1	E5b1	335	335	1	4	682	99	96		38.21094
3442	9	Re5	D5	327	327	1	8	341	99	96		38.21875
3443	9	Do5	C5	318	318	1	4	682	99	96		38.23438
3444	9	Si4b1	B4b1	313	313	1	8	341	95	96		38.24219
3445	9	Fa5	F5	340	340	1	4	682	99	96		38.25781
3446	9	Mi5b1	E5b1	335	335	1	8	341	99	96		38.26563
3447	9	Re5	D5	327	327	1	8	341	99	96		38.27344
3448	9	Re5	D5	327	327	3	8	1023	99	96		38.29688
3449	9	Si4b1	B4b1	313	313	1	8	341	95	96		38.30469
3450	9	Do5	C5	318	318	1	8	341	99	96		38.3125
3451	9	Si4b1	B4b1	313	313	1	8	341	99	96		38.32031
3452	9	Do5	C5	318	318	1	8	341	99	96		38.32813
3453	9	Re5	D5	327	327	1	8	341	95	96		38.33594
3454	9	Do5	C5	318	318	3	16	511	95	96		38.34766
3455	9	Si4b1	B4b1	313	313	1	16	170	95	96		38.35156
3456	9	La4#4	A4#4	309	309	1	8	341	95	96		38.35938
3457	9	Si4b1	B4b1	313	313	1	8	341	95	96		38.36719
3458	9	La4#4	A4#4	309	309	1	8	341	95	96		38.375
3459	9	Si4b1	B4b1	313	313	1	8	341	95	96		38.38281
3460	9	Do5	C5	318	318	1	16	170	95	96		38.38672
3461	9	Re5	D5	327	327	1	16	170	95	96		38.39063
3462	9	Do5	C5	318	318	1	16	170	95	96		38.39453
3463	9	Si4b1	B4b1	313	313	1	16	170	95	96		38.39844
3464	9	Si4b1	B4b1	313	313	1	2	1364	95	96		38.42969
3465	9	Si4b1	B4b1	313	313	1	4	682	95	96		38.44531
3466	9			-1	-1	1	4	682	100	0		38.46094
3467	9	Do5	C5	318	318	1	4	682	99	96		38.47656
3468	9	Re5	D5	327	327	1	4	682	99	96		38.49219
3469	9	Re5	D5	327	327	1	4	682	99	96		38.50781
3470	9	Do5	C5	318	318	1	8	341	99	96		38.51563
3471	9	Si4b1	B4b1	313	313	1	8	341	95	96		38.52344
3472	9	Mi5b1	E5b1	335	335	1	2	1364	99	96		38.55469
3473	9	Mi5b1	E5b1	335	335	1	16	170	99	96		38.55859
3474	9	Re5	D5	327	327	1	16	170	99	96		38.5625
3475	9	Mi5b1	E5b1	335	335	1	16	170	99	96		38.56641
3476	9	Fa5#4	F5#4	344	344	1	16	170	99	96		38.57031
3477	9	Mi5b1	E5b1	335	335	1	8	341	99	96		38.57813
3478	9	Re5	D5	327	327	1	8	341	95	96		38.58594
3479	9	Re5	D5	327	327	3	8	1023	99	96		38.60938
3480	9	Do5	C5	318	318	1	8	341	99	96		38.61719
3481	8	Fa5#4	F5#4	344	344	1	8	341	99	96		38.625
3482	9	Mi5b1	E5b1	335	335	1	4	682	99	96		38.64063
3483	9	Re5	D5	327	327	1	8	341	95	96		38.64844
3484	9	Do5	C5	318	318	1	8	341	95	96		38.65625
3485	9	Si4b1	B4b1	313	313	1	2	1364	95	96		38.6875
3486	9	Mi5b1	E5b1	335	335	1	2	1364	95	96		38.71875
3487	9	Mi5b1	E5b1	335	335	1	2	1364	95	96		38.75
3488	9	Mi5b1	E5b1	335	335	3	8	1023	95	96		38.77344
3489	9	Re5	D5	327	327	1	8	341	95	96		38.78125
3490	9	Mi5b1	E5b1	335	335	1	8	341	99	96		38.78906
3491	9	Re5	D5	327	327	1	8	341	99	96		38.79688
3492	9	Mi5b1	E5b1	335	335	1	8	341	99	96		38.80469
3493	9	Fa5#4	F5#4	344	344	1	8	341	99	96		38.8125
3494	9	Mi5b1	E5b1	335	335	1	8	341	99	96		38.82031
3495	9	Fa5#4	F5#4	344	344	1	8	341	99	96		38.82813
3496	9	Mi5b1	E5b1	335	335	1	8	341	99	96		38.83594
3497	9	Re5	D5	327	327	1	8	341	99	96		38.84375
3498	9	Re5	D5	327	327	1	8	341	95	96		38.85156
3499	9			-1	-1	1	8	341	100	0		38.85938
3500	9	Re5	D5	327	327	1	8	341	99	96		38.86719
3501	9	Mi5b1	E5b1	335	335	1	8	341	99	96		38.875
3502	9	Re5	D5	327	327	1	8	341	99	96		38.88281
3503	9	Mi5b1	E5b1	335	335	1	8	341	99	96		38.89063
3504	9	Do5	C5	318	318	1	4	682	95	96		38.90625
3505	8	Mi5	E5	336	336	1	8	341	95	96		38.91406
3506	9	Re5	D5	327	327	1	4	682	99	96		38.92969
3507	9	Do5	C5	318	318	1	4	682	99	96		38.94531
3508	9	Si4b1	B4b1	313	313	1	4	682	99	96		38.96094
3509	9	La4	A4	305	305	1	4	682	99	96		38.97656
3510	9	La4	A4	305	305	1	4	682	99	96		38.99219
3511	8	Si4b1	B4b1	313	313	1	8	341	99	96		39
3512	9	La4	A4	305	305	1	8	341	99	96		39.00781
3513	9	Sol4	G4	296	296	1	8	341	95	96		39.01563
3514	9	Si4b1	B4b1	313	313	1	4	682	95	96		39.03125
3515	9	Do5	C5	318	318	1	4	682	95	96		39.04688
3516	9	Re5	D5	327	327	3	8	1023	99	96		39.07031
3517	9	Fa5#4	F5#4	344	344	1	8	341	95	96		39.07813
3518	9	Mi5b1	E5b1	335	335	3	8	1023	99	96		39.10156
3519	9	Re5	D5	327	327	1	8	341	95	96		39.10938
3520	9	Fa5#4	F5#4	344	344	1	4	682	99	96		39.125
3521	9	Sol5	G5	349	349	1	4	682	99	96		39.14063
3522	9	Sol5	G5	349	349	1	4	682	99	96		39.15625
3523	8	La5	A5	358	358	1	8	341	99	96		39.16406
3524	9	Sol5	G5	349	349	1	8	341	99	96		39.17188
3525	9	Fa5#4	F5#4	344	344	1	8	341	95	96		39.17969
3526	9	Fa5#4	F5#4	344	344	1	8	341	99	96		39.1875
3527	9	Mi5b1	E5b1	335	335	1	8	341	99	96		39.19531
3528	9	Mi5b1	E5b1	335	335	1	8	341	99	96		39.20313
3529	9	Re5	D5	327	327	1	8	341	99	96		39.21094
3530	9	Re5	D5	327	327	1	8	341	99	96		39.21875
3531	9	Do5	C5	318	318	1	8	341	99	96		39.22656
3532	8	Fa5#4	F5#4	344	344	1	8	341	99	96		39.23438
3533	9	Mi5b1	E5b1	335	335	1	8	341	99	96		39.24219
3534	9	Re5	D5	327	327	1	8	341	95	96		39.25
3535	9	Re5	D5	327	327	1	2	1364	99	96		39.28125
3536	9	Re5	D5	327	327	1	4	682	95	96		39.29688
3537	9			-1	-1	1	4	682	100	0		39.3125
3538	9			-1	-1	1	4	682	100	0		39.32813
3539	9			-1	-1	1	4	682	100	0		39.34375
3540	9	Sol5	G5	349	349	1	4	682	99	96		39.35938
3541	8	La5	A5	358	358	1	8	341	99	96		39.36719
3542	9	Sol5	G5	349	349	1	8	341	99	96		39.375
3543	9	Fa5#4	F5#4	344	344	1	8	341	95	96		39.38281
3544	9	Fa5#4	F5#4	344	344	1	4	682	99	96		39.39844
3545	8	Sol5	G5	349	349	1	8	341	99	96		39.40625
3546	9	Fa5#4	F5#4	344	344	1	8	341	99	96		39.41406
3547	9	Mi5b1	E5b1	335	335	1	8	341	95	96		39.42188
3548	9	Mi5b1	E5b1	335	335	1	4	682	99	96		39.4375
3549	8	Fa5#4	F5#4	344	344	1	8	341	99	96		39.44531
3550	9	Mi5b1	E5b1	335	335	1	8	341	99	96		39.45313
3551	9	Re5	D5	327	327	1	8	341	95	96		39.46094
3552	9	Re5	D5	327	327	1	4	682	99	96		39.47656
3553	8	Mi5	E5	336	336	1	8	341	99	96		39.48438
3554	9	Re5	D5	327	327	1	8	341	99	96		39.49219
3555	9	Do5	C5	318	318	1	8	341	95	96		39.5
3556	9	Si4b1	B4b1	313	313	1	2	1364	95	96		39.53125
3557	9	Si4b1	B4b1	313	313	1	2	1364	95	96		39.5625
3558	9	Sol5	G5	349	349	1	4	682	95	96		39.57813
3559	9	Sol5	G5	349	349	1	8	341	99	96		39.58594
3560	9	Fa5#4	F5#4	344	344	1	8	341	95	96		39.59375
3561	9	La5	A5	358	358	1	8	341	99	96		39.60156
3562	9	Sol5	G5	349	349	1	8	341	99	96		39.60938
3563	8	La5	A5	358	358	1	8	341	99	96		39.61719
3564	9	Sol5	G5	349	349	1	8	341	99	96		39.625
3565	9	Fa5#4	F5#4	344	344	1	8	341	95	96		39.63281
3566	9	Sol5	G5	349	349	3	8	1023	95	96		39.65625
3567	9			-1	-1	1	8	341	100	0		39.66406
3568	9	Sol5	G5	349	349	1	4	682	99	96		39.67969
3569	9	Fa5	F5	340	340	1	4	682	99	96		39.69531
3570	9	Mi5	E5	336	336	1	8	341	99	96		39.70313
3571	9	Fa5	F5	340	340	1	8	341	99	96		39.71094
3572	9	Sol5	G5	349	349	1	8	341	95	96		39.71875
3573	9	Si5b5	B5b5	362	362	1	8	341	95	96		39.72656
3574	9	La5	A5	358	358	3	16	511	99	96		39.73828
3575	9	Sol5	G5	349	349	1	16	170	99	96		39.74219
3576	9	Fa5#4	F5#4	344	344	1	8	341	99	96		39.75
3577	9	Sol5	G5	349	349	1	8	341	99	96		39.75781
3578	9	Fa5#4	F5#4	344	344	1	8	341	99	96		39.76563
3579	9	Sol5	G5	349	349	1	8	341	99	96		39.77344
3580	8	Si5b1	B5b1	366	366	1	8	341	99	96		39.78125
3581	9	La5	A5	358	358	1	8	341	99	96		39.78906
3582	9	Sol5	G5	349	349	1	8	341	99	96		39.79688
3583	9	Sol5	G5	349	349	1	2	1364	95	96		39.82813
3584	9	Si4b1	B4b1	313	313	1	4	682	99	96		39.84375
3585	9	Si4b1	B4b1	313	313	1	4	682	99	96		39.85938
3586	9	Si4b1	B4b1	313	313	1	2	1364	95	96		39.89063
3587	9	Re5	D5	327	327	1	4	682	99	96		39.90625
3588	9	Mi5b1	E5b1	335	335	1	4	682	95	96		39.92188
3589	9	Re5	D5	327	327	1	4	682	99	96		39.9375
3590	9	Do5	C5	318	318	1	4	682	99	96		39.95313
3591	8	Re5	D5	327	327	1	8	341	99	96		39.96094
3592	9	Do5	C5	318	318	1	4	682	95	96		39.97656
3593	9	Si4b1	B4b1	313	313	1	4	682	95	96		39.99219
3594	8	Re5	D5	327	327	1	8	341	95	96		40
3595	9	Do5	C5	318	318	1	4	682	99	96		40.01563
3596	9	Si4b1	B4b1	313	313	1	4	682	99	96		40.03125
3597	9	La4	A4	305	305	1	4	682	99	96		40.04688
3598	9	Sol4	G4	296	296	1	4	682	99	96		40.0625
3599	9	Sol4	G4	296	296	3	8	1023	95	96		40.08594
3600	9			-1	-1	1	8	341	100	0		40.09375
3601	9	Fa5	F5	340	340	1	4	682	99	96		40.10938
3602	9	Sol5	G5	349	349	1	4	682	99	96		40.125
3603	9	Sol5	G5	349	349	1	8	341	99	96		40.13281
3604	9	Fa5	F5	340	340	1	4	682	99	96		40.14844
3605	9	Mi5b1	E5b1	335	335	1	8	341	95	96		40.15625
3606	9	La5	A5	358	358	3	8	1023	99	96		40.17969
3607	9	Sol5	G5	349	349	1	8	341	95	96		40.1875
3608	9	La5	A5	358	358	1	4	682	99	96		40.20313
3609	9	Sol5	G5	349	349	1	4	682	99	96		40.21875
3610	8	La5	A5	358	358	1	8	341	99	96		40.22656
3611	9	Sol5	G5	349	349	1	4	682	95	96		40.24219
3612	9	Fa5	F5	340	340	1	4	682	95	96		40.25781
3613	9	La5	A5	358	358	1	4	682	99	96		40.27344
3614	9	Sol5	G5	349	349	1	4	682	99	96		40.28906
3615	9	Fa5	F5	340	340	1	4	682	99	96		40.30469
3616	9	Mi5b1	E5b1	335	335	1	4	682	95	96		40.32031
3617	9	Re5	D5	327	327	1	2	1364	95	96		40.35156
3618	9	Sol5	G5	349	349	1	4	682	99	96		40.36719
3619	9	Fa5	F5	340	340	1	8	341	99	96		40.375
3620	9	Mi5b1	E5b1	335	335	1	8	341	95	96		40.38281
3621	9	Mi5b1	E5b1	335	335	1	8	341	99	96		40.39063
3622	9	Re5	D5	327	327	1	4	682	99	96		40.40625
3623	9	Mi5b1	E5b1	335	335	1	8	341	95	96		40.41406
3624	9	Re5	D5	327	327	1	8	341	99	96		40.42188
3625	9	Do5	C5	318	318	1	4	682	95	96		40.4375
3626	9	Re5	D5	327	327	1	8	341	95	96		40.44531
3627	9	Do5	C5	318	318	3	16	511	99	96		40.45703
3628	9	Si4b1	B4b1	313	313	1	16	170	99	96		40.46094
3629	9	La4#4	A4#4	309	309	1	8	341	99	96		40.46875
3630	9	Si4b1	B4b1	313	313	1	8	341	99	96		40.47656
3631	9	La4#4	A4#4	309	309	1	8	341	99	96		40.48438
3632	9	Si4b1	B4b1	313	313	1	8	341	99	96		40.49219
3633	9	Do5	C5	318	318	1	16	170	99	96		40.49609
3634	9	Re5	D5	327	327	1	16	170	99	96		40.5
3635	9	Do5	C5	318	318	1	16	170	99	96		40.50391
3636	9	Si4b1	B4b1	313	313	1	16	170	99	96		40.50781
3637	9	Si4b1	B4b1	313	313	1	2	1364	99	96		40.53906
3638	9	Si4b1	B4b1	313	313	1	4	682	95	96		40.55469
3639	9			-1	-1	1	4	682	100	0		40.57031
3640	9	Si4b1	B4b1	313	313	1	2	1364	95	96		40.60156
3641	9	Do5	C5	318	318	1	4	682	99	96		40.61719
3642	8	Re5	D5	327	327	1	8	341	99	96		40.625
3643	9	Do5	C5	318	318	1	8	341	99	96		40.63281
3644	9	Re5	D5	327	327	1	8	341	95	96		40.64063
3645	9	Si4b1	B4b1	313	313	1	8	341	99	96		40.64844
3646	9	Do5	C5	318	318	1	8	341	99	96		40.65625
3647	9	Si4b1	B4b1	313	313	1	4	682	99	96		40.67188
3648	9	Do5	C5	318	318	1	8	341	99	96		40.67969
3649	9	Re5	D5	327	327	1	8	341	99	96		40.6875
3650	9	Do5	C5	318	318	1	8	341	99	96		40.69531
3651	9	Re5	D5	327	327	1	8	341	95	96		40.70313
3652	9	Mi5b4	E5b4	332	332	3	16	511	99	96		40.71484
3653	9	Re5	D5	327	327	1	16	170	99	96		40.71875
3654	9	Do5#4	C5#4	322	322	1	8	341	99	96		40.72656
3655	9	Re5	D5	327	327	1	8	341	99	96		40.73438
3656	9	Do5#4	C5#4	322	322	1	8	341	99	96		40.74219
3657	9	Re5	D5	327	327	1	8	341	99	96		40.75
3658	8	Fa5#4	F5#4	344	344	1	8	341	99	96		40.75781
3659	9	Mi5b4	E5b4	332	332	1	8	341	99	96		40.76563
3660	9	Mi5b4	E5b4	332	332	1	16	170	99	96		40.76953
3661	9	Re5	D5	327	327	1	16	170	99	96		40.77344
3662	9	Re5	D5	327	327	1	2	1364	99	96		40.80469
3663	9	Re5	D5	327	327	1	4	682	95	96		40.82031
3664	9			-1	-1	1	4	682	100	0		40.83594
3665	9	Sol5	G5	349	349	3	8	1023	99	96		40.85938
3666	9	Fa5#4	F5#4	344	344	1	8	341	95	96		40.86719
3667	9	Mi5b1	E5b1	335	335	1	4	682	99	96		40.88281
3668	9	Fa5#4	F5#4	344	344	1	4	682	99	96		40.89844
3669	9	Sol5	G5	349	349	1	2	1364	95	96		40.92969
3670	9	La5	A5	358	358	1	2	1364	95	96		40.96094
3671	9	La5	A5	358	358	1	4	682	99	96		40.97656
3672	9	Sol5	G5	349	349	1	8	341	99	96		40.98438
3673	9	La5	A5	358	358	1	8	341	99	96		40.99219
3674	8	Si5b5	B5b5	362	362	1	8	341	99	96		41
3675	9	La5	A5	358	358	1	8	341	99	96		41.00781
3676	9	Si5b5	B5b5	362	362	1	8	341	99	96		41.01563
3677	9	La5	A5	358	358	1	8	341	95	96		41.02344
3678	9	Sol5	G5	349	349	1	8	341	95	96		41.03125
3679	9	Sol5	G5	349	349	1	4	682	95	96		41.04688
3680	9	Fa5	F5	340	340	1	8	341	95	96		41.05469
3681	9	Sol5	G5	349	349	1	8	341	95	96		41.0625
3682	8	La5	A5	358	358	1	8	341	95	96		41.07031
3683	9	Sol5	G5	349	349	1	8	341	95	96		41.07813
3684	9	La5	A5	358	358	1	8	341	95	96		41.08594
3685	9	Sol5	G5	349	349	1	8	341	95	96		41.09375
3686	9	Fa5	F5	340	340	1	8	341	95	96		41.10156
3687	8	Sol5	G5	349	349	1	8	341	95	96		41.10938
3688	9	Fa5	F5	340	340	1	8	341	95	96		41.11719
3689	9	Mi5b1	E5b1	335	335	1	8	341	95	96		41.125
3690	9	Fa5	F5	340	340	1	8	341	95	96		41.13281
3691	9	Sol5	G5	349	349	1	8	341	95	96		41.14063
3692	8	La5	A5	358	358	1	8	341	95	96		41.14844
3693	9	Sol5	G5	349	349	1	8	341	95	96		41.15625
3694	9	Fa5	F5	340	340	1	8	341	95	96		41.16406
3695	9	Fa5	F5	340	340	1	8	341	95	96		41.17188
3696	9	Mi5b1	E5b1	335	335	1	8	341	95	96		41.17969
3697	9	Fa5	F5	340	340	1	4	682	99	96		41.19531
3698	9	Mi5b1	E5b1	335	335	1	8	341	99	96		41.20313
3699	9	Re5	D5	327	327	1	8	341	95	96		41.21094
3700	9	La5	A5	358	358	1	4	682	99	96		41.22656
3701	8	Si5b5	B5b5	362	362	1	8	341	99	96		41.23438
3702	9	La5	A5	358	358	1	8	341	99	96		41.24219
3703	9	Sol5	G5	349	349	1	8	341	95	96		41.25
3704	9	Fa5	F5	340	340	1	4	682	99	96		41.26563
3705	9	Sol5	G5	349	349	1	2	1364	95	96		41.29688
3706	9			-1	-1	1	4	682	100	0		41.3125
3707	9	Sol5	G5	349	349	1	4	682	99	96		41.32813
3708	9	Fa5	F5	340	340	1	8	341	99	96		41.33594
3709	9	Sol5	G5	349	349	1	8	341	99	96		41.34375
3710	8	La5	A5	358	358	1	8	341	99	96		41.35156
3711	9	Sol5	G5	349	349	1	8	341	99	96		41.35938
3712	9	La5	A5	358	358	1	8	341	99	96		41.36719
3713	9	Sol5	G5	349	349	1	8	341	99	96		41.375
3714	9	Fa5	F5	340	340	1	8	341	99	96		41.38281
3715	9	Fa5	F5	340	340	1	8	341	99	96		41.39063
3716	9	Sol5	G5	349	349	1	8	341	99	96		41.39844
3717	9	Fa5	F5	340	340	1	8	341	99	96		41.40625
3718	9	Mi5b1	E5b1	335	335	1	8	341	95	96		41.41406
3719	9	La5	A5	358	358	1	4	682	99	96		41.42969
3720	9	Sol5	G5	349	349	1	8	341	99	96		41.4375
3721	9	Fa5	F5	340	340	1	8	341	99	96		41.44531
3722	9	Fa5	F5	340	340	1	16	170	99	96		41.44922
3723	9	Mi5b1	E5b1	335	335	1	16	170	99	96		41.45313
3724	9	Fa5	F5	340	340	1	16	170	99	96		41.45703
3725	9	Sol5	G5	349	349	1	16	170	99	96		41.46094
3726	9	Fa5	F5	340	340	1	8	341	99	96		41.46875
3727	9	Mi5b1	E5b1	335	335	1	8	341	95	96		41.47656
3728	9	Mi5b1	E5b1	335	335	1	16	170	99	96		41.48047
3729	9	Re5	D5	327	327	1	16	170	99	96		41.48438
3730	9	Mi5b1	E5b1	335	335	1	16	170	99	96		41.48828
3731	9	Fa5	F5	340	340	1	16	170	99	96		41.49219
3732	9	Mi5b1	E5b1	335	335	1	8	341	99	96		41.5
3733	9	Re5	D5	327	327	1	8	341	95	96		41.50781
3734	9	Re5	D5	327	327	1	8	341	99	96		41.51563
3735	9	Fa5	F5	340	340	1	8	341	99	96		41.52344
3736	9	Mi5b1	E5b1	335	335	1	8	341	99	96		41.53125
3737	9	Re5	D5	327	327	1	8	341	99	96		41.53906
3738	9	Re5	D5	327	327	1	4	682	95	96		41.55469
3739	9	La5	A5	358	358	1	8	341	99	96		41.5625
3740	9	Sol5	G5	349	349	1	8	341	95	96		41.57031
3741	9	Sol5	G5	349	349	1	8	341	99	96		41.57813
3742	9	Fa5	F5	340	340	1	8	341	95	96		41.58594
3743	9	Fa5	F5	340	340	1	8	341	99	96		41.59375
3744	9	Mi5b1	E5b1	335	335	1	8	341	95	96		41.60156
3745	9	Mi5b1	E5b1	335	335	1	8	341	99	96		41.60938
3746	9	Re5	D5	327	327	1	8	341	95	96		41.61719
3747	9	Re5	D5	327	327	1	8	341	99	96		41.625
3748	9	Mi5b1	E5b1	335	335	1	8	341	95	96		41.63281
3749	9	Re5	D5	327	327	1	8	341	99	96		41.64063
3750	9	Do5	C5	318	318	1	4	682	95	96		41.65625
3751	9	Si4b1	B4b1	313	313	1	8	341	95	96		41.66406
3752	9	Re5	D5	327	327	1	4	682	99	96		41.67969
3753	9	Mi5b1	E5b1	335	335	1	4	682	95	96		41.69531
3754	9	Mi5b1	E5b1	335	335	1	16	170	99	96		41.69922
3755	9	Re5	D5	327	327	1	16	170	99	96		41.70313
3756	9	Mi5b1	E5b1	335	335	1	16	170	99	96		41.70703
3757	9	Fa5	F5	340	340	1	16	170	99	96		41.71094
3758	9	Mi5b1	E5b1	335	335	1	8	341	95	96		41.71875
3759	9	Re5	D5	327	327	1	8	341	95	96		41.72656
3760	8	Fa5	F5	340	340	1	8	341	95	96		41.73438
3761	9	Mi5b1	E5b1	335	335	1	8	341	99	96		41.74219
3762	9	Re5	D5	327	327	1	8	341	99	96		41.75
3763	9	Mi5b1	E5b1	335	335	1	4	682	95	96		41.76563
3764	9			-1	-1	1	4	682	100	0		41.78125
3765	9	Re5	D5	327	327	1	8	341	99	96		41.78906
3766	9	Mi5b1	E5b1	335	335	1	8	341	99	96		41.79688
3767	9	Fa5	F5	340	340	1	4	682	99	96		41.8125
3768	9	Sol5	G5	349	349	1	4	682	95	96		41.82813
3769	9	Sol5	G5	349	349	1	4	682	99	96		41.84375
3770	9	Fa5	F5	340	340	1	8	341	99	96		41.85156
3771	9	Sol5	G5	349	349	1	8	341	99	96		41.85938
3772	8	La5	A5	358	358	1	8	341	99	96		41.86719
3773	9	Sol5	G5	349	349	1	8	341	99	96		41.875
3774	9	La5	A5	358	358	1	8	341	99	96		41.88281
3775	9	Sol5	G5	349	349	1	8	341	99	96		41.89063
3776	9	Fa5	F5	340	340	1	8	341	99	96		41.89844
3777	9	Fa5	F5	340	340	1	8	341	99	96		41.90625
3778	9	Sol5	G5	349	349	1	8	341	99	96		41.91406
3779	9	Fa5	F5	340	340	1	8	341	99	96		41.92188
3780	9	Mi5b1	E5b1	335	335	1	8	341	95	96		41.92969
3781	9	Fa5	F5	340	340	1	4	682	99	96		41.94531
3782	9	Sol5	G5	349	349	1	4	682	99	96		41.96094
3783	9	Sol5	G5	349	349	1	8	341	99	96		41.96875
3784	9	Fa5	F5	340	340	1	4	682	99	96		41.98438
3785	9	Mi5	E5	336	336	1	8	341	95	96		41.99219
3786	9	La5	A5	358	358	1	4	682	99	96		42.00781
3787	8	Si5b5	B5b5	362	362	1	8	341	99	96		42.01563
3788	9	La5	A5	358	358	1	8	341	99	96		42.02344
3789	9	Sol5	G5	349	349	1	8	341	95	96		42.03125
3790	9	Sol5	G5	349	349	1	4	682	99	96		42.04688
3791	8	La5	A5	358	358	1	8	341	99	96		42.05469
3792	9	Sol5	G5	349	349	1	8	341	99	96		42.0625
3793	9	Fa5	F5	340	340	1	8	341	99	96		42.07031
3794	9	Fa5	F5	340	340	1	4	682	99	96		42.08594
3795	8	Sol5	G5	349	349	1	8	341	99	96		42.09375
3796	9	Fa5	F5	340	340	1	8	341	99	96		42.10156
3797	9	Mi5b1	E5b1	335	335	1	8	341	95	96		42.10938
3798	9	Mi5b1	E5b1	335	335	1	4	682	99	96		42.125
3799	8	Sol5	G5	349	349	1	8	341	99	96		42.13281
3800	9	Fa5	F5	340	340	1	4	682	99	96		42.14844
3801	9	Mi5b1	E5b1	335	335	1	4	682	99	96		42.16406
3802	9	Re5	D5	327	327	1	4	682	99	96		42.17969
3803	9	Re5	D5	327	327	1	2	1364	99	96		42.21094
3804	9	Re5	D5	327	327	1	4	682	95	96		42.22656
3805	9			-1	-1	1	4	682	100	0		42.24219
3806	9	Re5	D5	327	327	1	2	1364	95	96		42.27344
3807	9	La5	A5	358	358	1	4	682	99	96		42.28906
3808	8	Si5b5	B5b5	362	362	1	8	341	99	96		42.29688
3809	9	La5	A5	358	358	1	8	341	99	96		42.30469
3810	9	Sol5	G5	349	349	1	8	341	95	96		42.3125
3811	9	Sol5	G5	349	349	1	4	682	99	96		42.32813
3812	8	La5	A5	358	358	1	8	341	99	96		42.33594
3813	9	Sol5	G5	349	349	1	8	341	99	96		42.34375
3814	9	Fa5	F5	340	340	1	8	341	99	96		42.35156
3815	9	Fa5	F5	340	340	1	4	682	99	96		42.36719
3816	8	Sol5	G5	349	349	1	8	341	99	96		42.375
3817	9	Fa5	F5	340	340	1	8	341	99	96		42.38281
3818	9	Mi5b1	E5b1	335	335	1	8	341	95	96		42.39063
3819	9	Mi5b1	E5b1	335	335	1	4	682	99	96		42.40625
3820	8	Fa5	F5	340	340	1	8	341	99	96		42.41406
3821	9	Mi5b1	E5b1	335	335	1	8	341	99	96		42.42188
3822	9	Re5	D5	327	327	1	8	341	99	96		42.42969
3823	9	Re5	D5	327	327	1	4	682	99	96		42.44531
3824	9	Mi5b1	E5b1	335	335	1	4	682	99	96		42.46094
3825	9	Re5	D5	327	327	1	8	341	99	96		42.46875
3826	9	Do5	C5	318	318	1	4	682	99	96		42.48438
3827	9	Si4b1	B4b1	313	313	1	8	341	95	96		42.49219
3828	9	Fa5	F5	340	340	1	4	682	99	96		42.50781
3829	9	Mi5b1	E5b1	335	335	1	8	341	99	96		42.51563
3830	9	Re5	D5	327	327	1	8	341	99	96		42.52344
3831	9	Re5	D5	327	327	3	8	1023	99	96		42.54688
3832	9	Si4b1	B4b1	313	313	1	8	341	95	96		42.55469
3833	9	Do5	C5	318	318	1	8	341	99	96		42.5625
3834	9	Si4b1	B4b1	313	313	1	8	341	99	96		42.57031
3835	9	Do5	C5	318	318	1	8	341	99	96		42.57813
3836	9	Re5	D5	327	327	1	8	341	95	96		42.58594
3837	9	Do5	C5	318	318	3	16	511	99	96		42.59766
3838	9	Si4b1	B4b1	313	313	1	16	170	99	96		42.60156
3839	9	La4#4	A4#4	309	309	1	8	341	99	96		42.60938
3840	9	Si4b1	B4b1	313	313	1	8	341	99	96		42.61719
3841	9	La4#4	A4#4	309	309	1	8	341	99	96		42.625
3842	9	Si4b1	B4b1	313	313	1	8	341	99	96		42.63281
3843	9	Do5	C5	318	318	1	16	170	99	96		42.63672
3844	9	Re5	D5	327	327	1	16	170	99	96		42.64063
3845	9	Do5	C5	318	318	1	16	170	99	96		42.64453
3846	9	Si4b1	B4b1	313	313	1	16	170	99	96		42.64844
3847	9	Si4b1	B4b1	313	313	1	2	1364	99	96		42.67969
3848	9	Si4b1	B4b1	313	313	1	4	682	95	96		42.69531
3849	9			-1	-1	1	4	682	100	0		42.71094
3850	9			-1	-1	1	4	682	100	0		42.72656
3851	9	Si4b1	B4b1	313	313	1	4	682	99	96		42.74219
3852	9	Si4b1	B4b1	313	313	1	4	682	95	96		42.75781
3853	9	Re5	D5	327	327	1	4	682	95	96		42.77344
3854	9	Do5	C5	318	318	1	2	1364	95	96		42.80469
3855	9	Re5	D5	327	327	1	2	1364	95	96		42.83594
3856	9			-1	-1	1	4	682	100	0		42.85156
3857	9	Re5	D5	327	327	1	4	682	99	96		42.86719
3858	9	Re5	D5	327	327	1	4	682	95	96		42.88281
3859	9	Mi5b1	E5b1	335	335	1	4	682	95	96		42.89844
3860	9	Re5	D5	327	327	1	4	682	99	96		42.91406
3861	8	Mi5	E5	336	336	1	8	341	99	96		42.92188
3862	9	Re5	D5	327	327	1	8	341	95	96		42.92969
3863	9	Do5	C5	318	318	1	8	341	95	96		42.9375
3864	8	Do5	C5	318	318	1	8	341	95	96		42.94531
3865	9	Si4b1	B4b1	313	313	3	16	511	99	96		42.95703
3866	9	La4#4	A4#4	309	309	1	16	170	99	96		42.96094
3867	9	Sol4	G4	296	296	1	8	341	99	96		42.96875
3868	9	La4#4	A4#4	309	309	1	8	341	99	96		42.97656
3869	9	Si4b1	B4b1	313	313	1	4	682	95	96		42.99219
3870	9	Si4b1	B4b1	313	313	1	4	682	95	96		43.00781
3871	9	Mi5b1	E5b1	335	335	1	4	682	95	96		43.02344
3872	9	Mi5b1	E5b1	335	335	1	8	341	99	96		43.03125
3873	9	Re5	D5	327	327	1	8	341	95	96		43.03906
3874	9	Re5	D5	327	327	1	4	682	99	96		43.05469
3875	8	Mi5	E5	336	336	1	8	341	99	96		43.0625
3876	9	Re5	D5	327	327	1	8	341	99	96		43.07031
3877	9	Do5	C5	318	318	1	8	341	95	96		43.07813
3878	8	Do5	C5	318	318	1	8	341	95	96		43.08594
3879	9	Si4b1	B4b1	313	313	3	16	511	99	96		43.09766
3880	9	La4#4	A4#4	309	309	1	16	170	99	96		43.10156
3881	9	Si4b1	B4b1	313	313	1	8	341	99	96		43.10938
3882	9	Do5	C5	318	318	1	8	341	99	96		43.11719
3883	9	Si4b1	B4b1	313	313	1	8	341	99	96		43.125
3884	9	La4#4	A4#4	309	309	1	8	341	95	96		43.13281
3885	9	Sol4	G4	296	296	1	8	341	99	96		43.14063
3886	9	La4#4	A4#4	309	309	1	8	341	99	96		43.14844
3887	9	Sol4	G4	296	296	1	4	682	95	96		43.16406
3888	9	La4#4	A4#4	309	309	1	4	682	95	96		43.17969
3889	9	Si4b1	B4b1	313	313	1	2	1364	99	96		43.21094
3890	9	Si4b1	B4b1	313	313	1	4	682	95	96		43.22656
3891	9			-1	-1	1	4	682	100	0		43.24219
3892	9			-1	-1	1	4	682	100	0		43.25781
3893	9	Si4b1	B4b1	313	313	1	4	682	99	96		43.27344
3894	9	Si4b1	B4b1	313	313	1	4	682	95	96		43.28906
3895	9	Re5	D5	327	327	1	4	682	95	96		43.30469
3896	9	Do5	C5	318	318	1	2	1364	95	96		43.33594
3897	9	Re5	D5	327	327	1	2	1364	95	96		43.36719
3898	9			-1	-1	1	4	682	100	0		43.38281
3899	9	Re5	D5	327	327	1	4	682	99	96		43.39844
3900	9	Re5	D5	327	327	1	4	682	95	96		43.41406
3901	9	Mi5b1	E5b1	335	335	1	4	682	95	96		43.42969
3902	9	Re5	D5	327	327	1	4	682	99	96		43.44531
3903	8	Mi5b1	E5b1	335	335	1	8	341	99	96		43.45313
3904	9	Re5	D5	327	327	1	8	341	99	96		43.46094
3905	9	Do5	C5	318	318	1	8	341	95	96		43.46875
3906	8	Do5	C5	318	318	1	8	341	95	96		43.47656
3907	9	Si4b1	B4b1	313	313	3	16	511	99	96		43.48828
3908	9	La4#4	A4#4	309	309	1	16	170	99	96		43.49219
3909	9	Si4b1	B4b1	313	313	1	8	341	99	96		43.5
3910	9	Do5	C5	318	318	1	8	341	99	96		43.50781
3911	9	Si4b1	B4b1	313	313	1	4	682	95	96		43.52344
3912	9	Si4b1	B4b1	313	313	1	4	682	95	96		43.53906
3913	9	Mi5b1	E5b1	335	335	1	4	682	95	96		43.55469
3914	9	Mi5b1	E5b1	335	335	1	8	341	99	96		43.5625
3915	9	Re5	D5	327	327	1	8	341	95	96		43.57031
3916	9	Re5	D5	327	327	1	4	682	99	96		43.58594
3917	8	Mi5	E5	336	336	1	8	341	99	96		43.59375
3918	9	Re5	D5	327	327	1	8	341	99	96		43.60156
3919	9	Do5	C5	318	318	1	8	341	95	96		43.60938
3920	8	Do5	C5	318	318	1	8	341	95	96		43.61719
3921	9	Si4b1	B4b1	313	313	3	16	511	99	96		43.62891
3922	9	La4#4	A4#4	309	309	1	16	170	99	96		43.63281
3923	9	Si4b1	B4b1	313	313	1	8	341	99	96		43.64063
3924	9	Do5	C5	318	318	1	8	341	99	96		43.64844
3925	9	Si4b1	B4b1	313	313	1	8	341	99	96		43.65625
3926	9	La4#4	A4#4	309	309	1	8	341	95	96		43.66406
3927	9	Sol4	G4	296	296	1	8	341	99	96		43.67188
3928	9	La4#4	A4#4	309	309	1	8	341	99	96		43.67969
3929	9	Sol4	G4	296	296	1	4	682	95	96		43.69531
3930	9	La4#4	A4#4	309	309	1	4	682	95	96		43.71094
3931	9	Si4b1	B4b1	313	313	1	2	1364	99	96		43.74219
3932	9	Si4b1	B4b1	313	313	1	4	682	95	96		43.75781
3933	9			-1	-1	1	4	682	100	0		43.77344
3934	9	Sol4	G4	296	296	1	4	682	95	96		43.78906
3935	9	Si4b1	B4b1	313	313	1	4	682	95	96		43.80469
3936	9	Si4b1	B4b1	313	313	1	4	682	95	96		43.82031
3937	9	Si4b1	B4b1	313	313	1	4	682	95	96		43.83594
3938	9	Sol4	G4	296	296	1	4	682	95	96		43.85156
3939	9	Si4b1	B4b1	313	313	1	4	682	95	96		43.86719
3940	9	Si4b1	B4b1	313	313	1	4	682	95	96		43.88281
3941	9	Si4b1	B4b1	313	313	1	4	682	95	96		43.89844
3942	9	Si4b1	B4b1	313	313	1	4	682	95	96		43.91406
3943	9	La4	A4	305	305	1	8	341	95	96		43.92188
3944	9	Si4b1	B4b1	313	313	1	8	341	95	96		43.92969
3945	9	Do5	C5	318	318	1	4	682	95	96		43.94531
3946	9	Re5	D5	327	327	1	4	682	95	96		43.96094
3947	9	Re5	D5	327	327	1	8	341	99	96		43.96875
3948	9	Do5	C5	318	318	1	8	341	95	96		43.97656
3949	9	Do5	C5	318	318	1	8	341	99	96		43.98438
3950	9	Si4b1	B4b1	313	313	1	8	341	95	96		43.99219
3951	9	Si4b1	B4b1	313	313	1	8	341	99	96		44
3952	9	La4	A4	305	305	1	8	341	99	96		44.00781
3953	8	Do5	C5	318	318	1	8	341	99	96		44.01563
3954	9	Si4b1	B4b1	313	313	1	8	341	99	96		44.02344
3955	9	La4	A4	305	305	1	8	341	95	96		44.03125
3956	9	La4	A4	305	305	1	2	1364	95	96		44.0625
3957	9			-1	-1	1	4	682	100	0		44.07813
3958	9	Re5	D5	327	327	1	8	341	95	96		44.08594
3959	9	Re5	D5	327	327	1	8	341	95	96		44.09375
3960	9	Re5	D5	327	327	1	2	1364	95	96		44.125
3961	9	Re5	D5	327	327	1	8	341	99	96		44.13281
3962	9	Do5#4	C5#4	322	322	1	8	341	99	96		44.14063
3963	9	Si4b4	B4b4	310	310	1	8	341	99	96		44.14844
3964	9	La4	A4	305	305	1	8	341	95	96		44.15625
3965	9	Mi5	E5	336	336	1	8	341	99	96		44.16406
3966	9	Re5	D5	327	327	1	8	341	95	96		44.17188
3967	9	Re5	D5	327	327	1	8	341	99	96		44.17969
3968	9	Do5#4	C5#4	322	322	1	8	341	95	96		44.1875
3969	9	Do5#4	C5#4	322	322	1	8	341	99	96		44.19531
3970	9	Si4b4	B4b4	310	310	1	8	341	95	96		44.20313
3971	9	Si4b4	B4b4	310	310	1	8	341	99	96		44.21094
3972	9	La4	A4	305	305	1	8	341	95	96		44.21875
3973	9	La4	A4	305	305	3	8	1023	99	96		44.24219
3974	9	Do5	C5	318	318	1	8	341	99	96		44.25
3975	9	Si4b1	B4b1	313	313	1	8	341	99	96		44.25781
3976	9	La4#4	A4#4	309	309	1	8	341	99	96		44.26563
3977	9	Si4b1	B4b1	313	313	1	4	682	95	96		44.28125
3978	9	La4	A4	305	305	1	2	1364	95	96		44.3125
3979	9	La4	A4	305	305	1	4	682	95	96		44.32813
3980	9			-1	-1	1	4	682	100	0		44.34375
3981	9	La4	A4	305	305	1	4	682	95	96		44.35938
3982	9	La5	A5	358	358	1	4	682	95	96		44.375
3983	9	La5	A5	358	358	1	4	682	95	96		44.39063
3984	9	La5	A5	358	358	1	4	682	95	96		44.40625
3985	9	Sol5#4	G5#4	353	353	1	8	341	99	96		44.41406
3986	9	La5	A5	358	358	1	8	341	99	96		44.42188
3987	9	Si5	B5	367	367	1	8	341	99	96		44.42969
3988	9	La5	A5	358	358	1	8	341	95	96		44.4375
3989	9	La5	A5	358	358	1	2	1364	95	96		44.46875
3990	9			-1	-1	1	4	682	100	0		44.48438
3991	9	Sol5#4	G5#4	353	353	1	8	341	99	96		44.49219
3992	9	La5	A5	358	358	1	8	341	99	96		44.5
3993	9	Si5	B5	367	367	1	4	682	95	96		44.51563
3994	9	La5	A5	358	358	1	8	341	99	96		44.52344
3995	9	Sol5#4	G5#4	353	353	1	8	341	95	96		44.53125
3996	9	Sol5#4	G5#4	353	353	1	8	341	99	96		44.53906
3997	9	Fa5#1	F5#1	341	341	1	8	341	99	96		44.54688
3998	9	Fa5#1	F5#1	341	341	1	8	341	99	96		44.55469
3999	9	Mi5	E5	336	336	1	8	341	95	96		44.5625
4000	9	Mi5	E5	336	336	1	4	682	99	96		44.57813
4001	9	Mi5	E5	336	336	1	8	341	99	96		44.58594
4002	9	Fa5	F5	340	340	1	8	341	99	96		44.59375
4003	9	Mi5	E5	336	336	1	8	341	99	96		44.60156
4004	9	Re5	D5	327	327	1	8	341	95	96		44.60938
4005	9	Do5#4	C5#4	322	322	1	8	341	95	96		44.61719
4006	9	Re5	D5	327	327	1	8	341	95	96		44.625
4007	9	Mi5	E5	336	336	1	8	341	99	96		44.63281
4008	9	Fa5#4	F5#4	344	344	1	8	341	95	96		44.64063
4009	9	Sol5	G5	349	349	1	4	682	95	96		44.65625
4010	9	Fa5#4	F5#4	344	344	1	8	341	99	96		44.66406
4011	9	Mi5	E5	336	336	1	8	341	99	96		44.67188
4012	9	Fa5#4	F5#4	344	344	1	8	341	99	96		44.67969
4013	9	Sol5	G5	349	349	1	8	341	95	96		44.6875
4014	9	Fa5#4	F5#4	344	344	1	8	341	99	96		44.69531
4015	9	Mi5	E5	336	336	1	8	341	99	96		44.70313
4016	9	Re5	D5	327	327	1	4	682	95	96		44.71875
4017	9	La5	A5	358	358	1	4	682	95	96		44.73438
4018	9	La5	A5	358	358	1	8	341	99	96		44.74219
4019	9	Sol5#4	G5#4	353	353	1	8	341	99	96		44.75
4020	9	Fa5#1	F5#1	341	341	1	4	682	95	96		44.76563
4021	9	Sol5#4	G5#4	353	353	1	4	682	95	96		44.78125
4022	9	La5	A5	358	358	1	2	1364	95	96		44.8125
4023	9	La5	A5	358	358	1	4	682	95	96		44.82813
4024	9			-1	-1	1	4	682	100	0		44.84375
4025	9	Fa5#4	F5#4	344	344	1	8	341	99	96		44.85156
4026	9	Mi5	E5	336	336	1	8	341	99	96		44.85938
4027	9	Fa5#4	F5#4	344	344	1	8	341	99	96		44.86719
4028	9	Sol5	G5	349	349	1	8	341	95	96		44.875
4029	9	Fa5	F5	340	340	1	8	341	99	96		44.88281
4030	9	Mi5	E5	336	336	1	8	341	99	96		44.89063
4031	9	Re5	D5	327	327	1	8	341	99	96		44.89844
4032	9	Do5#4	C5#4	322	322	1	8	341	99	96		44.90625
4033	9	Si4b4	B4b4	310	310	1	8	341	95	96		44.91406
4034	9	La4	A4	305	305	1	8	341	95	96		44.92188
4035	8	Mi5	E5	336	336	1	8	341	95	96		44.92969
4036	9	Re5	D5	327	327	1	4	682	99	96		44.94531
4037	9	Do5#4	C5#4	322	322	1	8	341	99	96		44.95313
4038	9	Si4b4	B4b4	310	310	1	8	341	95	96		44.96094
4039	9	Si4b4	B4b4	310	310	1	8	341	99	96		44.96875
4040	9	La4	A4	305	305	1	8	341	95	96		44.97656
4041	9	La4	A4	305	305	1	2	1364	95	96		45.00781
4042	9	La4	A4	305	305	1	4	682	95	96		45.02344
4043	9			-1	-1	1	4	682	100	0		45.03906
4044	9	Sol4	G4	296	296	1	4	682	99	96		45.05469
4045	9	Sol4	G4	296	296	1	8	341	99	96		45.0625
4046	9	Do5	C5	318	318	1	8	341	99	96		45.07031
4047	9	Do5	C5	318	318	1	2	1364	95	96		45.10156
4048	9	Re5	D5	327	327	1	4	682	99	96		45.11719
4049	8	Fa5	F5	340	340	1	8	341	99	96		45.125
4050	9	Mi5	E5	336	336	1	8	341	95	96		45.13281
4051	9	Re5	D5	327	327	1	8	341	95	96		45.14063
4052	8	Re5	D5	327	327	1	8	341	95	96		45.14844
4053	9	Do5	C5	318	318	1	8	341	99	96		45.15625
4054	9	Si4b1	B4b1	313	313	1	8	341	99	96		45.16406
4055	9	Do5	C5	318	318	1	4	682	95	96		45.17969
4056	9			-1	-1	1	4	682	100	0		45.19531
4057	9	Si4b1	B4b1	313	313	1	8	341	95	96		45.20313
4058	9	Do5	C5	318	318	1	8	341	95	96		45.21094
4059	9	Re5	D5	327	327	1	4	682	95	96		45.22656
4060	9	Re5	D5	327	327	1	4	682	95	96		45.24219
4061	9	Re5	D5	327	327	1	4	682	99	96		45.25781
4062	8	Fa5	F5	340	340	1	8	341	99	96		45.26563
4063	9	Mi5	E5	336	336	1	8	341	99	96		45.27344
4064	9	Re5	D5	327	327	1	8	341	95	96		45.28125
4065	9	Re5	D5	327	327	1	2	1364	99	96		45.3125
4066	9	Re5	D5	327	327	1	4	682	95	96		45.32813
4067	9	Mi5	E5	336	336	1	4	682	95	96		45.34375
4068	9	Do5	C5	318	318	1	4	682	95	96		45.35938
4069	9	Re5	D5	327	327	1	4	682	95	96		45.375
4070	9	Do5	C5	318	318	1	4	682	95	96		45.39063
4071	9	Mi5	E5	336	336	1	4	682	95	96		45.40625
4072	9	Re5	D5	327	327	1	4	682	99	96		45.42188
4073	8	Fa5	F5	340	340	1	8	341	99	96		45.42969
4074	9	Mi5	E5	336	336	1	8	341	95	96		45.4375
4075	9	Re5	D5	327	327	1	8	341	95	96		45.44531
4076	9	Re5	D5	327	327	1	4	682	95	96		45.46094
4077	9	Mi5	E5	336	336	1	8	341	99	96		45.46875
4078	9	Re5	D5	327	327	1	8	341	99	96		45.47656
4079	9	Do5	C5	318	318	1	8	341	99	96		45.48438
4080	9	Si4b1	B4b1	313	313	1	8	341	95	96		45.49219
4081	9	Si4b1	B4b1	313	313	1	8	341	95	96		45.5
4082	9	La4	A4	305	305	1	8	341	95	96		45.50781
4083	9	Sol4	G4	296	296	3	8	1023	95	96		45.53125
4084	9	Do5	C5	318	318	1	8	341	95	96		45.53906
4085	9	Do5	C5	318	318	1	2	1364	95	96		45.57031
4086	9	Sol4	G4	296	296	1	2	1364	95	96		45.60156
4087	9	Sol4	G4	296	296	1	4	682	95	96		45.61719
4088	9			-1	-1	1	4	682	100	0		45.63281
4089	9	Sol4	G4	296	296	3	8	1023	99	96		45.65625
4090	9	La4#4	A4#4	309	309	1	8	341	95	96		45.66406
4091	9	Si4b1	B4b1	313	313	1	4	682	95	96		45.67969
4092	9	Si4b1	B4b1	313	313	1	4	682	95	96		45.69531
4093	9	Sol4	G4	296	296	3	8	1023	99	96		45.71875
4094	9	La4#4	A4#4	309	309	1	8	341	95	96		45.72656
4095	9	Si4b1	B4b1	313	313	1	4	682	95	96		45.74219
4096	9	Si4b1	B4b1	313	313	1	4	682	95	96		45.75781
4097	9	Re5	D5	327	327	1	8	341	99	96		45.76563
4098	9	Do5	C5	318	318	1	8	341	99	96		45.77344
4099	9	Si4b1	B4b1	313	313	1	8	341	99	96		45.78125
4100	9	La4	A4	305	305	1	8	341	95	96		45.78906
4101	9	Si4b1	B4b1	313	313	1	4	682	95	96		45.80469
4102	9	Do5	C5	318	318	1	4	682	95	96		45.82031
4103	9	Re5	D5	327	327	1	4	682	95	96		45.83594
4104	9	Mi5	E5	336	336	1	8	341	95	96		45.84375
4105	9	Re5	D5	327	327	1	8	341	95	96		45.85156
4106	9	Re5	D5	327	327	1	2	1364	99	96		45.88281
4107	9	Re5	D5	327	327	1	4	682	95	96		45.89844
4108	9			-1	-1	1	4	682	100	0		45.91406
4109	9	Re5	D5	327	327	1	4	682	95	96		45.92969
4110	9	Sol5	G5	349	349	1	8	341	99	96		45.9375
4111	9	Fa5	F5	340	340	1	8	341	95	96		45.94531
4112	9	Fa5	F5	340	340	1	8	341	95	96		45.95313
4113	9	Mi5	E5	336	336	1	4	682	95	96		45.96875
4114	9	Re5	D5	327	327	1	8	341	95	96		45.97656
4115	9	Mi5	E5	336	336	1	8	341	99	96		45.98438
4116	9	Re5	D5	327	327	1	8	341	99	96		45.99219
4117	9	Do5	C5	318	318	1	8	341	95	96		46
4118	9	Mi5	E5	336	336	1	8	341	95	96		46.00781
4119	9	Re5	D5	327	327	1	4	682	95	96		46.02344
4120	9	Do5	C5	318	318	1	4	682	99	96		46.03906
4121	8	Re5	D5	327	327	1	8	341	99	96		46.04688
4122	9	Do5	C5	318	318	1	8	341	99	96		46.05469
4123	9	Si4b1	B4b1	313	313	1	8	341	95	96		46.0625
4124	9	Si4b1	B4b1	313	313	1	8	341	99	96		46.07031
4125	9	La4	A4	305	305	1	8	341	95	96		46.07813
4126	9	La4	A4	305	305	3	8	1023	99	96		46.10156
4127	9	Do5	C5	318	318	1	8	341	99	96		46.10938
4128	9	Si4b1	B4b1	313	313	1	8	341	99	96		46.11719
4129	9	La4#4	A4#4	309	309	1	8	341	99	96		46.125
4130	9	Si4b1	B4b1	313	313	1	4	682	95	96		46.14063
4131	9	La4	A4	305	305	1	2	1364	95	96		46.17188
4132	9	La4	A4	305	305	1	4	682	95	96		46.1875
4133	9			-1	-1	1	4	682	100	0		46.20313
4134	9			-1	-1	1	4	682	100	0		46.21875
4135	9	Fa5	F5	340	340	1	8	341	95	96		46.22656
4136	9	Fa5	F5	340	340	1	8	341	95	96		46.23438
4137	9	Fa5	F5	340	340	1	4	682	95	96		46.25
4138	9	Fa5	F5	340	340	1	4	682	95	96		46.26563
4139	9	Fa5	F5	340	340	3	8	1023	99	96		46.28906
4140	9	Mi5	E5	336	336	1	8	341	95	96		46.29688
4141	8	La5	A5	358	358	1	8	341	95	96		46.30469
4142	9	Sol5	G5	349	349	1	8	341	95	96		46.3125
4143	9	Fa5	F5	340	340	1	8	341	95	96		46.32031
4144	9	Fa5	F5	340	340	1	4	682	95	96		46.33594
4145	9			-1	-1	1	4	682	100	0		46.35156
4146	9	Mi5	E5	336	336	1	8	341	99	96		46.35938
4147	9	Fa5	F5	340	340	1	8	341	99	96		46.36719
4148	9	La5	A5	358	358	1	8	341	99	96		46.375
4149	9	Sol5	G5	349	349	1	8	341	95	96		46.38281
4150	9	Fa5	F5	340	340	1	8	341	99	96		46.39063
4151	9	Mi5	E5	336	336	1	8	341	95	96		46.39844
4152	9	Fa5	F5	340	340	1	8	341	99	96		46.40625
4153	9	Mi5	E5	336	336	1	4	682	95	96		46.42188
4154	9	Re5	D5	327	327	1	8	341	95	96		46.42969
4155	9	Fa5	F5	340	340	3	16	511	99	96		46.44141
4156	9	Mi5	E5	336	336	1	16	170	99	96		46.44531
4157	9	Re5	D5	327	327	1	8	341	99	96		46.45313
4158	9	Mi5	E5	336	336	1	8	341	99	96		46.46094
4159	9	Re5	D5	327	327	1	8	341	99	96		46.46875
4160	9	Do5	C5	318	318	1	8	341	95	96		46.47656
4161	9	Si4b1	B4b1	313	313	1	8	341	99	96		46.48438
4162	9	Do5	C5	318	318	1	8	341	95	96		46.49219
4163	9	Re5	D5	327	327	1	8	341	99	96		46.5
4164	9	Mi5	E5	336	336	1	8	341	95	96		46.50781
4165	9	Fa5	F5	340	340	1	4	682	95	96		46.52344
4166	9	Fa5	F5	340	340	1	8	341	99	96		46.53125
4167	9	Mi5	E5	336	336	1	4	682	95	96		46.54688
4168	9	Re5	D5	327	327	1	8	341	95	96		46.55469
4169	9	Mi5	E5	336	336	3	16	511	99	96		46.56641
4170	9	Re5	D5	327	327	1	16	170	99	96		46.57031
4171	9	Do5	C5	318	318	1	8	341	95	96		46.57813
4172	9	Mi5	E5	336	336	1	8	341	95	96		46.58594
4173	9	Re5	D5	327	327	1	4	682	95	96		46.60156
4174	9	Do5	C5	318	318	1	4	682	99	96		46.61719
4175	8	Re5	D5	327	327	1	8	341	99	96		46.625
4176	9	Do5	C5	318	318	1	8	341	99	96		46.63281
4177	9	Si4b1	B4b1	313	313	1	8	341	95	96		46.64063
4178	9	Si4b1	B4b1	313	313	1	8	341	95	96		46.64844
4179	9	La4	A4	305	305	1	8	341	95	96		46.65625
4180	9	La4	A4	305	305	3	8	1023	95	96		46.67969
4181	9	Fa5	F5	340	340	1	8	341	95	96		46.6875
4182	9	Fa5	F5	340	340	1	8	341	95	96		46.69531
4183	9	Mi5	E5	336	336	1	8	341	95	96		46.70313
4184	9	Fa5	F5	340	340	1	4	682	95	96		46.71875
4185	9	La4	A4	305	305	1	2	1364	95	96		46.75
4186	9	La4	A4	305	305	1	4	682	95	96		46.76563
4187	9			-1	-1	1	4	682	100	0		46.78125
4188	9			-1	-1	1	4	682	100	0		46.79688
4189	9	Sol5	G5	349	349	1	8	341	95	96		46.80469
4190	9	Sol5	G5	349	349	1	8	341	95	96		46.8125
4191	9	Sol5	G5	349	349	1	4	682	95	96		46.82813
4192	9	Sol5	G5	349	349	1	4	682	95	96		46.84375
4193	9	Sol5	G5	349	349	1	4	682	95	96		46.85938
4194	9	La5	A5	358	358	1	4	682	95	96		46.875
4195	9	Si5b5	B5b5	362	362	1	8	341	99	96		46.88281
4196	9	La5	A5	358	358	1	8	341	99	96		46.89063
4197	9	Sol5	G5	349	349	1	8	341	99	96		46.89844
4198	9	Fa5#4	F5#4	344	344	1	8	341	95	96		46.90625
4199	9	Sol5	G5	349	349	1	2	1364	95	96		46.9375
4200	9	Re5	D5	327	327	1	4	682	95	96		46.95313
4201	9	Re5	D5	327	327	1	4	682	95	96		46.96875
4202	9	Mi5b5	E5b5	331	331	1	8	341	99	96		46.97656
4203	9	Re5	D5	327	327	1	8	341	95	96		46.98438
4204	9	Do5	C5	318	318	1	8	341	99	96		46.99219
4205	9	Si4b1	B4b1	313	313	1	8	341	99	96		47
4206	9	Do5	C5	318	318	1	8	341	99	96		47.00781
4207	9	Si4b1	B4b1	313	313	1	8	341	99	96		47.01563
4208	9	Do5	C5	318	318	1	8	341	99	96		47.02344
4209	9	Re5	D5	327	327	1	8	341	99	96		47.03125
4210	9	Do5	C5	318	318	3	8	1023	95	96		47.05469
4211	9			-1	-1	1	8	341	100	0		47.0625
4212	9	Re5	D5	327	327	1	8	341	99	96		47.07031
4213	9	Mi5b5	E5b5	331	331	1	8	341	99	96		47.07813
4214	9	Re5	D5	327	327	1	8	341	95	96		47.08594
4215	9	Mi5b5	E5b5	331	331	1	8	341	95	96		47.09375
4216	9	Fa5#4	F5#4	344	344	1	4	682	99	96		47.10938
4217	9	Sol5	G5	349	349	1	8	341	99	96		47.11719
4218	9	Fa5#4	F5#4	344	344	1	8	341	95	96		47.125
4219	9	Mi5b5	E5b5	331	331	1	8	341	99	96		47.13281
4220	9	Re5	D5	327	327	1	8	341	99	96		47.14063
4221	9	Do5	C5	318	318	1	4	682	95	96		47.15625
4222	9	Sol5	G5	349	349	1	4	682	95	96		47.17188
4223	9	Sol5	G5	349	349	1	8	341	95	96		47.17969
4224	9	Fa5#4	F5#4	344	344	1	8	341	95	96		47.1875
4225	9	Mi5	E5	336	336	1	4	682	95	96		47.20313
4226	9	Fa5#4	F5#4	344	344	1	4	682	95	96		47.21875
4227	9	Sol5	G5	349	349	1	2	1364	95	96		47.25
4228	9	Sol5	G5	349	349	1	4	682	95	96		47.26563
4229	9			-1	-1	1	4	682	100	0		47.28125
4230	9	Sol4	G4	296	296	3	8	1023	99	96		47.30469
4231	9	Si4b1	B4b1	313	313	1	8	341	95	96		47.3125
4232	9	Si4b1	B4b1	313	313	1	2	1364	95	96		47.34375
4233	8	Do5	C5	318	318	1	8	341	95	96		47.35156
4234	9	Si4b1	B4b1	313	313	3	16	511	99	96		47.36328
4235	9	La4	A4	305	305	1	16	170	99	96		47.36719
4236	9	Si4b1	B4b1	313	313	1	8	341	99	96		47.375
4237	9	Do5	C5	318	318	1	8	341	99	96		47.38281
4238	9	Si4b1	B4b1	313	313	1	8	341	99	96		47.39063
4239	8	Do5	C5	318	318	1	8	341	99	96		47.39844
4240	9	Do5	C5	318	318	1	8	341	99	96		47.40625
4241	9	Si4b1	B4b1	313	313	1	8	341	95	96		47.41406
4242	9	La4	A4	305	305	1	8	341	95	96		47.42188
4243	9	La4#4	A4#4	309	309	1	8	341	99	96		47.42969
4244	9	Sol4	G4	296	296	1	8	341	99	96		47.4375
4245	9	Sol4	G4	296	296	1	8	341	95	96		47.44531
4246	9	Fa4#4	F4#4	291	291	1	8	341	95	96		47.45313
4247	9	Sol4	G4	296	296	1	4	682	95	96		47.46875
4248	9	La4#4	A4#4	309	309	1	4	682	95	96		47.48438
4249	9	Si4b1	B4b1	313	313	1	2	1364	99	96		47.51563
4250	9	La4#4	A4#4	309	309	1	8	341	99	96		47.52344
4251	9	Si4b1	B4b1	313	313	1	8	341	99	96		47.53125
4252	9	Do5	C5	318	318	1	16	170	99	96		47.53516
4253	9	Re5	D5	327	327	1	16	170	99	96		47.53906
4254	9	Do5	C5	318	318	1	16	170	99	96		47.54297
4255	9	Si4b1	B4b1	313	313	1	16	170	99	96		47.54688
4256	9	Si4b1	B4b1	313	313	3	8	1023	95	96		47.57031
4257	9			-1	-1	1	8	341	100	0		47.57813
4258	9	Re5	D5	327	327	3	16	511	95	96		47.58984
4259	9	Do5	C5	318	318	1	16	170	95	96		47.59375
4260	9	Si4b1	B4b1	313	313	1	8	341	95	96		47.60156
4261	9	Do5	C5	318	318	1	8	341	95	96		47.60938
4262	9	Re5	D5	327	327	1	2	1364	95	96		47.64063
4263	9	Re5	D5	327	327	1	4	682	99	96		47.65625
4264	9	Do5	C5	318	318	1	8	341	99	96		47.66406
4265	9	Si4b1	B4b1	313	313	1	8	341	95	96		47.67188
4266	9	Do5	C5	318	318	1	8	341	95	96		47.67969
4267	9	Re5	D5	327	327	1	8	341	95	96		47.6875
4268	9	Do5	C5	318	318	1	8	341	95	96		47.69531
4269	9	Si4b1	B4b1	313	313	1	8	341	95	96		47.70313
4270	9	Re5	D5	327	327	1	8	341	95	96		47.71094
4271	9	Fa5#4	F5#4	344	344	1	8	341	95	96		47.71875
4272	9	Mi5b1	E5b1	335	335	1	8	341	95	96		47.72656
4273	9	Re5	D5	327	327	1	8	341	95	96		47.73438
4274	9	Do5	C5	318	318	1	4	682	99	96		47.75
4275	9	Re5	D5	327	327	1	4	682	99	96		47.76563
4276	9	Re5	D5	327	327	1	4	682	95	96		47.78125
4277	9			-1	-1	1	4	682	100	0		47.79688
4278	9	Fa5#4	F5#4	344	344	1	4	682	99	96		47.8125
4279	9	Mi5b1	E5b1	335	335	1	8	341	99	96		47.82031
4280	9	Fa5#4	F5#4	344	344	1	8	341	99	96		47.82813
4281	9	Sol5	G5	349	349	1	16	170	99	96		47.83203
4282	9	La5	A5	358	358	1	16	170	99	96		47.83594
4283	9	Sol5	G5	349	349	1	8	341	99	96		47.84375
4284	9	Fa5#4	F5#4	344	344	1	8	341	99	96		47.85156
4285	9	Mi5b1	E5b1	335	335	1	8	341	99	96		47.85938
4286	9	Mi5b1	E5b1	335	335	1	8	341	95	96		47.86719
4287	9	Mi5b1	E5b1	335	335	1	8	341	99	96		47.875
4288	9	Re5	D5	327	327	1	8	341	99	96		47.88281
4289	9	Mi5b1	E5b1	335	335	1	8	341	99	96		47.89063
4290	8	Fa5#4	F5#4	344	344	1	8	341	99	96		47.89844
4291	9	Mi5b1	E5b1	335	335	1	8	341	99	96		47.90625
4292	9	Fa5#4	F5#4	344	344	1	8	341	99	96		47.91406
4293	9	Mi5b1	E5b1	335	335	1	8	341	99	96		47.92188
4294	9	Re5	D5	327	327	1	8	341	99	96		47.92969
4295	9	Re5	D5	327	327	1	8	341	95	96		47.9375
4296	9	Re5	D5	327	327	1	8	341	99	96		47.94531
4297	9	Do5	C5	318	318	1	8	341	99	96		47.95313
4298	9	Re5	D5	327	327	1	8	341	99	96		47.96094
4299	9	Mi5b1	E5b1	335	335	1	4	682	99	96		47.97656
4300	9	Re5	D5	327	327	1	8	341	99	96		47.98438
4301	9	Do5	C5	318	318	1	8	341	95	96		47.99219
4302	9	Re5	D5	327	327	1	8	341	99	96		48
4303	9	Fa5#4	F5#4	344	344	1	8	341	99	96		48.00781
4304	9	Mi5b1	E5b1	335	335	1	8	341	99	96		48.01563
4305	9	Re5	D5	327	327	1	8	341	95	96		48.02344
4306	9	Re5	D5	327	327	1	8	341	99	96		48.03125
4307	9	Do5	C5	318	318	1	8	341	99	96		48.03906
4308	9	Do5	C5	318	318	1	8	341	99	96		48.04688
4309	9	Si4b1	B4b1	313	313	1	8	341	95	96		48.05469
4310	9	Si4b1	B4b1	313	313	3	8	1023	95	96		48.07813
4311	9			-1	-1	1	8	341	100	0		48.08594
4312	9	Si4b1	B4b1	313	313	1	8	341	95	96		48.09375
4313	9	Fa5#4	F5#4	344	344	1	8	341	95	96		48.10156
4314	9	Mi5b1	E5b1	335	335	1	8	341	95	96		48.10938
4315	9	Re5	D5	327	327	1	8	341	95	96		48.11719
4316	9	Re5	D5	327	327	1	16	170	99	96		48.12109
4317	9	Do5	C5	318	318	1	16	170	99	96		48.125
4318	9	Re5	D5	327	327	1	16	170	99	96		48.12891
4319	9	Mi5b1	E5b1	335	335	1	16	170	99	96		48.13281
4320	9	Re5	D5	327	327	1	8	341	99	96		48.14063
4321	9	Si4b1	B4b1	313	313	1	8	341	95	96		48.14844
4322	8	Re5	D5	327	327	1	8	341	95	96		48.15625
4323	9	Do5	C5	318	318	1	8	341	99	96		48.16406
4324	9	Si4b1	B4b1	313	313	1	8	341	99	96		48.17188
4325	9	Do5	C5	318	318	1	8	341	99	96		48.17969
4326	9	Re5	D5	327	327	1	8	341	95	96		48.1875
4327	9	Do5	C5	318	318	3	16	511	99	96		48.19922
4328	9	Si4b1	B4b1	313	313	1	16	170	99	96		48.20313
4329	9	La4#4	A4#4	309	309	1	8	341	99	96		48.21094
4330	9	Si4b1	B4b1	313	313	1	8	341	99	96		48.21875
4331	9	La4#4	A4#4	309	309	1	4	682	99	96		48.23438
4332	9	Mi5b1	E5b1	335	335	3	16	511	99	96		48.24609
4333	9	Re5	D5	327	327	1	16	170	99	96		48.25
4334	9	Re5	D5	327	327	3	16	511	99	96		48.26172
4335	9	Do5	C5	318	318	1	16	170	99	96		48.26563
4336	9	Do5	C5	318	318	3	16	511	99	96		48.27734
4337	9	Si4b1	B4b1	313	313	1	16	170	99	96		48.28125
4338	9	Si4b1	B4b1	313	313	1	8	341	99	96		48.28906
4339	9	La4#4	A4#4	309	309	1	8	341	99	96		48.29688
4340	9	Sol4	G4	296	296	1	8	341	99	96		48.30469
4341	9	Fa4#4	F4#4	291	291	1	8	341	95	96		48.3125
4342	9	Do5	C5	318	318	3	16	511	99	96		48.32422
4343	9	Si4b1	B4b1	313	313	1	16	170	99	96		48.32813
4344	9	La4#4	A4#4	309	309	1	8	341	99	96		48.33594
4345	9	Si4b1	B4b1	313	313	1	8	341	99	96		48.34375
4346	9	La4#4	A4#4	309	309	1	8	341	99	96		48.35156
4347	9	Si4b1	B4b1	313	313	1	8	341	99	96		48.35938
4348	9	Do5	C5	318	318	1	16	170	99	96		48.36328
4349	9	Re5	D5	327	327	1	16	170	99	96		48.36719
4350	9	Do5	C5	318	318	1	16	170	99	96		48.37109
4351	9	Si4b1	B4b1	313	313	1	16	170	99	96		48.375
4352	9	Si4b1	B4b1	313	313	1	2	1364	99	96		48.40625
4353	9	Si4b1	B4b1	313	313	1	4	682	95	96		48.42188
4354	9			-1	-1	1	4	682	100	0		48.4375
4355	9	Si4b1	B4b1	313	313	1	2	1364	95	96		48.46875
4356	9	Si4b1	B4b1	313	313	1	2	1364	95	96		48.5
4357	9	Si4b1	B4b1	313	313	3	8	1023	95	96		48.52344
4358	9			-1	-1	1	8	341	100	0		48.53125
4359	9	Sol5	G5	349	349	1	4	682	99	96		48.54688
4360	9	Fa5	F5	340	340	1	8	341	99	96		48.55469
4361	9	Mi5	E5	336	336	1	8	341	95	96		48.5625
4362	9	Mi5	E5	336	336	1	8	341	99	96		48.57031
4363	9	Re5	D5	327	327	1	8	341	99	96		48.57813
4364	8	Mi5	E5	336	336	1	8	341	99	96		48.58594
4365	9	Re5	D5	327	327	1	8	341	95	96		48.59375
4366	9	Do5#4	C5#4	322	322	1	8	341	95	96		48.60156
4367	9	Re5	D5	327	327	1	4	682	95	96		48.61719
4368	9	Mi5	E5	336	336	1	4	682	95	96		48.63281
4369	9	Mi5	E5	336	336	1	4	682	99	96		48.64844
4370	8	Sol5	G5	349	349	1	8	341	99	96		48.65625
4371	9	Fa5	F5	340	340	1	8	341	99	96		48.66406
4372	9	Mi5	E5	336	336	1	8	341	99	96		48.67188
4373	9	Re5	D5	327	327	1	8	341	99	96		48.67969
4374	9	Do5#4	C5#4	322	322	1	8	341	99	96		48.6875
4375	9	Si4b1	B4b1	313	313	1	16	170	99	96		48.69141
4376	9	La4#4	A4#4	309	309	1	16	170	99	96		48.69531
4377	9	Si4b1	B4b1	313	313	1	8	341	99	96		48.70313
4378	9	Do5	C5	318	318	1	8	341	99	96		48.71094
4379	9	Re5	D5	327	327	1	8	341	99	96		48.71875
4380	9	Do5	C5	318	318	1	8	341	95	96		48.72656
4381	9	Si4b1	B4b1	313	313	1	8	341	95	96		48.73438
4382	9	Si4b1	B4b1	313	313	1	4	682	95	96		48.75
4383	9	Si4b1	B4b1	313	313	1	4	682	95	96		48.76563
4384	9	Si4b1	B4b1	313	313	3	8	1023	95	96		48.78906
4385	9			-1	-1	1	8	341	100	0		48.79688
4386	9	Sol5	G5	349	349	1	4	682	99	96		48.8125
4387	9	Fa5	F5	340	340	1	8	341	99	96		48.82031
4388	9	Mi5	E5	336	336	1	8	341	95	96		48.82813
4389	9	Mi5	E5	336	336	1	8	341	99	96		48.83594
4390	9	Re5	D5	327	327	1	8	341	99	96		48.84375
4391	8	Mi5	E5	336	336	1	8	341	99	96		48.85156
4392	9	Re5	D5	327	327	1	8	341	95	96		48.85938
4393	9	Do5#4	C5#4	322	322	1	8	341	95	96		48.86719
4394	9	Re5	D5	327	327	1	8	341	99	96		48.875
4395	9	Mi5#4	E5#4	340	340	1	8	341	99	96		48.88281
4396	9	Fa5#4	F5#4	344	344	1	8	341	95	96		48.89063
4397	9	Sol5	G5	349	349	1	8	341	95	96		48.89844
4398	9	Mi5#4	E5#4	340	340	1	4	682	95	96		48.91406
4399	9	Fa5#4	F5#4	344	344	1	2	1364	95	96		48.94531
4400	9			-1	-1	1	4	682	100	0		48.96094
4401	9	Fa5#4	F5#4	344	344	1	2	1364	95	96		48.99219
4402	9	Fa5#4	F5#4	344	344	1	4	682	99	96		49.00781
4403	8	Sol5	G5	349	349	1	8	341	99	96		49.01563
4404	9	Fa5#4	F5#4	344	344	1	8	341	95	96		49.02344
4405	9	Sol5	G5	349	349	1	8	341	95	96		49.03125
4406	9	Mi5	E5	336	336	1	4	682	99	96		49.04688
4407	8	Fa5#4	F5#4	344	344	1	8	341	99	96		49.05469
4408	9	Mi5	E5	336	336	1	8	341	99	96		49.0625
4409	9	Fa5#4	F5#4	344	344	1	8	341	95	96		49.07031
4410	9	Re5	D5	327	327	3	8	1023	95	96		49.09375
4411	9			-1	-1	1	8	341	100	0		49.10156
4412	9	Re5	D5	327	327	1	8	341	99	96		49.10938
4413	9	Mi5	E5	336	336	1	8	341	99	96		49.11719
4414	9	Re5	D5	327	327	1	8	341	99	96		49.125
4415	9	Do5	C5	318	318	1	8	341	95	96		49.13281
4416	9	Re5	D5	327	327	1	4	682	99	96		49.14844
4417	9	La5	A5	358	358	1	4	682	95	96		49.16406
4418	9	La5	A5	358	358	1	8	341	99	96		49.17188
4419	9	Sol5	G5	349	349	1	8	341	95	96		49.17969
4420	9	Sol5	G5	349	349	1	8	341	99	96		49.1875
4421	9	Fa5	F5	340	340	1	8	341	95	96		49.19531
4422	9	Fa5	F5	340	340	1	8	341	99	96		49.20313
4423	9	Mi5	E5	336	336	1	8	341	95	96		49.21094
4424	9	Mi5	E5	336	336	1	8	341	99	96		49.21875
4425	9	Re5	D5	327	327	1	8	341	95	96		49.22656
4426	9	Re5	D5	327	327	1	4	682	99	96		49.24219
4427	9	Do5	C5	318	318	1	8	341	99	96		49.25
4428	9	Si4b1	B4b1	313	313	1	8	341	95	96		49.25781
4429	9	Fa5#4	F5#4	344	344	1	4	682	95	96		49.27344
4430	9	Mi5b1	E5b1	335	335	1	8	341	99	96		49.28125
4431	9	Re5	D5	327	327	1	8	341	95	96		49.28906
4432	9	Re5	D5	327	327	1	16	170	99	96		49.29297
4433	9	Do5	C5	318	318	1	16	170	99	96		49.29688
4434	9	Re5	D5	327	327	1	16	170	99	96		49.30078
4435	9	Mi5b1	E5b1	335	335	1	16	170	99	96		49.30469
4436	9	Re5	D5	327	327	1	8	341	99	96		49.3125
4437	9	Si4b1	B4b1	313	313	1	8	341	95	96		49.32031
4438	8	Re5	D5	327	327	1	8	341	95	96		49.32813
4439	9	Do5	C5	318	318	1	8	341	99	96		49.33594
4440	9	Si4b1	B4b1	313	313	1	8	341	99	96		49.34375
4441	9	Do5	C5	318	318	1	8	341	95	96		49.35156
4442	9	Re5	D5	327	327	1	8	341	95	96		49.35938
4443	9	Do5	C5	318	318	1	8	341	99	96		49.36719
4444	9	Si4b1	B4b1	313	313	1	8	341	99	96		49.375
4445	9	La4#4	A4#4	309	309	1	8	341	99	96		49.38281
4446	9	Si4b1	B4b1	313	313	1	8	341	99	96		49.39063
4447	9	La4#4	A4#4	309	309	1	8	341	99	96		49.39844
4448	9	Si4b1	B4b1	313	313	1	8	341	99	96		49.40625
4449	9	Do5	C5	318	318	1	16	170	99	96		49.41016
4450	9	Re5	D5	327	327	1	16	170	99	96		49.41406
4451	9	Do5	C5	318	318	1	16	170	99	96		49.41797
4452	9	Si4b1	B4b1	313	313	1	16	170	99	96		49.42188
4453	9	Si4b1	B4b1	313	313	1	2	1364	99	96		49.45313
4454	9	Si4b1	B4b1	313	313	1	4	682	95	96		49.46875
4455	9			-1	-1	1	4	682	100	0		49.48438
4456	9	Re5	D5	327	327	1	4	682	95	96		49.5
4457	9	Mi5	E5	336	336	1	4	682	95	96		49.51563
4458	9	Re5	D5	327	327	1	4	682	99	96		49.53125
4459	8	Mi5	E5	336	336	1	8	341	99	96		49.53906
4460	9	Re5	D5	327	327	1	8	341	99	96		49.54688
4461	9	Si4b1	B4b1	313	313	1	8	341	95	96		49.55469
4462	9	Re5	D5	327	327	1	8	341	99	96		49.5625
4463	9	Do5	C5	318	318	1	8	341	99	96		49.57031
4464	8	Re5	D5	327	327	1	8	341	99	96		49.57813
4465	9	Do5	C5	318	318	1	8	341	99	96		49.58594
4466	9	Si4b1	B4b1	313	313	1	8	341	99	96		49.59375
4467	9	Si4b1	B4b1	313	313	1	4	682	95	96		49.60938
4468	9	Si4b1	B4b1	313	313	1	4	682	95	96		49.625
4469	9	Si4b1	B4b1	313	313	1	2	1364	99	96		49.65625
4470	9	Re5	D5	327	327	1	4	682	99	96		49.67188
4471	9	Do5	C5	318	318	1	4	682	99	96		49.6875
4472	9	Si4b1	B4b1	313	313	1	2	1364	99	96		49.71875
4473	8	Re5	D5	327	327	1	8	341	99	96		49.72656
4474	9	Do5	C5	318	318	3	16	511	99	96		49.73828
4475	9	Si4b1	B4b1	313	313	1	16	170	99	96		49.74219
4476	9	La4#4	A4#4	309	309	1	8	341	99	96		49.75
4477	9	Si4b1	B4b1	313	313	1	8	341	99	96		49.75781
4478	9	La4#4	A4#4	309	309	3	8	1023	99	96		49.78125
4479	9	Sol4	G4	296	296	1	8	341	95	96		49.78906
4480	9	Do5	C5	318	318	1	4	682	99	96		49.80469
4481	9	Si4b1	B4b1	313	313	1	8	341	99	96		49.8125
4482	9	La4#4	A4#4	309	309	1	8	341	99	96		49.82031
4483	9	La4#4	A4#4	309	309	1	8	341	99	96		49.82813
4484	9	Sol4	G4	296	296	1	4	682	99	96		49.84375
4485	9	Fa4#4	F4#4	291	291	1	8	341	95	96		49.85156
4486	9	Do5	C5	318	318	3	8	1023	99	96		49.875
4487	9	Re5	D5	327	327	1	8	341	95	96		49.88281
4488	9	Do5	C5	318	318	1	8	341	99	96		49.89063
4489	9	Si4b1	B4b1	313	313	1	4	682	99	96		49.90625
4490	9	Do5	C5	318	318	1	8	341	99	96		49.91406
4491	9	Si4b1	B4b1	313	313	1	8	341	99	96		49.92188
4492	9	La4#4	A4#4	309	309	1	4	682	99	96		49.9375
4493	9	Si4b1	B4b1	313	313	1	8	341	95	96		49.94531
4494	9	La4#4	A4#4	309	309	1	4	682	99	96		49.96094
4495	9	Sol4	G4	296	296	1	4	682	99	96		49.97656
4496	9	Sol4	G4	296	296	1	8	341	99	96		49.98438
4497	9	Do5	C5	318	318	1	8	341	99	96		49.99219
4498	9	Si4b1	B4b1	313	313	1	8	341	99	96		50
4499	9	La4#4	A4#4	309	309	1	8	341	99	96		50.00781
4500	9	La4#4	A4#4	309	309	1	16	170	99	96		50.01172
4501	9	Sol4	G4	296	296	1	16	170	99	96		50.01563
4502	9	Fa4#4	F4#4	291	291	1	16	170	99	96		50.01953
4503	9	Mi4#4	E4#4	287	287	1	16	170	99	96		50.02344
4504	9	Fa4#4	F4#4	291	291	1	8	341	99	96		50.03125
4505	9	Sol4	G4	296	296	1	8	341	99	96		50.03906
4506	9	Fa4#4	F4#4	291	291	1	8	341	99	96		50.04688
4507	9	Sol4	G4	296	296	1	8	341	99	96		50.05469
4508	9	Fa4#4	F4#4	291	291	1	4	682	95	96		50.07031
4509	9	Sol4	G4	296	296	1	2	1364	95	96		50.10156
4510	9	La4#4	A4#4	309	309	3	8	1023	99	96		50.125
4511	9	Sol4	G4	296	296	1	8	341	95	96		50.13281
4512	9	Si4b1	B4b1	313	313	1	2	1364	99	96		50.16406
4513	9	Si4b1	B4b1	313	313	1	4	682	95	96		50.17969
4514	9			-1	-1	1	4	682	100	0		50.19531
4515	9	Re5	D5	327	327	3	16	511	99	96		50.20703
4516	9	Do5	C5	318	318	1	16	170	99	96		50.21094
4517	9	Si4b1	B4b1	313	313	1	8	341	99	96		50.21875
4518	9	Do5	C5	318	318	1	8	341	99	96		50.22656
4519	9	Re5	D5	327	327	1	4	682	99	96		50.24219
4520	9	Mi5b1	E5b1	335	335	1	4	682	99	96		50.25781
4521	9	Re5	D5	327	327	1	8	341	99	96		50.26563
4522	9	Do5	C5	318	318	1	4	682	99	96		50.28125
4523	9	Si4b1	B4b1	313	313	1	8	341	95	96		50.28906
4524	9	Fa5#4	F5#4	344	344	1	4	682	99	96		50.30469
4525	9	Mi5b1	E5b1	335	335	1	8	341	99	96		50.3125
4526	9	Re5	D5	327	327	1	8	341	99	96		50.32031
4527	9	Re5	D5	327	327	1	16	170	99	96		50.32422
4528	9	Do5	C5	318	318	1	16	170	99	96		50.32813
4529	9	Re5	D5	327	327	1	16	170	99	96		50.33203
4530	9	Mi5b1	E5b1	335	335	1	16	170	99	96		50.33594
4531	9	Re5	D5	327	327	1	8	341	99	96		50.34375
4532	9	Si4b1	B4b1	313	313	1	8	341	95	96		50.35156
4533	8	Re5	D5	327	327	1	8	341	95	96		50.35938
4534	9	Do5	C5	318	318	1	8	341	99	96		50.36719
4535	9	Si4b1	B4b1	313	313	1	8	341	99	96		50.375
4536	9	Do5	C5	318	318	1	8	341	99	96		50.38281
4537	9	Re5	D5	327	327	1	8	341	95	96		50.39063
4538	8	Re5	D5	327	327	1	8	341	95	96		50.39844
4539	9	Do5	C5	318	318	3	16	511	99	96		50.41016
4540	9	Si4b1	B4b1	313	313	1	16	170	99	96		50.41406
4541	9	La4#4	A4#4	309	309	1	8	341	99	96		50.42188
4542	9	Si4b1	B4b1	313	313	1	8	341	99	96		50.42969
4543	9	La4#4	A4#4	309	309	1	8	341	99	96		50.4375
4544	9	Si4b1	B4b1	313	313	1	8	341	99	96		50.44531
4545	9	Do5	C5	318	318	1	16	170	99	96		50.44922
4546	9	Re5	D5	327	327	1	16	170	99	96		50.45313
4547	9	Do5	C5	318	318	1	16	170	99	96		50.45703
4548	9	Si4b1	B4b1	313	313	1	16	170	99	96		50.46094
4549	9	Si4b1	B4b1	313	313	1	2	1364	99	96		50.49219
4550	9	Si4b1	B4b1	313	313	1	4	682	95	96		50.50781
4551	9			-1	-1	1	4	682	100	0		50.52344
4552	9	Si4b1	B4b1	313	313	1	2	1364	95	96		50.55469
4553	9	Do5	C5	318	318	1	4	682	95	96		50.57031
4554	8	Re5	D5	327	327	1	8	341	95	96		50.57813
4555	9	Do5	C5	318	318	1	8	341	95	96		50.58594
4556	9	Re5	D5	327	327	1	8	341	95	96		50.59375
4557	9	Si4b1	B4b1	313	313	1	8	341	95	96		50.60156
4558	9	Do5	C5	318	318	1	8	341	95	96		50.60938
4559	9	Si4b1	B4b1	313	313	1	4	682	95	96		50.625
4560	9	Do5	C5	318	318	1	8	341	95	96		50.63281
4561	9	Re5	D5	327	327	1	8	341	95	96		50.64063
4562	9	Do5	C5	318	318	1	8	341	95	96		50.64844
4563	9	Re5	D5	327	327	1	8	341	95	96		50.65625
4564	9	Mi5b5	E5b5	331	331	3	16	511	99	96		50.66797
4565	9	Re5	D5	327	327	1	16	170	99	96		50.67188
4566	9	Do5#4	C5#4	322	322	1	8	341	99	96		50.67969
4567	9	Re5	D5	327	327	1	8	341	99	96		50.6875
4568	9	Do5#4	C5#4	322	322	1	8	341	99	96		50.69531
4569	9	Re5	D5	327	327	1	8	341	99	96		50.70313
4570	9	Mi5b5	E5b5	331	331	1	8	341	99	96		50.71094
4571	8	Fa5#4	F5#4	344	344	1	8	341	99	96		50.71875
4572	9	Mi5b5	E5b5	331	331	1	16	170	99	96		50.72266
4573	9	Re5	D5	327	327	1	16	170	99	96		50.72656
4574	9	Re5	D5	327	327	1	2	1364	99	96		50.75781
4575	9	Re5	D5	327	327	1	4	682	95	96		50.77344
4576	9			-1	-1	1	4	682	100	0		50.78906
4577	9	Sol5	G5	349	349	3	8	1023	95	96		50.8125
4578	9	Fa5#4	F5#4	344	344	1	8	341	95	96		50.82031
4579	9	Mi5b1	E5b1	335	335	1	4	682	99	96		50.83594
4580	9	Fa5#4	F5#4	344	344	1	4	682	99	96		50.85156
4581	9	Sol5	G5	349	349	1	2	1364	95	96		50.88281
4582	9	La5	A5	358	358	1	2	1364	95	96		50.91406
4583	9	La5	A5	358	358	1	4	682	99	96		50.92969
4584	9	Sol5	G5	349	349	1	8	341	99	96		50.9375
4585	9	La5	A5	358	358	1	8	341	99	96		50.94531
4586	8	Si5b5	B5b5	362	362	1	8	341	99	96		50.95313
4587	9	La5	A5	358	358	1	8	341	99	96		50.96094
4588	9	Si5b5	B5b5	362	362	1	8	341	99	96		50.96875
4589	9	La5	A5	358	358	1	8	341	99	96		50.97656
4590	9	Sol5	G5	349	349	1	8	341	95	96		50.98438
4591	9	Sol5	G5	349	349	1	4	682	99	96		51
4592	9	Fa5	F5	340	340	1	8	341	99	96		51.00781
4593	9	Sol5	G5	349	349	1	8	341	99	96		51.01563
4594	8	La5	A5	358	358	1	8	341	99	96		51.02344
4595	9	Sol5	G5	349	349	1	8	341	99	96		51.03125
4596	9	La5	A5	358	358	1	8	341	99	96		51.03906
4597	9	Sol5	G5	349	349	1	8	341	99	96		51.04688
4598	9	Fa5	F5	340	340	1	8	341	99	96		51.05469
4599	8	Sol5	G5	349	349	1	8	341	99	96		51.0625
4600	9	Fa5	F5	340	340	1	8	341	99	96		51.07031
4601	9	Mi5b1	E5b1	335	335	1	8	341	99	96		51.07813
4602	9	Fa5	F5	340	340	1	8	341	99	96		51.08594
4603	9	Sol5	G5	349	349	1	8	341	99	96		51.09375
4604	8	La5	A5	358	358	1	8	341	99	96		51.10156
4605	9	Sol5	G5	349	349	1	8	341	99	96		51.10938
4606	9	Fa5	F5	340	340	1	8	341	99	96		51.11719
4607	9	Fa5	F5	340	340	1	8	341	95	96		51.125
4608	9	Mi5b1	E5b1	335	335	1	8	341	95	96		51.13281
4609	9	Fa5	F5	340	340	1	4	682	99	96		51.14844
4610	9	Mi5b1	E5b1	335	335	1	8	341	95	96		51.15625
4611	9	Re5	D5	327	327	1	8	341	95	96		51.16406
4612	9	La5	A5	358	358	1	4	682	99	96		51.17969
4613	8	Si5b5	B5b5	362	362	1	8	341	99	96		51.1875
4614	9	La5	A5	358	358	1	8	341	99	96		51.19531
4615	9	Sol5	G5	349	349	1	8	341	95	96		51.20313
4616	9	Fa5	F5	340	340	1	4	682	99	96		51.21875
4617	9	Sol5	G5	349	349	1	2	1364	95	96		51.25
4618	9			-1	-1	1	4	682	100	0		51.26563
4619	9	Sol5	G5	349	349	1	4	682	99	96		51.28125
4620	9	Fa5	F5	340	340	1	8	341	99	96		51.28906
4621	9	Sol5	G5	349	349	1	8	341	99	96		51.29688
4622	8	La5	A5	358	358	1	8	341	99	96		51.30469
4623	9	Sol5	G5	349	349	1	8	341	99	96		51.3125
4624	9	La5	A5	358	358	1	8	341	99	96		51.32031
4625	9	Sol5	G5	349	349	1	8	341	99	96		51.32813
4626	9	Fa5	F5	340	340	1	8	341	99	96		51.33594
4627	9	Fa5	F5	340	340	1	8	341	99	96		51.34375
4628	9	Sol5	G5	349	349	1	8	341	99	96		51.35156
4629	9	Fa5	F5	340	340	1	8	341	99	96		51.35938
4630	9	Mi5b1	E5b1	335	335	1	8	341	95	96		51.36719
4631	9	La5	A5	358	358	1	4	682	99	96		51.38281
4632	9	Sol5	G5	349	349	1	8	341	99	96		51.39063
4633	9	Fa5	F5	340	340	1	8	341	99	96		51.39844
4634	9	Fa5	F5	340	340	1	16	170	99	96		51.40234
4635	9	Mi5b1	E5b1	335	335	1	16	170	99	96		51.40625
4636	9	Fa5	F5	340	340	1	16	170	99	96		51.41016
4637	9	Sol5	G5	349	349	1	16	170	99	96		51.41406
4638	9	Fa5	F5	340	340	1	8	341	99	96		51.42188
4639	9	Mi5b1	E5b1	335	335	1	8	341	95	96		51.42969
4640	9	Mi5b1	E5b1	335	335	1	16	170	99	96		51.43359
4641	9	Re5	D5	327	327	1	16	170	99	96		51.4375
4642	9	Mi5b1	E5b1	335	335	1	16	170	99	96		51.44141
4643	9	Fa5	F5	340	340	1	16	170	99	96		51.44531
4644	9	Mi5b1	E5b1	335	335	1	8	341	99	96		51.45313
4645	9	Re5	D5	327	327	1	8	341	95	96		51.46094
4646	9	Re5	D5	327	327	1	8	341	99	96		51.46875
4647	9	Fa5	F5	340	340	1	8	341	99	96		51.47656
4648	9	Mi5b1	E5b1	335	335	1	8	341	99	96		51.48438
4649	9	Re5	D5	327	327	1	8	341	99	96		51.49219
4650	9	Re5	D5	327	327	1	4	682	95	96		51.50781
4651	9	La5	A5	358	358	1	8	341	99	96		51.51563
4652	9	Sol5	G5	349	349	1	8	341	95	96		51.52344
4653	9	Sol5	G5	349	349	1	8	341	99	96		51.53125
4654	9	Fa5	F5	340	340	1	8	341	95	96		51.53906
4655	9	Fa5	F5	340	340	1	8	341	99	96		51.54688
4656	9	Mi5b1	E5b1	335	335	1	8	341	95	96		51.55469
4657	9	Mi5b1	E5b1	335	335	1	8	341	99	96		51.5625
4658	9	Re5	D5	327	327	1	8	341	95	96		51.57031
4659	9	Re5	D5	327	327	1	8	341	99	96		51.57813
4660	9	Mi5b1	E5b1	335	335	1	8	341	95	96		51.58594
4661	9	Re5	D5	327	327	1	8	341	99	96		51.59375
4662	9	Do5	C5	318	318	1	4	682	99	96		51.60938
4663	9	Si4b1	B4b1	313	313	1	8	341	95	96		51.61719
4664	9	Re5	D5	327	327	1	4	682	99	96		51.63281
4665	9	Mi5b1	E5b1	335	335	1	4	682	99	96		51.64844
4666	9	Mi5b1	E5b1	335	335	1	16	170	99	96		51.65234
4667	9	Re5	D5	327	327	1	16	170	99	96		51.65625
4668	9	Mi5b1	E5b1	335	335	1	16	170	99	96		51.66016
4669	9	Fa5	F5	340	340	1	16	170	99	96		51.66406
4670	9	Mi5b1	E5b1	335	335	1	8	341	95	96		51.67188
4671	9	Re5	D5	327	327	1	8	341	95	96		51.67969
4672	8	Fa5	F5	340	340	1	8	341	95	96		51.6875
4673	9	Mi5b1	E5b1	335	335	1	8	341	99	96		51.69531
4674	9	Re5	D5	327	327	1	8	341	99	96		51.70313
4675	9	Mi5b1	E5b1	335	335	1	4	682	95	96		51.71875
4676	9			-1	-1	1	4	682	100	0		51.73438
4677	9	Re5	D5	327	327	1	8	341	99	96		51.74219
4678	9	Mi5b1	E5b1	335	335	1	8	341	99	96		51.75
4679	9	Fa5	F5	340	340	1	4	682	99	96		51.76563
4680	9	Sol5	G5	349	349	1	4	682	95	96		51.78125
4681	9	Sol5	G5	349	349	1	4	682	99	96		51.79688
4682	9	Fa5	F5	340	340	1	8	341	99	96		51.80469
4683	9	Sol5	G5	349	349	1	8	341	99	96		51.8125
4684	8	La5	A5	358	358	1	8	341	99	96		51.82031
4685	9	Sol5	G5	349	349	1	8	341	99	96		51.82813
4686	9	La5	A5	358	358	1	8	341	99	96		51.83594
4687	9	Sol5	G5	349	349	1	8	341	99	96		51.84375
4688	9	Fa5	F5	340	340	1	8	341	99	96		51.85156
4689	9	Fa5	F5	340	340	1	8	341	99	96		51.85938
4690	9	Sol5	G5	349	349	1	8	341	99	96		51.86719
4691	9	Fa5	F5	340	340	1	8	341	99	96		51.875
4692	9	Mi5b1	E5b1	335	335	1	8	341	95	96		51.88281
4693	9	Fa5	F5	340	340	1	4	682	99	96		51.89844
4694	9	Sol5	G5	349	349	1	4	682	99	96		51.91406
4695	9	Sol5	G5	349	349	1	8	341	99	96		51.92188
4696	9	Fa5	F5	340	340	1	4	682	99	96		51.9375
4697	9	Mi5b1	E5b1	335	335	1	8	341	95	96		51.94531
4698	9	La5	A5	358	358	1	4	682	99	96		51.96094
4699	8	Si5b5	B5b5	362	362	1	8	341	99	96		51.96875
4700	9	La5	A5	358	358	1	8	341	99	96		51.97656
4701	9	Sol5	G5	349	349	1	8	341	95	96		51.98438
4702	9	Sol5	G5	349	349	1	4	682	99	96		52
4703	8	La5	A5	358	358	1	8	341	99	96		52.00781
4704	9	Sol5	G5	349	349	1	8	341	99	96		52.01563
4705	9	Fa5	F5	340	340	1	8	341	99	96		52.02344
4706	9	Fa5	F5	340	340	1	4	682	99	96		52.03906
4707	8	Sol5	G5	349	349	1	8	341	99	96		52.04688
4708	9	Fa5	F5	340	340	1	8	341	99	96		52.05469
4709	9	Mi5b1	E5b1	335	335	1	8	341	95	96		52.0625
4710	9	Mi5b1	E5b1	335	335	1	4	682	99	96		52.07813
4711	8	Sol5	G5	349	349	1	8	341	99	96		52.08594
4712	9	Fa5	F5	340	340	1	4	682	99	96		52.10156
4713	9	Mi5b1	E5b1	335	335	1	4	682	99	96		52.11719
4714	9	Re5	D5	327	327	1	4	682	99	96		52.13281
4715	9	Re5	D5	327	327	1	2	1364	99	96		52.16406
4716	9	Re5	D5	327	327	1	4	682	95	96		52.17969
4717	9			-1	-1	1	4	682	100	0		52.19531
4718	9	Re5	D5	327	327	1	2	1364	95	96		52.22656
4719	9	La5	A5	358	358	1	4	682	99	96		52.24219
4720	8	Si5b5	B5b5	362	362	1	8	341	99	96		52.25
4721	9	La5	A5	358	358	1	8	341	99	96		52.25781
4722	9	Sol5	G5	349	349	1	8	341	95	96		52.26563
4723	9	Sol5	G5	349	349	1	4	682	99	96		52.28125
4724	8	La5	A5	358	358	1	8	341	99	96		52.28906
4725	9	Sol5	G5	349	349	1	8	341	99	96		52.29688
4726	9	Fa5	F5	340	340	1	8	341	99	96		52.30469
4727	9	Fa5	F5	340	340	1	4	682	99	96		52.32031
4728	8	Sol5	G5	349	349	1	8	341	99	96		52.32813
4729	9	Fa5	F5	340	340	1	8	341	99	96		52.33594
4730	9	Mi5b1	E5b1	335	335	1	8	341	95	96		52.34375
4731	9	Mi5b1	E5b1	335	335	1	4	682	99	96		52.35938
4732	8	Fa5	F5	340	340	1	8	341	99	96		52.36719
4733	9	Mi5b1	E5b1	335	335	1	8	341	99	96		52.375
4734	9	Re5	D5	327	327	1	8	341	99	96		52.38281
4735	9	Re5	D5	327	327	1	4	682	99	96		52.39844
4736	9	Mi5b1	E5b1	335	335	1	4	682	99	96		52.41406
4737	9	Re5	D5	327	327	1	8	341	99	96		52.42188
4738	9	Do5	C5	318	318	1	4	682	99	96		52.4375
4739	9	Si4b1	B4b1	313	313	1	8	341	95	96		52.44531
4740	9	Fa5	F5	340	340	1	4	682	99	96		52.46094
4741	9	Mi5b1	E5b1	335	335	1	8	341	99	96		52.46875
4742	9	Re5	D5	327	327	1	8	341	99	96		52.47656
4743	9	Re5	D5	327	327	3	8	1023	99	96		52.5
4744	9	Si4b1	B4b1	313	313	1	8	341	95	96		52.50781
4745	9	Do5	C5	318	318	1	8	341	99	96		52.51563
4746	9	Si4b1	B4b1	313	313	1	8	341	99	96		52.52344
4747	9	Do5	C5	318	318	1	8	341	99	96		52.53125
4748	9	Re5	D5	327	327	1	8	341	95	96		52.53906
4749	9	Do5	C5	318	318	3	16	511	99	96		52.55078
4750	9	Si4b1	B4b1	313	313	1	16	170	99	96		52.55469
4751	9	La4#4	A4#4	309	309	1	8	341	99	96		52.5625
4752	9	Si4b1	B4b1	313	313	1	8	341	99	96		52.57031
4753	9	La4#4	A4#4	309	309	1	8	341	99	96		52.57813
4754	9	Si4b1	B4b1	313	313	1	8	341	99	96		52.58594
4755	9	Do5	C5	318	318	1	16	170	99	96		52.58984
4756	9	Re5	D5	327	327	1	16	170	99	96		52.59375
4757	9	Do5	C5	318	318	1	16	170	99	96		52.59766
4758	9	Si4b1	B4b1	313	313	1	16	170	99	96		52.60156
4759	9	Si4b1	B4b1	313	313	1	2	1364	99	96		52.63281
4760	9	Si4b1	B4b1	313	313	1	4	682	95	96		52.64844
4761	9			-1	-1	1	4	682	100	0		52.66406
4762	9	Do5	C5	318	318	1	4	682	99	96		52.67969
4763	9	Re5	D5	327	327	1	4	682	99	96		52.69531
4764	9	Re5	D5	327	327	1	4	682	99	96		52.71094
4765	9	Do5	C5	318	318	1	8	341	99	96		52.71875
4766	9	Si4b1	B4b1	313	313	1	8	341	95	96		52.72656
4767	9	Mi5b1	E5b1	335	335	1	2	1364	99	96		52.75781
4768	9	Mi5b1	E5b1	335	335	1	16	170	99	96		52.76172
4769	9	Re5	D5	327	327	1	16	170	99	96		52.76563
4770	9	Mi5b1	E5b1	335	335	1	16	170	99	96		52.76953
4771	9	Fa5#4	F5#4	344	344	1	16	170	99	96		52.77344
4772	9	Mi5b1	E5b1	335	335	1	8	341	99	96		52.78125
4773	9	Re5	D5	327	327	1	8	341	95	96		52.78906
4774	9	Re5	D5	327	327	3	8	1023	99	96		52.8125
4775	9	Do5	C5	318	318	1	8	341	99	96		52.82031
4776	8	Fa5#4	F5#4	344	344	1	8	341	99	96		52.82813
4777	9	Mi5b1	E5b1	335	335	1	4	682	99	96		52.84375
4778	9	Re5	D5	327	327	1	8	341	95	96		52.85156
4779	9	Do5	C5	318	318	1	8	341	95	96		52.85938
4780	9	Si4b1	B4b1	313	313	1	2	1364	99	96		52.89063
4781	9	Mi5b1	E5b1	335	335	1	2	1364	95	96		52.92188
4782	9	Mi5b1	E5b1	335	335	1	2	1364	95	96		52.95313
4783	9	Mi5b1	E5b1	335	335	3	8	1023	95	96		52.97656
4784	9	Re5	D5	327	327	1	8	341	95	96		52.98438
4785	9	Mi5b1	E5b1	335	335	1	8	341	99	96		52.99219
4786	9	Re5	D5	327	327	1	8	341	99	96		53
4787	9	Mi5b1	E5b1	335	335	1	8	341	99	96		53.00781
4788	9	Fa5#4	F5#4	344	344	1	8	341	99	96		53.01563
4789	9	Mi5b1	E5b1	335	335	1	8	341	99	96		53.02344
4790	9	Fa5#4	F5#4	344	344	1	8	341	99	96		53.03125
4791	9	Mi5b1	E5b1	335	335	1	8	341	99	96		53.03906
4792	9	Re5	D5	327	327	1	8	341	99	96		53.04688
4793	9	Re5	D5	327	327	1	8	341	95	96		53.05469
4794	9			-1	-1	1	8	341	100	0		53.0625
4795	9	Re5	D5	327	327	1	8	341	99	96		53.07031
4796	9	Mi5b1	E5b1	335	335	1	8	341	99	96		53.07813
4797	9	Re5	D5	327	327	1	8	341	99	96		53.08594
4798	9	Mi5b1	E5b1	335	335	1	8	341	99	96		53.09375
4799	9	Do5	C5	318	318	1	4	682	95	96		53.10938
4800	8	Mi5b1	E5b1	335	335	1	8	341	95	96		53.11719
4801	9	Re5	D5	327	327	1	4	682	99	96		53.13281
4802	9	Do5	C5	318	318	1	4	682	99	96		53.14844
4803	9	Si4b1	B4b1	313	313	1	4	682	99	96		53.16406
4804	9	La4	A4	305	305	1	4	682	99	96		53.17969
4805	9	La4	A4	305	305	1	4	682	99	96		53.19531
4806	8	Si4b1	B4b1	313	313	1	8	341	99	96		53.20313
4807	9	La4	A4	305	305	1	8	341	99	96		53.21094
4808	9	Sol4	G4	296	296	1	8	341	95	96		53.21875
4809	9	Si4b1	B4b1	313	313	1	4	682	95	96		53.23438
4810	9	Do5	C5	318	318	1	4	682	95	96		53.25
4811	9	Re5	D5	327	327	3	8	1023	99	96		53.27344
4812	9	Fa5#4	F5#4	344	344	1	8	341	95	96		53.28125
4813	9	Mi5b1	E5b1	335	335	3	8	1023	99	96		53.30469
4814	9	Re5	D5	327	327	1	8	341	95	96		53.3125
4815	9	Fa5#4	F5#4	344	344	1	4	682	99	96		53.32813
4816	9	Sol5	G5	349	349	1	4	682	99	96		53.34375
4817	9	Sol5	G5	349	349	1	4	682	99	96		53.35938
4818	8	La5	A5	358	358	1	8	341	99	96		53.36719
4819	9	Sol5	G5	349	349	1	8	341	99	96		53.375
4820	9	Fa5#4	F5#4	344	344	1	8	341	95	96		53.38281
4821	9	Fa5#4	F5#4	344	344	1	8	341	99	96		53.39063
4822	9	Mi5b1	E5b1	335	335	1	8	341	99	96		53.39844
4823	9	Mi5b1	E5b1	335	335	1	8	341	99	96		53.40625
4824	9	Re5	D5	327	327	1	8	341	99	96		53.41406
4825	9	Re5	D5	327	327	1	8	341	99	96		53.42188
4826	9	Do5	C5	318	318	1	8	341	99	96		53.42969
4827	8	Fa5#4	F5#4	344	344	1	8	341	99	96		53.4375
4828	9	Mi5b1	E5b1	335	335	1	8	341	99	96		53.44531
4829	9	Re5	D5	327	327	1	8	341	95	96		53.45313
4830	9	Re5	D5	327	327	1	2	1364	99	96		53.48438
4831	9	Re5	D5	327	327	1	4	682	95	96		53.5
4832	9			-1	-1	1	4	682	100	0		53.51563
4833	9			-1	-1	1	4	682	100	0		53.53125
4834	9			-1	-1	1	4	682	100	0		53.54688
4835	9	Sol5	G5	349	349	1	4	682	99	96		53.5625
4836	8	La5	A5	358	358	1	8	341	99	96		53.57031
4837	9	Sol5	G5	349	349	1	8	341	99	96		53.57813
4838	9	Fa5#4	F5#4	344	344	1	8	341	95	96		53.58594
4839	9	Fa5#4	F5#4	344	344	1	4	682	99	96		53.60156
4840	8	Sol5	G5	349	349	1	8	341	99	96		53.60938
4841	9	Fa5#4	F5#4	344	344	1	8	341	99	96		53.61719
4842	9	Mi5b1	E5b1	335	335	1	8	341	95	96		53.625
4843	9	Mi5b1	E5b1	335	335	1	4	682	99	96		53.64063
4844	8	Fa5#4	F5#4	344	344	1	8	341	99	96		53.64844
4845	9	Mi5b1	E5b1	335	335	1	8	341	99	96		53.65625
4846	9	Re5	D5	327	327	1	8	341	95	96		53.66406
4847	9	Re5	D5	327	327	1	4	682	99	96		53.67969
4848	8	Mi5b1	E5b1	335	335	1	8	341	99	96		53.6875
4849	9	Re5	D5	327	327	1	8	341	99	96		53.69531
4850	9	Do5	C5	318	318	1	8	341	95	96		53.70313
4851	9	Si4b1	B4b1	313	313	1	2	1364	95	96		53.73438
4852	9	Si4b1	B4b1	313	313	1	2	1364	95	96		53.76563
4853	9	Sol5	G5	349	349	1	4	682	95	96		53.78125
4854	9	Sol5	G5	349	349	1	8	341	99	96		53.78906
4855	9	Fa5#4	F5#4	344	344	1	8	341	95	96		53.79688
4856	9	La5	A5	358	358	1	8	341	99	96		53.80469
4857	9	Sol5	G5	349	349	1	8	341	99	96		53.8125
4858	8	La5	A5	358	358	1	8	341	99	96		53.82031
4859	9	Sol5	G5	349	349	1	8	341	99	96		53.82813
4860	9	Fa5#4	F5#4	344	344	1	8	341	95	96		53.83594
4861	9	Sol5	G5	349	349	3	8	1023	95	96		53.85938
4862	9			-1	-1	1	8	341	100	0		53.86719
4863	9	Sol5	G5	349	349	1	4	682	99	96		53.88281
4864	9	Fa5	F5	340	340	1	4	682	99	96		53.89844
4865	9	Mi5	E5	336	336	1	8	341	99	96		53.90625
4866	9	Fa5	F5	340	340	1	8	341	99	96		53.91406
4867	9	Sol5	G5	349	349	1	8	341	95	96		53.92188
4868	9	Si5b5	B5b5	362	362	1	8	341	95	96		53.92969
4869	9	La5b5	A5b5	353	353	3	16	511	99	96		53.94141
4870	9	Sol5	G5	349	349	1	16	170	99	96		53.94531
4871	9	Fa5#4	F5#4	344	344	1	8	341	99	96		53.95313
4872	9	Sol5	G5	349	349	1	8	341	99	96		53.96094
4873	9	Fa5#4	F5#4	344	344	1	8	341	99	96		53.96875
4874	9	Sol5	G5	349	349	1	8	341	99	96		53.97656
4875	8	Si5b1	B5b1	366	366	1	8	341	99	96		53.98438
4876	9	La5b5	A5b5	353	353	1	8	341	99	96		53.99219
4877	9	Sol5	G5	349	349	1	8	341	99	96		54
4878	9	Sol5	G5	349	349	1	2	1364	95	96		54.03125
4879	9	Si4b1	B4b1	313	313	1	4	682	95	96		54.04688
4880	9	Si4b1	B4b1	313	313	1	4	682	95	96		54.0625
4881	9	Si4b1	B4b1	313	313	1	2	1364	95	96		54.09375
4882	9	Re5	D5	327	327	1	4	682	99	96		54.10938
4883	9	Mi5b1	E5b1	335	335	1	4	682	95	96		54.125
4884	9	Re5b1	D5b1	326	326	1	4	682	99	96		54.14063
4885	9	Do5	C5	318	318	1	4	682	99	96		54.15625
4886	8	Re5b1	D5b1	326	326	1	8	341	99	96		54.16406
4887	9	Do5	C5	318	318	1	4	682	99	96		54.17969
4888	9	Si4b1	B4b1	313	313	1	4	682	95	96		54.19531
4889	8	Re5	D5	327	327	1	8	341	95	96		54.20313
4890	9	Do5	C5	318	318	1	4	682	99	96		54.21875
4891	9	Si4b1	B4b1	313	313	1	4	682	99	96		54.23438
4892	9	La4	A4	305	305	1	4	682	99	96		54.25
4893	9	Sol4	G4	296	296	1	4	682	99	96		54.26563
4894	9	Sol4	G4	296	296	3	8	1023	95	96		54.28906
4895	9			-1	-1	1	8	341	100	0		54.29688
4896	9	Fa5	F5	340	340	1	4	682	99	96		54.3125
4897	9	Sol5	G5	349	349	1	4	682	99	96		54.32813
4898	9	Sol5	G5	349	349	1	8	341	99	96		54.33594
4899	9	Fa5	F5	340	340	1	4	682	99	96		54.35156
4900	9	Mi5b1	E5b1	335	335	1	8	341	95	96		54.35938
4901	9	La5	A5	358	358	3	8	1023	99	96		54.38281
4902	9	Sol5	G5	349	349	1	8	341	95	96		54.39063
4903	9	La5	A5	358	358	1	4	682	99	96		54.40625
4904	9	Sol5	G5	349	349	1	4	682	99	96		54.42188
4905	8	La5	A5	358	358	1	8	341	99	96		54.42969
4906	9	Sol5	G5	349	349	1	4	682	95	96		54.44531
4907	9	Fa5	F5	340	340	1	4	682	95	96		54.46094
4908	9	La5	A5	358	358	1	4	682	99	96		54.47656
4909	9	Sol5	G5	349	349	1	4	682	99	96		54.49219
4910	9	Fa5	F5	340	340	1	4	682	99	96		54.50781
4911	9	Mi5b1	E5b1	335	335	1	4	682	95	96		54.52344
4912	9	Re5	D5	327	327	1	2	1364	95	96		54.55469
4913	9	Sol5	G5	349	349	1	4	682	99	96		54.57031
4914	9	Fa5	F5	340	340	1	8	341	99	96		54.57813
4915	9	Mi5b1	E5b1	335	335	1	8	341	95	96		54.58594
4916	9	Mi5b1	E5b1	335	335	1	8	341	99	96		54.59375
4917	9	Re5	D5	327	327	1	4	682	99	96		54.60938
4918	9	Mi5b1	E5b1	335	335	1	8	341	95	96		54.61719
4919	9	Re5	D5	327	327	1	8	341	99	96		54.625
4920	9	Do5	C5	318	318	1	4	682	99	96		54.64063
4921	9	Re5	D5	327	327	1	8	341	95	96		54.64844
4922	9	Do5	C5	318	318	3	16	511	99	96		54.66016
4923	9	Si4b1	B4b1	313	313	1	16	170	99	96		54.66406
4924	9	La4#4	A4#4	309	309	1	8	341	99	96		54.67188
4925	9	Si4b1	B4b1	313	313	1	8	341	99	96		54.67969
4926	9	La4#4	A4#4	309	309	1	8	341	99	96		54.6875
4927	9	Si4b1	B4b1	313	313	1	8	341	99	96		54.69531
4928	9	Do5	C5	318	318	1	16	170	99	96		54.69922
4929	9	Re5	D5	327	327	1	16	170	99	96		54.70313
4930	9	Do5	C5	318	318	1	16	170	99	96		54.70703
4931	9	Si4b1	B4b1	313	313	1	16	170	99	96		54.71094
4932	9	Si4b1	B4b1	313	313	1	2	1364	99	96		54.74219
4933	9	Si4b1	B4b1	313	313	1	4	682	95	96		54.75781
4934	9			-1	-1	1	4	682	100	0		54.77344
4935	9	Si4b1	B4b1	313	313	1	2	1364	95	96		54.80469
4936	9	Do5	C5	318	318	1	4	682	99	96		54.82031
4937	8	Re5	D5	327	327	1	8	341	99	96		54.82813
4938	9	Do5	C5	318	318	1	8	341	99	96		54.83594
4939	9	Re5	D5	327	327	1	8	341	95	96		54.84375
4940	9	Si4b1	B4b1	313	313	1	8	341	99	96		54.85156
4941	9	Do5	C5	318	318	1	8	341	99	96		54.85938
4942	9	Si4b1	B4b1	313	313	1	4	682	99	96		54.875
4943	9	Do5	C5	318	318	1	8	341	99	96		54.88281
4944	9	Re5	D5	327	327	1	8	341	99	96		54.89063
4945	9	Do5	C5	318	318	1	8	341	99	96		54.89844
4946	9	Re5	D5	327	327	1	8	341	95	96		54.90625
4947	9	Mi5b5	E5b5	331	331	3	16	511	99	96		54.91797
4948	9	Re5	D5	327	327	1	16	170	99	96		54.92188
4949	9	Do5#4	C5#4	322	322	1	8	341	99	96		54.92969
4950	9	Re5	D5	327	327	1	8	341	99	96		54.9375
4951	9	Do5#4	C5#4	322	322	1	8	341	99	96		54.94531
4952	9	Re5	D5	327	327	1	8	341	99	96		54.95313
4953	9	Mi5b5	E5b5	331	331	1	8	341	99	96		54.96094
4954	8	Fa5#4	F5#4	344	344	1	8	341	99	96		54.96875
4955	9	Mi5b5	E5b5	331	331	1	16	170	99	96		54.97266
4956	9	Re5	D5	327	327	1	16	170	99	96		54.97656
4957	9	Re5	D5	327	327	1	2	1364	99	96		55.00781
4958	9	Re5	D5	327	327	1	4	682	95	96		55.02344
4959	9			-1	-1	1	4	682	100	0		55.03906
4960	9	Sol5	G5	349	349	3	8	1023	95	96		55.0625
4961	9	Fa5#4	F5#4	344	344	1	8	341	95	96		55.07031
4962	9	Mi5b1	E5b1	335	335	1	4	682	99	96		55.08594
4963	9	Fa5#4	F5#4	344	344	1	4	682	99	96		55.10156
4964	9	Sol5	G5	349	349	1	2	1364	95	96		55.13281
4965	9	La5	A5	358	358	1	2	1364	95	96		55.16406
4966	9	La5	A5	358	358	1	4	682	99	96		55.17969
4967	9	Sol5	G5	349	349	1	8	341	99	96		55.1875
4968	9	La5	A5	358	358	1	8	341	99	96		55.19531
4969	8	Si5b1	B5b1	366	366	1	8	341	99	96		55.20313
4970	9	La5	A5	358	358	1	8	341	99	96		55.21094
4971	9	Si5b5	B5b5	362	362	1	8	341	99	96		55.21875
4972	9	La5	A5	358	358	1	8	341	99	96		55.22656
4973	9	Sol5	G5	349	349	1	8	341	95	96		55.23438
4974	9	Sol5	G5	349	349	1	4	682	99	96		55.25
4975	9	Fa5	F5	340	340	1	8	341	99	96		55.25781
4976	9	Sol5	G5	349	349	1	8	341	99	96		55.26563
4977	8	La5	A5	358	358	1	8	341	99	96		55.27344
4978	9	Sol5	G5	349	349	1	8	341	99	96		55.28125
4979	9	La5	A5	358	358	1	8	341	99	96		55.28906
4980	9	Sol5	G5	349	349	1	8	341	99	96		55.29688
4981	9	Fa5	F5	340	340	1	8	341	99	96		55.30469
4982	8	Sol5	G5	349	349	1	8	341	99	96		55.3125
4983	9	Fa5	F5	340	340	1	8	341	99	96		55.32031
4984	9	Mi5b1	E5b1	335	335	1	8	341	99	96		55.32813
4985	9	Fa5	F5	340	340	1	8	341	99	96		55.33594
4986	9	Sol5	G5	349	349	1	8	341	99	96		55.34375
4987	8	La5	A5	358	358	1	8	341	99	96		55.35156
4988	9	Sol5	G5	349	349	1	8	341	99	96		55.35938
4989	9	Fa5	F5	340	340	1	8	341	99	96		55.36719
4990	9	Fa5	F5	340	340	1	8	341	95	96		55.375
4991	9	Mi5b1	E5b1	335	335	1	8	341	95	96		55.38281
4992	9	Fa5	F5	340	340	1	4	682	99	96		55.39844
4993	9	Mi5b1	E5b1	335	335	1	8	341	99	96		55.40625
4994	9	Re5	D5	327	327	1	8	341	95	96		55.41406
4995	9	La5	A5	358	358	1	4	682	99	96		55.42969
4996	8	Si5b5	B5b5	362	362	1	8	341	99	96		55.4375
4997	9	La5	A5	358	358	1	8	341	99	96		55.44531
4998	9	Sol5	G5	349	349	1	8	341	95	96		55.45313
4999	9	Fa5	F5	340	340	1	4	682	95	96		55.46875
5000	9	Sol5	G5	349	349	1	2	1364	95	96		55.5
5001	9			-1	-1	1	4	682	100	0		55.51563
5002	9	Sol5	G5	349	349	1	4	682	99	96		55.53125
5003	9	Fa5	F5	340	340	1	8	341	99	96		55.53906
5004	9	Sol5	G5	349	349	1	8	341	99	96		55.54688
5005	8	La5	A5	358	358	1	8	341	99	96		55.55469
5006	9	Sol5	G5	349	349	1	8	341	99	96		55.5625
5007	9	La5	A5	358	358	1	8	341	99	96		55.57031
5008	9	Sol5	G5	349	349	1	8	341	99	96		55.57813
5009	9	Fa5	F5	340	340	1	8	341	99	96		55.58594
5010	9	Fa5	F5	340	340	1	8	341	99	96		55.59375
5011	9	Sol5	G5	349	349	1	8	341	99	96		55.60156
5012	9	Fa5	F5	340	340	1	8	341	99	96		55.60938
5013	9	Mi5b1	E5b1	335	335	1	8	341	95	96		55.61719
5014	9	La5	A5	358	358	1	4	682	99	96		55.63281
5015	9	Sol5	G5	349	349	1	8	341	99	96		55.64063
5016	9	Fa5	F5	340	340	1	8	341	99	96		55.64844
5017	9	Fa5	F5	340	340	1	16	170	99	96		55.65234
5018	9	Mi5b1	E5b1	335	335	1	16	170	99	96		55.65625
5019	9	Fa5	F5	340	340	1	16	170	99	96		55.66016
5020	9	Sol5	G5	349	349	1	16	170	99	96		55.66406
5021	9	Fa5	F5	340	340	1	8	341	99	96		55.67188
5022	9	Mi5b1	E5b1	335	335	1	8	341	95	96		55.67969
5023	9	Mi5b1	E5b1	335	335	1	16	170	99	96		55.68359
5024	9	Re5	D5	327	327	1	16	170	99	96		55.6875
5025	9	Mi5b1	E5b1	335	335	1	16	170	99	96		55.69141
5026	9	Fa5	F5	340	340	1	16	170	99	96		55.69531
5027	9	Mi5b1	E5b1	335	335	1	8	341	99	96		55.70313
5028	9	Re5	D5	327	327	1	8	341	95	96		55.71094
5029	9	Re5	D5	327	327	1	8	341	99	96		55.71875
5030	9	Fa5	F5	340	340	1	8	341	99	96		55.72656
5031	9	Mi5b1	E5b1	335	335	1	8	341	99	96		55.73438
5032	9	Re5	D5	327	327	1	8	341	99	96		55.74219
5033	9	Re5	D5	327	327	1	4	682	95	96		55.75781
5034	9	La5	A5	358	358	1	8	341	99	96		55.76563
5035	9	Sol5	G5	349	349	1	8	341	95	96		55.77344
5036	9	Sol5	G5	349	349	1	8	341	99	96		55.78125
5037	9	Fa5	F5	340	340	1	8	341	95	96		55.78906
5038	9	Fa5	F5	340	340	1	8	341	99	96		55.79688
5039	9	Mi5b1	E5b1	335	335	1	8	341	95	96		55.80469
5040	9	Mi5b1	E5b1	335	335	1	8	341	99	96		55.8125
5041	9	Re5	D5	327	327	1	8	341	95	96		55.82031
5042	9	Re5	D5	327	327	1	8	341	99	96		55.82813
5043	9	Mi5b1	E5b1	335	335	1	8	341	95	96		55.83594
5044	9	Re5	D5	327	327	1	8	341	99	96		55.84375
5045	9	Do5	C5	318	318	1	4	682	95	96		55.85938
5046	9	Si4b1	B4b1	313	313	1	8	341	95	96		55.86719
5047	9	Re5	D5	327	327	1	4	682	99	96		55.88281
5048	9	Mi5b1	E5b1	335	335	1	4	682	99	96		55.89844
5049	9	Mi5b1	E5b1	335	335	1	16	170	99	96		55.90234
5050	9	Re5	D5	327	327	1	16	170	99	96		55.90625
5051	9	Mi5b1	E5b1	335	335	1	16	170	99	96		55.91016
5052	9	Fa5	F5	340	340	1	16	170	99	96		55.91406
5053	9	Mi5b1	E5b1	335	335	1	8	341	95	96		55.92188
5054	9	Re5	D5	327	327	1	8	341	95	96		55.92969
5055	8	Fa5	F5	340	340	1	8	341	95	96		55.9375
5056	9	Mi5b1	E5b1	335	335	1	8	341	99	96		55.94531
5057	9	Re5	D5	327	327	1	8	341	99	96		55.95313
5058	9	Mi5b1	E5b1	335	335	1	4	682	95	96		55.96875
5059	9			-1	-1	1	4	682	100	0		55.98438
5060	9	Re5	D5	327	327	1	8	341	99	96		55.99219
5061	9	Mi5b1	E5b1	335	335	1	8	341	99	96		56
5062	9	Fa5	F5	340	340	1	4	682	99	96		56.01563
5063	9	Sol5	G5	349	349	1	4	682	95	96		56.03125
5064	9	Sol5	G5	349	349	1	4	682	99	96		56.04688
5065	9	Fa5	F5	340	340	1	8	341	99	96		56.05469
5066	9	Sol5	G5	349	349	1	8	341	99	96		56.0625
5067	8	La5	A5	358	358	1	8	341	99	96		56.07031
5068	9	Sol5	G5	349	349	1	8	341	99	96		56.07813
5069	9	La5	A5	358	358	1	8	341	99	96		56.08594
5070	9	Sol5	G5	349	349	1	8	341	99	96		56.09375
5071	9	Fa5	F5	340	340	1	8	341	99	96		56.10156
5072	9	Fa5	F5	340	340	1	8	341	99	96		56.10938
5073	9	Sol5	G5	349	349	1	8	341	99	96		56.11719
5074	9	Fa5	F5	340	340	1	8	341	99	96		56.125
5075	9	Mi5b1	E5b1	335	335	1	8	341	95	96		56.13281
5076	9	Fa5	F5	340	340	1	4	682	99	96		56.14844
5077	9	Sol5	G5	349	349	1	4	682	99	96		56.16406
5078	9	Sol5	G5	349	349	1	8	341	99	96		56.17188
5079	9	Fa5	F5	340	340	1	4	682	99	96		56.1875
5080	9	Mi5	E5	336	336	1	8	341	95	96		56.19531
5081	9	La5	A5	358	358	1	4	682	99	96		56.21094
5082	8	Si5b5	B5b5	362	362	1	8	341	99	96		56.21875
5083	9	La5	A5	358	358	1	8	341	99	96		56.22656
5084	9	Sol5	G5	349	349	1	8	341	95	96		56.23438
5085	9	Sol5	G5	349	349	1	4	682	99	96		56.25
5086	8	La5	A5	358	358	1	8	341	99	96		56.25781
5087	9	Sol5	G5	349	349	1	8	341	99	96		56.26563
5088	9	Fa5	F5	340	340	1	8	341	99	96		56.27344
5089	9	Fa5	F5	340	340	1	4	682	99	96		56.28906
5090	8	Sol5	G5	349	349	1	8	341	99	96		56.29688
5091	9	Fa5	F5	340	340	1	8	341	99	96		56.30469
5092	9	Mi5b1	E5b1	335	335	1	8	341	95	96		56.3125
5093	9	Mi5b1	E5b1	335	335	1	4	682	99	96		56.32813
5094	8	Sol5	G5	349	349	1	8	341	99	96		56.33594
5095	9	Fa5	F5	340	340	1	4	682	99	96		56.35156
5096	9	Mi5b1	E5b1	335	335	1	4	682	99	96		56.36719
5097	9	Re5	D5	327	327	1	4	682	99	96		56.38281
5098	9	Re5	D5	327	327	1	2	1364	99	96		56.41406
5099	9	Re5	D5	327	327	1	4	682	95	96		56.42969
5100	9			-1	-1	1	4	682	100	0		56.44531
5101	9	Re5	D5	327	327	1	2	1364	95	96		56.47656
5102	9	La5	A5	358	358	1	4	682	99	96		56.49219
5103	8	Si5b5	B5b5	362	362	1	8	341	99	96		56.5
5104	9	La5	A5	358	358	1	8	341	99	96		56.50781
5105	9	Sol5	G5	349	349	1	8	341	95	96		56.51563
5106	9	Sol5	G5	349	349	1	4	682	99	96		56.53125
5107	8	La5	A5	358	358	1	8	341	99	96		56.53906
5108	9	Sol5	G5	349	349	1	8	341	99	96		56.54688
5109	9	Fa5	F5	340	340	1	8	341	99	96		56.55469
5110	9	Fa5	F5	340	340	1	4	682	99	96		56.57031
5111	8	Sol5	G5	349	349	1	8	341	99	96		56.57813
5112	9	Fa5	F5	340	340	1	8	341	99	96		56.58594
5113	9	Mi5b1	E5b1	335	335	1	8	341	95	96		56.59375
5114	9	Mi5b1	E5b1	335	335	1	4	682	99	96		56.60938
5115	8	Fa5#4	F5#4	344	344	1	8	341	99	96		56.61719
5116	9	Mi5b1	E5b1	335	335	1	8	341	99	96		56.625
5117	9	Re5	D5	327	327	1	8	341	99	96		56.63281
5118	9	Re5	D5	327	327	1	4	682	99	96		56.64844
5119	9	Mi5	E5	336	336	1	4	682	99	96		56.66406
5120	9	Re5	D5	327	327	1	8	341	99	96		56.67188
5121	9	Do5	C5	318	318	1	4	682	99	96		56.6875
5122	9	Si4	B4	314	314	1	8	341	95	96		56.69531
5123	9	Fa5	F5	340	340	1	4	682	99	96		56.71094
5124	9	Mi5b1	E5b1	335	335	1	8	341	99	96		56.71875
5125	9	Re5	D5	327	327	1	8	341	99	96		56.72656
5126	9	Re5	D5	327	327	3	8	1023	99	96		56.75
5127	9	Si4b1	B4b1	313	313	1	8	341	95	96		56.75781
5128	9	Do5	C5	318	318	1	8	341	99	96		56.76563
5129	9	Si4b1	B4b1	313	313	1	8	341	99	96		56.77344
5130	9	Do5	C5	318	318	1	8	341	99	96		56.78125
5131	9	Re5	D5	327	327	1	8	341	95	96		56.78906
5132	9	Do5	C5	318	318	3	16	511	99	96		56.80078
5133	9	Si4b1	B4b1	313	313	1	16	170	99	96		56.80469
5134	9	La4#4	A4#4	309	309	1	8	341	99	96		56.8125
5135	9	Si4b1	B4b1	313	313	1	8	341	99	96		56.82031
5136	9	La4#4	A4#4	309	309	1	8	341	99	96		56.82813
5137	9	Si4b1	B4b1	313	313	1	8	341	99	96		56.83594
5138	9	Do5	C5	318	318	1	16	170	99	96		56.83984
5139	9	Re5	D5	327	327	1	16	170	99	96		56.84375
5140	9	Do5	C5	318	318	1	16	170	99	96		56.84766
5141	9	Si4b1	B4b1	313	313	1	16	170	99	96		56.85156
5142	9	Si4b1	B4b1	313	313	1	2	1364	99	96		56.88281
5143	9	Si4b1	B4b1	313	313	1	4	682	95	96		56.89844
5144	9			-1	-1	1	4	682	100	0		56.91406
5145	9			-1	-1	1	4	682	100	0		56.92969
5146	9	Si4b1	B4b1	313	313	1	4	682	99	96		56.94531
5147	9	Si4b1	B4b1	313	313	1	4	682	95	96		56.96094
5148	9	Re5	D5	327	327	1	4	682	95	96		56.97656
5149	9	Do5	C5	318	318	1	2	1364	95	96		57.00781
5150	9	Re5	D5	327	327	1	2	1364	95	96		57.03906
5151	9			-1	-1	1	4	682	100	0		57.05469
5152	9	Re5	D5	327	327	1	4	682	99	96		57.07031
5153	9	Re5	D5	327	327	1	4	682	95	96		57.08594
5154	9	Mi5b1	E5b1	335	335	1	4	682	95	96		57.10156
5155	9	Re5	D5	327	327	1	4	682	99	96		57.11719
5156	8	Mi5	E5	336	336	1	8	341	99	96		57.125
5157	9	Re5	D5	327	327	1	8	341	95	96		57.13281
5158	9	Do5	C5	318	318	1	8	341	95	96		57.14063
5159	8	Do5	C5	318	318	1	8	341	95	96		57.14844
5160	9	Si4b1	B4b1	313	313	3	16	511	99	96		57.16016
5161	9	La4#4	A4#4	309	309	1	16	170	99	96		57.16406
5162	9	Sol4	G4	296	296	1	8	341	99	96		57.17188
5163	9	La4#4	A4#4	309	309	1	8	341	99	96		57.17969
5164	9	Si4b1	B4b1	313	313	1	4	682	95	96		57.19531
5165	9	Si4b1	B4b1	313	313	1	4	682	95	96		57.21094
5166	9	Mi5b1	E5b1	335	335	1	4	682	95	96		57.22656
5167	9	Mi5b1	E5b1	335	335	1	8	341	99	96		57.23438
5168	9	Re5	D5	327	327	1	8	341	95	96		57.24219
5169	9	Re5	D5	327	327	1	4	682	99	96		57.25781
5170	8	Mi5	E5	336	336	1	8	341	99	96		57.26563
5171	9	Re5	D5	327	327	1	8	341	99	96		57.27344
5172	9	Do5	C5	318	318	1	8	341	95	96		57.28125
5173	8	Do5	C5	318	318	1	8	341	95	96		57.28906
5174	9	Si4b1	B4b1	313	313	3	16	511	99	96		57.30078
5175	9	La4#4	A4#4	309	309	1	16	170	99	96		57.30469
5176	9	Si4b1	B4b1	313	313	1	8	341	99	96		57.3125
5177	9	Do5	C5	318	318	1	8	341	99	96		57.32031
5178	9	Si4b1	B4b1	313	313	1	8	341	99	96		57.32813
5179	9	La4#4	A4#4	309	309	1	8	341	95	96		57.33594
5180	9	Sol4	G4	296	296	1	8	341	99	96		57.34375
5181	9	La4#4	A4#4	309	309	1	8	341	99	96		57.35156
5182	9	Sol4	G4	296	296	1	4	682	95	96		57.36719
5183	9	La4#4	A4#4	309	309	1	4	682	95	96		57.38281
5184	9	Si4b1	B4b1	313	313	1	2	1364	99	96		57.41406
5185	9	Si4b1	B4b1	313	313	1	4	682	95	96		57.42969
5186	9			-1	-1	1	4	682	100	0		57.44531
5187	9			-1	-1	1	4	682	100	0		57.46094
5188	9	Si4b1	B4b1	313	313	1	4	682	99	96		57.47656
5189	9	Si4b1	B4b1	313	313	1	4	682	95	96		57.49219
5190	9	Re5	D5	327	327	1	4	682	95	96		57.50781
5191	9	Do5	C5	318	318	1	2	1364	95	96		57.53906
5192	9	Re5	D5	327	327	1	2	1364	95	96		57.57031
5193	9			-1	-1	1	4	682	100	0		57.58594
5194	9	Re5	D5	327	327	1	4	682	99	96		57.60156
5195	9	Re5	D5	327	327	1	4	682	95	96		57.61719
5196	9	Mi5b1	E5b1	335	335	1	4	682	95	96		57.63281
5197	9	Re5	D5	327	327	1	4	682	99	96		57.64844
5198	8	Mi5	E5	336	336	1	8	341	99	96		57.65625
5199	9	Re5	D5	327	327	1	8	341	99	96		57.66406
5200	9	Do5	C5	318	318	1	8	341	95	96		57.67188
5201	8	Do5	C5	318	318	1	8	341	95	96		57.67969
5202	9	Si4b1	B4b1	313	313	3	16	511	99	96		57.69141
5203	9	La4#4	A4#4	309	309	1	16	170	99	96		57.69531
5204	9	Si4b1	B4b1	313	313	1	8	341	99	96		57.70313
5205	9	Do5	C5	318	318	1	8	341	99	96		57.71094
5206	9	Si4b1	B4b1	313	313	1	4	682	95	96		57.72656
5207	9	Si4b1	B4b1	313	313	1	4	682	95	96		57.74219
5208	9	Mi5b1	E5b1	335	335	1	4	682	95	96		57.75781
5209	9	Mi5b1	E5b1	335	335	1	4	682	99	96		57.77344
5210	9	Re5	D5	327	327	1	4	682	95	96		57.78906
5211	9	Re5	D5	327	327	1	4	682	99	96		57.80469
5212	8	Mi5	E5	336	336	1	8	341	99	96		57.8125
5213	9	Re5	D5	327	327	1	8	341	99	96		57.82031
5214	9	Do5	C5	318	318	1	8	341	95	96		57.82813
5215	8	Do5	C5	318	318	1	8	341	95	96		57.83594
5216	9	Si4b1	B4b1	313	313	3	16	511	99	96		57.84766
5217	9	La4#4	A4#4	309	309	1	16	170	99	96		57.85156
5218	9	Sol4	G4	296	296	1	8	341	99	96		57.85938
5219	9	La4#4	A4#4	309	309	1	8	341	99	96		57.86719
5220	9	Si4b1	B4b1	313	313	1	8	341	99	96		57.875
5221	9	La4#4	A4#4	309	309	1	8	341	95	96		57.88281
5222	9	Sol4	G4	296	296	1	8	341	99	96		57.89063
5223	9	La4#4	A4#4	309	309	1	8	341	99	96		57.89844
5224	9	Sol4	G4	296	296	1	4	682	95	96		57.91406
5225	9	La4#4	A4#4	309	309	1	4	682	95	96		57.92969
5226	9	Si4b1	B4b1	313	313	1	2	1364	99	96		57.96094
5227	9	Si4b1	B4b1	313	313	1	4	682	95	96		57.97656
5228	9			-1	-1	1	4	682	100	0		57.99219
5229	9	Si4b1	B4b1	313	313	1	2	1364	95	96		58.02344
5230	8	La5	A5	358	358	1	8	341	95	96		58.03125
5231	9	Sol5	G5	349	349	1	4	682	99	96		58.04688
5232	9	Fa5#4	F5#4	344	344	1	8	341	99	96		58.05469
5233	9	Mi5#4	E5#4	340	340	1	8	341	95	96		58.0625
5234	9	Fa5#4	F5#4	344	344	1	2	1364	99	96		58.09375
5235	9	Fa5#4	F5#4	344	344	1	4	682	95	96		58.10938
5236	9			-1	-1	1	4	682	100	0		58.125
5237	9	Sol5	G5	349	349	1	4	682	99	96		58.14063
5238	9	Fa5#4	F5#4	344	344	1	4	682	99	96		58.15625
5239	9	Mi5#4	E5#4	340	340	1	4	682	99	96		58.17188
5240	8	La5	A5	358	358	1	8	341	99	96		58.17969
5241	9	Sol5	G5	349	349	1	8	341	99	96		58.1875
5242	9	Fa5#4	F5#4	344	344	1	8	341	99	96		58.19531
5243	9	Fa5#4	F5#4	344	344	1	4	682	99	96		58.21094
5244	8	Sol5	G5	349	349	1	8	341	99	96		58.21875
5245	9	Fa5#4	F5#4	344	344	1	8	341	99	96		58.22656
5246	9	Mi5#4	E5#4	340	340	1	8	341	99	96		58.23438
5247	9	Fa5#4	F5#4	344	344	1	2	1364	99	96		58.26563
5248	9	Fa5#4	F5#4	344	344	1	4	682	95	96		58.28125
5249	9			-1	-1	1	4	682	100	0		58.29688
5250	9	Mi5#4	E5#4	340	340	1	4	682	99	96		58.3125
5251	9	Fa5#4	F5#4	344	344	1	4	682	99	96		58.32813
5252	9	Mi5#4	E5#4	340	340	1	2	1364	95	96		58.35938
5253	9	Sol5	G5	349	349	1	2	1364	95	96		58.39063
5254	9	Fa5#4	F5#4	344	344	1	4	682	99	96		58.40625
5255	8	La5	A5	358	358	1	8	341	99	96		58.41406
5256	9	Sol5	G5	349	349	1	4	682	99	96		58.42969
5257	9	Fa5#4	F5#4	344	344	1	8	341	99	96		58.4375
5258	9	Mi5#4	E5#4	340	340	1	8	341	99	96		58.44531
5259	8	Sol5	G5	349	349	1	8	341	99	96		58.45313
5260	9	Fa5#4	F5#4	344	344	1	8	341	99	96		58.46094
5261	9	Mi5#4	E5#4	340	340	1	8	341	95	96		58.46875
5262	9	Re5	D5	327	327	1	2	1364	99	96		58.5
5263	9	Re5	D5	327	327	1	4	682	99	96		58.51563
5264	9	Fa5#4	F5#4	344	344	1	4	682	99	96		58.53125
5265	9	Fa5#4	F5#4	344	344	1	2	1364	99	96		58.5625
5266	9	Fa5#4	F5#4	344	344	1	4	682	95	96		58.57813
5267	9			-1	-1	1	4	682	100	0		58.59375
5268	9	Si4b1	B4b1	313	313	1	2	1364	95	96		58.625
5269	8	La5	A5	358	358	1	8	341	95	96		58.63281
5270	9	Sol5	G5	349	349	1	4	682	99	96		58.64844
5271	9	Fa5#4	F5#4	344	344	1	8	341	99	96		58.65625
5272	9	Mi5#4	E5#4	340	340	1	8	341	95	96		58.66406
5273	9	Fa5#4	F5#4	344	344	1	2	1364	99	96		58.69531
5274	9	Fa5#4	F5#4	344	344	1	4	682	95	96		58.71094
5275	9			-1	-1	1	4	682	100	0		58.72656
5276	9	Fa5#4	F5#4	344	344	1	8	341	99	96		58.73438
5277	9	Sol5	G5	349	349	1	8	341	99	96		58.74219
5278	9	Fa5#4	F5#4	344	344	1	8	341	99	96		58.75
5279	9	Sol5	G5	349	349	1	8	341	99	96		58.75781
5280	9	La5#4	A5#4	362	362	1	4	682	99	96		58.77344
5281	9	Si5b1	B5b1	366	366	1	4	682	99	96		58.78906
5282	9	La5#4	A5#4	362	362	1	8	341	99	96		58.79688
5283	9	Sol5	G5	349	349	1	4	682	99	96		58.8125
5284	9	Fa5#4	F5#4	344	344	1	8	341	95	96		58.82031
5285	9	Do6#4	C6#4	375	375	1	4	682	99	96		58.83594
5286	9	Si5b1	B5b1	366	366	1	8	341	99	96		58.84375
5287	9	La5#4	A5#4	362	362	1	8	341	99	96		58.85156
5288	9	La5#4	A5#4	362	362	1	8	341	99	96		58.85938
5289	9	Si5b1	B5b1	366	366	1	8	341	99	96		58.86719
5290	9	La5#4	A5#4	362	362	1	8	341	95	96		58.875
5291	9	Sol5	G5	349	349	1	8	341	95	96		58.88281
5292	9	Sol5	G5	349	349	1	8	341	99	96		58.89063
5293	9	Fa5#4	F5#4	344	344	1	8	341	99	96		58.89844
5294	9	Sol5	G5	349	349	1	8	341	99	96		58.90625
5295	9	La5#4	A5#4	362	362	1	8	341	95	96		58.91406
5296	9	Sol5	G5	349	349	3	16	511	99	96		58.92578
5297	9	Fa5#4	F5#4	344	344	1	16	170	99	96		58.92969
5298	9	Mi5#4	E5#4	340	340	1	8	341	99	96		58.9375
5299	9	Fa5#4	F5#4	344	344	1	8	341	99	96		58.94531
5300	9	Mi5#4	E5#4	340	340	1	8	341	99	96		58.95313
5301	9	Fa5#4	F5#4	344	344	1	8	341	99	96		58.96094
5302	9	Sol5	G5	349	349	1	16	170	99	96		58.96484
5303	9	La5#4	A5#4	362	362	1	16	170	99	96		58.96875
5304	9	Sol5	G5	349	349	1	16	170	99	96		58.97266
5305	9	Fa5#4	F5#4	344	344	1	16	170	99	96		58.97656
5306	9	Fa5#4	F5#4	344	344	1	2	1364	99	96		59.00781
5307	9	Fa5#4	F5#4	344	344	1	4	682	95	96		59.02344
5308	9			-1	-1	1	4	682	100	0		59.03906
5309	9	Fa5#4	F5#4	344	344	1	2	1364	95	96		59.07031
5310	9	Do6#4	C6#4	375	375	1	2	1364	95	96		59.10156
5311	9	Do6#4	C6#4	375	375	1	2	1364	99	96		59.13281
5312	9	Do6#4	C6#4	375	375	1	4	682	95	96		59.14844
5313	9			-1	-1	1	4	682	100	0		59.16406
5314	9	Do6#4	C6#4	375	375	1	2	1364	99	96		59.19531
5315	9	Re6	D6	380	380	1	4	682	99	96		59.21094
5316	8	Mi6	E6	389	389	1	8	341	99	96		59.21875
5317	9	Re6	D6	380	380	1	8	341	99	96		59.22656
5318	9	Do6#4	C6#4	375	375	1	8	341	99	96		59.23438
5319	9	Si5b1	B5b1	366	366	1	2	1364	99	96		59.26563
5320	9	Do6#4	C6#4	375	375	1	4	682	99	96		59.28125
5321	8	Re6	D6	380	380	1	8	341	99	96		59.28906
5322	9	Do6#4	C6#4	375	375	1	8	341	99	96		59.29688
5323	9	Si5b1	B5b1	366	366	1	8	341	99	96		59.30469
5324	9	La5#4	A5#4	362	362	1	2	1364	95	96		59.33594
5325	9	Si5b1	B5b1	366	366	1	4	682	99	96		59.35156
5326	8	Do6#4	C6#4	375	375	1	8	341	99	96		59.35938
5327	9	Si5b1	B5b1	366	366	1	8	341	99	96		59.36719
5328	9	La5#4	A5#4	362	362	1	8	341	99	96		59.375
5329	9	La5#4	A5#4	362	362	1	8	341	99	96		59.38281
5330	9	Sol5	G5	349	349	1	8	341	99	96		59.39063
5331	9	Sol5	G5	349	349	1	8	341	99	96		59.39844
5332	9	Fa5#4	F5#4	344	344	1	8	341	99	96		59.40625
5333	9	Sol5	G5	349	349	1	4	682	95	96		59.42188
5334	9	La5#4	A5#4	362	362	1	4	682	95	96		59.4375
5335	9	Si5b1	B5b1	366	366	3	8	1023	99	96		59.46094
5336	9	Do6#4	C6#4	375	375	1	8	341	99	96		59.46875
5337	9	Re6	D6	380	380	1	4	682	99	96		59.48438
5338	8	Mi6	E6	389	389	1	8	341	99	96		59.49219
5339	9	Re6	D6	380	380	1	8	341	95	96		59.5
5340	9	Do6#4	C6#4	375	375	1	8	341	95	96		59.50781
5341	9	Do6#4	C6#4	375	375	3	16	511	99	96		59.51953
5342	9	Si5b1	B5b1	366	366	1	16	170	99	96		59.52344
5343	9	La5#4	A5#4	362	362	1	8	341	99	96		59.53125
5344	9	Si5b1	B5b1	366	366	1	8	341	99	96		59.53906
5345	9	La5#4	A5#4	362	362	1	8	341	99	96		59.54688
5346	9	Si5b1	B5b1	366	366	1	8	341	99	96		59.55469
5347	9	Do6#4	C6#4	375	375	1	8	341	99	96		59.5625
5348	9	Si5b1	B5b1	366	366	1	8	341	99	96		59.57031
5349	9	Si5b1	B5b1	366	366	1	2	1364	99	96		59.60156
5350	9	Si5b1	B5b1	366	366	1	4	682	95	96		59.61719
5351	9			-1	-1	1	4	682	100	0		59.63281
5352	9	Fa5#4	F5#4	344	344	1	2	1364	95	96		59.66406
5353	9	Sol5	G5	349	349	1	2	1364	95	96		59.69531
5354	9	La5#4	A5#4	362	362	1	4	682	99	96		59.71094
5355	8	Do6#4	C6#4	375	375	1	8	341	99	96		59.71875
5356	9	Si5b1	B5b1	366	366	1	8	341	99	96		59.72656
5357	9	La5#4	A5#4	362	362	1	8	341	99	96		59.73438
5358	9	Sol5	G5	349	349	1	8	341	99	96		59.74219
5359	9	Fa5#4	F5#4	344	344	1	8	341	99	96		59.75
5360	9	Sol5	G5	349	349	1	4	682	95	96		59.76563
5361	9	La5#4	A5#4	362	362	1	8	341	99	96		59.77344
5362	9	Si5b1	B5b1	366	366	1	8	341	99	96		59.78125
5363	9	La5#4	A5#4	362	362	1	8	341	99	96		59.78906
5364	9	Si5b1	B5b1	366	366	1	8	341	99	96		59.79688
5365	9	Re6	D6	380	380	1	8	341	99	96		59.80469
5366	9	Do6#4	C6#4	375	375	1	8	341	99	96		59.8125
5367	9	Si5b1	B5b1	366	366	1	8	341	99	96		59.82031
5368	9	La5#4	A5#4	362	362	1	8	341	99	96		59.82813
5369	9	La5#4	A5#4	362	362	1	8	341	99	96		59.83594
5370	9	Sol5	G5	349	349	1	4	682	99	96		59.85156
5371	9	Fa5#4	F5#4	344	344	1	8	341	95	96		59.85938
5372	9	Do6#4	C6#4	375	375	1	4	682	99	96		59.875
5373	9	Si5b1	B5b1	366	366	1	8	341	99	96		59.88281
5374	9	La5#4	A5#4	362	362	1	8	341	99	96		59.89063
5375	9	La5#4	A5#4	362	362	1	8	341	99	96		59.89844
5376	9	Si5b1	B5b1	366	366	1	8	341	99	96		59.90625
5377	9	La5#4	A5#4	362	362	1	8	341	99	96		59.91406
5378	9	Sol5	G5	349	349	1	8	341	95	96		59.92188
5379	9	Sol5	G5	349	349	1	8	341	99	96		59.92969
5380	9	Fa5#4	F5#4	344	344	1	8	341	99	96		59.9375
5381	9	Sol5	G5	349	349	1	8	341	99	96		59.94531
5382	9	La5#4	A5#4	362	362	1	8	341	95	96		59.95313
5383	9	Sol5	G5	349	349	3	16	511	99	96		59.96484
5384	9	Fa5#4	F5#4	344	344	1	16	170	99	96		59.96875
5385	9	Mi5#4	E5#4	340	340	1	8	341	99	96		59.97656
5386	9	Fa5#4	F5#4	344	344	1	8	341	99	96		59.98438
5387	9	Mi5#4	E5#4	340	340	1	8	341	99	96		59.99219
5388	9	Fa5#4	F5#4	344	344	1	8	341	99	96		60
5389	9	Sol5	G5	349	349	1	16	170	99	96		60.00391
5390	9	La5#4	A5#4	362	362	1	16	170	99	96		60.00781
5391	9	Sol5	G5	349	349	1	16	170	99	96		60.01172
5392	9	Fa5#4	F5#4	344	344	1	16	170	99	96		60.01563
5393	9	Fa5#4	F5#4	344	344	1	2	1364	99	96		60.04688
5394	9	Fa5#4	F5#4	344	344	1	4	682	95	96		60.0625
5395	9			-1	-1	1	4	682	100	0		60.07813
5396	9	Sol5	G5	349	349	1	2	1364	95	96		60.10938
5397	9	Mi5	E5	336	336	1	4	682	95	96		60.125
5398	9	Fa5#4	F5#4	344	344	1	4	682	99	96		60.14063
5399	9	Sol5	G5	349	349	1	2	1364	95	96		60.17188
5400	9	La5	A5	358	358	3	8	1023	95	96		60.19531
5401	9			-1	-1	1	8	341	100	0		60.20313
5402	9	La5	A5	358	358	1	4	682	99	96		60.21875
5403	9	Sol5	G5	349	349	1	8	341	99	96		60.22656
5404	9	La5	A5	358	358	1	8	341	99	96		60.23438
5405	8	Si5b5	B5b5	362	362	1	8	341	99	96		60.24219
5406	9	La5	A5	358	358	1	8	341	99	96		60.25
5407	9	Si5b5	B5b5	362	362	1	8	341	99	96		60.25781
5408	9	La5	A5	358	358	1	8	341	99	96		60.26563
5409	9	Sol5	G5	349	349	1	8	341	95	96		60.27344
5410	9	Sol5	G5	349	349	1	4	682	99	96		60.28906
5411	9	Fa5	F5	340	340	1	8	341	99	96		60.29688
5412	9	Sol5	G5	349	349	1	8	341	99	96		60.30469
5413	8	La5	A5	358	358	1	8	341	99	96		60.3125
5414	9	Sol5	G5	349	349	1	8	341	99	96		60.32031
5415	9	La5	A5	358	358	1	8	341	99	96		60.32813
5416	9	Sol5	G5	349	349	1	8	341	99	96		60.33594
5417	9	Fa5	F5	340	340	1	8	341	99	96		60.34375
5418	9	Fa5	F5	340	340	1	8	341	99	96		60.35156
5419	9	Sol5	G5	349	349	1	8	341	99	96		60.35938
5420	9	Fa5	F5	340	340	1	8	341	99	96		60.36719
5421	9	Mi5b1	E5b1	335	335	1	8	341	95	96		60.375
5422	9	Fa5	F5	340	340	1	4	682	99	96		60.39063
5423	9	Sol5	G5	349	349	1	4	682	99	96		60.40625
5424	9	Sol5	G5	349	349	1	8	341	99	96		60.41406
5425	9	Fa5	F5	340	340	1	4	682	99	96		60.42969
5426	9	Mi5b1	E5b1	335	335	1	8	341	95	96		60.4375
5427	9	La5	A5	358	358	1	4	682	99	96		60.45313
5428	8	Si5b5	B5b5	362	362	1	8	341	99	96		60.46094
5429	9	La5	A5	358	358	1	8	341	99	96		60.46875
5430	9	Sol5	G5	349	349	1	8	341	95	96		60.47656
5431	9	Sol5	G5	349	349	1	4	682	99	96		60.49219
5432	8	La5	A5	358	358	1	8	341	99	96		60.5
5433	9	Sol5	G5	349	349	1	8	341	99	96		60.50781
5434	9	Fa5	F5	340	340	1	8	341	99	96		60.51563
5435	9	Fa5	F5	340	340	1	4	682	99	96		60.53125
5436	8	Sol5	G5	349	349	1	8	341	99	96		60.53906
5437	9	Fa5	F5	340	340	1	8	341	95	96		60.54688
5438	9	Mi5b1	E5b1	335	335	1	8	341	95	96		60.55469
5439	9	Mi5b1	E5b1	335	335	1	4	682	99	96		60.57031
5440	8	Sol5	G5	349	349	1	8	341	99	96		60.57813
5441	9	Fa5	F5	340	340	1	4	682	99	96		60.59375
5442	9	Mi5b1	E5b1	335	335	1	4	682	99	96		60.60938
5443	9	Re5	D5	327	327	1	4	682	99	96		60.625
5444	9	Re5	D5	327	327	1	2	1364	99	96		60.65625
5445	9	Re5	D5	327	327	1	4	682	95	96		60.67188
5446	9			-1	-1	1	4	682	100	0		60.6875
5447	9	Re5	D5	327	327	1	2	1364	95	96		60.71875
5448	9	La5	A5	358	358	1	4	682	95	96		60.73438
5449	8	Si5b5	B5b5	362	362	1	8	341	95	96		60.74219
5450	9	La5	A5	358	358	1	8	341	95	96		60.75
5451	9	Sol5	G5	349	349	1	8	341	95	96		60.75781
5452	9	Sol5	G5	349	349	1	4	682	99	96		60.77344
5453	8	La5	A5	358	358	1	8	341	99	96		60.78125
5454	9	Sol5	G5	349	349	1	8	341	99	96		60.78906
5455	9	Fa5	F5	340	340	1	8	341	99	96		60.79688
5456	9	Fa5	F5	340	340	1	4	682	99	96		60.8125
5457	8	Sol5	G5	349	349	1	8	341	99	96		60.82031
5458	9	Fa5	F5	340	340	1	8	341	99	96		60.82813
5459	9	Mi5b1	E5b1	335	335	1	8	341	95	96		60.83594
5460	9	Mi5b1	E5b1	335	335	1	4	682	99	96		60.85156
5461	8	Fa5	F5	340	340	1	8	341	99	96		60.85938
5462	9	Mi5b1	E5b1	335	335	1	8	341	99	96		60.86719
5463	9	Re5	D5	327	327	1	8	341	99	96		60.875
5464	9	Re5	D5	327	327	1	4	682	99	96		60.89063
5465	9	Mi5b1	E5b1	335	335	1	4	682	99	96		60.90625
5466	9	Re5	D5	327	327	1	8	341	99	96		60.91406
5467	9	Do5	C5	318	318	1	4	682	99	96		60.92969
5468	9	Si4b1	B4b1	313	313	1	8	341	95	96		60.9375
5469	9	Fa5	F5	340	340	1	4	682	99	96		60.95313
5470	9	Mi5b1	E5b1	335	335	1	8	341	99	96		60.96094
5471	9	Re5	D5	327	327	1	8	341	99	96		60.96875
5472	9	Re5	D5	327	327	3	8	1023	99	96		60.99219
5473	9	Si4b1	B4b1	313	313	1	8	341	95	96		61
5474	9	Do5	C5	318	318	1	8	341	99	96		61.00781
5475	9	Si4b1	B4b1	313	313	1	8	341	99	96		61.01563
5476	9	Do5	C5	318	318	1	8	341	99	96		61.02344
5477	9	Re5	D5	327	327	1	8	341	95	96		61.03125
5478	9	Do5	C5	318	318	3	16	511	95	96		61.04297
5479	9	Si4b1	B4b1	313	313	1	16	170	95	96		61.04688
5480	9	La4#4	A4#4	309	309	1	8	341	95	96		61.05469
5481	9	Si4b1	B4b1	313	313	1	8	341	95	96		61.0625
5482	9	La4#4	A4#4	309	309	1	8	341	95	96		61.07031
5483	9	Si4b1	B4b1	313	313	1	8	341	95	96		61.07813
5484	9	Do5	C5	318	318	1	16	170	95	96		61.08203
5485	9	Re5	D5	327	327	1	16	170	95	96		61.08594
5486	9	Do5	C5	318	318	1	16	170	95	96		61.08984
5487	9	Si4b1	B4b1	313	313	1	16	170	95	96		61.09375
5488	9	Si4b1	B4b1	313	313	1	2	1364	95	96		61.125
5489	9	Si4b1	B4b1	313	313	1	4	682	95	96		61.14063
5490	9			-1	-1	1	4	682	100	0		61.15625
5491	9	Do5	C5	318	318	1	4	682	99	96		61.17188
5492	9	Re5	D5	327	327	1	4	682	99	96		61.1875
5493	9	Re5	D5	327	327	1	4	682	99	96		61.20313
5494	9	Do5	C5	318	318	1	8	341	99	96		61.21094
5495	9	Si4b1	B4b1	313	313	1	8	341	95	96		61.21875
5496	9	Mi5b1	E5b1	335	335	1	2	1364	99	96		61.25
5497	9	Mi5b1	E5b1	335	335	1	16	170	99	96		61.25391
5498	9	Re5	D5	327	327	1	16	170	99	96		61.25781
5499	9	Mi5b1	E5b1	335	335	1	16	170	99	96		61.26172
5500	9	Fa5#4	F5#4	344	344	1	16	170	99	96		61.26563
5501	9	Mi5b1	E5b1	335	335	1	8	341	99	96		61.27344
5502	9	Re5	D5	327	327	1	8	341	95	96		61.28125
5503	9	Re5	D5	327	327	3	8	1023	99	96		61.30469
5504	9	Do5	C5	318	318	1	8	341	99	96		61.3125
5505	8	Fa5#4	F5#4	344	344	1	8	341	99	96		61.32031
5506	9	Mi5b1	E5b1	335	335	1	4	682	99	96		61.33594
5507	9	Re5	D5	327	327	1	8	341	95	96		61.34375
5508	9	Do5	C5	318	318	1	8	341	95	96		61.35156
5509	9	Si4b1	B4b1	313	313	1	2	1364	95	96		61.38281
5510	9	Mi5b1	E5b1	335	335	1	2	1364	95	96		61.41406
5511	9	Mi5b1	E5b1	335	335	1	2	1364	95	96		61.44531
5512	9	Mi5b1	E5b1	335	335	3	8	1023	95	96		61.46875
5513	9	Re5	D5	327	327	1	8	341	95	96		61.47656
5514	9	Mi5b1	E5b1	335	335	1	8	341	99	96		61.48438
5515	9	Re5	D5	327	327	1	8	341	99	96		61.49219
5516	9	Mi5b1	E5b1	335	335	1	8	341	99	96		61.5
5517	9	Fa5#4	F5#4	344	344	1	8	341	99	96		61.50781
5518	9	Mi5b1	E5b1	335	335	1	8	341	99	96		61.51563
5519	9	Fa5#4	F5#4	344	344	1	8	341	99	96		61.52344
5520	9	Mi5b1	E5b1	335	335	1	8	341	99	96		61.53125
5521	9	Re5	D5	327	327	1	8	341	99	96		61.53906
5522	9	Re5	D5	327	327	1	8	341	95	96		61.54688
5523	9			-1	-1	1	8	341	100	0		61.55469
5524	9	Re5	D5	327	327	1	8	341	99	96		61.5625
5525	9	Mi5b1	E5b1	335	335	1	8	341	99	96		61.57031
5526	9	Re5	D5	327	327	1	8	341	99	96		61.57813
5527	9	Mi5b1	E5b1	335	335	1	8	341	99	96		61.58594
5528	9	Do5	C5	318	318	1	4	682	95	96		61.60156
5529	8	Mi5	E5	336	336	1	8	341	95	96		61.60938
5530	9	Re5	D5	327	327	1	4	682	99	96		61.625
5531	9	Do5	C5	318	318	1	4	682	99	96		61.64063
5532	9	Si4b1	B4b1	313	313	1	4	682	99	96		61.65625
5533	9	La4	A4	305	305	1	4	682	99	96		61.67188
5534	9	La4	A4	305	305	1	4	682	99	96		61.6875
5535	8	Si4b1	B4b1	313	313	1	8	341	99	96		61.69531
5536	9	La4	A4	305	305	1	8	341	99	96		61.70313
5537	9	Sol4	G4	296	296	1	8	341	95	96		61.71094
5538	9	Si4b1	B4b1	313	313	1	4	682	95	96		61.72656
5539	9	Do5	C5	318	318	1	4	682	95	96		61.74219
5540	9	Re5	D5	327	327	3	8	1023	99	96		61.76563
5541	9	Fa5#4	F5#4	344	344	1	8	341	95	96		61.77344
5542	9	Mi5b1	E5b1	335	335	3	8	1023	99	96		61.79688
5543	9	Re5	D5	327	327	1	8	341	95	96		61.80469
5544	9	Fa5#4	F5#4	344	344	1	4	682	99	96		61.82031
5545	9	Sol5	G5	349	349	1	4	682	99	96		61.83594
5546	9	Sol5	G5	349	349	1	4	682	99	96		61.85156
5547	8	La5	A5	358	358	1	8	341	99	96		61.85938
5548	9	Sol5	G5	349	349	1	8	341	99	96		61.86719
5549	9	Fa5#4	F5#4	344	344	1	8	341	95	96		61.875
5550	9	Fa5#4	F5#4	344	344	1	8	341	99	96		61.88281
5551	9	Mi5b1	E5b1	335	335	1	8	341	99	96		61.89063
5552	9	Mi5b1	E5b1	335	335	1	8	341	99	96		61.89844
5553	9	Re5	D5	327	327	1	8	341	99	96		61.90625
5554	9	Re5	D5	327	327	1	8	341	99	96		61.91406
5555	9	Do5	C5	318	318	1	8	341	99	96		61.92188
5556	8	Fa5#4	F5#4	344	344	1	8	341	99	96		61.92969
5557	9	Mi5b1	E5b1	335	335	1	8	341	99	96		61.9375
5558	9	Re5	D5	327	327	1	8	341	95	96		61.94531
5559	9	Re5	D5	327	327	1	2	1364	99	96		61.97656
5560	9	Re5	D5	327	327	1	4	682	95	96		61.99219
5561	9			-1	-1	1	4	682	100	0		62.00781
5562	9			-1	-1	1	4	682	100	0		62.02344
5563	9			-1	-1	1	4	682	100	0		62.03906
5564	9	Sol5	G5	349	349	1	4	682	99	96		62.05469
5565	8	La5	A5	358	358	1	8	341	99	96		62.0625
5566	9	Sol5	G5	349	349	1	8	341	99	96		62.07031
5567	9	Fa5#4	F5#4	344	344	1	8	341	95	96		62.07813
5568	9	Fa5#4	F5#4	344	344	1	4	682	99	96		62.09375
5569	8	Sol5	G5	349	349	1	8	341	99	96		62.10156
5570	9	Fa5#4	F5#4	344	344	1	8	341	99	96		62.10938
5571	9	Mi5b1	E5b1	335	335	1	8	341	95	96		62.11719
5572	9	Mi5b1	E5b1	335	335	1	4	682	99	96		62.13281
5573	8	Fa5#4	F5#4	344	344	1	8	341	99	96		62.14063
5574	9	Mi5b1	E5b1	335	335	1	8	341	99	96		62.14844
5575	9	Re5	D5	327	327	1	8	341	95	96		62.15625
5576	9	Re5	D5	327	327	1	4	682	99	96		62.17188
5577	8	Mi5	E5	336	336	1	8	341	99	96		62.17969
5578	9	Re5	D5	327	327	1	8	341	99	96		62.1875
5579	9	Do5	C5	318	318	1	8	341	95	96		62.19531
5580	9	Si4b1	B4b1	313	313	1	2	1364	95	96		62.22656
5581	9	Si4b1	B4b1	313	313	1	2	1364	95	96		62.25781
5582	9	Sol5	G5	349	349	1	4	682	95	96		62.27344
5583	9	Sol5	G5	349	349	1	8	341	99	96		62.28125
5584	9	Fa5#4	F5#4	344	344	1	8	341	95	96		62.28906
5585	9	La5	A5	358	358	1	8	341	99	96		62.29688
5586	9	Sol5	G5	349	349	1	8	341	99	96		62.30469
5587	8	La5	A5	358	358	1	8	341	99	96		62.3125
5588	9	Sol5	G5	349	349	1	8	341	99	96		62.32031
5589	9	Fa5#4	F5#4	344	344	1	8	341	95	96		62.32813
5590	9	Sol5	G5	349	349	3	8	1023	95	96		62.35156
5591	9			-1	-1	1	8	341	100	0		62.35938
5592	9	Sol5	G5	349	349	1	4	682	99	96		62.375
5593	9	Fa5	F5	340	340	1	4	682	99	96		62.39063
5594	9	Mi5	E5	336	336	1	8	341	99	96		62.39844
5595	9	Fa5	F5	340	340	1	8	341	99	96		62.40625
5596	9	Sol5	G5	349	349	1	8	341	95	96		62.41406
5597	9	Si5b5	B5b5	362	362	1	8	341	95	96		62.42188
5598	9	La5	A5	358	358	3	16	511	99	96		62.43359
5599	9	Sol5	G5	349	349	1	16	170	99	96		62.4375
5600	9	Fa5#4	F5#4	344	344	1	8	341	99	96		62.44531
5601	9	Sol5	G5	349	349	1	8	341	99	96		62.45313
5602	9	Fa5#4	F5#4	344	344	1	8	341	99	96		62.46094
5603	9	Sol5	G5	349	349	1	8	341	99	96		62.46875
5604	8	Si5b1	B5b1	366	366	1	8	341	99	96		62.47656
5605	9	La5	A5	358	358	1	8	341	99	96		62.48438
5606	9	Sol5	G5	349	349	1	8	341	99	96		62.49219
5607	9	Sol5	G5	349	349	1	2	1364	95	96		62.52344
5608	9	Si4b1	B4b1	313	313	1	4	682	99	96		62.53906
5609	9	Si4b1	B4b1	313	313	1	4	682	99	96		62.55469
5610	9	Si4b1	B4b1	313	313	1	2	1364	95	96		62.58594
5611	9	Re5	D5	327	327	1	4	682	99	96		62.60156
5612	9	Mi5b1	E5b1	335	335	1	4	682	95	96		62.61719
5613	9	Re5	D5	327	327	1	4	682	99	96		62.63281
5614	9	Do5	C5	318	318	1	4	682	99	96		62.64844
5615	8	Re5	D5	327	327	1	8	341	99	96		62.65625
5616	9	Do5	C5	318	318	1	4	682	95	96		62.67188
5617	9	Si4b1	B4b1	313	313	1	4	682	95	96		62.6875
5618	8	Re5	D5	327	327	1	8	341	95	96		62.69531
5619	9	Do5	C5	318	318	1	4	682	99	96		62.71094
5620	9	Si4b1	B4b1	313	313	1	4	682	99	96		62.72656
5621	9	La4	A4	305	305	1	4	682	99	96		62.74219
5622	9	Sol4	G4	296	296	1	4	682	99	96		62.75781
5623	9	Sol4	G4	296	296	3	8	1023	95	96		62.78125
5624	9			-1	-1	1	8	341	100	0		62.78906
5625	9	Fa5	F5	340	340	1	4	682	99	96		62.80469
5626	9	Sol5	G5	349	349	1	4	682	99	96		62.82031
5627	9	Sol5	G5	349	349	1	8	341	99	96		62.82813
5628	9	Fa5	F5	340	340	1	4	682	99	96		62.84375
5629	9	Mi5b1	E5b1	335	335	1	8	341	95	96		62.85156
5630	9	La5	A5	358	358	3	8	1023	99	96		62.875
5631	9	Sol5	G5	349	349	1	8	341	95	96		62.88281
5632	9	La5	A5	358	358	1	4	682	99	96		62.89844
5633	9	Sol5	G5	349	349	1	4	682	99	96		62.91406
5634	8	La5	A5	358	358	1	8	341	99	96		62.92188
5635	9	Sol5	G5	349	349	1	4	682	95	96		62.9375
5636	9	Fa5	F5	340	340	1	4	682	95	96		62.95313
5637	9	La5	A5	358	358	1	4	682	99	96		62.96875
5638	9	Sol5	G5	349	349	1	4	682	99	96		62.98438
5639	9	Fa5	F5	340	340	1	4	682	99	96		63
5640	9	Mi5b1	E5b1	335	335	1	4	682	95	96		63.01563
5641	9	Re5	D5	327	327	1	2	1364	95	96		63.04688
5642	9	Sol5	G5	349	349	1	4	682	99	96		63.0625
5643	9	Fa5	F5	340	340	1	8	341	99	96		63.07031
5644	9	Mi5b1	E5b1	335	335	1	8	341	95	96		63.07813
5645	9	Mi5b1	E5b1	335	335	1	8	341	99	96		63.08594
5646	9	Re5	D5	327	327	1	4	682	99	96		63.10156
5647	9	Mi5b1	E5b1	335	335	1	8	341	95	96		63.10938
5648	9	Re5	D5	327	327	1	8	341	99	96		63.11719
5649	9	Do5	C5	318	318	1	4	682	95	96		63.13281
5650	9	Re5	D5	327	327	1	8	341	95	96		63.14063
5651	9	Do5	C5	318	318	3	16	511	99	96		63.15234
5652	9	Si4b1	B4b1	313	313	1	16	170	99	96		63.15625
5653	9	La4#4	A4#4	309	309	1	8	341	99	96		63.16406
5654	9	Si4b1	B4b1	313	313	1	8	341	99	96		63.17188
5655	9	La4#4	A4#4	309	309	1	8	341	99	96		63.17969
5656	9	Si4b1	B4b1	313	313	1	8	341	99	96		63.1875
5657	9	Do5	C5	318	318	1	16	170	99	96		63.19141
5658	9	Re5	D5	327	327	1	16	170	99	96		63.19531
5659	9	Do5	C5	318	318	1	16	170	99	96		63.19922
5660	9	Si4b1	B4b1	313	313	1	16	170	99	96		63.20313
5661	9	Si4b1	B4b1	313	313	1	2	1364	99	96		63.23438
5662	9	Si4b1	B4b1	313	313	1	4	682	95	96		63.25
5663	9			-1	-1	1	4	682	100	0		63.26563
5664	9	Si4b1	B4b1	313	313	1	2	1364	95	96		63.29688
5665	9	Do5	C5	318	318	1	4	682	99	96		63.3125
5666	8	Re5	D5	327	327	1	8	341	99	96		63.32031
5667	9	Do5	C5	318	318	1	8	341	99	96		63.32813
5668	9	Re5	D5	327	327	1	8	341	95	96		63.33594
5669	9	Si4b1	B4b1	313	313	1	8	341	99	96		63.34375
5670	9	Do5	C5	318	318	1	8	341	99	96		63.35156
5671	9	Si4b1	B4b1	313	313	1	4	682	99	96		63.36719
5672	9	Do5	C5	318	318	1	8	341	99	96		63.375
5673	9	Re5	D5	327	327	1	8	341	99	96		63.38281
5674	9	Do5	C5	318	318	1	8	341	99	96		63.39063
5675	9	Re5	D5	327	327	1	8	341	95	96		63.39844
5676	9	Mi5b4	E5b4	332	332	3	16	511	99	96		63.41016
5677	9	Re5	D5	327	327	1	16	170	99	96		63.41406
5678	9	Do5#4	C5#4	322	322	1	8	341	99	96		63.42188
5679	9	Re5	D5	327	327	1	8	341	99	96		63.42969
5680	9	Do5#4	C5#4	322	322	1	8	341	99	96		63.4375
5681	9	Re5	D5	327	327	1	8	341	99	96		63.44531
5682	8	Fa5#4	F5#4	344	344	1	8	341	99	96		63.45313
5683	9	Mi5b4	E5b4	332	332	1	8	341	99	96		63.46094
5684	9	Mi5b4	E5b4	332	332	1	16	170	99	96		63.46484
5685	9	Re5	D5	327	327	1	16	170	99	96		63.46875
5686	9	Re5	D5	327	327	1	2	1364	99	96		63.5
5687	9	Re5	D5	327	327	1	4	682	95	96		63.51563
5688	9			-1	-1	1	4	682	100	0		63.53125
5689	9	Sol5	G5	349	349	3	8	1023	99	96		63.55469
5690	9	Fa5#4	F5#4	344	344	1	8	341	95	96		63.5625
5691	9	Mi5b1	E5b1	335	335	1	4	682	99	96		63.57813
5692	9	Fa5#4	F5#4	344	344	1	4	682	99	96		63.59375
5693	9	Sol5	G5	349	349	1	2	1364	95	96		63.625
5694	9	La5	A5	358	358	1	2	1364	95	96		63.65625
5695	9	La5	A5	358	358	1	4	682	99	96		63.67188
5696	9	Sol5	G5	349	349	1	8	341	99	96		63.67969
5697	9	La5	A5	358	358	1	8	341	99	96		63.6875
5698	8	Si5b5	B5b5	362	362	1	8	341	99	96		63.69531
5699	9	La5	A5	358	358	1	8	341	99	96		63.70313
5700	9	Si5b5	B5b5	362	362	1	8	341	99	96		63.71094
5701	9	La5	A5	358	358	1	8	341	95	96		63.71875
5702	9	Sol5	G5	349	349	1	8	341	95	96		63.72656
5703	9	Sol5	G5	349	349	1	4	682	95	96		63.74219
5704	9	Fa5	F5	340	340	1	8	341	95	96		63.75
5705	9	Sol5	G5	349	349	1	8	341	95	96		63.75781
5706	8	La5	A5	358	358	1	8	341	95	96		63.76563
5707	9	Sol5	G5	349	349	1	8	341	95	96		63.77344
5708	9	La5	A5	358	358	1	8	341	95	96		63.78125
5709	9	Sol5	G5	349	349	1	8	341	95	96		63.78906
5710	9	Fa5	F5	340	340	1	8	341	95	96		63.79688
5711	8	Sol5	G5	349	349	1	8	341	95	96		63.80469
5712	9	Fa5	F5	340	340	1	8	341	95	96		63.8125
5713	9	Mi5b1	E5b1	335	335	1	8	341	95	96		63.82031
5714	9	Fa5	F5	340	340	1	8	341	95	96		63.82813
5715	9	Sol5	G5	349	349	1	8	341	95	96		63.83594
5716	8	La5	A5	358	358	1	8	341	95	96		63.84375
5717	9	Sol5	G5	349	349	1	8	341	95	96		63.85156
5718	9	Fa5	F5	340	340	1	8	341	95	96		63.85938
5719	9	Fa5	F5	340	340	1	8	341	95	96		63.86719
5720	9	Mi5b1	E5b1	335	335	1	8	341	95	96		63.875
5721	9	Fa5	F5	340	340	1	4	682	99	96		63.89063
5722	9	Mi5b1	E5b1	335	335	1	8	341	99	96		63.89844
5723	9	Re5	D5	327	327	1	8	341	95	96		63.90625
5724	9	La5	A5	358	358	1	4	682	99	96		63.92188
5725	8	Si5b5	B5b5	362	362	1	8	341	99	96		63.92969
5726	9	La5	A5	358	358	1	8	341	99	96		63.9375
5727	9	Sol5	G5	349	349	1	8	341	95	96		63.94531
5728	9	Fa5	F5	340	340	1	4	682	99	96		63.96094
5729	9	Sol5	G5	349	349	1	2	1364	95	96		63.99219
5730	9			-1	-1	1	4	682	100	0		64.00781
5731	9	Sol5	G5	349	349	1	4	682	99	96		64.02344
5732	9	Fa5	F5	340	340	1	8	341	99	96		64.03125
5733	9	Sol5	G5	349	349	1	8	341	99	96		64.03906
5734	8	La5	A5	358	358	1	8	341	99	96		64.04688
5735	9	Sol5	G5	349	349	1	8	341	99	96		64.05469
5736	9	La5	A5	358	358	1	8	341	99	96		64.0625
5737	9	Sol5	G5	349	349	1	8	341	99	96		64.07031
5738	9	Fa5	F5	340	340	1	8	341	99	96		64.07813
5739	9	Fa5	F5	340	340	1	8	341	99	96		64.08594
5740	9	Sol5	G5	349	349	1	8	341	99	96		64.09375
5741	9	Fa5	F5	340	340	1	8	341	99	96		64.10156
5742	9	Mi5b1	E5b1	335	335	1	8	341	95	96		64.10938
5743	9	La5	A5	358	358	1	4	682	99	96		64.125
5744	9	Sol5	G5	349	349	1	8	341	99	96		64.13281
5745	9	Fa5	F5	340	340	1	8	341	99	96		64.14063
5746	9	Fa5	F5	340	340	1	16	170	99	96		64.14453
5747	9	Mi5b1	E5b1	335	335	1	16	170	99	96		64.14844
5748	9	Fa5	F5	340	340	1	16	170	99	96		64.15234
5749	9	Sol5	G5	349	349	1	16	170	99	96		64.15625
5750	9	Fa5	F5	340	340	1	8	341	99	96		64.16406
5751	9	Mi5b1	E5b1	335	335	1	8	341	95	96		64.17188
5752	9	Mi5b1	E5b1	335	335	1	16	170	99	96		64.17578
5753	9	Re5	D5	327	327	1	16	170	99	96		64.17969
5754	9	Mi5b1	E5b1	335	335	1	16	170	99	96		64.18359
5755	9	Fa5	F5	340	340	1	16	170	99	96		64.1875
5756	9	Mi5b1	E5b1	335	335	1	8	341	99	96		64.19531
5757	9	Re5	D5	327	327	1	8	341	95	96		64.20313
5758	9	Re5	D5	327	327	1	8	341	99	96		64.21094
5759	9	Fa5	F5	340	340	1	8	341	99	96		64.21875
5760	9	Mi5b1	E5b1	335	335	1	8	341	99	96		64.22656
5761	9	Re5	D5	327	327	1	8	341	99	96		64.23438
5762	9	Re5	D5	327	327	1	4	682	95	96		64.25
5763	9	La5	A5	358	358	1	8	341	99	96		64.25781
5764	9	Sol5	G5	349	349	1	8	341	95	96		64.26563
5765	9	Sol5	G5	349	349	1	8	341	99	96		64.27344
5766	9	Fa5	F5	340	340	1	8	341	95	96		64.28125
5767	9	Fa5	F5	340	340	1	8	341	99	96		64.28906
5768	9	Mi5b1	E5b1	335	335	1	8	341	95	96		64.29688
5769	9	Mi5b1	E5b1	335	335	1	8	341	99	96		64.30469
5770	9	Re5	D5	327	327	1	8	341	95	96		64.3125
5771	9	Re5	D5	327	327	1	8	341	99	96		64.32031
5772	9	Mi5b1	E5b1	335	335	1	8	341	95	96		64.32813
5773	9	Re5	D5	327	327	1	8	341	99	96		64.33594
5774	9	Do5	C5	318	318	1	4	682	95	96		64.35156
5775	9	Si4b1	B4b1	313	313	1	8	341	95	96		64.35938
5776	9	Re5	D5	327	327	1	4	682	99	96		64.375
5777	9	Mi5b1	E5b1	335	335	1	4	682	95	96		64.39063
5778	9	Mi5b1	E5b1	335	335	1	16	170	99	96		64.39453
5779	9	Re5	D5	327	327	1	16	170	99	96		64.39844
5780	9	Mi5b1	E5b1	335	335	1	16	170	99	96		64.40234
5781	9	Fa5	F5	340	340	1	16	170	99	96		64.40625
5782	9	Mi5b1	E5b1	335	335	1	8	341	95	96		64.41406
5783	9	Re5	D5	327	327	1	8	341	95	96		64.42188
5784	8	Fa5	F5	340	340	1	8	341	95	96		64.42969
5785	9	Mi5b1	E5b1	335	335	1	8	341	99	96		64.4375
5786	9	Re5	D5	327	327	1	8	341	99	96		64.44531
5787	9	Mi5b1	E5b1	335	335	1	4	682	95	96		64.46094
5788	9			-1	-1	1	4	682	100	0		64.47656
5789	9	Re5	D5	327	327	1	8	341	99	96		64.48438
5790	9	Mi5b1	E5b1	335	335	1	8	341	99	96		64.49219
5791	9	Fa5	F5	340	340	1	4	682	99	96		64.50781
5792	9	Sol5	G5	349	349	1	4	682	95	96		64.52344
5793	9	Sol5	G5	349	349	1	4	682	99	96		64.53906
5794	9	Fa5	F5	340	340	1	8	341	99	96		64.54688
5795	9	Sol5	G5	349	349	1	8	341	99	96		64.55469
5796	8	La5	A5	358	358	1	8	341	99	96		64.5625
5797	9	Sol5	G5	349	349	1	8	341	99	96		64.57031
5798	9	La5	A5	358	358	1	8	341	99	96		64.57813
5799	9	Sol5	G5	349	349	1	8	341	99	96		64.58594
5800	9	Fa5	F5	340	340	1	8	341	99	96		64.59375
5801	9	Fa5	F5	340	340	1	8	341	99	96		64.60156
5802	9	Sol5	G5	349	349	1	8	341	99	96		64.60938
5803	9	Fa5	F5	340	340	1	8	341	99	96		64.61719
5804	9	Mi5b1	E5b1	335	335	1	8	341	95	96		64.625
5805	9	Fa5	F5	340	340	1	4	682	99	96		64.64063
5806	9	Sol5	G5	349	349	1	4	682	99	96		64.65625
5807	9	Sol5	G5	349	349	1	8	341	99	96		64.66406
5808	9	Fa5	F5	340	340	1	4	682	99	96		64.67969
5809	9	Mi5	E5	336	336	1	8	341	95	96		64.6875
5810	9	La5	A5	358	358	1	4	682	99	96		64.70313
5811	8	Si5b5	B5b5	362	362	1	8	341	99	96		64.71094
5812	9	La5	A5	358	358	1	8	341	99	96		64.71875
5813	9	Sol5	G5	349	349	1	8	341	95	96		64.72656
5814	9	Sol5	G5	349	349	1	4	682	99	96		64.74219
5815	8	La5	A5	358	358	1	8	341	99	96		64.75
5816	9	Sol5	G5	349	349	1	8	341	99	96		64.75781
5817	9	Fa5	F5	340	340	1	8	341	99	96		64.76563
5818	9	Fa5	F5	340	340	1	4	682	99	96		64.78125
5819	8	Sol5	G5	349	349	1	8	341	99	96		64.78906
5820	9	Fa5	F5	340	340	1	8	341	99	96		64.79688
5821	9	Mi5b1	E5b1	335	335	1	8	341	95	96		64.80469
5822	9	Mi5b1	E5b1	335	335	1	4	682	99	96		64.82031
5823	8	Sol5	G5	349	349	1	8	341	99	96		64.82813
5824	9	Fa5	F5	340	340	1	4	682	99	96		64.84375
5825	9	Mi5b1	E5b1	335	335	1	4	682	99	96		64.85938
5826	9	Re5	D5	327	327	1	4	682	99	96		64.875
5827	9	Re5	D5	327	327	1	2	1364	99	96		64.90625
5828	9	Re5	D5	327	327	1	4	682	95	96		64.92188
5829	9			-1	-1	1	4	682	100	0		64.9375
5830	9	Re5	D5	327	327	1	2	1364	95	96		64.96875
5831	9	La5	A5	358	358	1	4	682	99	96		64.98438
5832	8	Si5b5	B5b5	362	362	1	8	341	99	96		64.99219
5833	9	La5	A5	358	358	1	8	341	99	96		65
5834	9	Sol5	G5	349	349	1	8	341	95	96		65.00781
5835	9	Sol5	G5	349	349	1	4	682	99	96		65.02344
5836	8	La5	A5	358	358	1	8	341	99	96		65.03125
5837	9	Sol5	G5	349	349	1	8	341	99	96		65.03906
5838	9	Fa5	F5	340	340	1	8	341	99	96		65.04688
5839	9	Fa5	F5	340	340	1	4	682	99	96		65.0625
5840	8	Sol5	G5	349	349	1	8	341	99	96		65.07031
5841	9	Fa5	F5	340	340	1	8	341	99	96		65.07813
5842	9	Mi5b1	E5b1	335	335	1	8	341	95	96		65.08594
5843	9	Mi5b1	E5b1	335	335	1	4	682	99	96		65.10156
5844	8	Fa5	F5	340	340	1	8	341	99	96		65.10938
5845	9	Mi5b1	E5b1	335	335	1	8	341	99	96		65.11719
5846	9	Re5	D5	327	327	1	8	341	99	96		65.125
5847	9	Re5	D5	327	327	1	4	682	99	96		65.14063
5848	9	Mi5b1	E5b1	335	335	1	4	682	99	96		65.15625
5849	9	Re5	D5	327	327	1	8	341	99	96		65.16406
5850	9	Do5	C5	318	318	1	4	682	99	96		65.17969
5851	9	Si4b1	B4b1	313	313	1	8	341	95	96		65.1875
5852	9	Fa5	F5	340	340	1	4	682	99	96		65.20313
5853	9	Mi5b1	E5b1	335	335	1	8	341	99	96		65.21094
5854	9	Re5	D5	327	327	1	8	341	99	96		65.21875
5855	9	Re5	D5	327	327	3	8	1023	99	96		65.24219
5856	9	Si4b1	B4b1	313	313	1	8	341	95	96		65.25
5857	9	Do5	C5	318	318	1	8	341	99	96		65.25781
5858	9	Si4b1	B4b1	313	313	1	8	341	99	96		65.26563
5859	9	Do5	C5	318	318	1	8	341	99	96		65.27344
5860	9	Re5	D5	327	327	1	8	341	95	96		65.28125
5861	9	Do5	C5	318	318	3	16	511	99	96		65.29297
5862	9	Si4b1	B4b1	313	313	1	16	170	99	96		65.29688
5863	9	La4#4	A4#4	309	309	1	8	341	99	96		65.30469
5864	9	Si4b1	B4b1	313	313	1	8	341	99	96		65.3125
5865	9	La4#4	A4#4	309	309	1	8	341	99	96		65.32031
5866	9	Si4b1	B4b1	313	313	1	8	341	99	96		65.32813
5867	9	Do5	C5	318	318	1	16	170	99	96		65.33203
5868	9	Re5	D5	327	327	1	16	170	99	96		65.33594
5869	9	Do5	C5	318	318	1	16	170	99	96		65.33984
5870	9	Si4b1	B4b1	313	313	1	16	170	99	96		65.34375
5871	9	Si4b1	B4b1	313	313	1	2	1364	99	96		65.375
5872	9	Si4b1	B4b1	313	313	1	4	682	95	96		65.39063
5873	9			-1	-1	1	4	682	100	0		65.40625
5874	9			-1	-1	1	4	682	100	0		65.42188
5875	9	Si4b1	B4b1	313	313	1	4	682	99	96		65.4375
5876	9	Si4b1	B4b1	313	313	1	4	682	95	96		65.45313
5877	9	Re5	D5	327	327	1	4	682	95	96		65.46875
5878	9	Do5	C5	318	318	1	2	1364	95	96		65.5
5879	9	Re5	D5	327	327	1	2	1364	95	96		65.53125
5880	9			-1	-1	1	4	682	100	0		65.54688
5881	9	Re5	D5	327	327	1	4	682	99	96		65.5625
5882	9	Re5	D5	327	327	1	4	682	95	96		65.57813
5883	9	Mi5b1	E5b1	335	335	1	4	682	95	96		65.59375
5884	9	Re5	D5	327	327	1	4	682	99	96		65.60938
5885	8	Mi5	E5	336	336	1	8	341	99	96		65.61719
5886	9	Re5	D5	327	327	1	8	341	95	96		65.625
5887	9	Do5	C5	318	318	1	8	341	95	96		65.63281
5888	8	Do5	C5	318	318	1	8	341	95	96		65.64063
5889	9	Si4b1	B4b1	313	313	3	16	511	99	96		65.65234
5890	9	La4#4	A4#4	309	309	1	16	170	99	96		65.65625
5891	9	Sol4	G4	296	296	1	8	341	99	96		65.66406
5892	9	La4#4	A4#4	309	309	1	8	341	99	96		65.67188
5893	9	Si4b1	B4b1	313	313	1	4	682	95	96		65.6875
5894	9	Si4b1	B4b1	313	313	1	4	682	95	96		65.70313
5895	9	Mi5b1	E5b1	335	335	1	4	682	95	96		65.71875
5896	9	Mi5b1	E5b1	335	335	1	8	341	99	96		65.72656
5897	9	Re5	D5	327	327	1	8	341	95	96		65.73438
5898	9	Re5	D5	327	327	1	4	682	99	96		65.75
5899	8	Mi5	E5	336	336	1	8	341	99	96		65.75781
5900	9	Re5	D5	327	327	1	8	341	99	96		65.76563
5901	9	Do5	C5	318	318	1	8	341	95	96		65.77344
5902	8	Do5	C5	318	318	1	8	341	95	96		65.78125
5903	9	Si4b1	B4b1	313	313	3	16	511	99	96		65.79297
5904	9	La4#4	A4#4	309	309	1	16	170	99	96		65.79688
5905	9	Si4b1	B4b1	313	313	1	8	341	99	96		65.80469
5906	9	Do5	C5	318	318	1	8	341	99	96		65.8125
5907	9	Si4b1	B4b1	313	313	1	8	341	99	96		65.82031
5908	9	La4#4	A4#4	309	309	1	8	341	95	96		65.82813
5909	9	Sol4	G4	296	296	1	8	341	99	96		65.83594
5910	9	La4#4	A4#4	309	309	1	8	341	99	96		65.84375
5911	9	Sol4	G4	296	296	1	4	682	95	96		65.85938
5912	9	La4#4	A4#4	309	309	1	4	682	95	96		65.875
5913	9	Si4b1	B4b1	313	313	1	2	1364	99	96		65.90625
5914	9	Si4b1	B4b1	313	313	1	4	682	95	96		65.92188
5915	9			-1	-1	1	4	682	100	0		65.9375
5916	9			-1	-1	1	4	682	100	0		65.95313
5917	9	Si4b1	B4b1	313	313	1	4	682	99	96		65.96875
5918	9	Si4b1	B4b1	313	313	1	4	682	95	96		65.98438
5919	9	Re5	D5	327	327	1	4	682	95	96		66
5920	9	Do5	C5	318	318	1	2	1364	95	96		66.03125
5921	9	Re5	D5	327	327	1	2	1364	95	96		66.0625
5922	9			-1	-1	1	4	682	100	0		66.07813
5923	9	Re5	D5	327	327	1	4	682	99	96		66.09375
5924	9	Re5	D5	327	327	1	4	682	95	96		66.10938
5925	9	Mi5b1	E5b1	335	335	1	4	682	95	96		66.125
5926	9	Re5	D5	327	327	1	4	682	99	96		66.14063
5927	8	Mi5b1	E5b1	335	335	1	8	341	99	96		66.14844
5928	9	Re5	D5	327	327	1	8	341	99	96		66.15625
5929	9	Do5	C5	318	318	1	8	341	95	96		66.16406
5930	8	Do5	C5	318	318	1	8	341	95	96		66.17188
5931	9	Si4b1	B4b1	313	313	3	16	511	99	96		66.18359
5932	9	La4#4	A4#4	309	309	1	16	170	99	96		66.1875
5933	9	Si4b1	B4b1	313	313	1	8	341	99	96		66.19531
5934	9	Do5	C5	318	318	1	8	341	99	96		66.20313
5935	9	Si4b1	B4b1	313	313	1	4	682	95	96		66.21875
5936	9	Si4b1	B4b1	313	313	1	4	682	95	96		66.23438
5937	9	Mi5b1	E5b1	335	335	1	4	682	95	96		66.25
5938	9	Mi5b1	E5b1	335	335	1	8	341	99	96		66.25781
5939	9	Re5	D5	327	327	1	8	341	95	96		66.26563
5940	9	Re5	D5	327	327	1	4	682	99	96		66.28125
5941	8	Mi5	E5	336	336	1	8	341	99	96		66.28906
5942	9	Re5	D5	327	327	1	8	341	99	96		66.29688
5943	9	Do5	C5	318	318	1	8	341	95	96		66.30469
5944	8	Do5	C5	318	318	1	8	341	95	96		66.3125
5945	9	Si4b1	B4b1	313	313	3	16	511	99	96		66.32422
5946	9	La4#4	A4#4	309	309	1	16	170	99	96		66.32813
5947	9	Si4b1	B4b1	313	313	1	8	341	99	96		66.33594
5948	9	Do5	C5	318	318	1	8	341	99	96		66.34375
5949	9	Si4b1	B4b1	313	313	1	8	341	99	96		66.35156
5950	9	La4#4	A4#4	309	309	1	8	341	95	96		66.35938
5951	9	Sol4	G4	296	296	1	8	341	99	96		66.36719
5952	9	La4#4	A4#4	309	309	1	8	341	99	96		66.375
5953	9	Sol4	G4	296	296	1	4	682	95	96		66.39063
5954	9	La4#4	A4#4	309	309	1	4	682	95	96		66.40625
5955	9	Si4b1	B4b1	313	313	1	2	1364	99	96		66.4375
5956	9	Si4b1	B4b1	313	313	1	4	682	95	96		66.45313
5957	9			-1	-1	1	4	682	100	0		66.46875
5958	9	Sol4	G4	296	296	1	4	682	95	96		66.48438
5959	9	Si4b1	B4b1	313	313	1	4	682	95	96		66.5
5960	9	Si4b1	B4b1	313	313	1	4	682	95	96		66.51563
5961	9	Si4b1	B4b1	313	313	1	4	682	95	96		66.53125
5962	9	Sol4	G4	296	296	1	4	682	95	96		66.54688
5963	9	Si4b1	B4b1	313	313	1	4	682	95	96		66.5625
5964	9	Si4b1	B4b1	313	313	1	4	682	95	96		66.57813
5965	9	Si4b1	B4b1	313	313	1	4	682	95	96		66.59375
5966	9	Si4b1	B4b1	313	313	1	4	682	95	96		66.60938
5967	9	La4	A4	305	305	1	8	341	95	96		66.61719
5968	9	Si4b1	B4b1	313	313	1	8	341	95	96		66.625
5969	9	Do5	C5	318	318	1	4	682	95	96		66.64063
5970	9	Re5	D5	327	327	1	4	682	95	96		66.65625
5971	9	Re5	D5	327	327	1	8	341	99	96		66.66406
5972	9	Do5	C5	318	318	1	8	341	95	96		66.67188
5973	9	Do5	C5	318	318	1	8	341	99	96		66.67969
5974	9	Si4b1	B4b1	313	313	1	8	341	95	96		66.6875
5975	9	Si4b1	B4b1	313	313	1	8	341	99	96		66.69531
5976	9	La4	A4	305	305	1	8	341	99	96		66.70313
5977	8	Do5	C5	318	318	1	8	341	99	96		66.71094
5978	9	Si4b1	B4b1	313	313	1	8	341	99	96		66.71875
5979	9	La4	A4	305	305	1	8	341	95	96		66.72656
5980	9	La4	A4	305	305	1	2	1364	95	96		66.75781
5981	9			-1	-1	1	4	682	100	0		66.77344
5982	9	Re5	D5	327	327	1	8	341	95	96		66.78125
5983	9	Re5	D5	327	327	1	8	341	95	96		66.78906
5984	9	Re5	D5	327	327	1	2	1364	95	96		66.82031
5985	9	Re5	D5	327	327	1	8	341	99	96		66.82813
5986	9	Do5#4	C5#4	322	322	1	8	341	99	96		66.83594
5987	9	Si4b4	B4b4	310	310	1	8	341	99	96		66.84375
5988	9	La4	A4	305	305	1	8	341	95	96		66.85156
5989	9	Mi5	E5	336	336	1	8	341	99	96		66.85938
5990	9	Re5	D5	327	327	1	8	341	95	96		66.86719
5991	9	Re5	D5	327	327	1	8	341	99	96		66.875
5992	9	Do5#4	C5#4	322	322	1	8	341	95	96		66.88281
5993	9	Do5#4	C5#4	322	322	1	8	341	99	96		66.89063
5994	9	Si4b4	B4b4	310	310	1	8	341	95	96		66.89844
5995	9	Si4b4	B4b4	310	310	1	8	341	99	96		66.90625
5996	9	La4	A4	305	305	1	8	341	95	96		66.91406
5997	9	La4	A4	305	305	3	8	1023	99	96		66.9375
5998	9	Do5	C5	318	318	1	8	341	99	96		66.94531
5999	9	Si4b1	B4b1	313	313	1	8	341	99	96		66.95313
6000	9	La4#4	A4#4	309	309	1	8	341	99	96		66.96094
6001	9	Si4b1	B4b1	313	313	1	4	682	95	96		66.97656
6002	9	La4	A4	305	305	1	2	1364	95	96		67.00781
6003	9	La4	A4	305	305	1	4	682	95	96		67.02344
6004	9			-1	-1	1	4	682	100	0		67.03906
6005	9	La4	A4	305	305	1	4	682	95	96		67.05469
6006	9	La5	A5	358	358	1	4	682	95	96		67.07031
6007	9	La5	A5	358	358	1	4	682	95	96		67.08594
6008	9	La5	A5	358	358	1	4	682	95	96		67.10156
6009	9	Sol5#4	G5#4	353	353	1	8	341	99	96		67.10938
6010	9	La5	A5	358	358	1	8	341	99	96		67.11719
6011	9	Si5	B5	367	367	1	8	341	99	96		67.125
6012	9	La5	A5	358	358	1	8	341	95	96		67.13281
6013	9	La5	A5	358	358	1	2	1364	95	96		67.16406
6014	9			-1	-1	1	4	682	100	0		67.17969
6015	9	Sol5#4	G5#4	353	353	1	8	341	99	96		67.1875
6016	9	La5	A5	358	358	1	8	341	99	96		67.19531
6017	9	Si5	B5	367	367	1	4	682	95	96		67.21094
6018	9	La5	A5	358	358	1	8	341	99	96		67.21875
6019	9	Sol5#4	G5#4	353	353	1	8	341	95	96		67.22656
6020	9	Sol5#4	G5#4	353	353	1	8	341	99	96		67.23438
6021	9	Fa5#1	F5#1	341	341	1	8	341	99	96		67.24219
6022	9	Fa5#1	F5#1	341	341	1	8	341	99	96		67.25
6023	9	Mi5	E5	336	336	1	8	341	95	96		67.25781
6024	9	Mi5	E5	336	336	1	4	682	99	96		67.27344
6025	9	Mi5	E5	336	336	1	8	341	99	96		67.28125
6026	9	Fa5	F5	340	340	1	8	341	99	96		67.28906
6027	9	Mi5	E5	336	336	1	8	341	99	96		67.29688
6028	9	Re5	D5	327	327	1	8	341	95	96		67.30469
6029	9	Do5#4	C5#4	322	322	1	8	341	95	96		67.3125
6030	9	Re5	D5	327	327	1	8	341	95	96		67.32031
6031	9	Mi5	E5	336	336	1	8	341	99	96		67.32813
6032	9	Fa5#4	F5#4	344	344	1	8	341	95	96		67.33594
6033	9	Sol5	G5	349	349	1	4	682	95	96		67.35156
6034	9	Fa5#4	F5#4	344	344	1	8	341	99	96		67.35938
6035	9	Mi5	E5	336	336	1	8	341	99	96		67.36719
6036	9	Fa5#4	F5#4	344	344	1	8	341	99	96		67.375
6037	9	Sol5	G5	349	349	1	8	341	95	96		67.38281
6038	9	Fa5#4	F5#4	344	344	1	8	341	99	96		67.39063
6039	9	Mi5	E5	336	336	1	8	341	99	96		67.39844
6040	9	Re5	D5	327	327	1	4	682	95	96		67.41406
6041	9	La5	A5	358	358	1	4	682	95	96		67.42969
6042	9	La5	A5	358	358	1	8	341	99	96		67.4375
6043	9	Sol5#4	G5#4	353	353	1	8	341	99	96		67.44531
6044	9	Fa5#1	F5#1	341	341	1	4	682	95	96		67.46094
6045	9	Sol5#4	G5#4	353	353	1	4	682	95	96		67.47656
6046	9	La5	A5	358	358	1	2	1364	95	96		67.50781
6047	9	La5	A5	358	358	1	4	682	95	96		67.52344
6048	9			-1	-1	1	4	682	100	0		67.53906
6049	9	Fa5#4	F5#4	344	344	1	8	341	99	96		67.54688
6050	9	Mi5	E5	336	336	1	8	341	99	96		67.55469
6051	9	Fa5#4	F5#4	344	344	1	8	341	99	96		67.5625
6052	9	Sol5	G5	349	349	1	8	341	95	96		67.57031
6053	9	Fa5	F5	340	340	1	8	341	99	96		67.57813
6054	9	Mi5	E5	336	336	1	8	341	99	96		67.58594
6055	9	Re5	D5	327	327	1	8	341	99	96		67.59375
6056	9	Do5#4	C5#4	322	322	1	8	341	99	96		67.60156
6057	9	Si4b4	B4b4	310	310	1	8	341	95	96		67.60938
6058	9	La4	A4	305	305	1	8	341	95	96		67.61719
6059	8	Mi5	E5	336	336	1	8	341	95	96		67.625
6060	9	Re5	D5	327	327	1	4	682	99	96		67.64063
6061	9	Do5#4	C5#4	322	322	1	8	341	99	96		67.64844
6062	9	Si4b4	B4b4	310	310	1	8	341	95	96		67.65625
6063	9	Si4b4	B4b4	310	310	1	8	341	99	96		67.66406
6064	9	La4	A4	305	305	1	8	341	95	96		67.67188
6065	9	La4	A4	305	305	1	2	1364	95	96		67.70313
6066	9	La4	A4	305	305	1	4	682	95	96		67.71875
6067	9			-1	-1	1	4	682	100	0		67.73438
6068	9	Sol4	G4	296	296	1	4	682	99	96		67.75
6069	9	Sol4	G4	296	296	1	8	341	99	96		67.75781
6070	9	Do5	C5	318	318	1	8	341	99	96		67.76563
6071	9	Do5	C5	318	318	1	2	1364	95	96		67.79688
6072	9	Re5	D5	327	327	1	4	682	99	96		67.8125
6073	8	Fa5	F5	340	340	1	8	341	99	96		67.82031
6074	9	Mi5	E5	336	336	1	8	341	95	96		67.82813
6075	9	Re5	D5	327	327	1	8	341	95	96		67.83594
6076	8	Re5	D5	327	327	1	8	341	95	96		67.84375
6077	9	Do5	C5	318	318	1	8	341	99	96		67.85156
6078	9	Si4b1	B4b1	313	313	1	8	341	99	96		67.85938
6079	9	Do5	C5	318	318	1	4	682	95	96		67.875
6080	9			-1	-1	1	4	682	100	0		67.89063
6081	9	Si4b1	B4b1	313	313	1	8	341	95	96		67.89844
6082	9	Do5	C5	318	318	1	8	341	95	96		67.90625
6083	9	Re5	D5	327	327	1	4	682	95	96		67.92188
6084	9	Re5	D5	327	327	1	4	682	95	96		67.9375
6085	9	Re5	D5	327	327	1	4	682	99	96		67.95313
6086	8	Fa5	F5	340	340	1	8	341	99	96		67.96094
6087	9	Mi5	E5	336	336	1	8	341	99	96		67.96875
6088	9	Re5	D5	327	327	1	8	341	95	96		67.97656
6089	9	Re5	D5	327	327	1	2	1364	99	96		68.00781
6090	9	Re5	D5	327	327	1	4	682	95	96		68.02344
6091	9	Mi5	E5	336	336	1	4	682	95	96		68.03906
6092	9	Do5	C5	318	318	1	4	682	95	96		68.05469
6093	9	Re5	D5	327	327	1	4	682	95	96		68.07031
6094	9	Do5	C5	318	318	1	4	682	95	96		68.08594
6095	9	Mi5	E5	336	336	1	4	682	95	96		68.10156
6096	9	Re5	D5	327	327	1	4	682	99	96		68.11719
6097	8	Fa5	F5	340	340	1	8	341	99	96		68.125
6098	9	Mi5	E5	336	336	1	8	341	95	96		68.13281
6099	9	Re5	D5	327	327	1	8	341	95	96		68.14063
6100	9	Re5	D5	327	327	1	4	682	95	96		68.15625
6101	9	Mi5	E5	336	336	1	8	341	99	96		68.16406
6102	9	Re5	D5	327	327	1	8	341	99	96		68.17188
6103	9	Do5	C5	318	318	1	8	341	99	96		68.17969
6104	9	Si4b1	B4b1	313	313	1	8	341	95	96		68.1875
6105	9	Si4b1	B4b1	313	313	1	8	341	95	96		68.19531
6106	9	La4	A4	305	305	1	8	341	95	96		68.20313
6107	9	Sol4	G4	296	296	3	8	1023	95	96		68.22656
6108	9	Do5	C5	318	318	1	8	341	95	96		68.23438
6109	9	Do5	C5	318	318	1	2	1364	95	96		68.26563
6110	9	Sol4	G4	296	296	1	2	1364	95	96		68.29688
6111	9	Sol4	G4	296	296	1	4	682	95	96		68.3125
6112	9			-1	-1	1	4	682	100	0		68.32813
6113	9	Sol4	G4	296	296	3	8	1023	99	96		68.35156
6114	9	La4#4	A4#4	309	309	1	8	341	95	96		68.35938
6115	9	Si4b1	B4b1	313	313	1	4	682	95	96		68.375
6116	9	Si4b1	B4b1	313	313	1	4	682	95	96		68.39063
6117	9	Sol4	G4	296	296	3	8	1023	99	96		68.41406
6118	9	La4#4	A4#4	309	309	1	8	341	95	96		68.42188
6119	9	Si4b1	B4b1	313	313	1	4	682	95	96		68.4375
6120	9	Si4b1	B4b1	313	313	1	4	682	95	96		68.45313
6121	9	Re5	D5	327	327	1	8	341	99	96		68.46094
6122	9	Do5	C5	318	318	1	8	341	99	96		68.46875
6123	9	Si4b1	B4b1	313	313	1	8	341	99	96		68.47656
6124	9	La4	A4	305	305	1	8	341	95	96		68.48438
6125	9	Si4b1	B4b1	313	313	1	4	682	95	96		68.5
6126	9	Do5	C5	318	318	1	4	682	95	96		68.51563
6127	9	Re5	D5	327	327	1	4	682	95	96		68.53125
6128	9	Mi5	E5	336	336	1	8	341	95	96		68.53906
6129	9	Re5	D5	327	327	1	8	341	95	96		68.54688
6130	9	Re5	D5	327	327	1	2	1364	99	96		68.57813
6131	9	Re5	D5	327	327	1	4	682	95	96		68.59375
6132	9			-1	-1	1	4	682	100	0		68.60938
6133	9	Re5	D5	327	327	1	4	682	95	96		68.625
6134	9	Sol5	G5	349	349	1	8	341	99	96		68.63281
6135	9	Fa5	F5	340	340	1	8	341	95	96		68.64063
6136	9	Fa5	F5	340	340	1	8	341	95	96		68.64844
6137	9	Mi5	E5	336	336	1	4	682	95	96		68.66406
6138	9	Re5	D5	327	327	1	8	341	95	96		68.67188
6139	9	Mi5	E5	336	336	1	8	341	99	96		68.67969
6140	9	Re5	D5	327	327	1	8	341	99	96		68.6875
6141	9	Do5	C5	318	318	1	8	341	95	96		68.69531
6142	9	Mi5	E5	336	336	1	8	341	95	96		68.70313
6143	9	Re5	D5	327	327	1	4	682	95	96		68.71875
6144	9	Do5	C5	318	318	1	4	682	99	96		68.73438
6145	8	Re5	D5	327	327	1	8	341	99	96		68.74219
6146	9	Do5	C5	318	318	1	8	341	99	96		68.75
6147	9	Si4b1	B4b1	313	313	1	8	341	95	96		68.75781
6148	9	Si4b1	B4b1	313	313	1	8	341	99	96		68.76563
6149	9	La4	A4	305	305	1	8	341	95	96		68.77344
6150	9	La4	A4	305	305	3	8	1023	99	96		68.79688
6151	9	Do5	C5	318	318	1	8	341	99	96		68.80469
6152	9	Si4b1	B4b1	313	313	1	8	341	99	96		68.8125
6153	9	La4#4	A4#4	309	309	1	8	341	99	96		68.82031
6154	9	Si4b1	B4b1	313	313	1	4	682	95	96		68.83594
6155	9	La4	A4	305	305	1	2	1364	95	96		68.86719
6156	9	La4	A4	305	305	1	4	682	95	96		68.88281
6157	9			-1	-1	1	4	682	100	0		68.89844
6158	9			-1	-1	1	4	682	100	0		68.91406
6159	9	Fa5	F5	340	340	1	8	341	95	96		68.92188
6160	9	Fa5	F5	340	340	1	8	341	95	96		68.92969
6161	9	Fa5	F5	340	340	1	4	682	95	96		68.94531
6162	9	Fa5	F5	340	340	1	4	682	95	96		68.96094
6163	9	Fa5	F5	340	340	3	8	1023	99	96		68.98438
6164	9	Mi5	E5	336	336	1	8	341	95	96		68.99219
6165	8	La5	A5	358	358	1	8	341	95	96		69
6166	9	Sol5	G5	349	349	1	8	341	95	96		69.00781
6167	9	Fa5	F5	340	340	1	8	341	95	96		69.01563
6168	9	Fa5	F5	340	340	1	4	682	95	96		69.03125
6169	9			-1	-1	1	4	682	100	0		69.04688
6170	9	Mi5	E5	336	336	1	8	341	99	96		69.05469
6171	9	Fa5	F5	340	340	1	8	341	99	96		69.0625
6172	9	La5	A5	358	358	1	8	341	99	96		69.07031
6173	9	Sol5	G5	349	349	1	8	341	95	96		69.07813
6174	9	Fa5	F5	340	340	1	8	341	99	96		69.08594
6175	9	Mi5	E5	336	336	1	8	341	95	96		69.09375
6176	9	Fa5	F5	340	340	1	8	341	99	96		69.10156
6177	9	Mi5	E5	336	336	1	4	682	95	96		69.11719
6178	9	Re5	D5	327	327	1	8	341	95	96		69.125
6179	9	Fa5	F5	340	340	3	16	511	99	96		69.13672
6180	9	Mi5	E5	336	336	1	16	170	99	96		69.14063
6181	9	Re5	D5	327	327	1	8	341	99	96		69.14844
6182	9	Mi5	E5	336	336	1	8	341	99	96		69.15625
6183	9	Re5	D5	327	327	1	8	341	99	96		69.16406
6184	9	Do5	C5	318	318	1	8	341	95	96		69.17188
6185	9	Si4b1	B4b1	313	313	1	8	341	99	96		69.17969
6186	9	Do5	C5	318	318	1	8	341	95	96		69.1875
6187	9	Re5	D5	327	327	1	8	341	99	96		69.19531
6188	9	Mi5	E5	336	336	1	8	341	95	96		69.20313
6189	9	Fa5	F5	340	340	1	4	682	95	96		69.21875
6190	9	Fa5	F5	340	340	1	8	341	99	96		69.22656
6191	9	Mi5	E5	336	336	1	4	682	95	96		69.24219
6192	9	Re5	D5	327	327	1	8	341	95	96		69.25
6193	9	Mi5	E5	336	336	3	16	511	99	96		69.26172
6194	9	Re5	D5	327	327	1	16	170	99	96		69.26563
6195	9	Do5	C5	318	318	1	8	341	95	96		69.27344
6196	9	Mi5	E5	336	336	1	8	341	95	96		69.28125
6197	9	Re5	D5	327	327	1	4	682	95	96		69.29688
6198	9	Do5	C5	318	318	1	4	682	99	96		69.3125
6199	8	Re5	D5	327	327	1	8	341	99	96		69.32031
6200	9	Do5	C5	318	318	1	8	341	99	96		69.32813
6201	9	Si4b1	B4b1	313	313	1	8	341	95	96		69.33594
6202	9	Si4b1	B4b1	313	313	1	8	341	95	96		69.34375
6203	9	La4	A4	305	305	1	8	341	95	96		69.35156
6204	9	La4	A4	305	305	3	8	1023	95	96		69.375
6205	9	Fa5	F5	340	340	1	8	341	95	96		69.38281
6206	9	Fa5	F5	340	340	1	8	341	95	96		69.39063
6207	9	Mi5	E5	336	336	1	8	341	95	96		69.39844
6208	9	Fa5	F5	340	340	1	4	682	95	96		69.41406
6209	9	La4	A4	305	305	1	2	1364	95	96		69.44531
6210	9	La4	A4	305	305	1	4	682	95	96		69.46094
6211	9			-1	-1	1	4	682	100	0		69.47656
6212	9			-1	-1	1	4	682	100	0		69.49219
6213	9	Sol5	G5	349	349	1	8	341	95	96		69.5
6214	9	Sol5	G5	349	349	1	8	341	95	96		69.50781
6215	9	Sol5	G5	349	349	1	4	682	95	96		69.52344
6216	9	Sol5	G5	349	349	1	4	682	95	96		69.53906
6217	9	Sol5	G5	349	349	1	4	682	95	96		69.55469
6218	9	La5	A5	358	358	1	4	682	95	96		69.57031
6219	9	Si5b5	B5b5	362	362	1	8	341	99	96		69.57813
6220	9	La5	A5	358	358	1	8	341	99	96		69.58594
6221	9	Sol5	G5	349	349	1	8	341	99	96		69.59375
6222	9	Fa5#4	F5#4	344	344	1	8	341	95	96		69.60156
6223	9	Sol5	G5	349	349	1	2	1364	95	96		69.63281
6224	9	Re5	D5	327	327	1	4	682	95	96		69.64844
6225	9	Re5	D5	327	327	1	4	682	95	96		69.66406
6226	9	Mi5b5	E5b5	331	331	1	8	341	99	96		69.67188
6227	9	Re5	D5	327	327	1	8	341	95	96		69.67969
6228	9	Do5	C5	318	318	1	8	341	99	96		69.6875
6229	9	Si4b1	B4b1	313	313	1	8	341	99	96		69.69531
6230	9	Do5	C5	318	318	1	8	341	99	96		69.70313
6231	9	Si4b1	B4b1	313	313	1	8	341	99	96		69.71094
6232	9	Do5	C5	318	318	1	8	341	99	96		69.71875
6233	9	Re5	D5	327	327	1	8	341	99	96		69.72656
6234	9	Do5	C5	318	318	3	8	1023	95	96		69.75
6235	9			-1	-1	1	8	341	100	0		69.75781
6236	9	Re5	D5	327	327	1	8	341	99	96		69.76563
6237	9	Mi5b5	E5b5	331	331	1	8	341	99	96		69.77344
6238	9	Re5	D5	327	327	1	8	341	95	96		69.78125
6239	9	Mi5b5	E5b5	331	331	1	8	341	95	96		69.78906
6240	9	Fa5#4	F5#4	344	344	1	4	682	99	96		69.80469
6241	9	Sol5	G5	349	349	1	8	341	99	96		69.8125
6242	9	Fa5#4	F5#4	344	344	1	8	341	95	96		69.82031
6243	9	Mi5b5	E5b5	331	331	1	8	341	99	96		69.82813
6244	9	Re5	D5	327	327	1	8	341	99	96		69.83594
6245	9	Do5	C5	318	318	1	4	682	95	96		69.85156
6246	9	Sol5	G5	349	349	1	4	682	95	96		69.86719
6247	9	Sol5	G5	349	349	1	8	341	95	96		69.875
6248	9	Fa5#4	F5#4	344	344	1	8	341	95	96		69.88281
6249	9	Mi5	E5	336	336	1	4	682	95	96		69.89844
6250	9	Fa5#4	F5#4	344	344	1	4	682	95	96		69.91406
6251	9	Sol5	G5	349	349	1	2	1364	95	96		69.94531
6252	9	Sol5	G5	349	349	1	4	682	95	96		69.96094
6253	9			-1	-1	1	4	682	100	0		69.97656
6254	9	Fa5#4	F5#4	344	344	1	4	682	99	96		69.99219
6255	8	La5	A5	358	358	1	8	341	99	96		70
6256	9	Sol5	G5	349	349	1	8	341	99	96		70.00781
6257	9	Fa5#4	F5#4	344	344	1	8	341	95	96		70.01563
6258	9	Mi5b5	E5b5	331	331	1	8	341	99	96		70.02344
6259	9	Re5	D5	327	327	1	8	341	99	96		70.03125
6260	9	Do5	C5	318	318	1	8	341	99	96		70.03906
6261	9	Mi5b5	E5b5	331	331	1	8	341	95	96		70.04688
6262	9	Re5	D5	327	327	1	4	682	95	96		70.0625
6263	9	Do5	C5	318	318	1	4	682	99	96		70.07813
6264	9	Do5	C5	318	318	1	8	341	99	96		70.08594
6265	9	Si4b1	B4b1	313	313	1	8	341	95	96		70.09375
6266	9	Si4b1	B4b1	313	313	1	8	341	99	96		70.10156
6267	9	La4	A4	305	305	1	8	341	95	96		70.10938
6268	9	La4	A4	305	305	3	8	1023	95	96		70.13281
6269	9	Do5	C5	318	318	1	8	341	95	96		70.14063
6270	9	Si4b1	B4b1	313	313	1	8	341	95	96		70.14844
6271	9	La4#4	A4#4	309	309	1	8	341	95	96		70.15625
6272	9	Si4b1	B4b1	313	313	1	4	682	95	96		70.17188
